{
"type": "FeatureCollection",
"name": "Isolineas Casasola",
"xy_coordinate_resolution": 1e-06,
"features": [
{ "type": "Feature", "properties": { "fid": 1, "ID": 0, "Intensidad": 12.0 }, "geometry": { "type": "LineString", "coordinates": [ [ -7.759045, 40.827605 ], [ -7.76495, 40.82736 ], [ -7.765099, 40.827544 ], [ -7.765424, 40.832029 ] ] } },
{ "type": "Feature", "properties": { "fid": 2, "ID": 1, "Intensidad": 12.0 }, "geometry": { "type": "LineString", "coordinates": [ [ -6.923283, 40.818811 ], [ -6.923018, 40.814321 ], [ -6.923035, 40.814313 ], [ -6.928946, 40.814112 ] ] } },
{ "type": "Feature", "properties": { "fid": 3, "ID": 2, "Intensidad": 12.0 }, "geometry": { "type": "LineString", "coordinates": [ [ -7.096508, 40.749791 ], [ -7.096232, 40.745301 ], [ -7.096464, 40.745221 ], [ -7.102368, 40.745016 ] ] } },
{ "type": "Feature", "properties": { "fid": 4, "ID": 3, "Intensidad": 12.0 }, "geometry": { "type": "LineString", "coordinates": [ [ -1.198133, 38.242609 ], [ -1.197771, 38.247106 ], [ -1.196644, 38.248727 ], [ -1.190936, 38.248639 ] ] } },
{ "type": "Feature", "properties": { "fid": 5, "ID": 4, "Intensidad": 12.0 }, "geometry": { "type": "LineString", "coordinates": [ [ -14.205324, 37.580295 ], [ -14.199773, 37.580828 ], [ -14.199773, 37.580827 ], [ -14.199102, 37.57641 ] ] } },
{ "type": "Feature", "properties": { "fid": 6, "ID": 5, "Intensidad": 12.0 }, "geometry": { "type": "LineString", "coordinates": [ [ -14.191566, 37.563845 ], [ -14.186016, 37.564378 ], [ -14.185953, 37.564227 ], [ -14.185259, 37.559812 ] ] } },
{ "type": "Feature", "properties": { "fid": 7, "ID": 6, "Intensidad": 12.0 }, "geometry": { "type": "LineString", "coordinates": [ [ -14.179258, 37.556932 ], [ -14.173665, 37.55718 ], [ -14.173284, 37.556478 ], [ -14.172316, 37.548259 ], [ -14.177865, 37.547727 ] ] } },
{ "type": "Feature", "properties": { "fid": 8, "ID": 7, "Intensidad": 12.0 }, "geometry": { "type": "LineString", "coordinates": [ [ -14.142304, 37.519105 ], [ -14.144662, 37.523362 ], [ -14.146773, 37.528211 ], [ -14.152321, 37.527681 ] ] } },
{ "type": "Feature", "properties": { "fid": 9, "ID": 8, "Intensidad": 12.0 }, "geometry": { "type": "LineString", "coordinates": [ [ -14.153037, 37.532424 ], [ -14.147458, 37.532752 ], [ -14.147003, 37.532102 ], [ -14.135235, 37.526342 ], [ -14.133559, 37.524423 ], [ -14.122588, 37.517092 ], [ -14.122176, 37.516545 ], [ -14.122117, 37.513959 ], [ -14.127941, 37.515995 ], [ -14.13405, 37.51847 ], [ -14.139689, 37.518545 ] ] } },
{ "type": "Feature", "properties": { "fid": 10, "ID": 9, "Intensidad": 12.0 }, "geometry": { "type": "LineString", "coordinates": [ [ -14.137834, 37.506221 ], [ -14.132287, 37.50675 ], [ -14.132196, 37.506625 ], [ -14.131492, 37.50221 ] ] } },
{ "type": "Feature", "properties": { "fid": 11, "ID": 10, "Intensidad": 12.0 }, "geometry": { "type": "LineString", "coordinates": [ [ -14.125472, 37.498843 ], [ -14.1199, 37.499207 ], [ -14.119173, 37.498903 ], [ -14.118312, 37.494503 ] ] } },
{ "type": "Feature", "properties": { "fid": 12, "ID": 11, "Intensidad": 12.0 }, "geometry": { "type": "LineString", "coordinates": [ [ -14.082757, 37.48444 ], [ -14.083009, 37.478268 ], [ -14.091411, 37.483618 ], [ -14.095538, 37.486814 ], [ -14.106786, 37.491119 ], [ -14.096647, 37.494214 ], [ -14.095213, 37.49222 ], [ -14.084095, 37.485523 ], [ -14.082757, 37.48444 ] ] } },
{ "type": "Feature", "properties": { "fid": 13, "ID": 12, "Intensidad": 12.0 }, "geometry": { "type": "LineString", "coordinates": [ [ -14.111676, 37.481893 ], [ -14.10613, 37.482421 ], [ -14.106076, 37.482223 ], [ -14.105386, 37.477806 ] ] } },
{ "type": "Feature", "properties": { "fid": 14, "ID": 13, "Intensidad": 12.0 }, "geometry": { "type": "LineString", "coordinates": [ [ -14.099609, 37.476438 ], [ -14.093997, 37.47652 ], [ -14.090976, 37.474695 ], [ -14.087595, 37.471321 ], [ -14.084296, 37.470848 ], [ -14.081896, 37.470822 ], [ -14.070498, 37.467675 ], [ -14.070161, 37.467568 ], [ -14.065038, 37.459229 ], [ -14.062868, 37.456379 ], [ -14.059712, 37.455252 ], [ -14.057042, 37.455021 ], [ -14.045578, 37.453558 ], [ -14.043641, 37.452291 ], [ -14.038475, 37.443816 ], [ -14.032347, 37.440206 ], [ -14.028556, 37.435789 ], [ -14.026583, 37.431493 ] ] } },
{ "type": "Feature", "properties": { "fid": 15, "ID": 14, "Intensidad": 12.0 }, "geometry": { "type": "LineString", "coordinates": [ [ -14.025288, 37.430535 ], [ -14.019561, 37.429817 ], [ -14.016609, 37.427952 ], [ -14.015189, 37.423604 ] ] } },
{ "type": "Feature", "properties": { "fid": 16, "ID": 15, "Intensidad": 12.0 }, "geometry": { "type": "LineString", "coordinates": [ [ -14.012611, 37.420863 ], [ -14.006967, 37.420702 ], [ -14.005838, 37.420004 ], [ -14.005043, 37.415596 ] ] } },
{ "type": "Feature", "properties": { "fid": 17, "ID": 16, "Intensidad": 12.0 }, "geometry": { "type": "LineString", "coordinates": [ [ -13.601434, 36.699761 ], [ -13.600818, 36.695334 ], [ -13.60082, 36.695315 ], [ -13.606318, 36.69482 ] ] } },
{ "type": "Feature", "properties": { "fid": 18, "ID": 17, "Intensidad": 6.5 }, "geometry": { "type": "LineString", "coordinates": [ [ -5.009891, 36.936843 ], [ -4.998707, 36.938122 ], [ -4.998941, 36.947125 ], [ -5.010306, 36.952644 ], [ -5.012045, 36.946903 ], [ -5.011315, 36.937909 ], [ -5.009891, 36.936843 ] ] } },
{ "type": "Feature", "properties": { "fid": 19, "ID": 18, "Intensidad": 4.0 }, "geometry": { "type": "LineString", "coordinates": [ [ -4.490032, 36.747318 ], [ -4.484641, 36.747504 ], [ -4.478849, 36.74789 ], [ -4.467661, 36.748185 ], [ -4.456557, 36.752942 ], [ -4.445429, 36.756544 ], [ -4.444644, 36.757004 ], [ -4.434387, 36.764764 ], [ -4.433054, 36.766152 ], [ -4.426314, 36.77524 ], [ -4.423525, 36.782854 ], [ -4.423129, 36.784285 ], [ -4.422997, 36.793294 ], [ -4.42287, 36.802303 ], [ -4.422241, 36.811318 ], [ -4.422981, 36.820317 ], [ -4.424279, 36.823588 ], [ -4.428458, 36.829258 ], [ -4.434185, 36.838197 ], [ -4.43579, 36.839956 ], [ -4.446192, 36.847058 ], [ -4.447145, 36.847741 ], [ -4.457678, 36.855925 ], [ -4.458517, 36.856348 ], [ -4.46981, 36.860701 ], [ -4.481076, 36.863599 ], [ -4.488935, 36.864545 ], [ -4.492309, 36.864711 ], [ -4.503514, 36.864402 ], [ -4.504483, 36.864349 ], [ -4.514692, 36.862739 ], [ -4.525852, 36.860177 ], [ -4.537005, 36.857335 ], [ -4.541736, 36.854865 ], [ -4.54805, 36.849128 ], [ -4.552909, 36.845712 ], [ -4.559089, 36.8408 ], [ -4.562245, 36.836583 ], [ -4.570036, 36.828038 ], [ -4.570338, 36.827469 ], [ -4.571485, 36.818446 ], [ -4.574209, 36.809403 ], [ -4.575055, 36.800385 ], [ -4.572625, 36.79141 ], [ -4.569505, 36.782444 ], [ -4.569092, 36.78181 ], [ -4.562618, 36.773527 ], [ -4.557621, 36.768368 ], [ -4.553148, 36.764644 ], [ -4.546237, 36.759029 ], [ -4.53983, 36.75581 ], [ -4.534934, 36.753624 ], [ -4.523664, 36.749847 ], [ -4.512451, 36.748897 ], [ -4.503278, 36.74727 ], [ -4.501223, 36.747179 ], [ -4.490032, 36.747318 ] ] } },
{ "type": "Feature", "properties": { "fid": 20, "ID": 19, "Intensidad": 4.5 }, "geometry": { "type": "LineString", "coordinates": [ [ -4.444735, 36.719496 ], [ -4.441449, 36.721013 ], [ -4.433643, 36.724781 ], [ -4.424506, 36.730225 ], [ -4.422576, 36.731489 ], [ -4.412192, 36.739379 ], [ -4.411538, 36.739892 ], [ -4.402124, 36.748505 ], [ -4.400537, 36.750471 ], [ -4.395343, 36.757592 ], [ -4.389849, 36.766664 ], [ -4.389642, 36.767049 ], [ -4.384884, 36.77573 ], [ -4.382027, 36.78477 ], [ -4.381028, 36.793789 ], [ -4.380863, 36.802799 ], [ -4.381098, 36.811803 ], [ -4.382302, 36.820797 ], [ -4.384584, 36.829777 ], [ -4.388104, 36.838744 ], [ -4.391037, 36.844222 ], [ -4.393041, 36.847693 ], [ -4.3992, 36.856628 ], [ -4.402553, 36.861064 ], [ -4.406314, 36.865552 ], [ -4.41398, 36.872794 ], [ -4.416188, 36.874442 ], [ -4.425328, 36.880089 ], [ -4.431648, 36.883264 ], [ -4.436644, 36.885546 ], [ -4.447945, 36.89015 ], [ -4.45316, 36.89201 ], [ -4.459233, 36.89401 ], [ -4.470503, 36.896829 ], [ -4.481729, 36.897394 ], [ -4.49294, 36.897115 ], [ -4.504146, 36.896642 ], [ -4.515349, 36.896 ], [ -4.526542, 36.894833 ], [ -4.537718, 36.892898 ], [ -4.544033, 36.890863 ], [ -4.548856, 36.889086 ], [ -4.559952, 36.883261 ], [ -4.562605, 36.881613 ], [ -4.571013, 36.875816 ], [ -4.575476, 36.872436 ], [ -4.582046, 36.867107 ], [ -4.586373, 36.863284 ], [ -4.593037, 36.856479 ], [ -4.595061, 36.854161 ], [ -4.601458, 36.845068 ], [ -4.603891, 36.839448 ], [ -4.605298, 36.836009 ], [ -4.607671, 36.82697 ], [ -4.609168, 36.817942 ], [ -4.609979, 36.808924 ], [ -4.610122, 36.799915 ], [ -4.609297, 36.790919 ], [ -4.60754, 36.781936 ], [ -4.604123, 36.772975 ], [ -4.602438, 36.769769 ], [ -4.599244, 36.764033 ], [ -4.592326, 36.755119 ], [ -4.590906, 36.753539 ], [ -4.583629, 36.746228 ], [ -4.579487, 36.74261 ], [ -4.573026, 36.737361 ], [ -4.568113, 36.733714 ], [ -4.559985, 36.728526 ], [ -4.556778, 36.726629 ], [ -4.545477, 36.721147 ], [ -4.541438, 36.71976 ], [ -4.534213, 36.717454 ], [ -4.522974, 36.714908 ], [ -4.511754, 36.71334 ], [ -4.500553, 36.712748 ], [ -4.489366, 36.712862 ], [ -4.47819, 36.713493 ], [ -4.46702, 36.71452 ], [ -4.455852, 36.715653 ], [ -4.444735, 36.719496 ] ] } },
{ "type": "Feature", "properties": { "fid": 21, "ID": 20, "Intensidad": 5.0 }, "geometry": { "type": "LineString", "coordinates": [ [ -4.455216, 36.681918 ], [ -4.444785, 36.684943 ], [ -4.444091, 36.685117 ], [ -4.432976, 36.688886 ], [ -4.421875, 36.693448 ], [ -4.420089, 36.694247 ], [ -4.410775, 36.698171 ], [ -4.401847, 36.703471 ], [ -4.399707, 36.704738 ], [ -4.388821, 36.712631 ], [ -4.388663, 36.712757 ], [ -4.378117, 36.721763 ], [ -4.377643, 36.722199 ], [ -4.368809, 36.730878 ], [ -4.366652, 36.733475 ], [ -4.361022, 36.739975 ], [ -4.355727, 36.748625 ], [ -4.355454, 36.749046 ], [ -4.349513, 36.758121 ], [ -4.345727, 36.767172 ], [ -4.344898, 36.769551 ], [ -4.34221, 36.776219 ], [ -4.340097, 36.78525 ], [ -4.338945, 36.79427 ], [ -4.338854, 36.803279 ], [ -4.339712, 36.812277 ], [ -4.340898, 36.821271 ], [ -4.342439, 36.830261 ], [ -4.345656, 36.839232 ], [ -4.34614, 36.840521 ], [ -4.348577, 36.848206 ], [ -4.353109, 36.857162 ], [ -4.357765, 36.864124 ], [ -4.358978, 36.866102 ], [ -4.364927, 36.875041 ], [ -4.369261, 36.880088 ], [ -4.372557, 36.883961 ], [ -4.380672, 36.891038 ], [ -4.382783, 36.89285 ], [ -4.392052, 36.900124 ], [ -4.394403, 36.901721 ], [ -4.403434, 36.909182 ], [ -4.406368, 36.910587 ], [ -4.414775, 36.915854 ], [ -4.426054, 36.919091 ], [ -4.426911, 36.919349 ], [ -4.437356, 36.923534 ], [ -4.448638, 36.926814 ], [ -4.459876, 36.92772 ], [ -4.461531, 36.927936 ], [ -4.471159, 36.93099 ], [ -4.482424, 36.933297 ], [ -4.493625, 36.932274 ], [ -4.504869, 36.933428 ], [ -4.516065, 36.932171 ], [ -4.527225, 36.929085 ], [ -4.533985, 36.927022 ], [ -4.538391, 36.926399 ], [ -4.54957, 36.924396 ], [ -4.560658, 36.917901 ], [ -4.560995, 36.917663 ], [ -4.571812, 36.914734 ], [ -4.5829, 36.908455 ], [ -4.583093, 36.908363 ], [ -4.594047, 36.905054 ], [ -4.599351, 36.899138 ], [ -4.60505, 36.894862 ], [ -4.611186, 36.889971 ], [ -4.616068, 36.885508 ], [ -4.621155, 36.880829 ], [ -4.627042, 36.874218 ], [ -4.629235, 36.871711 ], [ -4.636074, 36.86261 ], [ -4.637942, 36.859568 ], [ -4.641781, 36.853525 ], [ -4.645642, 36.844464 ], [ -4.648249, 36.835421 ], [ -4.648604, 36.834058 ], [ -4.650972, 36.826376 ], [ -4.652449, 36.817349 ], [ -4.652964, 36.808334 ], [ -4.652766, 36.79933 ], [ -4.65207, 36.790333 ], [ -4.65075, 36.781344 ], [ -4.648232, 36.772372 ], [ -4.64723, 36.769971 ], [ -4.644714, 36.763413 ], [ -4.639946, 36.754472 ], [ -4.635567, 36.747996 ], [ -4.634041, 36.745546 ], [ -4.627718, 36.736626 ], [ -4.624044, 36.732391 ], [ -4.619893, 36.727725 ], [ -4.612614, 36.721023 ], [ -4.610142, 36.71885 ], [ -4.60123, 36.711632 ], [ -4.599119, 36.709992 ], [ -4.589873, 36.703462 ], [ -4.586024, 36.701159 ], [ -4.57855, 36.696848 ], [ -4.567479, 36.692398 ], [ -4.567271, 36.692312 ], [ -4.555995, 36.687819 ], [ -4.544752, 36.684924 ], [ -4.539055, 36.683761 ], [ -4.533517, 36.682434 ], [ -4.522289, 36.6802 ], [ -4.511078, 36.678808 ], [ -4.499886, 36.678394 ], [ -4.488704, 36.678536 ], [ -4.477545, 36.679844 ], [ -4.466372, 36.680415 ], [ -4.455216, 36.681918 ] ] } },
{ "type": "Feature", "properties": { "fid": 22, "ID": 21, "Intensidad": 5.5 }, "geometry": { "type": "LineString", "coordinates": [ [ -4.487774, 36.630204 ], [ -4.485151, 36.630401 ], [ -4.476614, 36.631101 ], [ -4.465477, 36.633198 ], [ -4.454342, 36.635499 ], [ -4.443203, 36.637562 ], [ -4.432152, 36.640058 ], [ -4.432072, 36.640076 ], [ -4.420948, 36.643055 ], [ -4.409832, 36.646543 ], [ -4.401933, 36.649425 ], [ -4.398727, 36.65064 ], [ -4.38763, 36.655249 ], [ -4.380208, 36.658686 ], [ -4.376542, 36.66049 ], [ -4.365467, 36.666527 ], [ -4.363241, 36.667889 ], [ -4.354411, 36.673738 ], [ -4.349786, 36.67705 ], [ -4.343372, 36.682016 ], [ -4.338317, 36.686187 ], [ -4.332349, 36.691419 ], [ -4.32823, 36.695308 ], [ -4.321352, 36.702429 ], [ -4.319566, 36.704412 ], [ -4.312173, 36.713501 ], [ -4.310393, 36.715903 ], [ -4.305809, 36.722579 ], [ -4.300281, 36.731647 ], [ -4.299494, 36.733164 ], [ -4.295862, 36.740703 ], [ -4.292121, 36.749751 ], [ -4.288888, 36.758793 ], [ -4.288738, 36.759268 ], [ -4.286161, 36.76783 ], [ -4.283977, 36.776862 ], [ -4.282361, 36.785887 ], [ -4.28139, 36.794905 ], [ -4.280964, 36.803917 ], [ -4.281152, 36.812922 ], [ -4.281973, 36.821921 ], [ -4.283241, 36.830915 ], [ -4.284757, 36.839906 ], [ -4.286684, 36.848892 ], [ -4.289265, 36.857872 ], [ -4.290453, 36.861507 ], [ -4.292514, 36.866844 ], [ -4.295494, 36.875819 ], [ -4.302055, 36.884501 ], [ -4.302202, 36.884753 ], [ -4.306426, 36.893714 ], [ -4.30259, 36.902763 ], [ -4.302367, 36.902898 ], [ -4.294622, 36.90285 ], [ -4.291143, 36.902483 ], [ -4.27992, 36.902073 ], [ -4.268694, 36.901549 ], [ -4.257476, 36.90149 ], [ -4.253227, 36.903294 ], [ -4.250327, 36.912332 ], [ -4.249896, 36.921344 ], [ -4.253847, 36.93031 ], [ -4.255833, 36.939296 ], [ -4.257757, 36.948283 ], [ -4.258294, 36.951228 ], [ -4.260714, 36.957259 ], [ -4.268171, 36.966187 ], [ -4.269822, 36.969533 ], [ -4.272058, 36.975153 ], [ -4.281061, 36.984063 ], [ -4.281296, 36.984304 ], [ -4.289692, 36.992977 ], [ -4.292722, 36.995972 ], [ -4.299399, 37.001878 ], [ -4.304122, 37.005855 ], [ -4.310594, 37.010762 ], [ -4.315498, 37.0142 ], [ -4.323677, 37.019624 ], [ -4.32686, 37.021616 ], [ -4.338208, 37.028108 ], [ -4.338862, 37.028461 ], [ -4.349537, 37.033397 ], [ -4.35728, 37.037259 ], [ -4.36087, 37.038827 ], [ -4.372189, 37.043418 ], [ -4.378031, 37.046027 ], [ -4.383512, 37.048122 ], [ -4.394825, 37.052217 ], [ -4.401326, 37.054761 ], [ -4.40614, 37.056345 ], [ -4.417436, 37.059365 ], [ -4.428734, 37.062509 ], [ -4.432627, 37.063394 ], [ -4.440015, 37.064626 ], [ -4.451286, 37.066267 ], [ -4.46255, 37.067444 ], [ -4.473811, 37.068497 ], [ -4.485066, 37.069236 ], [ -4.496312, 37.069489 ], [ -4.507542, 37.068923 ], [ -4.518763, 37.067883 ], [ -4.529979, 37.066668 ], [ -4.541186, 37.064978 ], [ -4.552394, 37.063384 ], [ -4.562006, 37.06176 ], [ -4.563593, 37.061419 ], [ -4.574775, 37.058603 ], [ -4.585962, 37.056102 ], [ -4.597151, 37.053688 ], [ -4.603186, 37.052204 ], [ -4.608323, 37.050542 ], [ -4.619479, 37.04666 ], [ -4.630635, 37.042862 ], [ -4.630727, 37.042822 ], [ -4.641755, 37.037429 ], [ -4.650098, 37.033547 ], [ -4.652872, 37.031942 ], [ -4.663977, 37.025972 ], [ -4.666951, 37.024305 ], [ -4.675064, 37.01922 ], [ -4.681351, 37.015095 ], [ -4.686128, 37.011557 ], [ -4.693055, 37.005922 ], [ -4.697155, 37.002357 ], [ -4.702907, 36.996774 ], [ -4.708147, 36.991639 ], [ -4.7118, 36.987639 ], [ -4.719106, 36.979663 ], [ -4.720063, 36.978513 ], [ -4.723974, 36.96945 ], [ -4.729931, 36.961883 ], [ -4.730652, 36.960346 ], [ -4.738575, 36.951223 ], [ -4.740808, 36.946566 ], [ -4.741369, 36.942175 ], [ -4.743244, 36.933141 ], [ -4.746889, 36.924081 ], [ -4.744999, 36.915102 ], [ -4.745326, 36.90609 ], [ -4.743055, 36.897117 ], [ -4.739512, 36.889572 ], [ -4.731933, 36.888272 ], [ -4.728263, 36.888049 ], [ -4.717058, 36.888414 ], [ -4.716166, 36.888501 ], [ -4.705899, 36.890907 ], [ -4.701185, 36.897724 ], [ -4.694863, 36.898986 ], [ -4.693975, 36.897827 ], [ -4.694168, 36.888817 ], [ -4.692979, 36.879827 ], [ -4.694162, 36.870803 ], [ -4.694237, 36.870651 ], [ -4.701628, 36.86169 ], [ -4.703075, 36.852662 ], [ -4.70487, 36.844618 ], [ -4.705065, 36.843627 ], [ -4.707579, 36.834584 ], [ -4.709366, 36.825551 ], [ -4.710601, 36.816526 ], [ -4.711031, 36.807513 ], [ -4.710805, 36.798509 ], [ -4.709912, 36.789515 ], [ -4.708435, 36.780529 ], [ -4.706426, 36.771551 ], [ -4.70392, 36.76258 ], [ -4.702987, 36.75966 ], [ -4.700983, 36.753615 ], [ -4.697481, 36.744658 ], [ -4.693348, 36.73571 ], [ -4.691178, 36.731693 ], [ -4.688312, 36.726774 ], [ -4.682372, 36.717851 ], [ -4.679604, 36.714163 ], [ -4.67541, 36.708942 ], [ -4.668123, 36.700627 ], [ -4.667577, 36.700045 ], [ -4.658464, 36.691165 ], [ -4.656699, 36.689571 ], [ -4.648131, 36.682301 ], [ -4.645311, 36.680077 ], [ -4.63634, 36.673457 ], [ -4.633952, 36.671819 ], [ -4.622619, 36.66466 ], [ -4.62258, 36.664638 ], [ -4.611313, 36.658673 ], [ -4.605629, 36.65586 ], [ -4.60002, 36.653249 ], [ -4.588741, 36.648454 ], [ -4.585253, 36.647126 ], [ -4.577477, 36.644322 ], [ -4.566226, 36.640756 ], [ -4.557079, 36.63849 ], [ -4.554992, 36.638004 ], [ -4.543774, 36.635986 ], [ -4.532566, 36.634473 ], [ -4.521366, 36.633335 ], [ -4.510163, 36.632004 ], [ -4.498961, 36.630705 ], [ -4.490857, 36.63033 ], [ -4.487774, 36.630204 ] ] } },
{ "type": "Feature", "properties": { "fid": 23, "ID": 22, "Intensidad": 6.0 }, "geometry": { "type": "LineString", "coordinates": [ [ -4.475738, 36.585158 ], [ -4.470738, 36.585542 ], [ -4.464582, 36.585904 ], [ -4.453432, 36.587025 ], [ -4.442283, 36.588178 ], [ -4.431142, 36.589813 ], [ -4.420008, 36.591828 ], [ -4.408891, 36.594817 ], [ -4.407015, 36.595319 ], [ -4.397765, 36.597405 ], [ -4.386657, 36.600995 ], [ -4.378267, 36.604663 ], [ -4.375568, 36.60571 ], [ -4.364484, 36.610765 ], [ -4.358165, 36.613901 ], [ -4.353404, 36.616209 ], [ -4.342341, 36.62264 ], [ -4.341588, 36.623097 ], [ -4.331272, 36.628856 ], [ -4.325312, 36.632287 ], [ -4.320207, 36.635461 ], [ -4.311906, 36.641443 ], [ -4.309164, 36.643396 ], [ -4.299955, 36.650582 ], [ -4.29813, 36.652043 ], [ -4.289031, 36.659708 ], [ -4.287106, 36.661478 ], [ -4.279233, 36.668821 ], [ -4.276102, 36.672236 ], [ -4.270712, 36.67792 ], [ -4.265136, 36.6855 ], [ -4.263934, 36.687 ], [ -4.256673, 36.696085 ], [ -4.254188, 36.700123 ], [ -4.25084, 36.705154 ], [ -4.245242, 36.71422 ], [ -4.243293, 36.718267 ], [ -4.240629, 36.723276 ], [ -4.235857, 36.732333 ], [ -4.23304, 36.74137 ], [ -4.2325, 36.743131 ], [ -4.229666, 36.750413 ], [ -4.227179, 36.759446 ], [ -4.225568, 36.76847 ], [ -4.224652, 36.777487 ], [ -4.223818, 36.786503 ], [ -4.223425, 36.795515 ], [ -4.223235, 36.804525 ], [ -4.223244, 36.813532 ], [ -4.223491, 36.822537 ], [ -4.224043, 36.831539 ], [ -4.225008, 36.840536 ], [ -4.225709, 36.849537 ], [ -4.226634, 36.858535 ], [ -4.233055, 36.867476 ], [ -4.231291, 36.876501 ], [ -4.223523, 36.882525 ], [ -4.212509, 36.885702 ], [ -4.21236, 36.885727 ], [ -4.201147, 36.885826 ], [ -4.189958, 36.887484 ], [ -4.178827, 36.892929 ], [ -4.175751, 36.895079 ], [ -4.167781, 36.904036 ], [ -4.167693, 36.904166 ], [ -4.163473, 36.913215 ], [ -4.15683, 36.921668 ], [ -4.156287, 36.922292 ], [ -4.148034, 36.93138 ], [ -4.145789, 36.933651 ], [ -4.137534, 36.940488 ], [ -4.134729, 36.944511 ], [ -4.13159, 36.949552 ], [ -4.129528, 36.95858 ], [ -4.130067, 36.967582 ], [ -4.131539, 36.976575 ], [ -4.134625, 36.985553 ], [ -4.135363, 36.987207 ], [ -4.138659, 36.994522 ], [ -4.143179, 37.003486 ], [ -4.146938, 37.010272 ], [ -4.148165, 37.012445 ], [ -4.153609, 37.021399 ], [ -4.158441, 37.02805 ], [ -4.160107, 37.030343 ], [ -4.167099, 37.039282 ], [ -4.1699, 37.04264 ], [ -4.174625, 37.048215 ], [ -4.181334, 37.055308 ], [ -4.183053, 37.057139 ], [ -4.19204, 37.066056 ], [ -4.192754, 37.066788 ], [ -4.200784, 37.074975 ], [ -4.204174, 37.078129 ], [ -4.21041, 37.083884 ], [ -4.215578, 37.08824 ], [ -4.221103, 37.092782 ], [ -4.22697, 37.097362 ], [ -4.232796, 37.101668 ], [ -4.23835, 37.105665 ], [ -4.245774, 37.110539 ], [ -4.24972, 37.11313 ], [ -4.260571, 37.11939 ], [ -4.261077, 37.119688 ], [ -4.272437, 37.126374 ], [ -4.276111, 37.128231 ], [ -4.283787, 37.132283 ], [ -4.295029, 37.137032 ], [ -4.29512, 37.137074 ], [ -4.306467, 37.142644 ], [ -4.31452, 37.145825 ], [ -4.317799, 37.147237 ], [ -4.329135, 37.152018 ], [ -4.336505, 37.154586 ], [ -4.340461, 37.156084 ], [ -4.351787, 37.160136 ], [ -4.363095, 37.163114 ], [ -4.363765, 37.163282 ], [ -4.374407, 37.166266 ], [ -4.385709, 37.16877 ], [ -4.397001, 37.17073 ], [ -4.404133, 37.171818 ], [ -4.408291, 37.172565 ], [ -4.419585, 37.174574 ], [ -4.430873, 37.176199 ], [ -4.442155, 37.17752 ], [ -4.453433, 37.178595 ], [ -4.464707, 37.179452 ], [ -4.473314, 37.179984 ], [ -4.475978, 37.180188 ], [ -4.487251, 37.180949 ], [ -4.498517, 37.181361 ], [ -4.509775, 37.181366 ], [ -4.52102, 37.180768 ], [ -4.532251, 37.17942 ], [ -4.533749, 37.179217 ], [ -4.54348, 37.178063 ], [ -4.554704, 37.176434 ], [ -4.565925, 37.174663 ], [ -4.577136, 37.17248 ], [ -4.588338, 37.169901 ], [ -4.590221, 37.169466 ], [ -4.599547, 37.167688 ], [ -4.61076, 37.165684 ], [ -4.62196, 37.163078 ], [ -4.633146, 37.159885 ], [ -4.633186, 37.159875 ], [ -4.644347, 37.157436 ], [ -4.655535, 37.15441 ], [ -4.666703, 37.150515 ], [ -4.667072, 37.150396 ], [ -4.677885, 37.147322 ], [ -4.689042, 37.142997 ], [ -4.694175, 37.141005 ], [ -4.700198, 37.138723 ], [ -4.711332, 37.133532 ], [ -4.71498, 37.1317 ], [ -4.722457, 37.127995 ], [ -4.731443, 37.122454 ], [ -4.73355, 37.121171 ], [ -4.744625, 37.113606 ], [ -4.745142, 37.113246 ], [ -4.755693, 37.105832 ], [ -4.758041, 37.104049 ], [ -4.76674, 37.097269 ], [ -4.769671, 37.094869 ], [ -4.777767, 37.087958 ], [ -4.780364, 37.085703 ], [ -4.788776, 37.077951 ], [ -4.790304, 37.076547 ], [ -4.799643, 37.067399 ], [ -4.799765, 37.06728 ], [ -4.809054, 37.058249 ], [ -4.81075, 37.056532 ], [ -4.817974, 37.049106 ], [ -4.821715, 37.045078 ], [ -4.826401, 37.03997 ], [ -4.832655, 37.032744 ], [ -4.834243, 37.030843 ], [ -4.841603, 37.021722 ], [ -4.84356, 37.019064 ], [ -4.848172, 37.012613 ], [ -4.853653, 37.003521 ], [ -4.854381, 37.002123 ], [ -4.858246, 36.994443 ], [ -4.86236, 36.985372 ], [ -4.865036, 36.978553 ], [ -4.865886, 36.97631 ], [ -4.868656, 36.96726 ], [ -4.870345, 36.958227 ], [ -4.870237, 36.949222 ], [ -4.870794, 36.940207 ], [ -4.867328, 36.931255 ], [ -4.863826, 36.928918 ], [ -4.852858, 36.922475 ], [ -4.852444, 36.922249 ], [ -4.843154, 36.913619 ], [ -4.840969, 36.911574 ], [ -4.835068, 36.904737 ], [ -4.830214, 36.895806 ], [ -4.829348, 36.894676 ], [ -4.822036, 36.886925 ], [ -4.817876, 36.883855 ], [ -4.806539, 36.878585 ], [ -4.805283, 36.878174 ], [ -4.795242, 36.874994 ], [ -4.783953, 36.871691 ], [ -4.772726, 36.871016 ], [ -4.770888, 36.869685 ], [ -4.765304, 36.860761 ], [ -4.76327, 36.851784 ], [ -4.764544, 36.842758 ], [ -4.766936, 36.833716 ], [ -4.768552, 36.824685 ], [ -4.769629, 36.815662 ], [ -4.77021, 36.806647 ], [ -4.770379, 36.797637 ], [ -4.770076, 36.788635 ], [ -4.769194, 36.779641 ], [ -4.767645, 36.770657 ], [ -4.765721, 36.761679 ], [ -4.762865, 36.752714 ], [ -4.758868, 36.743766 ], [ -4.758584, 36.743014 ], [ -4.756049, 36.734801 ], [ -4.752202, 36.72585 ], [ -4.746801, 36.716984 ], [ -4.746771, 36.716923 ], [ -4.742816, 36.707974 ], [ -4.736297, 36.699062 ], [ -4.735173, 36.697466 ], [ -4.730648, 36.690137 ], [ -4.723648, 36.68232 ], [ -4.722742, 36.681245 ], [ -4.715031, 36.672349 ], [ -4.712181, 36.669543 ], [ -4.706305, 36.663467 ], [ -4.700756, 36.658501 ], [ -4.696351, 36.654602 ], [ -4.689366, 36.648942 ], [ -4.685287, 36.645752 ], [ -4.677999, 36.640281 ], [ -4.67311, 36.636917 ], [ -4.666653, 36.6325 ], [ -4.659083, 36.628105 ], [ -4.655333, 36.625836 ], [ -4.644032, 36.619931 ], [ -4.642826, 36.619323 ], [ -4.632726, 36.613745 ], [ -4.62433, 36.61057 ], [ -4.621459, 36.609313 ], [ -4.610185, 36.604523 ], [ -4.601793, 36.601867 ], [ -4.598936, 36.600829 ], [ -4.587679, 36.596681 ], [ -4.576449, 36.593864 ], [ -4.57377, 36.593233 ], [ -4.565214, 36.590725 ], [ -4.554004, 36.588774 ], [ -4.542791, 36.586671 ], [ -4.531601, 36.58567 ], [ -4.520419, 36.585122 ], [ -4.514039, 36.585 ], [ -4.509244, 36.584872 ], [ -4.498073, 36.584815 ], [ -4.486903, 36.584867 ], [ -4.475738, 36.585158 ] ] } },
{ "type": "Feature", "properties": { "fid": 24, "ID": 23, "Intensidad": 6.5 }, "geometry": { "type": "LineString", "coordinates": [ [ -4.418586, 36.514071 ], [ -4.418444, 36.514114 ], [ -4.407483, 36.517242 ], [ -4.396394, 36.521258 ], [ -4.39014, 36.523455 ], [ -4.385297, 36.52486 ], [ -4.374186, 36.527739 ], [ -4.363092, 36.531629 ], [ -4.359513, 36.532816 ], [ -4.351986, 36.534922 ], [ -4.340888, 36.538676 ], [ -4.332554, 36.542128 ], [ -4.329801, 36.543197 ], [ -4.318706, 36.54729 ], [ -4.31033, 36.551382 ], [ -4.30763, 36.552577 ], [ -4.296551, 36.557822 ], [ -4.2915, 36.560596 ], [ -4.285482, 36.563694 ], [ -4.275243, 36.569779 ], [ -4.274422, 36.570266 ], [ -4.263362, 36.576939 ], [ -4.260379, 36.578945 ], [ -4.252312, 36.584315 ], [ -4.247385, 36.588089 ], [ -4.241275, 36.592679 ], [ -4.235376, 36.597222 ], [ -4.230243, 36.601489 ], [ -4.224615, 36.606341 ], [ -4.219224, 36.611312 ], [ -4.214791, 36.615449 ], [ -4.20822, 36.622238 ], [ -4.205953, 36.624547 ], [ -4.197849, 36.633637 ], [ -4.197231, 36.63434 ], [ -4.189614, 36.642727 ], [ -4.186247, 36.646972 ], [ -4.182157, 36.651809 ], [ -4.175629, 36.660881 ], [ -4.175286, 36.661336 ], [ -4.168379, 36.669961 ], [ -4.164328, 36.67626 ], [ -4.162432, 36.679027 ], [ -4.156543, 36.688092 ], [ -4.153409, 36.693997 ], [ -4.15161, 36.697147 ], [ -4.146988, 36.7062 ], [ -4.143725, 36.715239 ], [ -4.14259, 36.718804 ], [ -4.140651, 36.724276 ], [ -4.137904, 36.73331 ], [ -4.135838, 36.742338 ], [ -4.134182, 36.751361 ], [ -4.132893, 36.760381 ], [ -4.132104, 36.766793 ], [ -4.131722, 36.7694 ], [ -4.130385, 36.77842 ], [ -4.129359, 36.787438 ], [ -4.128618, 36.796453 ], [ -4.128302, 36.805463 ], [ -4.128295, 36.814471 ], [ -4.128531, 36.823476 ], [ -4.128802, 36.832481 ], [ -4.128123, 36.841495 ], [ -4.131, 36.850476 ], [ -4.132851, 36.859466 ], [ -4.129669, 36.868503 ], [ -4.122484, 36.874825 ], [ -4.111478, 36.877682 ], [ -4.111313, 36.877719 ], [ -4.105696, 36.877736 ], [ -4.100099, 36.877718 ], [ -4.098035, 36.877807 ], [ -4.088891, 36.878089 ], [ -4.077729, 36.881736 ], [ -4.066574, 36.886024 ], [ -4.064601, 36.887119 ], [ -4.055459, 36.893254 ], [ -4.051881, 36.89624 ], [ -4.044376, 36.902993 ], [ -4.042108, 36.905334 ], [ -4.033682, 36.914415 ], [ -4.03332, 36.91492 ], [ -4.027742, 36.923474 ], [ -4.022323, 36.931562 ], [ -4.021676, 36.932534 ], [ -4.014755, 36.941601 ], [ -4.011284, 36.94533 ], [ -4.001142, 36.950724 ], [ -4.000153, 36.952477 ], [ -3.989003, 36.958169 ], [ -3.986762, 36.959852 ], [ -3.985897, 36.968867 ], [ -3.989114, 36.977847 ], [ -3.98926, 36.978053 ], [ -3.997954, 36.986781 ], [ -4.000719, 36.995696 ], [ -4.000737, 36.995765 ], [ -4.004692, 37.004739 ], [ -4.008041, 37.013718 ], [ -4.010869, 37.022701 ], [ -4.012376, 37.027846 ], [ -4.013546, 37.031686 ], [ -4.01619, 37.040671 ], [ -4.018482, 37.049658 ], [ -4.02069, 37.058647 ], [ -4.022634, 37.067637 ], [ -4.024266, 37.076531 ], [ -4.024286, 37.07663 ], [ -4.026661, 37.085617 ], [ -4.029187, 37.094603 ], [ -4.031875, 37.103587 ], [ -4.034437, 37.112572 ], [ -4.036068, 37.117573 ], [ -4.037689, 37.12155 ], [ -4.041946, 37.13052 ], [ -4.045747, 37.139494 ], [ -4.047674, 37.14352 ], [ -4.050655, 37.148458 ], [ -4.056358, 37.157414 ], [ -4.05918, 37.161694 ], [ -4.062989, 37.166362 ], [ -4.070244, 37.175304 ], [ -4.070633, 37.175692 ], [ -4.080652, 37.184217 ], [ -4.082029, 37.185403 ], [ -4.091588, 37.193124 ], [ -4.093422, 37.194686 ], [ -4.102981, 37.202025 ], [ -4.10481, 37.203463 ], [ -4.115072, 37.210919 ], [ -4.116193, 37.211743 ], [ -4.127572, 37.21952 ], [ -4.128001, 37.219804 ], [ -4.138948, 37.226993 ], [ -4.141653, 37.22868 ], [ -4.150326, 37.234415 ], [ -4.155748, 37.23755 ], [ -4.161694, 37.241088 ], [ -4.172437, 37.246393 ], [ -4.173048, 37.246706 ], [ -4.184408, 37.252584 ], [ -4.190606, 37.255219 ], [ -4.195756, 37.257577 ], [ -4.2071, 37.262277 ], [ -4.211717, 37.264011 ], [ -4.218443, 37.266796 ], [ -4.229781, 37.270957 ], [ -4.235294, 37.272775 ], [ -4.241118, 37.274944 ], [ -4.252456, 37.278895 ], [ -4.26169, 37.281503 ], [ -4.263783, 37.282186 ], [ -4.275123, 37.286162 ], [ -4.286449, 37.289218 ], [ -4.28996, 37.290205 ], [ -4.297783, 37.292728 ], [ -4.309114, 37.29597 ], [ -4.320434, 37.298512 ], [ -4.321847, 37.29886 ], [ -4.331766, 37.30172 ], [ -4.34309, 37.304443 ], [ -4.354405, 37.306604 ], [ -4.358881, 37.307447 ], [ -4.365724, 37.308982 ], [ -4.377044, 37.31133 ], [ -4.388356, 37.313213 ], [ -4.399662, 37.314719 ], [ -4.41023, 37.315853 ], [ -4.410962, 37.315946 ], [ -4.42227, 37.317522 ], [ -4.433571, 37.318716 ], [ -4.444865, 37.319573 ], [ -4.456154, 37.320105 ], [ -4.467434, 37.320191 ], [ -4.478721, 37.320607 ], [ -4.490001, 37.320712 ], [ -4.50128, 37.320703 ], [ -4.512556, 37.320591 ], [ -4.523829, 37.320351 ], [ -4.535098, 37.319897 ], [ -4.546368, 37.319469 ], [ -4.557632, 37.318781 ], [ -4.568892, 37.317913 ], [ -4.580146, 37.31675 ], [ -4.591396, 37.315468 ], [ -4.60264, 37.313857 ], [ -4.606221, 37.313354 ], [ -4.613887, 37.312425 ], [ -4.625131, 37.310923 ], [ -4.636369, 37.3091 ], [ -4.647601, 37.307075 ], [ -4.658823, 37.304589 ], [ -4.663344, 37.303559 ], [ -4.670044, 37.302133 ], [ -4.681266, 37.299729 ], [ -4.692473, 37.296702 ], [ -4.701069, 37.294016 ], [ -4.703671, 37.293281 ], [ -4.714873, 37.290126 ], [ -4.726057, 37.286204 ], [ -4.730494, 37.284583 ], [ -4.737242, 37.28236 ], [ -4.748418, 37.278225 ], [ -4.755616, 37.275207 ], [ -4.759585, 37.273699 ], [ -4.770751, 37.269241 ], [ -4.778111, 37.265865 ], [ -4.781905, 37.26428 ], [ -4.793057, 37.259344 ], [ -4.798724, 37.256547 ], [ -4.8042, 37.254054 ], [ -4.815328, 37.248199 ], [ -4.817123, 37.24726 ], [ -4.826463, 37.242722 ], [ -4.83466, 37.237983 ], [ -4.837575, 37.23639 ], [ -4.848681, 37.22988 ], [ -4.850607, 37.228728 ], [ -4.859789, 37.223516 ], [ -4.86611, 37.219479 ], [ -4.870881, 37.216539 ], [ -4.880257, 37.210249 ], [ -4.881959, 37.209137 ], [ -4.89303, 37.201528 ], [ -4.893743, 37.201028 ], [ -4.904095, 37.193751 ], [ -4.906647, 37.191815 ], [ -4.915139, 37.185252 ], [ -4.918348, 37.182619 ], [ -4.92616, 37.175924 ], [ -4.928791, 37.173444 ], [ -4.937148, 37.165422 ], [ -4.938363, 37.164281 ], [ -4.946919, 37.155135 ], [ -4.948102, 37.15374 ], [ -4.954644, 37.146001 ], [ -4.958944, 37.137791 ], [ -4.959435, 37.136916 ], [ -4.963177, 37.127848 ], [ -4.969704, 37.118886 ], [ -4.969766, 37.118732 ], [ -4.970313, 37.109717 ], [ -4.96969, 37.100721 ], [ -4.969005, 37.091904 ], [ -4.968984, 37.091727 ], [ -4.968767, 37.082724 ], [ -4.968534, 37.073722 ], [ -4.968535, 37.073718 ], [ -4.969724, 37.064696 ], [ -4.975666, 37.05559 ], [ -4.978858, 37.046531 ], [ -4.979055, 37.045974 ], [ -4.982496, 37.037464 ], [ -4.985785, 37.028403 ], [ -4.987857, 37.019362 ], [ -4.989315, 37.010331 ], [ -4.989357, 37.010162 ], [ -4.992425, 37.001272 ], [ -4.995164, 36.99222 ], [ -4.99758, 36.983173 ], [ -4.9996, 36.974133 ], [ -4.999637, 36.973848 ], [ -5.001743, 36.96509 ], [ -5.005753, 36.956016 ], [ -4.998938, 36.947127 ], [ -4.998938, 36.947125 ], [ -4.998703, 36.938122 ], [ -4.998461, 36.92912 ], [ -4.98702, 36.920311 ], [ -4.987019, 36.920305 ], [ -4.977757, 36.911454 ], [ -4.975505, 36.908829 ], [ -4.971314, 36.902554 ], [ -4.963937, 36.895132 ], [ -4.962426, 36.893695 ], [ -4.95248, 36.885636 ], [ -4.951476, 36.884869 ], [ -4.941054, 36.877237 ], [ -4.938834, 36.876069 ], [ -4.929678, 36.8707 ], [ -4.918384, 36.867421 ], [ -4.91828, 36.867396 ], [ -4.907084, 36.86382 ], [ -4.8958, 36.86085 ], [ -4.884586, 36.860665 ], [ -4.88092, 36.858987 ], [ -4.873202, 36.853535 ], [ -4.870345, 36.850147 ], [ -4.865809, 36.841212 ], [ -4.863143, 36.832247 ], [ -4.862763, 36.823246 ], [ -4.863267, 36.814231 ], [ -4.863474, 36.805221 ], [ -4.863429, 36.796215 ], [ -4.864481, 36.787192 ], [ -4.863212, 36.778205 ], [ -4.861148, 36.76923 ], [ -4.859809, 36.763289 ], [ -4.859454, 36.76025 ], [ -4.858455, 36.751259 ], [ -4.85698, 36.742275 ], [ -4.854705, 36.733304 ], [ -4.850387, 36.724364 ], [ -4.847514, 36.717462 ], [ -4.846902, 36.715411 ], [ -4.844694, 36.706439 ], [ -4.840774, 36.697492 ], [ -4.83567, 36.689951 ], [ -4.835019, 36.688574 ], [ -4.831742, 36.679618 ], [ -4.824187, 36.670727 ], [ -4.824026, 36.670513 ], [ -4.818994, 36.661799 ], [ -4.812448, 36.653634 ], [ -4.811872, 36.652901 ], [ -4.805408, 36.643992 ], [ -4.800925, 36.638913 ], [ -4.79776, 36.6351 ], [ -4.789464, 36.62666 ], [ -4.789051, 36.626224 ], [ -4.780672, 36.617343 ], [ -4.778016, 36.614832 ], [ -4.771376, 36.608474 ], [ -4.766602, 36.604317 ], [ -4.7611, 36.599619 ], [ -4.755216, 36.594913 ], [ -4.749866, 36.590778 ], [ -4.743851, 36.586296 ], [ -4.737656, 36.581949 ], [ -4.732504, 36.578394 ], [ -4.724207, 36.573137 ], [ -4.721177, 36.571285 ], [ -4.709863, 36.564656 ], [ -4.709327, 36.564344 ], [ -4.698548, 36.557931 ], [ -4.694057, 36.555555 ], [ -4.687249, 36.551829 ], [ -4.676303, 36.546798 ], [ -4.675972, 36.546638 ], [ -4.664687, 36.541052 ], [ -4.657167, 36.538058 ], [ -4.653426, 36.536487 ], [ -4.642171, 36.532125 ], [ -4.633046, 36.529384 ], [ -4.630936, 36.5287 ], [ -4.6197, 36.52516 ], [ -4.608484, 36.522504 ], [ -4.599832, 36.520826 ], [ -4.597277, 36.520288 ], [ -4.586067, 36.517912 ], [ -4.574862, 36.515705 ], [ -4.56367, 36.514136 ], [ -4.552485, 36.512891 ], [ -4.549007, 36.51249 ], [ -4.541296, 36.511403 ], [ -4.530108, 36.509988 ], [ -4.518928, 36.508926 ], [ -4.507754, 36.508176 ], [ -4.496587, 36.507781 ], [ -4.485426, 36.507697 ], [ -4.474271, 36.50792 ], [ -4.463119, 36.50834 ], [ -4.451965, 36.508604 ], [ -4.440816, 36.509203 ], [ -4.429693, 36.511191 ], [ -4.418586, 36.514071 ] ] } },
{ "type": "Feature", "properties": { "fid": 25, "ID": 24, "Intensidad": 7.0 }, "geometry": { "type": "LineString", "coordinates": [ [ -4.394464, 36.413604 ], [ -4.386007, 36.415409 ], [ -4.383359, 36.415905 ], [ -4.37225, 36.418026 ], [ -4.361146, 36.42048 ], [ -4.350038, 36.422722 ], [ -4.340353, 36.424938 ], [ -4.338934, 36.425244 ], [ -4.327826, 36.427553 ], [ -4.316725, 36.43038 ], [ -4.305628, 36.433453 ], [ -4.302726, 36.434363 ], [ -4.294535, 36.436821 ], [ -4.283451, 36.440741 ], [ -4.276332, 36.443656 ], [ -4.272374, 36.445237 ], [ -4.261304, 36.450203 ], [ -4.256142, 36.452878 ], [ -4.250246, 36.456052 ], [ -4.240007, 36.462055 ], [ -4.239197, 36.462498 ], [ -4.228147, 36.469053 ], [ -4.22476, 36.47122 ], [ -4.217104, 36.476174 ], [ -4.210838, 36.48037 ], [ -4.206063, 36.483528 ], [ -4.197539, 36.489513 ], [ -4.195025, 36.491235 ], [ -4.184868, 36.498647 ], [ -4.18399, 36.499255 ], [ -4.172955, 36.507474 ], [ -4.172524, 36.507777 ], [ -4.161916, 36.515539 ], [ -4.160104, 36.516907 ], [ -4.150878, 36.523868 ], [ -4.148111, 36.526031 ], [ -4.139844, 36.5326 ], [ -4.136706, 36.535148 ], [ -4.128814, 36.541774 ], [ -4.125898, 36.544259 ], [ -4.11779, 36.55151 ], [ -4.115725, 36.553362 ], [ -4.106773, 36.561999 ], [ -4.106301, 36.562458 ], [ -4.096894, 36.571553 ], [ -4.095757, 36.57274 ], [ -4.08801, 36.580643 ], [ -4.084752, 36.584441 ], [ -4.080067, 36.589723 ], [ -4.073775, 36.598445 ], [ -4.073515, 36.59879 ], [ -4.066436, 36.607862 ], [ -4.062813, 36.613818 ], [ -4.060772, 36.61692 ], [ -4.055112, 36.625978 ], [ -4.05189, 36.632348 ], [ -4.050382, 36.635028 ], [ -4.045307, 36.644081 ], [ -4.041462, 36.653122 ], [ -4.041005, 36.654116 ], [ -4.036801, 36.662171 ], [ -4.032988, 36.671212 ], [ -4.030162, 36.679479 ], [ -4.029853, 36.680247 ], [ -4.025736, 36.689291 ], [ -4.022464, 36.698327 ], [ -4.019911, 36.707356 ], [ -4.019371, 36.709289 ], [ -4.016991, 36.716389 ], [ -4.014216, 36.725421 ], [ -4.012129, 36.734446 ], [ -4.010498, 36.743468 ], [ -4.009225, 36.752487 ], [ -4.008791, 36.75589 ], [ -4.007905, 36.761506 ], [ -4.006709, 36.770524 ], [ -4.005891, 36.779538 ], [ -4.005793, 36.788547 ], [ -4.005306, 36.797559 ], [ -4.005491, 36.806565 ], [ -4.006172, 36.815567 ], [ -4.006125, 36.824575 ], [ -4.003407, 36.833606 ], [ -4.002991, 36.842617 ], [ -4.000569, 36.851645 ], [ -3.998973, 36.860666 ], [ -3.998956, 36.86069 ], [ -3.989354, 36.869754 ], [ -3.987874, 36.870735 ], [ -3.976675, 36.871762 ], [ -3.965552, 36.878916 ], [ -3.965496, 36.878958 ], [ -3.954419, 36.885377 ], [ -3.951463, 36.888079 ], [ -3.943345, 36.896829 ], [ -3.943063, 36.897154 ], [ -3.935309, 36.906223 ], [ -3.932294, 36.910469 ], [ -3.929158, 36.915279 ], [ -3.923227, 36.924332 ], [ -3.921287, 36.928034 ], [ -3.917974, 36.933381 ], [ -3.91316, 36.942426 ], [ -3.910325, 36.949766 ], [ -3.909472, 36.951461 ], [ -3.904489, 36.960507 ], [ -3.901094, 36.96954 ], [ -3.899406, 36.975691 ], [ -3.898281, 36.978569 ], [ -3.89472, 36.987604 ], [ -3.892448, 36.996628 ], [ -3.890977, 37.005647 ], [ -3.889941, 37.014662 ], [ -3.889564, 37.023673 ], [ -3.889723, 37.032679 ], [ -3.890722, 37.041679 ], [ -3.89226, 37.050675 ], [ -3.894143, 37.059668 ], [ -3.896329, 37.068659 ], [ -3.898693, 37.077649 ], [ -3.900692, 37.084672 ], [ -3.901261, 37.086637 ], [ -3.904067, 37.095623 ], [ -3.907025, 37.104607 ], [ -3.910054, 37.113592 ], [ -3.912359, 37.120019 ], [ -3.913271, 37.122574 ], [ -3.9165, 37.131557 ], [ -3.919934, 37.140537 ], [ -3.923541, 37.149517 ], [ -3.923981, 37.150597 ], [ -3.927105, 37.158496 ], [ -3.930549, 37.167476 ], [ -3.934028, 37.176456 ], [ -3.935606, 37.180787 ], [ -3.937253, 37.185438 ], [ -3.940248, 37.194421 ], [ -3.943259, 37.203405 ], [ -3.94603, 37.21239 ], [ -3.947317, 37.217005 ], [ -3.948514, 37.221377 ], [ -3.950726, 37.230367 ], [ -3.952621, 37.239359 ], [ -3.953957, 37.248355 ], [ -3.954571, 37.257357 ], [ -3.954139, 37.266368 ], [ -3.952789, 37.275386 ], [ -3.948517, 37.284427 ], [ -3.94824, 37.290676 ], [ -3.948016, 37.293438 ], [ -3.93711, 37.302319 ], [ -3.936975, 37.302533 ], [ -3.931718, 37.311582 ], [ -3.935355, 37.32056 ], [ -3.937386, 37.324545 ], [ -3.943118, 37.329505 ], [ -3.948538, 37.338469 ], [ -3.948844, 37.338761 ], [ -3.96006, 37.347383 ], [ -3.960239, 37.347583 ], [ -3.971346, 37.356298 ], [ -3.971637, 37.356496 ], [ -3.982977, 37.365209 ], [ -3.983035, 37.365248 ], [ -3.994422, 37.372894 ], [ -3.996161, 37.374105 ], [ -4.005805, 37.38013 ], [ -4.010743, 37.382989 ], [ -4.01718, 37.386562 ], [ -4.026901, 37.391856 ], [ -4.028555, 37.39285 ], [ -4.03993, 37.399022 ], [ -4.043275, 37.40072 ], [ -4.051304, 37.404987 ], [ -4.061138, 37.409568 ], [ -4.062671, 37.410323 ], [ -4.074045, 37.415995 ], [ -4.079384, 37.418409 ], [ -4.085414, 37.421303 ], [ -4.096781, 37.426272 ], [ -4.099035, 37.427235 ], [ -4.108151, 37.431359 ], [ -4.119511, 37.435696 ], [ -4.120391, 37.436041 ], [ -4.130878, 37.440438 ], [ -4.142235, 37.44437 ], [ -4.14352, 37.444826 ], [ -4.153599, 37.448683 ], [ -4.164954, 37.452351 ], [ -4.16889, 37.453585 ], [ -4.176311, 37.456113 ], [ -4.187666, 37.459627 ], [ -4.197726, 37.462303 ], [ -4.199015, 37.462682 ], [ -4.210371, 37.466162 ], [ -4.221719, 37.469094 ], [ -4.229952, 37.470978 ], [ -4.233064, 37.471777 ], [ -4.244416, 37.474793 ], [ -4.25576, 37.477307 ], [ -4.267098, 37.47943 ], [ -4.267847, 37.479584 ], [ -4.278446, 37.482062 ], [ -4.289788, 37.484347 ], [ -4.301125, 37.486323 ], [ -4.312458, 37.487988 ], [ -4.313121, 37.488096 ], [ -4.3238, 37.490132 ], [ -4.335137, 37.492007 ], [ -4.346468, 37.493486 ], [ -4.3578, 37.494971 ], [ -4.369126, 37.496124 ], [ -4.37203, 37.496433 ], [ -4.380456, 37.497511 ], [ -4.391786, 37.49885 ], [ -4.403113, 37.499969 ], [ -4.414436, 37.500907 ], [ -4.425756, 37.50168 ], [ -4.437074, 37.502307 ], [ -4.44839, 37.502808 ], [ -4.459703, 37.503182 ], [ -4.471014, 37.503457 ], [ -4.482322, 37.503547 ], [ -4.493631, 37.503699 ], [ -4.504936, 37.503665 ], [ -4.516239, 37.503499 ], [ -4.527539, 37.503197 ], [ -4.538836, 37.502767 ], [ -4.55013, 37.502221 ], [ -4.561421, 37.501529 ], [ -4.57271, 37.500724 ], [ -4.583995, 37.499754 ], [ -4.595277, 37.498644 ], [ -4.606554, 37.497339 ], [ -4.617826, 37.495821 ], [ -4.629093, 37.494082 ], [ -4.635443, 37.493079 ], [ -4.640361, 37.492423 ], [ -4.65163, 37.490822 ], [ -4.662897, 37.489189 ], [ -4.674156, 37.487197 ], [ -4.685408, 37.484892 ], [ -4.693009, 37.483262 ], [ -4.696659, 37.482598 ], [ -4.707916, 37.480624 ], [ -4.719161, 37.478124 ], [ -4.730406, 37.475669 ], [ -4.73862, 37.473593 ], [ -4.741644, 37.472939 ], [ -4.75289, 37.470581 ], [ -4.764126, 37.467836 ], [ -4.775349, 37.46456 ], [ -4.777367, 37.464011 ], [ -4.786584, 37.461833 ], [ -4.797811, 37.458829 ], [ -4.809023, 37.455212 ], [ -4.811369, 37.454488 ], [ -4.820245, 37.452069 ], [ -4.831457, 37.44859 ], [ -4.841286, 37.44502 ], [ -4.842656, 37.44457 ], [ -4.853866, 37.441081 ], [ -4.865056, 37.436806 ], [ -4.868236, 37.435591 ], [ -4.876251, 37.432796 ], [ -4.887434, 37.428319 ], [ -4.892436, 37.4262 ], [ -4.898613, 37.423778 ], [ -4.909783, 37.418904 ], [ -4.914256, 37.416843 ], [ -4.920949, 37.413954 ], [ -4.932098, 37.408421 ], [ -4.933917, 37.407517 ], [ -4.943253, 37.403129 ], [ -4.952195, 37.39821 ], [ -4.954385, 37.397057 ], [ -4.96551, 37.390776 ], [ -4.968898, 37.388927 ], [ -4.976634, 37.384523 ], [ -4.984286, 37.379664 ], [ -4.987737, 37.377526 ], [ -4.998185, 37.370424 ], [ -4.998823, 37.36999 ], [ -5.009907, 37.362482 ], [ -5.011728, 37.361189 ], [ -5.020982, 37.35467 ], [ -5.024621, 37.351963 ], [ -5.032042, 37.346422 ], [ -5.036729, 37.342749 ], [ -5.043088, 37.337728 ], [ -5.048254, 37.333544 ], [ -5.054122, 37.328688 ], [ -5.05924, 37.324348 ], [ -5.065141, 37.31921 ], [ -5.069758, 37.315158 ], [ -5.076146, 37.309314 ], [ -5.079811, 37.305976 ], [ -5.087135, 37.298947 ], [ -5.089406, 37.296801 ], [ -5.098105, 37.28797 ], [ -5.098443, 37.287636 ], [ -5.107885, 37.278462 ], [ -5.109077, 37.277238 ], [ -5.11712, 37.269291 ], [ -5.120037, 37.266139 ], [ -5.125858, 37.260129 ], [ -5.130972, 37.254264 ], [ -5.134014, 37.250977 ], [ -5.141641, 37.241833 ], [ -5.141879, 37.241556 ], [ -5.149988, 37.232676 ], [ -5.152791, 37.229127 ], [ -5.157555, 37.223532 ], [ -5.163529, 37.214418 ], [ -5.163627, 37.214146 ], [ -5.168837, 37.205315 ], [ -5.174389, 37.196747 ], [ -5.174686, 37.196202 ], [ -5.177079, 37.187152 ], [ -5.180979, 37.178074 ], [ -5.182034, 37.169049 ], [ -5.175099, 37.160171 ], [ -5.173273, 37.157832 ], [ -5.171444, 37.151232 ], [ -5.170718, 37.14224 ], [ -5.170093, 37.133245 ], [ -5.170065, 37.12424 ], [ -5.171627, 37.115205 ], [ -5.17199, 37.112959 ], [ -5.174361, 37.106149 ], [ -5.178857, 37.097061 ], [ -5.181617, 37.088004 ], [ -5.182448, 37.085511 ], [ -5.184831, 37.078939 ], [ -5.18864, 37.069863 ], [ -5.191492, 37.060804 ], [ -5.192848, 37.056276 ], [ -5.194387, 37.051745 ], [ -5.197019, 37.04269 ], [ -5.198807, 37.033651 ], [ -5.200166, 37.02462 ], [ -5.200603, 37.015606 ], [ -5.200607, 37.0066 ], [ -5.200099, 36.997603 ], [ -5.198917, 36.988619 ], [ -5.196861, 36.979651 ], [ -5.194295, 36.970692 ], [ -5.19033, 36.96176 ], [ -5.190118, 36.961231 ], [ -5.186982, 36.952815 ], [ -5.18205, 36.9439 ], [ -5.17825, 36.938607 ], [ -5.176033, 36.935004 ], [ -5.168689, 36.926133 ], [ -5.166622, 36.924244 ], [ -5.160279, 36.91728 ], [ -5.155017, 36.910529 ], [ -5.152397, 36.908417 ], [ -5.14358, 36.902626 ], [ -5.140616, 36.899623 ], [ -5.132051, 36.891385 ], [ -5.131615, 36.890779 ], [ -5.127486, 36.881847 ], [ -5.123784, 36.872907 ], [ -5.122509, 36.863923 ], [ -5.124079, 36.854889 ], [ -5.126458, 36.84584 ], [ -5.128871, 36.836791 ], [ -5.129155, 36.827779 ], [ -5.1301, 36.821116 ], [ -5.130588, 36.818747 ], [ -5.132558, 36.809705 ], [ -5.133644, 36.80068 ], [ -5.13411, 36.791665 ], [ -5.134187, 36.782657 ], [ -5.133592, 36.773661 ], [ -5.132148, 36.764681 ], [ -5.130587, 36.755702 ], [ -5.128213, 36.746738 ], [ -5.128025, 36.746154 ], [ -5.125281, 36.737784 ], [ -5.121976, 36.728837 ], [ -5.118332, 36.719895 ], [ -5.115967, 36.714621 ], [ -5.114325, 36.71096 ], [ -5.110207, 36.702027 ], [ -5.105746, 36.693099 ], [ -5.104106, 36.689958 ], [ -5.101153, 36.684174 ], [ -5.096488, 36.675249 ], [ -5.092326, 36.667979 ], [ -5.091403, 36.666332 ], [ -5.08661, 36.65741 ], [ -5.081294, 36.648496 ], [ -5.080588, 36.647337 ], [ -5.076043, 36.639581 ], [ -5.069999, 36.63068 ], [ -5.068923, 36.629143 ], [ -5.063956, 36.621778 ], [ -5.057328, 36.61337 ], [ -5.056957, 36.612892 ], [ -5.050065, 36.604004 ], [ -5.045779, 36.599139 ], [ -5.042211, 36.595132 ], [ -5.034284, 36.586823 ], [ -5.033783, 36.58627 ], [ -5.023294, 36.577441 ], [ -5.022858, 36.577035 ], [ -5.013131, 36.568607 ], [ -5.011433, 36.567137 ], [ -5.001069, 36.559803 ], [ -5.000057, 36.559017 ], [ -4.989273, 36.550994 ], [ -4.988675, 36.550591 ], [ -4.977593, 36.542181 ], [ -4.977291, 36.541996 ], [ -4.965944, 36.534746 ], [ -4.962173, 36.533429 ], [ -4.95469, 36.531108 ], [ -4.944617, 36.524709 ], [ -4.943356, 36.524221 ], [ -4.932043, 36.518116 ], [ -4.924671, 36.516026 ], [ -4.920813, 36.515265 ], [ -4.909653, 36.515271 ], [ -4.899221, 36.516434 ], [ -4.898578, 36.518733 ], [ -4.897983, 36.525461 ], [ -4.89792, 36.534469 ], [ -4.895064, 36.543521 ], [ -4.888047, 36.54461 ], [ -4.876905, 36.545539 ], [ -4.871107, 36.5439 ], [ -4.865654, 36.54191 ], [ -4.854333, 36.535314 ], [ -4.854099, 36.535158 ], [ -4.842962, 36.526554 ], [ -4.84266, 36.526329 ], [ -4.831591, 36.517644 ], [ -4.831399, 36.517495 ], [ -4.820222, 36.508764 ], [ -4.820077, 36.508661 ], [ -4.808872, 36.500535 ], [ -4.807801, 36.49984 ], [ -4.79757, 36.494315 ], [ -4.792237, 36.491068 ], [ -4.786251, 36.487243 ], [ -4.777411, 36.482283 ], [ -4.77495, 36.480879 ], [ -4.763651, 36.474524 ], [ -4.761741, 36.473508 ], [ -4.752355, 36.468217 ], [ -4.744874, 36.464748 ], [ -4.741082, 36.46286 ], [ -4.729813, 36.45761 ], [ -4.72603, 36.456015 ], [ -4.718549, 36.452553 ], [ -4.707306, 36.448353 ], [ -4.704573, 36.447316 ], [ -4.696056, 36.443799 ], [ -4.684823, 36.439946 ], [ -4.680897, 36.438644 ], [ -4.673586, 36.435837 ], [ -4.662357, 36.432092 ], [ -4.654925, 36.429999 ], [ -4.65114, 36.42885 ], [ -4.639912, 36.425029 ], [ -4.628707, 36.422252 ], [ -4.625232, 36.4214 ], [ -4.617496, 36.419176 ], [ -4.606293, 36.416413 ], [ -4.595104, 36.414344 ], [ -4.58508, 36.412932 ], [ -4.583926, 36.41276 ], [ -4.572742, 36.410833 ], [ -4.561569, 36.409456 ], [ -4.550404, 36.408461 ], [ -4.539246, 36.407767 ], [ -4.528095, 36.407476 ], [ -4.516944, 36.40718 ], [ -4.505799, 36.407175 ], [ -4.494662, 36.407552 ], [ -4.483517, 36.407572 ], [ -4.472379, 36.407923 ], [ -4.461241, 36.408294 ], [ -4.450099, 36.408476 ], [ -4.438957, 36.408667 ], [ -4.427819, 36.409073 ], [ -4.416689, 36.409908 ], [ -4.405573, 36.411503 ], [ -4.394464, 36.413604 ] ] } },
{ "type": "Feature", "properties": { "fid": 26, "ID": 25, "Intensidad": 7.5 }, "geometry": { "type": "LineString", "coordinates": [ [ -4.392061, 36.27874 ], [ -4.384048, 36.280311 ], [ -4.380971, 36.280825 ], [ -4.36988, 36.282879 ], [ -4.358799, 36.285536 ], [ -4.347728, 36.288864 ], [ -4.344405, 36.289771 ], [ -4.336646, 36.291568 ], [ -4.325565, 36.294405 ], [ -4.31449, 36.297605 ], [ -4.308515, 36.299178 ], [ -4.303407, 36.300372 ], [ -4.29232, 36.302989 ], [ -4.281242, 36.306211 ], [ -4.273876, 36.30856 ], [ -4.270166, 36.309568 ], [ -4.259084, 36.312645 ], [ -4.248012, 36.316415 ], [ -4.243766, 36.317886 ], [ -4.236938, 36.320086 ], [ -4.225864, 36.323859 ], [ -4.217911, 36.32716 ], [ -4.2148, 36.328305 ], [ -4.20373, 36.332459 ], [ -4.195083, 36.336399 ], [ -4.19267, 36.337391 ], [ -4.181604, 36.341942 ], [ -4.174062, 36.345615 ], [ -4.170546, 36.347184 ], [ -4.159487, 36.352396 ], [ -4.154756, 36.354812 ], [ -4.148429, 36.357813 ], [ -4.137419, 36.363986 ], [ -4.13738, 36.364007 ], [ -4.126319, 36.36939 ], [ -4.119607, 36.373163 ], [ -4.115266, 36.375475 ], [ -4.104215, 36.381894 ], [ -4.103458, 36.382322 ], [ -4.093157, 36.387861 ], [ -4.087109, 36.39148 ], [ -4.082105, 36.394375 ], [ -4.072156, 36.400623 ], [ -4.071056, 36.401295 ], [ -4.060004, 36.408101 ], [ -4.057409, 36.409763 ], [ -4.048952, 36.415095 ], [ -4.043288, 36.418896 ], [ -4.037904, 36.422468 ], [ -4.029998, 36.428019 ], [ -4.026858, 36.430223 ], [ -4.01739, 36.437136 ], [ -4.015815, 36.438291 ], [ -4.005369, 36.446246 ], [ -4.004773, 36.446713 ], [ -3.994155, 36.455348 ], [ -3.993737, 36.455702 ], [ -3.983682, 36.464443 ], [ -3.982706, 36.465332 ], [ -3.973924, 36.473531 ], [ -3.971682, 36.475749 ], [ -3.964866, 36.482613 ], [ -3.960667, 36.487158 ], [ -3.956525, 36.491689 ], [ -3.949666, 36.499947 ], [ -3.948992, 36.500757 ], [ -3.941661, 36.509823 ], [ -3.938676, 36.513923 ], [ -3.935017, 36.518884 ], [ -3.929034, 36.527939 ], [ -3.927708, 36.53007 ], [ -3.923204, 36.536992 ], [ -3.918046, 36.54604 ], [ -3.91676, 36.548328 ], [ -3.912726, 36.555089 ], [ -3.907967, 36.564134 ], [ -3.905829, 36.568413 ], [ -3.903243, 36.573178 ], [ -3.898762, 36.58222 ], [ -3.89492, 36.590905 ], [ -3.894753, 36.591258 ], [ -3.890101, 36.600301 ], [ -3.886255, 36.609338 ], [ -3.884022, 36.614966 ], [ -3.882499, 36.618374 ], [ -3.878435, 36.627412 ], [ -3.875032, 36.636445 ], [ -3.873149, 36.641721 ], [ -3.87162, 36.645478 ], [ -3.867873, 36.654514 ], [ -3.864752, 36.663545 ], [ -3.862306, 36.671956 ], [ -3.8621, 36.672572 ], [ -3.858834, 36.681603 ], [ -3.856032, 36.690632 ], [ -3.85395, 36.699655 ], [ -3.851797, 36.708678 ], [ -3.85154, 36.7098 ], [ -3.849457, 36.717703 ], [ -3.847343, 36.726726 ], [ -3.845587, 36.735746 ], [ -3.844128, 36.744765 ], [ -3.842905, 36.753781 ], [ -3.841898, 36.762796 ], [ -3.841073, 36.77181 ], [ -3.841032, 36.772261 ], [ -3.840112, 36.780825 ], [ -3.839342, 36.789838 ], [ -3.838874, 36.798849 ], [ -3.838678, 36.807858 ], [ -3.837646, 36.816874 ], [ -3.836876, 36.825887 ], [ -3.835618, 36.834904 ], [ -3.834381, 36.84392 ], [ -3.832756, 36.852939 ], [ -3.830918, 36.86196 ], [ -3.830806, 36.862314 ], [ -3.827312, 36.870993 ], [ -3.822611, 36.880033 ], [ -3.819845, 36.885744 ], [ -3.817547, 36.889076 ], [ -3.80876, 36.897986 ], [ -3.808591, 36.898145 ], [ -3.797629, 36.906293 ], [ -3.796507, 36.907234 ], [ -3.787977, 36.916299 ], [ -3.786532, 36.91808 ], [ -3.780769, 36.925354 ], [ -3.775472, 36.933821 ], [ -3.775099, 36.934399 ], [ -3.769438, 36.943444 ], [ -3.764754, 36.952482 ], [ -3.764443, 36.953094 ], [ -3.760004, 36.96152 ], [ -3.755844, 36.970554 ], [ -3.753445, 36.976113 ], [ -3.751912, 36.979587 ], [ -3.748183, 36.988618 ], [ -3.745248, 36.997644 ], [ -3.742822, 37.006667 ], [ -3.742548, 37.010167 ], [ -3.742095, 37.015679 ], [ -3.741906, 37.024688 ], [ -3.742403, 37.033692 ], [ -3.742786, 37.034616 ], [ -3.75174, 37.042641 ], [ -3.75414, 37.04647 ], [ -3.756021, 37.051621 ], [ -3.765112, 37.060571 ], [ -3.765526, 37.061159 ], [ -3.770173, 37.069545 ], [ -3.774315, 37.078526 ], [ -3.777009, 37.084974 ], [ -3.778013, 37.087509 ], [ -3.781301, 37.096495 ], [ -3.784381, 37.105482 ], [ -3.787234, 37.114471 ], [ -3.788606, 37.118937 ], [ -3.789985, 37.12346 ], [ -3.792572, 37.13245 ], [ -3.795065, 37.141441 ], [ -3.797438, 37.150432 ], [ -3.79956, 37.159425 ], [ -3.800314, 37.162552 ], [ -3.801825, 37.168417 ], [ -3.804151, 37.177409 ], [ -3.806259, 37.186402 ], [ -3.80815, 37.195396 ], [ -3.809934, 37.204391 ], [ -3.811456, 37.213388 ], [ -3.812162, 37.217886 ], [ -3.812914, 37.222386 ], [ -3.814463, 37.231382 ], [ -3.815678, 37.240381 ], [ -3.816573, 37.249382 ], [ -3.817186, 37.258385 ], [ -3.81715, 37.267392 ], [ -3.816546, 37.276404 ], [ -3.815037, 37.285421 ], [ -3.813117, 37.294442 ], [ -3.812988, 37.294734 ], [ -3.806218, 37.303496 ], [ -3.801855, 37.308183 ], [ -3.794967, 37.312579 ], [ -3.790658, 37.315841 ], [ -3.77943, 37.320711 ], [ -3.778071, 37.321699 ], [ -3.768241, 37.329583 ], [ -3.767089, 37.330778 ], [ -3.759276, 37.339835 ], [ -3.757086, 37.342098 ], [ -3.753269, 37.348881 ], [ -3.746722, 37.357929 ], [ -3.745974, 37.359385 ], [ -3.742563, 37.366963 ], [ -3.738272, 37.375997 ], [ -3.734917, 37.382741 ], [ -3.733786, 37.385032 ], [ -3.730608, 37.394058 ], [ -3.727235, 37.403086 ], [ -3.724562, 37.41211 ], [ -3.723942, 37.415291 ], [ -3.722918, 37.421127 ], [ -3.722129, 37.430138 ], [ -3.722059, 37.439146 ], [ -3.722968, 37.448147 ], [ -3.724209, 37.457147 ], [ -3.72435, 37.457679 ], [ -3.726957, 37.466137 ], [ -3.730476, 37.475122 ], [ -3.734902, 37.484101 ], [ -3.735928, 37.486004 ], [ -3.740757, 37.493072 ], [ -3.74731, 37.502037 ], [ -3.747392, 37.502134 ], [ -3.755867, 37.51099 ], [ -3.75882, 37.514148 ], [ -3.765276, 37.519936 ], [ -3.770231, 37.524098 ], [ -3.776352, 37.528871 ], [ -3.781636, 37.533189 ], [ -3.788473, 37.537797 ], [ -3.793027, 37.540782 ], [ -3.802711, 37.546708 ], [ -3.804415, 37.54777 ], [ -3.815802, 37.554582 ], [ -3.817608, 37.555613 ], [ -3.827191, 37.561292 ], [ -3.833394, 37.564509 ], [ -3.838574, 37.567345 ], [ -3.849954, 37.572952 ], [ -3.850824, 37.573391 ], [ -3.861341, 37.579041 ], [ -3.868416, 37.58227 ], [ -3.872722, 37.58439 ], [ -3.884103, 37.589656 ], [ -3.887217, 37.591137 ], [ -3.895489, 37.595182 ], [ -3.906865, 37.599795 ], [ -3.907344, 37.59999 ], [ -3.918252, 37.605119 ], [ -3.927395, 37.608841 ], [ -3.929632, 37.609814 ], [ -3.94102, 37.614942 ], [ -3.948249, 37.617682 ], [ -3.952399, 37.619324 ], [ -3.963787, 37.62427 ], [ -3.969879, 37.626513 ], [ -3.97517, 37.628738 ], [ -3.986555, 37.633279 ], [ -3.992272, 37.635333 ], [ -3.997939, 37.637563 ], [ -4.009327, 37.642095 ], [ -4.0152, 37.644144 ], [ -4.020713, 37.646371 ], [ -4.032102, 37.650736 ], [ -4.038746, 37.652946 ], [ -4.043487, 37.654766 ], [ -4.054877, 37.659041 ], [ -4.063665, 37.66173 ], [ -4.066258, 37.66266 ], [ -4.077652, 37.667004 ], [ -4.089031, 37.670276 ], [ -4.089755, 37.670499 ], [ -4.100423, 37.674383 ], [ -4.111808, 37.677893 ], [ -4.11658, 37.679254 ], [ -4.123195, 37.681468 ], [ -4.134582, 37.685053 ], [ -4.145959, 37.687832 ], [ -4.146464, 37.687974 ], [ -4.157351, 37.691557 ], [ -4.168734, 37.694602 ], [ -4.177893, 37.69667 ], [ -4.180111, 37.697262 ], [ -4.191498, 37.70045 ], [ -4.20288, 37.70327 ], [ -4.213277, 37.705318 ], [ -4.214254, 37.705546 ], [ -4.225641, 37.708577 ], [ -4.237016, 37.710876 ], [ -4.248391, 37.713075 ], [ -4.253085, 37.713907 ], [ -4.259767, 37.715313 ], [ -4.271145, 37.717647 ], [ -4.282517, 37.71957 ], [ -4.293884, 37.721208 ], [ -4.30329, 37.722369 ], [ -4.305249, 37.72266 ], [ -4.316622, 37.724536 ], [ -4.327989, 37.72608 ], [ -4.339352, 37.72737 ], [ -4.350712, 37.72843 ], [ -4.362066, 37.729232 ], [ -4.37342, 37.729943 ], [ -4.38477, 37.730432 ], [ -4.385016, 37.730443 ], [ -4.396123, 37.731103 ], [ -4.407476, 37.731765 ], [ -4.418827, 37.732328 ], [ -4.430177, 37.732799 ], [ -4.441525, 37.733181 ], [ -4.452873, 37.733504 ], [ -4.464218, 37.733731 ], [ -4.475562, 37.733883 ], [ -4.486905, 37.733972 ], [ -4.498246, 37.733985 ], [ -4.509586, 37.73393 ], [ -4.520924, 37.733803 ], [ -4.532261, 37.733614 ], [ -4.543596, 37.733355 ], [ -4.55493, 37.733021 ], [ -4.566262, 37.732607 ], [ -4.577593, 37.732125 ], [ -4.588921, 37.73156 ], [ -4.600247, 37.730891 ], [ -4.611571, 37.730143 ], [ -4.622893, 37.729293 ], [ -4.634211, 37.728319 ], [ -4.645527, 37.727223 ], [ -4.647283, 37.727069 ], [ -4.656848, 37.726358 ], [ -4.668165, 37.725375 ], [ -4.679483, 37.724418 ], [ -4.690797, 37.723302 ], [ -4.702105, 37.721975 ], [ -4.713406, 37.720336 ], [ -4.7247, 37.718408 ], [ -4.733225, 37.716831 ], [ -4.735991, 37.71639 ], [ -4.747287, 37.714604 ], [ -4.758576, 37.712534 ], [ -4.769855, 37.710107 ], [ -4.781125, 37.707277 ], [ -4.781902, 37.7071 ], [ -4.792406, 37.704999 ], [ -4.803679, 37.70238 ], [ -4.814939, 37.699293 ], [ -4.82131, 37.697492 ], [ -4.8262, 37.696282 ], [ -4.837465, 37.693425 ], [ -4.848714, 37.689989 ], [ -4.855083, 37.68796 ], [ -4.859961, 37.686523 ], [ -4.871216, 37.683423 ], [ -4.882449, 37.679476 ], [ -4.88545, 37.678472 ], [ -4.893694, 37.67607 ], [ -4.904926, 37.672174 ], [ -4.913519, 37.669014 ], [ -4.916154, 37.668183 ], [ -4.927391, 37.664553 ], [ -4.938601, 37.659963 ], [ -4.939622, 37.659582 ], [ -4.949834, 37.656284 ], [ -4.961043, 37.65177 ], [ -4.96507, 37.650156 ], [ -4.972261, 37.64762 ], [ -4.983467, 37.643073 ], [ -4.988913, 37.64075 ], [ -4.994673, 37.638566 ], [ -5.005875, 37.633967 ], [ -5.011772, 37.631357 ], [ -5.017073, 37.629271 ], [ -5.028266, 37.62446 ], [ -5.03372, 37.621975 ], [ -5.039455, 37.619512 ], [ -5.050644, 37.614652 ], [ -5.055122, 37.612599 ], [ -5.061833, 37.609848 ], [ -5.073007, 37.604566 ], [ -5.075876, 37.60323 ], [ -5.084191, 37.599672 ], [ -5.095353, 37.594053 ], [ -5.095736, 37.593874 ], [ -5.106538, 37.589318 ], [ -5.115853, 37.584509 ], [ -5.117695, 37.583639 ], [ -5.12886, 37.578311 ], [ -5.135131, 37.575157 ], [ -5.140019, 37.572814 ], [ -5.151165, 37.566928 ], [ -5.153279, 37.565821 ], [ -5.162321, 37.561427 ], [ -5.1711, 37.55649 ], [ -5.173455, 37.555245 ], [ -5.184592, 37.549224 ], [ -5.188208, 37.547168 ], [ -5.195724, 37.543107 ], [ -5.204431, 37.537861 ], [ -5.206839, 37.536469 ], [ -5.21795, 37.529758 ], [ -5.219824, 37.528567 ], [ -5.229057, 37.522982 ], [ -5.234841, 37.519279 ], [ -5.240152, 37.515883 ], [ -5.248655, 37.510011 ], [ -5.251229, 37.508245 ], [ -5.261534, 37.50076 ], [ -5.262292, 37.500206 ], [ -5.273338, 37.491717 ], [ -5.273583, 37.491523 ], [ -5.284362, 37.482538 ], [ -5.284632, 37.482305 ], [ -5.295235, 37.473094 ], [ -5.29537, 37.472976 ], [ -5.305737, 37.463884 ], [ -5.306373, 37.463312 ], [ -5.315988, 37.454678 ], [ -5.317366, 37.453405 ], [ -5.32597, 37.445477 ], [ -5.328347, 37.44321 ], [ -5.335697, 37.43628 ], [ -5.339315, 37.432716 ], [ -5.345107, 37.427088 ], [ -5.350268, 37.421806 ], [ -5.354156, 37.417903 ], [ -5.361201, 37.410392 ], [ -5.362804, 37.408725 ], [ -5.371332, 37.399549 ], [ -5.372123, 37.398691 ], [ -5.379981, 37.39037 ], [ -5.383037, 37.386885 ], [ -5.388191, 37.3812 ], [ -5.393924, 37.374302 ], [ -5.395881, 37.372039 ], [ -5.403509, 37.362879 ], [ -5.404794, 37.361302 ], [ -5.411252, 37.353716 ], [ -5.415649, 37.347961 ], [ -5.418319, 37.344566 ], [ -5.425094, 37.335422 ], [ -5.426463, 37.333482 ], [ -5.431816, 37.326279 ], [ -5.437229, 37.317593 ], [ -5.437519, 37.317157 ], [ -5.44382, 37.308021 ], [ -5.447958, 37.300735 ], [ -5.449079, 37.298907 ], [ -5.454703, 37.289786 ], [ -5.458626, 37.282117 ], [ -5.459424, 37.280682 ], [ -5.464632, 37.271569 ], [ -5.46885, 37.262476 ], [ -5.469229, 37.261691 ], [ -5.473648, 37.25337 ], [ -5.477748, 37.244279 ], [ -5.479768, 37.239474 ], [ -5.481747, 37.23519 ], [ -5.485808, 37.2261 ], [ -5.489245, 37.217022 ], [ -5.49021, 37.214478 ], [ -5.492945, 37.207939 ], [ -5.496452, 37.19886 ], [ -5.499479, 37.189791 ], [ -5.500553, 37.186681 ], [ -5.502768, 37.180716 ], [ -5.505816, 37.171647 ], [ -5.508034, 37.162595 ], [ -5.510727, 37.153967 ], [ -5.510854, 37.15353 ], [ -5.511067, 37.14452 ], [ -5.511697, 37.135501 ], [ -5.513341, 37.126461 ], [ -5.516876, 37.117381 ], [ -5.516959, 37.108374 ], [ -5.517747, 37.099352 ], [ -5.513968, 37.090427 ], [ -5.510056, 37.081504 ], [ -5.508231, 37.078389 ], [ -5.497, 37.078681 ], [ -5.485574, 37.073028 ], [ -5.485572, 37.073015 ], [ -5.475441, 37.064221 ], [ -5.473974, 37.061937 ], [ -5.471716, 37.055294 ], [ -5.468468, 37.046356 ], [ -5.465115, 37.03742 ], [ -5.46389, 37.02844 ], [ -5.462122, 37.019471 ], [ -5.461241, 37.01567 ], [ -5.46032, 37.010503 ], [ -5.458036, 37.001545 ], [ -5.454993, 36.992602 ], [ -5.450913, 36.983681 ], [ -5.448868, 36.980084 ], [ -5.445963, 36.974778 ], [ -5.439864, 36.965898 ], [ -5.437079, 36.962456 ], [ -5.432848, 36.957036 ], [ -5.425459, 36.949955 ], [ -5.423869, 36.948214 ], [ -5.420383, 36.93928 ], [ -5.41366, 36.931682 ], [ -5.413125, 36.930422 ], [ -5.410246, 36.921474 ], [ -5.4077, 36.91252 ], [ -5.40686, 36.903532 ], [ -5.405494, 36.894554 ], [ -5.405314, 36.885551 ], [ -5.405191, 36.876548 ], [ -5.406249, 36.867521 ], [ -5.406927, 36.858501 ], [ -5.408159, 36.849471 ], [ -5.409423, 36.840439 ], [ -5.410259, 36.831416 ], [ -5.410435, 36.829181 ], [ -5.411097, 36.822394 ], [ -5.411728, 36.813375 ], [ -5.412005, 36.804363 ], [ -5.412143, 36.795355 ], [ -5.411941, 36.786353 ], [ -5.411514, 36.777356 ], [ -5.410812, 36.768364 ], [ -5.409861, 36.759377 ], [ -5.408634, 36.750396 ], [ -5.407793, 36.744835 ], [ -5.407349, 36.741416 ], [ -5.406106, 36.732436 ], [ -5.404366, 36.723465 ], [ -5.402951, 36.714487 ], [ -5.400978, 36.705521 ], [ -5.398688, 36.696561 ], [ -5.396022, 36.687609 ], [ -5.394683, 36.683112 ], [ -5.393545, 36.678653 ], [ -5.391215, 36.669694 ], [ -5.388508, 36.660742 ], [ -5.385385, 36.651798 ], [ -5.382292, 36.643931 ], [ -5.381911, 36.642862 ], [ -5.379057, 36.633913 ], [ -5.3757, 36.624974 ], [ -5.371698, 36.616047 ], [ -5.370154, 36.612573 ], [ -5.368006, 36.607114 ], [ -5.364152, 36.598185 ], [ -5.359566, 36.589269 ], [ -5.358189, 36.586577 ], [ -5.355324, 36.580347 ], [ -5.350711, 36.571432 ], [ -5.346341, 36.564147 ], [ -5.345458, 36.562529 ], [ -5.340652, 36.553617 ], [ -5.334669, 36.544728 ], [ -5.334586, 36.544589 ], [ -5.329466, 36.535824 ], [ -5.323034, 36.526943 ], [ -5.322889, 36.526729 ], [ -5.317413, 36.518046 ], [ -5.311229, 36.509957 ], [ -5.310668, 36.509171 ], [ -5.304453, 36.500284 ], [ -5.299607, 36.494259 ], [ -5.297443, 36.491413 ], [ -5.290231, 36.482545 ], [ -5.28803, 36.479945 ], [ -5.282952, 36.473678 ], [ -5.276487, 36.466661 ], [ -5.274854, 36.464827 ], [ -5.26651, 36.455979 ], [ -5.264979, 36.454413 ], [ -5.257984, 36.447134 ], [ -5.253495, 36.44288 ], [ -5.248691, 36.438303 ], [ -5.242046, 36.432458 ], [ -5.238602, 36.429486 ], [ -5.230625, 36.422893 ], [ -5.227926, 36.420679 ], [ -5.219223, 36.413875 ], [ -5.21661, 36.411883 ], [ -5.207838, 36.405385 ], [ -5.204617, 36.403098 ], [ -5.196469, 36.397379 ], [ -5.191864, 36.394326 ], [ -5.185116, 36.389843 ], [ -5.178199, 36.38557 ], [ -5.173779, 36.382803 ], [ -5.163273, 36.376834 ], [ -5.16246, 36.376359 ], [ -5.151138, 36.369744 ], [ -5.148091, 36.368101 ], [ -5.139828, 36.363478 ], [ -5.131475, 36.359392 ], [ -5.128538, 36.357877 ], [ -5.11725, 36.352276 ], [ -5.113846, 36.350698 ], [ -5.105967, 36.346819 ], [ -5.094708, 36.342211 ], [ -5.094274, 36.342036 ], [ -5.08344, 36.3372 ], [ -5.073215, 36.333396 ], [ -5.072195, 36.333001 ], [ -5.060942, 36.328468 ], [ -5.04972, 36.325028 ], [ -5.048997, 36.324807 ], [ -5.038489, 36.321253 ], [ -5.027275, 36.318095 ], [ -5.019487, 36.316302 ], [ -5.016075, 36.315398 ], [ -5.004881, 36.31296 ], [ -4.9937, 36.310957 ], [ -4.982522, 36.309066 ], [ -4.972783, 36.308075 ], [ -4.971363, 36.307914 ], [ -4.960235, 36.307998 ], [ -4.949047, 36.305658 ], [ -4.937963, 36.307534 ], [ -4.926828, 36.307305 ], [ -4.915694, 36.307133 ], [ -4.904589, 36.308166 ], [ -4.893479, 36.309026 ], [ -4.892074, 36.30938 ], [ -4.882485, 36.314668 ], [ -4.871557, 36.318711 ], [ -4.871455, 36.318884 ], [ -4.864138, 36.327834 ], [ -4.86599, 36.336813 ], [ -4.860823, 36.33989 ], [ -4.85628, 36.345971 ], [ -4.849863, 36.34729 ], [ -4.838755, 36.348472 ], [ -4.827575, 36.346606 ], [ -4.826948, 36.346424 ], [ -4.816276, 36.339565 ], [ -4.805104, 36.337962 ], [ -4.804526, 36.337757 ], [ -4.793823, 36.331571 ], [ -4.782634, 36.32911 ], [ -4.78257, 36.329079 ], [ -4.77137, 36.32336 ], [ -4.763905, 36.320348 ], [ -4.760132, 36.318678 ], [ -4.748895, 36.313969 ], [ -4.742662, 36.311652 ], [ -4.737669, 36.309669 ], [ -4.726449, 36.305649 ], [ -4.718231, 36.302999 ], [ -4.715239, 36.301988 ], [ -4.70403, 36.298319 ], [ -4.692835, 36.295281 ], [ -4.689475, 36.294401 ], [ -4.68164, 36.292203 ], [ -4.670452, 36.289389 ], [ -4.659275, 36.287049 ], [ -4.653545, 36.285895 ], [ -4.648098, 36.284735 ], [ -4.636924, 36.282459 ], [ -4.625758, 36.280582 ], [ -4.614599, 36.27902 ], [ -4.603446, 36.277716 ], [ -4.602341, 36.277585 ], [ -4.592289, 36.276211 ], [ -4.581135, 36.274822 ], [ -4.569986, 36.273687 ], [ -4.558839, 36.272598 ], [ -4.547698, 36.271855 ], [ -4.536557, 36.271069 ], [ -4.525423, 36.270604 ], [ -4.514289, 36.270182 ], [ -4.503161, 36.270028 ], [ -4.492037, 36.270109 ], [ -4.480917, 36.270384 ], [ -4.469801, 36.270862 ], [ -4.458687, 36.271528 ], [ -4.447579, 36.272442 ], [ -4.436473, 36.27353 ], [ -4.425363, 36.274447 ], [ -4.414258, 36.27558 ], [ -4.403156, 36.276958 ], [ -4.392061, 36.27874 ] ] } },
{ "type": "Feature", "properties": { "fid": 27, "ID": 26, "Intensidad": 8.0 }, "geometry": { "type": "LineString", "coordinates": [ [ -5.042876, 36.062111 ], [ -5.033227, 36.063864 ], [ -5.031832, 36.06412 ], [ -5.020802, 36.066658 ], [ -5.009778, 36.06947 ], [ -4.998758, 36.072472 ], [ -4.99525, 36.07351 ], [ -4.987746, 36.07585 ], [ -4.97673, 36.079091 ], [ -4.965702, 36.081857 ], [ -4.960777, 36.083087 ], [ -4.954672, 36.084622 ], [ -4.943642, 36.087404 ], [ -4.932615, 36.090333 ], [ -4.924775, 36.092678 ], [ -4.921598, 36.093692 ], [ -4.910591, 36.097511 ], [ -4.899592, 36.101717 ], [ -4.898194, 36.10211 ], [ -4.888588, 36.105787 ], [ -4.877593, 36.110224 ], [ -4.874927, 36.111484 ], [ -4.866671, 36.117863 ], [ -4.861481, 36.120702 ], [ -4.855825, 36.128776 ], [ -4.852492, 36.129849 ], [ -4.846285, 36.138952 ], [ -4.845003, 36.140846 ], [ -4.837377, 36.148097 ], [ -4.834091, 36.149216 ], [ -4.82301, 36.150347 ], [ -4.811916, 36.150949 ], [ -4.800777, 36.149612 ], [ -4.789657, 36.149071 ], [ -4.783849, 36.148907 ], [ -4.778537, 36.148541 ], [ -4.767343, 36.14468 ], [ -4.756176, 36.142011 ], [ -4.74504, 36.14067 ], [ -4.743954, 36.140486 ], [ -4.733887, 36.138568 ], [ -4.722709, 36.135306 ], [ -4.711547, 36.132712 ], [ -4.708469, 36.13199 ], [ -4.700378, 36.129785 ], [ -4.689213, 36.126968 ], [ -4.67806, 36.124744 ], [ -4.672021, 36.123497 ], [ -4.666905, 36.122316 ], [ -4.655747, 36.119765 ], [ -4.644598, 36.117619 ], [ -4.633456, 36.115737 ], [ -4.629362, 36.115077 ], [ -4.622312, 36.113792 ], [ -4.611167, 36.111723 ], [ -4.600029, 36.109971 ], [ -4.588896, 36.108462 ], [ -4.577766, 36.107111 ], [ -4.575145, 36.106794 ], [ -4.566635, 36.105663 ], [ -4.555506, 36.104295 ], [ -4.544381, 36.103107 ], [ -4.53326, 36.102104 ], [ -4.522142, 36.101237 ], [ -4.511026, 36.100514 ], [ -4.499914, 36.099919 ], [ -4.488803, 36.099428 ], [ -4.477696, 36.099138 ], [ -4.472755, 36.099088 ], [ -4.466593, 36.099015 ], [ -4.455493, 36.099069 ], [ -4.444396, 36.099333 ], [ -4.440763, 36.099477 ], [ -4.433303, 36.099759 ], [ -4.422212, 36.100363 ], [ -4.411124, 36.101136 ], [ -4.40004, 36.102097 ], [ -4.388958, 36.103248 ], [ -4.37788, 36.104585 ], [ -4.366804, 36.106129 ], [ -4.355732, 36.107898 ], [ -4.346252, 36.109585 ], [ -4.344663, 36.109854 ], [ -4.333593, 36.111792 ], [ -4.322526, 36.113968 ], [ -4.311463, 36.116402 ], [ -4.300403, 36.119099 ], [ -4.300401, 36.1191 ], [ -4.289341, 36.12167 ], [ -4.278284, 36.124567 ], [ -4.267229, 36.127711 ], [ -4.264563, 36.128492 ], [ -4.256173, 36.130815 ], [ -4.24512, 36.134185 ], [ -4.23407, 36.137797 ], [ -4.234001, 36.137819 ], [ -4.223015, 36.141142 ], [ -4.211965, 36.144897 ], [ -4.205799, 36.147115 ], [ -4.200916, 36.148763 ], [ -4.189866, 36.152631 ], [ -4.18029, 36.156378 ], [ -4.178821, 36.156916 ], [ -4.16777, 36.160868 ], [ -4.156728, 36.165564 ], [ -4.156592, 36.165618 ], [ -4.145676, 36.16963 ], [ -4.134637, 36.174601 ], [ -4.134064, 36.174842 ], [ -4.123586, 36.178904 ], [ -4.112775, 36.18405 ], [ -4.112547, 36.184151 ], [ -4.101497, 36.188706 ], [ -4.092243, 36.193248 ], [ -4.090457, 36.19406 ], [ -4.07941, 36.199014 ], [ -4.07265, 36.202433 ], [ -4.068368, 36.20448 ], [ -4.057325, 36.209974 ], [ -4.054134, 36.211607 ], [ -4.046279, 36.215328 ], [ -4.036476, 36.220769 ], [ -4.035241, 36.221406 ], [ -4.024193, 36.226897 ], [ -4.018687, 36.229931 ], [ -4.01315, 36.232794 ], [ -4.002575, 36.239075 ], [ -4.002112, 36.239336 ], [ -3.991067, 36.245395 ], [ -3.986414, 36.248218 ], [ -3.980026, 36.251913 ], [ -3.971568, 36.257348 ], [ -3.968989, 36.258937 ], [ -3.957955, 36.266331 ], [ -3.957745, 36.266469 ], [ -3.946914, 36.273339 ], [ -3.943649, 36.275589 ], [ -3.935877, 36.280826 ], [ -3.930475, 36.284701 ], [ -3.924842, 36.288678 ], [ -3.917974, 36.293806 ], [ -3.913809, 36.296873 ], [ -3.905974, 36.302906 ], [ -3.902777, 36.305374 ], [ -3.89474, 36.311999 ], [ -3.891749, 36.314394 ], [ -3.883327, 36.321093 ], [ -3.880716, 36.323279 ], [ -3.872584, 36.33018 ], [ -3.869687, 36.332677 ], [ -3.862132, 36.339265 ], [ -3.858659, 36.342426 ], [ -3.852096, 36.348345 ], [ -3.847633, 36.352569 ], [ -3.842442, 36.357422 ], [ -3.836609, 36.363223 ], [ -3.833226, 36.366495 ], [ -3.825589, 36.374528 ], [ -3.82457, 36.375564 ], [ -3.815746, 36.384633 ], [ -3.814566, 36.385837 ], [ -3.806862, 36.393702 ], [ -3.803542, 36.397455 ], [ -3.798601, 36.402766 ], [ -3.792527, 36.410099 ], [ -3.790996, 36.411825 ], [ -3.783086, 36.420886 ], [ -3.781508, 36.422794 ], [ -3.775398, 36.429944 ], [ -3.770493, 36.436312 ], [ -3.768177, 36.438999 ], [ -3.761067, 36.448053 ], [ -3.759478, 36.450169 ], [ -3.753865, 36.457108 ], [ -3.748471, 36.465175 ], [ -3.747749, 36.466154 ], [ -3.740794, 36.475206 ], [ -3.73746, 36.480364 ], [ -3.734702, 36.484252 ], [ -3.728652, 36.493298 ], [ -3.726458, 36.496842 ], [ -3.72273, 36.502342 ], [ -3.717278, 36.511384 ], [ -3.715462, 36.514535 ], [ -3.711719, 36.520425 ], [ -3.706618, 36.529464 ], [ -3.704474, 36.533582 ], [ -3.701628, 36.538502 ], [ -3.696741, 36.547539 ], [ -3.693497, 36.554574 ], [ -3.692568, 36.556571 ], [ -3.687721, 36.565608 ], [ -3.683818, 36.574638 ], [ -3.682534, 36.577665 ], [ -3.67976, 36.58367 ], [ -3.675805, 36.592701 ], [ -3.672548, 36.601727 ], [ -3.671595, 36.604363 ], [ -3.668994, 36.610756 ], [ -3.665542, 36.619783 ], [ -3.662627, 36.628808 ], [ -3.660686, 36.635455 ], [ -3.659897, 36.637831 ], [ -3.656782, 36.646857 ], [ -3.654127, 36.655879 ], [ -3.651845, 36.6649 ], [ -3.649882, 36.673919 ], [ -3.649832, 36.674133 ], [ -3.647469, 36.68294 ], [ -3.645355, 36.69196 ], [ -3.643565, 36.700978 ], [ -3.64205, 36.709994 ], [ -3.640751, 36.719009 ], [ -3.639672, 36.728023 ], [ -3.639136, 36.733058 ], [ -3.638655, 36.737037 ], [ -3.637569, 36.746051 ], [ -3.636733, 36.755063 ], [ -3.6361, 36.764075 ], [ -3.635695, 36.773085 ], [ -3.635485, 36.782094 ], [ -3.635477, 36.791102 ], [ -3.635853, 36.800108 ], [ -3.636194, 36.809114 ], [ -3.636079, 36.818123 ], [ -3.635718, 36.827133 ], [ -3.635, 36.836144 ], [ -3.633595, 36.84516 ], [ -3.632404, 36.854174 ], [ -3.631079, 36.863189 ], [ -3.629488, 36.872205 ], [ -3.629093, 36.873775 ], [ -3.626838, 36.881227 ], [ -3.623408, 36.890253 ], [ -3.620599, 36.899276 ], [ -3.61815, 36.907381 ], [ -3.617783, 36.908298 ], [ -3.612858, 36.917331 ], [ -3.609031, 36.926359 ], [ -3.607111, 36.929974 ], [ -3.603782, 36.935394 ], [ -3.598486, 36.944428 ], [ -3.596034, 36.948518 ], [ -3.59248, 36.953466 ], [ -3.586252, 36.962505 ], [ -3.584931, 36.964331 ], [ -3.578392, 36.971551 ], [ -3.573801, 36.977197 ], [ -3.571184, 36.980594 ], [ -3.566438, 36.989624 ], [ -3.56272, 36.997257 ], [ -3.562141, 36.998652 ], [ -3.558094, 37.007679 ], [ -3.555134, 37.016701 ], [ -3.55232, 37.025722 ], [ -3.553624, 37.034723 ], [ -3.558122, 37.04371 ], [ -3.562585, 37.052696 ], [ -3.563134, 37.053279 ], [ -3.573545, 37.061652 ], [ -3.574441, 37.062288 ], [ -3.585744, 37.07028 ], [ -3.5871, 37.070593 ], [ -3.597001, 37.072225 ], [ -3.6081, 37.079495 ], [ -3.608302, 37.079586 ], [ -3.61959, 37.085041 ], [ -3.624816, 37.088415 ], [ -3.630895, 37.092354 ], [ -3.637764, 37.097354 ], [ -3.642214, 37.101008 ], [ -3.648147, 37.106305 ], [ -3.653553, 37.111769 ], [ -3.656773, 37.115265 ], [ -3.6641, 37.124232 ], [ -3.66492, 37.125354 ], [ -3.670283, 37.133205 ], [ -3.675749, 37.142181 ], [ -3.676329, 37.143255 ], [ -3.680358, 37.151162 ], [ -3.68443, 37.160146 ], [ -3.687813, 37.168694 ], [ -3.687978, 37.169133 ], [ -3.690936, 37.178123 ], [ -3.69352, 37.187115 ], [ -3.69573, 37.19611 ], [ -3.697568, 37.205106 ], [ -3.69915, 37.214104 ], [ -3.699509, 37.216431 ], [ -3.700538, 37.223104 ], [ -3.701623, 37.232104 ], [ -3.702355, 37.241107 ], [ -3.702636, 37.250113 ], [ -3.702438, 37.259121 ], [ -3.700636, 37.268139 ], [ -3.700017, 37.271328 ], [ -3.698056, 37.277162 ], [ -3.693319, 37.286197 ], [ -3.688934, 37.29207 ], [ -3.684557, 37.295255 ], [ -3.677716, 37.298403 ], [ -3.666445, 37.298948 ], [ -3.655204, 37.302979 ], [ -3.650397, 37.304455 ], [ -3.643958, 37.306631 ], [ -3.632721, 37.311358 ], [ -3.627378, 37.313587 ], [ -3.621487, 37.316693 ], [ -3.610252, 37.322195 ], [ -3.60951, 37.322687 ], [ -3.599038, 37.330459 ], [ -3.597242, 37.331757 ], [ -3.587825, 37.339109 ], [ -3.585679, 37.340822 ], [ -3.576614, 37.348401 ], [ -3.575167, 37.349881 ], [ -3.565932, 37.358932 ], [ -3.565415, 37.359639 ], [ -3.561667, 37.36796 ], [ -3.55425, 37.37608 ], [ -3.55353, 37.377005 ], [ -3.549765, 37.38603 ], [ -3.543095, 37.394372 ], [ -3.542586, 37.395071 ], [ -3.539032, 37.404094 ], [ -3.533758, 37.413125 ], [ -3.531961, 37.41654 ], [ -3.529708, 37.42215 ], [ -3.525947, 37.431174 ], [ -3.520827, 37.439685 ], [ -3.520564, 37.440205 ], [ -3.517759, 37.449224 ], [ -3.514088, 37.458248 ], [ -3.509711, 37.466395 ], [ -3.509349, 37.467275 ], [ -3.506732, 37.476293 ], [ -3.503422, 37.485315 ], [ -3.498923, 37.494341 ], [ -3.498601, 37.495195 ], [ -3.496099, 37.50336 ], [ -3.493309, 37.512378 ], [ -3.489627, 37.5214 ], [ -3.487501, 37.526711 ], [ -3.486401, 37.530421 ], [ -3.482874, 37.539442 ], [ -3.48105, 37.548457 ], [ -3.477221, 37.557479 ], [ -3.476401, 37.559886 ], [ -3.474806, 37.566496 ], [ -3.472613, 37.575511 ], [ -3.46992, 37.584529 ], [ -3.466343, 37.59355 ], [ -3.465316, 37.596859 ], [ -3.46409, 37.602566 ], [ -3.464384, 37.611571 ], [ -3.462622, 37.620585 ], [ -3.460226, 37.629601 ], [ -3.455586, 37.638626 ], [ -3.4543, 37.646963 ], [ -3.454233, 37.647638 ], [ -3.453849, 37.656646 ], [ -3.453527, 37.665654 ], [ -3.452432, 37.674665 ], [ -3.452972, 37.68367 ], [ -3.454566, 37.690657 ], [ -3.455539, 37.692667 ], [ -3.462998, 37.701645 ], [ -3.465988, 37.704411 ], [ -3.475539, 37.710601 ], [ -3.477373, 37.711957 ], [ -3.487825, 37.719558 ], [ -3.488766, 37.720268 ], [ -3.499917, 37.728514 ], [ -3.500163, 37.728684 ], [ -3.511561, 37.736939 ], [ -3.512209, 37.737468 ], [ -3.522947, 37.743268 ], [ -3.526948, 37.746409 ], [ -3.534347, 37.751051 ], [ -3.541124, 37.755352 ], [ -3.545742, 37.758048 ], [ -3.555745, 37.76429 ], [ -3.557141, 37.765157 ], [ -3.568539, 37.771888 ], [ -3.570807, 37.773225 ], [ -3.579937, 37.778335 ], [ -3.586399, 37.782155 ], [ -3.591339, 37.785003 ], [ -3.601527, 37.791085 ], [ -3.602744, 37.79183 ], [ -3.614148, 37.798248 ], [ -3.617264, 37.80001 ], [ -3.625552, 37.804581 ], [ -3.633223, 37.808932 ], [ -3.636961, 37.811077 ], [ -3.64837, 37.817494 ], [ -3.649013, 37.817852 ], [ -3.659781, 37.823772 ], [ -3.665188, 37.826769 ], [ -3.671193, 37.830041 ], [ -3.681468, 37.835682 ], [ -3.682607, 37.836327 ], [ -3.694022, 37.842417 ], [ -3.698142, 37.844591 ], [ -3.705437, 37.84841 ], [ -3.715276, 37.853494 ], [ -3.716854, 37.854305 ], [ -3.728271, 37.860098 ], [ -3.732862, 37.862392 ], [ -3.739689, 37.865826 ], [ -3.750814, 37.871286 ], [ -3.751108, 37.871429 ], [ -3.762527, 37.876957 ], [ -3.769301, 37.880173 ], [ -3.773948, 37.882385 ], [ -3.785368, 37.887687 ], [ -3.78835, 37.889053 ], [ -3.79679, 37.892909 ], [ -3.80806, 37.897925 ], [ -3.808211, 37.897993 ], [ -3.819634, 37.902994 ], [ -3.828529, 37.906789 ], [ -3.831056, 37.907865 ], [ -3.842479, 37.912644 ], [ -3.849812, 37.915644 ], [ -3.853902, 37.917306 ], [ -3.865324, 37.921823 ], [ -3.872171, 37.924486 ], [ -3.876747, 37.926249 ], [ -3.88817, 37.930551 ], [ -3.895687, 37.933316 ], [ -3.899593, 37.934735 ], [ -3.911015, 37.938763 ], [ -3.92075, 37.942129 ], [ -3.922437, 37.942704 ], [ -3.933858, 37.946478 ], [ -3.945279, 37.950142 ], [ -3.947782, 37.95092 ], [ -3.956699, 37.953647 ], [ -3.968119, 37.957021 ], [ -3.977472, 37.959683 ], [ -3.979538, 37.960263 ], [ -3.990955, 37.963332 ], [ -4.002371, 37.966209 ], [ -4.011435, 37.968402 ], [ -4.013786, 37.968967 ], [ -4.025202, 37.971696 ], [ -4.036617, 37.974361 ], [ -4.048032, 37.97694 ], [ -4.04867, 37.977082 ], [ -4.059447, 37.979479 ], [ -4.070863, 37.981986 ], [ -4.082277, 37.984363 ], [ -4.088971, 37.985722 ], [ -4.093692, 37.98669 ], [ -4.105107, 37.989011 ], [ -4.116521, 37.991217 ], [ -4.127934, 37.993324 ], [ -4.133378, 37.994308 ], [ -4.139347, 37.995398 ], [ -4.150761, 37.99747 ], [ -4.162174, 37.99943 ], [ -4.173585, 38.001295 ], [ -4.183314, 38.002822 ], [ -4.184997, 38.003093 ], [ -4.196409, 38.004925 ], [ -4.207821, 38.006662 ], [ -4.219231, 38.008311 ], [ -4.230641, 38.009873 ], [ -4.241082, 38.011232 ], [ -4.242049, 38.011362 ], [ -4.253459, 38.012896 ], [ -4.264868, 38.014335 ], [ -4.276276, 38.015703 ], [ -4.287683, 38.016998 ], [ -4.29909, 38.018221 ], [ -4.310495, 38.019374 ], [ -4.31149, 38.019474 ], [ -4.321901, 38.020539 ], [ -4.333306, 38.021645 ], [ -4.34471, 38.022624 ], [ -4.356113, 38.023609 ], [ -4.367516, 38.024514 ], [ -4.378917, 38.025353 ], [ -4.390317, 38.026101 ], [ -4.401717, 38.026822 ], [ -4.41057, 38.027332 ], [ -4.413116, 38.027478 ], [ -4.424513, 38.028066 ], [ -4.43591, 38.028586 ], [ -4.447305, 38.029041 ], [ -4.458699, 38.029428 ], [ -4.470091, 38.029718 ], [ -4.481482, 38.029966 ], [ -4.492873, 38.030145 ], [ -4.504261, 38.030222 ], [ -4.515648, 38.030252 ], [ -4.527033, 38.030212 ], [ -4.538417, 38.030092 ], [ -4.5498, 38.029891 ], [ -4.56118, 38.029617 ], [ -4.572559, 38.029262 ], [ -4.583935, 38.028813 ], [ -4.59531, 38.028297 ], [ -4.606683, 38.027698 ], [ -4.618054, 38.027016 ], [ -4.629423, 38.026248 ], [ -4.64079, 38.025396 ], [ -4.652154, 38.024462 ], [ -4.655697, 38.024135 ], [ -4.663516, 38.023397 ], [ -4.674874, 38.022232 ], [ -4.686232, 38.021017 ], [ -4.697586, 38.01969 ], [ -4.708938, 38.018305 ], [ -4.720289, 38.016855 ], [ -4.731638, 38.015362 ], [ -4.742241, 38.013879 ], [ -4.742984, 38.013774 ], [ -4.754327, 38.012083 ], [ -4.765669, 38.010355 ], [ -4.777009, 38.008555 ], [ -4.788346, 38.006694 ], [ -4.799682, 38.004778 ], [ -4.80453, 38.003934 ], [ -4.811015, 38.002797 ], [ -4.822346, 38.000752 ], [ -4.833675, 37.998651 ], [ -4.845003, 37.996503 ], [ -4.856328, 37.994312 ], [ -4.857364, 37.994106 ], [ -4.867651, 37.992055 ], [ -4.878972, 37.989747 ], [ -4.890292, 37.987392 ], [ -4.901609, 37.98499 ], [ -4.904591, 37.984346 ], [ -4.912924, 37.982538 ], [ -4.924238, 37.980041 ], [ -4.935549, 37.977501 ], [ -4.946859, 37.974934 ], [ -4.94822, 37.974626 ], [ -4.958168, 37.972356 ], [ -4.969474, 37.969715 ], [ -4.980776, 37.966951 ], [ -4.9885, 37.964947 ], [ -4.992072, 37.964008 ], [ -5.003364, 37.960911 ], [ -5.014651, 37.957694 ], [ -5.022554, 37.955361 ], [ -5.025933, 37.954352 ], [ -5.037211, 37.950879 ], [ -5.048485, 37.947296 ], [ -5.052956, 37.945829 ], [ -5.059754, 37.943572 ], [ -5.071019, 37.939733 ], [ -5.080749, 37.936336 ], [ -5.082279, 37.935795 ], [ -5.093534, 37.931714 ], [ -5.104786, 37.927539 ], [ -5.106538, 37.926872 ], [ -5.116031, 37.923221 ], [ -5.127274, 37.918818 ], [ -5.130752, 37.917431 ], [ -5.138511, 37.9143 ], [ -5.149744, 37.909669 ], [ -5.153689, 37.908008 ], [ -5.160972, 37.904918 ], [ -5.172195, 37.900069 ], [ -5.175543, 37.898601 ], [ -5.183414, 37.895126 ], [ -5.194629, 37.89007 ], [ -5.196513, 37.889207 ], [ -5.205838, 37.88491 ], [ -5.216628, 37.879825 ], [ -5.217043, 37.879628 ], [ -5.228244, 37.874277 ], [ -5.236093, 37.870452 ], [ -5.23944, 37.868819 ], [ -5.250631, 37.863257 ], [ -5.254922, 37.861087 ], [ -5.261817, 37.857599 ], [ -5.272998, 37.851804 ], [ -5.273135, 37.851732 ], [ -5.284177, 37.846002 ], [ -5.290973, 37.842382 ], [ -5.295349, 37.840052 ], [ -5.306516, 37.833982 ], [ -5.308235, 37.83304 ], [ -5.31768, 37.827881 ], [ -5.325139, 37.823702 ], [ -5.328837, 37.821638 ], [ -5.33999, 37.815307 ], [ -5.341642, 37.81437 ], [ -5.351141, 37.808963 ], [ -5.357851, 37.805042 ], [ -5.362285, 37.802462 ], [ -5.373422, 37.795818 ], [ -5.373583, 37.795722 ], [ -5.384558, 37.789207 ], [ -5.389173, 37.786402 ], [ -5.395688, 37.78247 ], [ -5.404382, 37.777087 ], [ -5.406812, 37.775588 ], [ -5.417931, 37.768619 ], [ -5.419265, 37.767778 ], [ -5.429047, 37.761629 ], [ -5.433951, 37.758471 ], [ -5.440156, 37.754493 ], [ -5.448251, 37.74917 ], [ -5.451257, 37.747197 ], [ -5.462194, 37.739874 ], [ -5.462352, 37.739769 ], [ -5.473444, 37.732317 ], [ -5.475979, 37.730581 ], [ -5.484529, 37.724725 ], [ -5.489433, 37.721293 ], [ -5.495607, 37.716966 ], [ -5.502555, 37.71201 ], [ -5.506677, 37.709062 ], [ -5.51537, 37.702733 ], [ -5.517739, 37.701001 ], [ -5.527866, 37.693461 ], [ -5.528793, 37.692764 ], [ -5.53984, 37.684369 ], [ -5.540069, 37.684194 ], [ -5.55088, 37.675855 ], [ -5.552061, 37.67493 ], [ -5.56191, 37.667153 ], [ -5.563757, 37.665672 ], [ -5.572931, 37.658224 ], [ -5.575122, 37.65642 ], [ -5.583941, 37.649085 ], [ -5.586216, 37.647172 ], [ -5.594942, 37.639735 ], [ -5.597034, 37.63793 ], [ -5.605931, 37.630133 ], [ -5.607546, 37.628694 ], [ -5.616907, 37.620243 ], [ -5.617763, 37.619463 ], [ -5.627729, 37.610237 ], [ -5.627871, 37.610103 ], [ -5.63743, 37.601016 ], [ -5.638822, 37.599656 ], [ -5.646808, 37.591801 ], [ -5.649757, 37.58886 ], [ -5.655952, 37.582591 ], [ -5.660677, 37.577703 ], [ -5.664801, 37.573387 ], [ -5.671578, 37.566122 ], [ -5.673358, 37.564189 ], [ -5.681616, 37.554997 ], [ -5.682457, 37.554039 ], [ -5.689612, 37.545811 ], [ -5.693315, 37.541446 ], [ -5.69737, 37.536629 ], [ -5.704154, 37.528411 ], [ -5.704942, 37.527451 ], [ -5.712368, 37.518277 ], [ -5.714974, 37.514982 ], [ -5.719593, 37.509106 ], [ -5.725772, 37.501024 ], [ -5.726596, 37.49994 ], [ -5.733446, 37.490777 ], [ -5.736545, 37.486512 ], [ -5.740085, 37.481619 ], [ -5.746513, 37.472465 ], [ -5.74729, 37.471338 ], [ -5.752798, 37.463314 ], [ -5.758003, 37.455415 ], [ -5.758823, 37.454169 ], [ -5.764725, 37.445027 ], [ -5.768681, 37.438641 ], [ -5.770383, 37.43589 ], [ -5.775885, 37.426756 ], [ -5.779315, 37.420818 ], [ -5.781159, 37.417628 ], [ -5.786279, 37.408503 ], [ -5.789898, 37.401741 ], [ -5.791163, 37.399383 ], [ -5.795917, 37.390266 ], [ -5.800384, 37.381156 ], [ -5.800417, 37.381087 ], [ -5.80474, 37.372048 ], [ -5.808897, 37.362945 ], [ -5.810855, 37.35841 ], [ -5.812843, 37.353847 ], [ -5.816634, 37.344752 ], [ -5.820143, 37.335664 ], [ -5.821181, 37.332899 ], [ -5.823559, 37.326578 ], [ -5.826776, 37.317497 ], [ -5.829728, 37.308422 ], [ -5.831342, 37.303164 ], [ -5.832535, 37.29935 ], [ -5.835242, 37.290281 ], [ -5.837665, 37.281218 ], [ -5.839774, 37.272163 ], [ -5.841188, 37.265221 ], [ -5.841631, 37.263114 ], [ -5.843377, 37.254068 ], [ -5.844754, 37.24503 ], [ -5.845979, 37.235996 ], [ -5.846847, 37.226971 ], [ -5.847422, 37.217953 ], [ -5.847778, 37.208939 ], [ -5.847797, 37.199934 ], [ -5.847537, 37.190936 ], [ -5.847044, 37.181944 ], [ -5.846229, 37.172959 ], [ -5.845116, 37.163981 ], [ -5.843524, 37.155014 ], [ -5.841791, 37.146051 ], [ -5.839571, 37.1371 ], [ -5.836889, 37.12816 ], [ -5.835942, 37.125218 ], [ -5.834199, 37.119219 ], [ -5.831208, 37.110286 ], [ -5.827618, 37.101367 ], [ -5.823493, 37.092879 ], [ -5.823311, 37.092465 ], [ -5.819452, 37.083553 ], [ -5.814548, 37.074664 ], [ -5.811389, 37.069545 ], [ -5.809281, 37.065785 ], [ -5.803646, 37.056913 ], [ -5.799456, 37.05067 ], [ -5.797994, 37.048042 ], [ -5.793625, 37.03914 ], [ -5.788537, 37.030255 ], [ -5.787386, 37.027863 ], [ -5.784801, 37.021338 ], [ -5.781193, 37.012418 ], [ -5.777162, 37.003508 ], [ -5.775085, 36.998502 ], [ -5.773788, 36.994582 ], [ -5.771248, 36.985636 ], [ -5.768692, 36.976691 ], [ -5.765831, 36.967753 ], [ -5.763241, 36.958808 ], [ -5.762274, 36.954761 ], [ -5.761312, 36.949848 ], [ -5.759958, 36.940874 ], [ -5.758684, 36.931899 ], [ -5.757598, 36.922919 ], [ -5.75673, 36.913934 ], [ -5.755929, 36.904948 ], [ -5.75541, 36.895955 ], [ -5.755143, 36.886956 ], [ -5.754831, 36.877958 ], [ -5.754968, 36.86895 ], [ -5.755295, 36.859937 ], [ -5.755793, 36.85092 ], [ -5.756429, 36.8419 ], [ -5.757329, 36.832874 ], [ -5.757757, 36.829392 ], [ -5.758601, 36.82384 ], [ -5.759714, 36.814809 ], [ -5.760592, 36.805783 ], [ -5.761165, 36.796765 ], [ -5.76154, 36.787751 ], [ -5.761742, 36.778741 ], [ -5.761766, 36.769735 ], [ -5.761624, 36.760733 ], [ -5.761321, 36.751735 ], [ -5.760866, 36.74274 ], [ -5.760254, 36.733749 ], [ -5.759476, 36.724762 ], [ -5.758534, 36.715779 ], [ -5.757437, 36.706799 ], [ -5.756126, 36.697824 ], [ -5.754611, 36.688854 ], [ -5.752846, 36.679889 ], [ -5.752298, 36.676829 ], [ -5.751308, 36.67092 ], [ -5.749681, 36.661952 ], [ -5.747843, 36.652989 ], [ -5.745802, 36.644031 ], [ -5.743473, 36.635079 ], [ -5.740815, 36.626135 ], [ -5.739123, 36.62058 ], [ -5.738224, 36.617189 ], [ -5.735847, 36.608238 ], [ -5.733155, 36.599295 ], [ -5.730071, 36.59036 ], [ -5.726572, 36.581471 ], [ -5.72656, 36.581435 ], [ -5.723775, 36.572493 ], [ -5.72059, 36.56356 ], [ -5.716891, 36.554639 ], [ -5.714255, 36.548638 ], [ -5.713067, 36.545721 ], [ -5.709715, 36.536791 ], [ -5.705701, 36.527877 ], [ -5.702119, 36.520698 ], [ -5.701356, 36.51897 ], [ -5.697398, 36.510054 ], [ -5.693016, 36.501147 ], [ -5.690096, 36.495725 ], [ -5.688427, 36.492245 ], [ -5.68402, 36.483339 ], [ -5.67867, 36.474453 ], [ -5.678178, 36.473573 ], [ -5.67417, 36.465549 ], [ -5.668808, 36.456663 ], [ -5.666309, 36.45265 ], [ -5.663591, 36.447774 ], [ -5.657957, 36.438894 ], [ -5.654507, 36.433498 ], [ -5.652384, 36.430012 ], [ -5.646659, 36.421133 ], [ -5.642756, 36.41568 ], [ -5.640436, 36.412265 ], [ -5.634406, 36.403392 ], [ -5.631045, 36.398872 ], [ -5.62808, 36.394526 ], [ -5.621315, 36.385669 ], [ -5.619376, 36.383166 ], [ -5.614877, 36.376804 ], [ -5.607742, 36.368346 ], [ -5.607439, 36.367961 ], [ -5.600798, 36.359099 ], [ -5.596117, 36.353672 ], [ -5.593278, 36.350257 ], [ -5.585535, 36.341419 ], [ -5.584539, 36.340272 ], [ -5.578273, 36.33257 ], [ -5.572965, 36.326866 ], [ -5.570226, 36.323737 ], [ -5.561596, 36.314916 ], [ -5.561437, 36.314746 ], [ -5.553747, 36.306078 ], [ -5.549898, 36.302179 ], [ -5.545265, 36.297253 ], [ -5.538394, 36.290595 ], [ -5.536278, 36.288438 ], [ -5.526932, 36.279629 ], [ -5.526914, 36.279611 ], [ -5.51822, 36.270807 ], [ -5.515422, 36.268178 ], [ -5.509076, 36.261993 ], [ -5.503953, 36.257352 ], [ -5.499478, 36.253188 ], [ -5.492504, 36.247027 ], [ -5.489567, 36.244388 ], [ -5.481071, 36.237128 ], [ -5.4793, 36.235595 ], [ -5.469651, 36.227563 ], [ -5.468744, 36.226807 ], [ -5.458243, 36.218291 ], [ -5.457912, 36.218023 ], [ -5.446848, 36.209341 ], [ -5.446727, 36.209246 ], [ -5.435463, 36.200604 ], [ -5.435287, 36.200473 ], [ -5.424089, 36.19218 ], [ -5.423431, 36.191707 ], [ -5.412727, 36.184038 ], [ -5.411134, 36.182949 ], [ -5.401377, 36.176214 ], [ -5.398284, 36.174201 ], [ -5.39004, 36.16878 ], [ -5.384597, 36.165468 ], [ -5.37872, 36.161782 ], [ -5.369826, 36.156754 ], [ -5.367421, 36.155455 ], [ -5.356121, 36.149024 ], [ -5.354298, 36.148054 ], [ -5.344828, 36.142762 ], [ -5.337745, 36.139372 ], [ -5.33356, 36.137275 ], [ -5.322301, 36.132068 ], [ -5.319199, 36.130725 ], [ -5.311046, 36.126913 ], [ -5.299812, 36.122432 ], [ -5.299071, 36.122107 ], [ -5.288558, 36.117236 ], [ -5.278473, 36.113493 ], [ -5.277334, 36.113034 ], [ -5.266093, 36.108181 ], [ -5.256646, 36.1049 ], [ -5.254879, 36.10423 ], [ -5.243652, 36.099761 ], [ -5.232718, 36.096341 ], [ -5.232452, 36.096249 ], [ -5.221235, 36.092052 ], [ -5.210043, 36.088724 ], [ -5.206847, 36.087814 ], [ -5.198849, 36.085319 ], [ -5.187668, 36.082288 ], [ -5.176503, 36.079873 ], [ -5.174335, 36.079401 ], [ -5.165331, 36.077146 ], [ -5.15417, 36.074778 ], [ -5.143029, 36.07315 ], [ -5.131889, 36.071534 ], [ -5.129559, 36.071198 ], [ -5.120748, 36.069851 ], [ -5.109605, 36.068075 ], [ -5.098452, 36.065951 ], [ -5.087302, 36.063852 ], [ -5.081887, 36.063028 ], [ -5.07616, 36.062087 ], [ -5.065036, 36.06096 ], [ -5.053936, 36.060785 ], [ -5.042876, 36.062111 ] ] } },
{ "type": "Feature", "properties": { "fid": 28, "ID": 27, "Intensidad": 12.0 }, "geometry": { "type": "LineString", "coordinates": [ [ -13.931437, 36.203583 ], [ -13.930815, 36.19916 ], [ -13.929601, 36.190312 ], [ -13.92961, 36.190306 ], [ -13.939271, 36.180458 ], [ -13.939275, 36.180438 ], [ -13.948919, 36.170605 ], [ -13.947694, 36.161758 ], [ -13.947697, 36.161755 ], [ -13.957355, 36.151904 ], [ -13.957319, 36.151615 ], [ -13.966663, 36.142082 ], [ -13.965771, 36.133205 ], [ -13.965773, 36.133201 ], [ -13.975426, 36.12335 ], [ -13.974182, 36.114506 ], [ -13.974184, 36.114504 ], [ -13.983836, 36.10465 ], [ -13.983837, 36.104646 ], [ -13.993484, 36.094795 ], [ -13.992241, 36.085951 ], [ -13.992242, 36.08595 ], [ -14.001889, 36.076096 ], [ -14.00189, 36.076084 ], [ -14.011523, 36.066241 ], [ -14.010289, 36.057397 ], [ -14.010289, 36.057395 ], [ -14.019931, 36.047541 ], [ -14.019909, 36.047369 ], [ -14.029363, 36.037704 ], [ -14.028324, 36.028842 ], [ -14.028325, 36.02884 ], [ -14.037961, 36.018986 ], [ -14.036714, 36.010143 ], [ -14.036715, 36.010142 ], [ -14.046349, 36.000287 ], [ -14.046349, 36.000283 ], [ -14.055978, 35.99043 ], [ -14.054733, 35.981588 ], [ -14.054733, 35.981587 ], [ -14.064362, 35.971731 ], [ -14.064362, 35.971723 ], [ -14.07398, 35.961874 ], [ -14.07274, 35.953032 ], [ -14.07274, 35.953031 ], [ -14.082363, 35.943175 ], [ -14.082349, 35.943063 ], [ -14.091849, 35.93333 ], [ -14.090735, 35.924476 ], [ -14.090736, 35.924475 ], [ -14.100353, 35.914618 ], [ -14.099104, 35.905778 ], [ -14.099104, 35.905777 ], [ -14.10872, 35.89592 ], [ -14.10872, 35.895918 ], [ -14.118331, 35.886062 ], [ -14.117083, 35.877222 ], [ -14.117083, 35.877221 ], [ -14.126693, 35.867363 ], [ -14.126693, 35.867357 ], [ -14.136295, 35.857505 ], [ -14.13505, 35.848665 ], [ -14.13505, 35.848664 ], [ -14.144655, 35.838806 ], [ -14.144645, 35.83873 ], [ -14.154165, 35.828956 ], [ -14.153006, 35.820108 ], [ -14.153007, 35.820107 ], [ -14.162606, 35.810249 ], [ -14.161354, 35.80141 ], [ -14.161354, 35.80141 ], [ -14.170951, 35.791551 ], [ -14.170952, 35.791549 ], [ -14.180545, 35.781691 ], [ -14.179293, 35.772853 ], [ -14.179293, 35.772852 ], [ -14.188885, 35.762993 ], [ -14.188885, 35.762988 ], [ -14.19847, 35.753134 ], [ -14.197221, 35.744295 ], [ -14.197221, 35.744295 ], [ -14.206808, 35.734435 ], [ -14.206801, 35.73438 ], [ -14.216326, 35.724581 ], [ -14.215138, 35.715738 ], [ -14.215138, 35.715737 ], [ -14.224719, 35.705877 ], [ -14.223465, 35.69704 ], [ -14.223465, 35.697039 ], [ -14.233043, 35.68718 ], [ -14.233044, 35.687178 ], [ -14.242619, 35.677319 ], [ -14.241364, 35.668482 ], [ -14.241365, 35.668481 ], [ -14.250938, 35.658621 ], [ -14.250939, 35.658617 ], [ -14.260506, 35.64876 ], [ -14.259253, 35.639924 ], [ -14.259254, 35.639922 ], [ -14.268821, 35.630063 ], [ -14.268817, 35.630021 ], [ -14.278339, 35.620206 ], [ -14.27713, 35.611366 ], [ -14.277132, 35.611362 ], [ -14.286692, 35.601504 ], [ -14.285437, 35.592669 ], [ -14.285439, 35.592666 ], [ -14.294996, 35.582807 ], [ -14.294999, 35.5828 ], [ -14.30455, 35.572945 ], [ -14.303297, 35.56411 ], [ -14.3033, 35.564104 ], [ -14.312849, 35.554248 ], [ -14.312853, 35.554227 ], [ -14.322384, 35.544387 ], [ -14.321144, 35.535551 ], [ -14.321148, 35.535533 ], [ -14.330679, 35.52569 ], [ -14.330619, 35.525113 ], [ -14.336023, 35.524598 ] ] } },
{ "type": "Feature", "properties": { "fid": 29, "ID": 28, "Intensidad": 8.5 }, "geometry": { "type": "LineString", "coordinates": [ [ -5.178669, 35.754986 ], [ -5.178118, 35.755064 ], [ -5.16766, 35.756575 ], [ -5.156663, 35.75862 ], [ -5.145677, 35.761087 ], [ -5.134702, 35.763993 ], [ -5.131542, 35.764907 ], [ -5.123734, 35.767202 ], [ -5.112771, 35.770625 ], [ -5.101811, 35.774176 ], [ -5.10094, 35.774453 ], [ -5.090846, 35.777629 ], [ -5.07988, 35.781054 ], [ -5.070405, 35.783991 ], [ -5.068911, 35.784371 ], [ -5.057935, 35.787499 ], [ -5.046954, 35.790446 ], [ -5.03597, 35.793286 ], [ -5.034896, 35.793605 ], [ -5.024998, 35.796681 ], [ -5.014025, 35.800048 ], [ -5.003837, 35.803135 ], [ -5.003051, 35.803387 ], [ -4.992091, 35.807347 ], [ -4.981124, 35.811084 ], [ -4.976991, 35.812587 ], [ -4.970168, 35.81529 ], [ -4.959214, 35.819619 ], [ -4.953613, 35.821978 ], [ -4.948271, 35.824463 ], [ -4.937337, 35.829728 ], [ -4.934215, 35.8313 ], [ -4.926417, 35.835643 ], [ -4.917741, 35.840572 ], [ -4.915505, 35.841917 ], [ -4.904607, 35.848875 ], [ -4.903294, 35.849809 ], [ -4.893731, 35.856875 ], [ -4.890867, 35.859014 ], [ -4.882876, 35.865786 ], [ -4.880276, 35.868188 ], [ -4.872049, 35.876057 ], [ -4.870478, 35.877349 ], [ -4.861886, 35.886491 ], [ -4.861237, 35.887053 ], [ -4.850909, 35.895668 ], [ -4.850376, 35.89605 ], [ -4.839439, 35.901911 ], [ -4.83427, 35.904932 ], [ -4.828483, 35.906957 ], [ -4.817518, 35.911712 ], [ -4.808703, 35.914328 ], [ -4.806514, 35.914802 ], [ -4.795484, 35.916825 ], [ -4.78448, 35.919984 ], [ -4.773439, 35.921516 ], [ -4.762397, 35.923057 ], [ -4.751342, 35.923996 ], [ -4.745988, 35.924265 ], [ -4.740277, 35.924515 ], [ -4.729206, 35.924743 ], [ -4.71813, 35.924763 ], [ -4.715314, 35.924707 ], [ -4.707047, 35.92447 ], [ -4.69596, 35.923972 ], [ -4.684865, 35.923105 ], [ -4.67377, 35.922192 ], [ -4.662673, 35.92118 ], [ -4.651574, 35.920073 ], [ -4.640473, 35.918885 ], [ -4.629373, 35.917679 ], [ -4.623095, 35.916981 ], [ -4.618269, 35.916279 ], [ -4.60716, 35.914615 ], [ -4.59606, 35.913379 ], [ -4.584964, 35.912372 ], [ -4.573873, 35.911562 ], [ -4.562794, 35.911334 ], [ -4.551701, 35.910378 ], [ -4.540618, 35.909966 ], [ -4.529538, 35.909674 ], [ -4.51846, 35.909492 ], [ -4.512532, 35.909417 ], [ -4.507382, 35.909304 ], [ -4.496303, 35.909095 ], [ -4.485227, 35.909015 ], [ -4.474153, 35.90906 ], [ -4.463082, 35.909269 ], [ -4.452014, 35.909611 ], [ -4.440947, 35.910062 ], [ -4.433692, 35.910384 ], [ -4.429881, 35.910522 ], [ -4.418815, 35.911016 ], [ -4.407749, 35.911554 ], [ -4.396686, 35.912198 ], [ -4.385624, 35.912958 ], [ -4.374567, 35.914001 ], [ -4.363507, 35.914904 ], [ -4.352451, 35.916054 ], [ -4.341397, 35.917379 ], [ -4.330347, 35.918899 ], [ -4.3193, 35.920649 ], [ -4.31885, 35.920709 ], [ -4.308244, 35.921898 ], [ -4.29719, 35.923312 ], [ -4.286139, 35.924929 ], [ -4.275095, 35.926938 ], [ -4.26405, 35.928978 ], [ -4.256903, 35.930383 ], [ -4.253005, 35.93106 ], [ -4.241958, 35.933067 ], [ -4.230914, 35.935292 ], [ -4.21987, 35.937544 ], [ -4.208826, 35.939812 ], [ -4.208459, 35.939889 ], [ -4.197782, 35.94213 ], [ -4.186738, 35.944532 ], [ -4.175695, 35.947021 ], [ -4.165815, 35.949319 ], [ -4.164652, 35.949584 ], [ -4.153607, 35.952045 ], [ -4.142564, 35.954651 ], [ -4.131525, 35.957681 ], [ -4.127733, 35.958692 ], [ -4.120483, 35.960465 ], [ -4.109441, 35.963339 ], [ -4.098404, 35.966636 ], [ -4.093811, 35.968015 ], [ -4.087364, 35.969786 ], [ -4.076323, 35.972971 ], [ -4.065289, 35.976636 ], [ -4.063211, 35.977299 ], [ -4.054248, 35.979927 ], [ -4.043212, 35.983701 ], [ -4.034886, 35.986556 ], [ -4.032176, 35.987459 ], [ -4.021137, 35.991129 ], [ -4.010105, 35.995397 ], [ -4.00906, 35.995785 ], [ -3.999066, 35.999272 ], [ -3.988034, 36.003688 ], [ -3.98478, 36.004995 ], [ -3.976997, 36.007937 ], [ -3.965966, 36.012625 ], [ -3.96227, 36.014187 ], [ -3.954931, 36.017181 ], [ -3.9439, 36.022202 ], [ -3.941364, 36.023362 ], [ -3.932867, 36.027094 ], [ -3.921892, 36.032522 ], [ -3.921839, 36.032547 ], [ -3.910805, 36.037657 ], [ -3.903111, 36.041674 ], [ -3.899777, 36.043373 ], [ -3.888747, 36.049112 ], [ -3.885596, 36.050814 ], [ -3.877716, 36.054911 ], [ -3.868974, 36.059944 ], [ -3.86669, 36.061213 ], [ -3.855661, 36.067527 ], [ -3.853048, 36.069068 ], [ -3.844632, 36.073875 ], [ -3.837691, 36.078185 ], [ -3.833605, 36.080646 ], [ -3.82333, 36.087293 ], [ -3.82258, 36.087767 ], [ -3.811551, 36.094771 ], [ -3.809085, 36.096399 ], [ -3.800522, 36.101927 ], [ -3.795307, 36.1055 ], [ -3.789495, 36.109409 ], [ -3.782153, 36.114596 ], [ -3.778468, 36.117174 ], [ -3.769543, 36.123687 ], [ -3.767441, 36.125203 ], [ -3.757327, 36.132773 ], [ -3.756415, 36.133452 ], [ -3.745447, 36.141857 ], [ -3.745388, 36.141902 ], [ -3.734359, 36.150443 ], [ -3.733763, 36.150938 ], [ -3.723331, 36.15921 ], [ -3.722278, 36.160017 ], [ -3.712301, 36.168175 ], [ -3.711193, 36.169092 ], [ -3.701272, 36.177428 ], [ -3.700473, 36.178164 ], [ -3.690242, 36.186976 ], [ -3.689917, 36.187234 ], [ -3.679535, 36.196302 ], [ -3.679211, 36.196591 ], [ -3.66931, 36.205369 ], [ -3.668179, 36.206432 ], [ -3.659336, 36.214433 ], [ -3.657145, 36.216417 ], [ -3.649438, 36.223496 ], [ -3.64611, 36.226681 ], [ -3.639887, 36.232556 ], [ -3.635076, 36.237313 ], [ -3.630659, 36.241614 ], [ -3.624043, 36.248461 ], [ -3.621847, 36.250669 ], [ -3.61328, 36.259722 ], [ -3.61301, 36.260005 ], [ -3.604426, 36.268776 ], [ -3.601973, 36.271455 ], [ -3.595935, 36.277827 ], [ -3.590938, 36.283581 ], [ -3.587954, 36.286876 ], [ -3.580314, 36.295922 ], [ -3.579904, 36.296397 ], [ -3.572234, 36.30497 ], [ -3.568867, 36.309129 ], [ -3.5647, 36.314014 ], [ -3.557834, 36.323046 ], [ -3.557826, 36.323055 ], [ -3.550258, 36.332099 ], [ -3.546796, 36.336758 ], [ -3.543334, 36.341139 ], [ -3.536792, 36.350178 ], [ -3.535762, 36.351603 ], [ -3.529896, 36.359217 ], [ -3.524728, 36.367074 ], [ -3.523893, 36.368252 ], [ -3.517277, 36.37729 ], [ -3.513692, 36.382976 ], [ -3.5114, 36.386324 ], [ -3.505387, 36.395358 ], [ -3.502659, 36.400023 ], [ -3.49982, 36.40439 ], [ -3.494076, 36.413423 ], [ -3.491626, 36.417743 ], [ -3.488684, 36.422453 ], [ -3.483374, 36.431484 ], [ -3.480596, 36.436718 ], [ -3.478359, 36.440513 ], [ -3.473195, 36.449542 ], [ -3.469569, 36.457184 ], [ -3.468831, 36.458567 ], [ -3.463676, 36.467596 ], [ -3.459584, 36.476621 ], [ -3.458542, 36.478666 ], [ -3.454805, 36.485647 ], [ -3.450547, 36.494672 ], [ -3.447522, 36.502244 ], [ -3.446859, 36.503695 ], [ -3.442427, 36.51272 ], [ -3.438647, 36.521742 ], [ -3.436504, 36.52754 ], [ -3.435123, 36.530763 ], [ -3.43111, 36.539786 ], [ -3.427948, 36.548806 ], [ -3.425497, 36.555947 ], [ -3.424785, 36.557826 ], [ -3.421062, 36.566848 ], [ -3.417978, 36.575867 ], [ -3.415462, 36.584884 ], [ -3.4145, 36.587942 ], [ -3.412417, 36.593903 ], [ -3.409417, 36.602922 ], [ -3.406893, 36.611939 ], [ -3.404788, 36.620954 ], [ -3.403529, 36.626467 ], [ -3.402578, 36.62997 ], [ -3.400018, 36.638987 ], [ -3.397841, 36.648003 ], [ -3.396085, 36.657017 ], [ -3.394396, 36.666031 ], [ -3.393012, 36.675044 ], [ -3.392611, 36.677642 ], [ -3.391407, 36.684057 ], [ -3.390047, 36.69307 ], [ -3.388387, 36.702084 ], [ -3.387205, 36.711096 ], [ -3.386214, 36.720107 ], [ -3.385782, 36.729117 ], [ -3.38474, 36.738128 ], [ -3.384201, 36.747138 ], [ -3.383804, 36.756148 ], [ -3.383873, 36.765156 ], [ -3.383474, 36.774165 ], [ -3.383585, 36.783173 ], [ -3.383699, 36.792181 ], [ -3.383802, 36.801188 ], [ -3.383399, 36.810198 ], [ -3.383043, 36.819207 ], [ -3.382554, 36.828217 ], [ -3.382195, 36.832722 ], [ -3.381758, 36.837227 ], [ -3.380651, 36.846239 ], [ -3.379442, 36.855251 ], [ -3.378083, 36.864263 ], [ -3.376411, 36.873276 ], [ -3.374898, 36.882289 ], [ -3.373299, 36.891302 ], [ -3.371593, 36.900315 ], [ -3.371319, 36.901277 ], [ -3.368732, 36.909332 ], [ -3.365956, 36.918349 ], [ -3.363297, 36.927365 ], [ -3.360837, 36.93638 ], [ -3.360274, 36.937942 ], [ -3.356892, 36.9454 ], [ -3.353105, 36.954419 ], [ -3.349572, 36.963437 ], [ -3.349171, 36.964256 ], [ -3.344522, 36.97246 ], [ -3.341096, 36.981478 ], [ -3.338309, 36.990494 ], [ -3.338063, 36.990894 ], [ -3.332476, 36.999518 ], [ -3.326903, 37.00743 ], [ -3.326304, 37.008543 ], [ -3.317461, 37.017575 ], [ -3.315717, 37.018753 ], [ -3.31077, 37.0266 ], [ -3.304548, 37.03529 ], [ -3.30434, 37.035624 ], [ -3.299858, 37.044644 ], [ -3.295636, 37.053662 ], [ -3.293406, 37.05992 ], [ -3.292955, 37.062676 ], [ -3.292936, 37.071684 ], [ -3.293454, 37.072484 ], [ -3.298457, 37.080678 ], [ -3.304744, 37.084236 ], [ -3.316005, 37.088261 ], [ -3.323949, 37.089619 ], [ -3.327256, 37.089851 ], [ -3.3355, 37.089587 ], [ -3.338499, 37.089271 ], [ -3.349732, 37.086563 ], [ -3.360962, 37.083463 ], [ -3.372218, 37.086022 ], [ -3.383446, 37.082577 ], [ -3.394706, 37.085775 ], [ -3.405949, 37.085424 ], [ -3.417214, 37.089106 ], [ -3.417954, 37.089325 ], [ -3.428473, 37.091736 ], [ -3.439733, 37.094171 ], [ -3.450999, 37.097669 ], [ -3.452662, 37.098205 ], [ -3.462268, 37.101421 ], [ -3.473544, 37.106073 ], [ -3.475736, 37.107122 ], [ -3.484826, 37.111479 ], [ -3.493859, 37.116056 ], [ -3.496112, 37.11727 ], [ -3.507406, 37.124003 ], [ -3.508969, 37.124999 ], [ -3.518708, 37.131565 ], [ -3.522109, 37.13395 ], [ -3.530017, 37.139888 ], [ -3.533951, 37.142905 ], [ -3.541336, 37.149199 ], [ -3.544336, 37.151865 ], [ -3.552669, 37.160099 ], [ -3.553394, 37.16083 ], [ -3.561365, 37.1698 ], [ -3.564023, 37.173252 ], [ -3.568141, 37.178776 ], [ -3.573924, 37.187755 ], [ -3.575411, 37.190451 ], [ -3.578824, 37.196739 ], [ -3.582851, 37.205726 ], [ -3.58602, 37.214718 ], [ -3.586883, 37.217838 ], [ -3.588489, 37.223713 ], [ -3.590329, 37.232712 ], [ -3.591332, 37.241714 ], [ -3.591528, 37.25072 ], [ -3.589666, 37.259737 ], [ -3.58752, 37.268755 ], [ -3.587281, 37.269257 ], [ -3.582545, 37.277787 ], [ -3.577701, 37.286818 ], [ -3.576158, 37.288716 ], [ -3.570749, 37.295859 ], [ -3.564982, 37.301907 ], [ -3.561136, 37.304912 ], [ -3.553774, 37.311223 ], [ -3.550288, 37.31397 ], [ -3.542554, 37.319268 ], [ -3.53697, 37.323039 ], [ -3.531324, 37.326248 ], [ -3.521455, 37.332115 ], [ -3.520089, 37.332921 ], [ -3.508842, 37.337907 ], [ -3.501896, 37.341207 ], [ -3.497597, 37.343578 ], [ -3.486355, 37.349792 ], [ -3.485495, 37.350283 ], [ -3.475116, 37.356965 ], [ -3.471577, 37.359346 ], [ -3.46388, 37.364869 ], [ -3.458896, 37.368403 ], [ -3.452645, 37.373457 ], [ -3.447517, 37.377454 ], [ -3.441411, 37.382568 ], [ -3.436684, 37.386502 ], [ -3.430179, 37.392489 ], [ -3.426975, 37.395544 ], [ -3.418947, 37.40294 ], [ -3.41717, 37.404587 ], [ -3.407824, 37.413626 ], [ -3.407714, 37.413745 ], [ -3.400302, 37.422659 ], [ -3.396489, 37.426739 ], [ -3.392196, 37.431694 ], [ -3.385258, 37.43915 ], [ -3.383963, 37.440728 ], [ -3.376766, 37.449758 ], [ -3.37403, 37.453062 ], [ -3.36973, 37.458787 ], [ -3.362796, 37.466719 ], [ -3.362005, 37.467818 ], [ -3.3561, 37.476843 ], [ -3.351569, 37.482511 ], [ -3.34911, 37.485871 ], [ -3.342595, 37.494897 ], [ -3.340335, 37.497971 ], [ -3.336802, 37.503921 ], [ -3.329898, 37.512948 ], [ -3.329099, 37.513916 ], [ -3.32419, 37.52197 ], [ -3.318361, 37.530993 ], [ -3.317867, 37.531823 ], [ -3.314082, 37.540012 ], [ -3.30817, 37.549034 ], [ -3.306637, 37.551691 ], [ -3.303602, 37.558053 ], [ -3.298896, 37.567072 ], [ -3.295407, 37.573197 ], [ -3.29407, 37.576091 ], [ -3.290416, 37.585107 ], [ -3.285883, 37.594125 ], [ -3.284184, 37.597901 ], [ -3.282343, 37.603141 ], [ -3.278605, 37.612156 ], [ -3.275667, 37.62117 ], [ -3.272973, 37.62807 ], [ -3.272315, 37.630185 ], [ -3.270148, 37.639197 ], [ -3.267888, 37.648209 ], [ -3.265763, 37.65722 ], [ -3.263717, 37.666232 ], [ -3.261812, 37.674942 ], [ -3.261755, 37.675243 ], [ -3.260766, 37.684252 ], [ -3.260037, 37.69326 ], [ -3.259296, 37.702268 ], [ -3.259056, 37.711276 ], [ -3.259161, 37.720282 ], [ -3.259425, 37.729288 ], [ -3.26014, 37.738293 ], [ -3.261157, 37.747298 ], [ -3.262091, 37.754371 ], [ -3.262378, 37.756302 ], [ -3.264082, 37.765305 ], [ -3.266051, 37.774307 ], [ -3.268111, 37.783309 ], [ -3.270455, 37.79231 ], [ -3.272981, 37.801311 ], [ -3.273618, 37.803538 ], [ -3.275802, 37.810311 ], [ -3.278934, 37.81931 ], [ -3.282253, 37.828309 ], [ -3.285094, 37.835725 ], [ -3.285756, 37.837307 ], [ -3.289609, 37.846304 ], [ -3.293562, 37.855301 ], [ -3.296556, 37.861962 ], [ -3.29766, 37.864297 ], [ -3.302203, 37.873292 ], [ -3.306637, 37.882287 ], [ -3.308013, 37.884916 ], [ -3.31154, 37.89128 ], [ -3.316539, 37.900274 ], [ -3.319468, 37.90577 ], [ -3.321527, 37.909266 ], [ -3.326979, 37.918258 ], [ -3.330922, 37.924939 ], [ -3.332412, 37.927249 ], [ -3.338234, 37.936239 ], [ -3.342377, 37.942876 ], [ -3.343946, 37.945229 ], [ -3.350142, 37.954217 ], [ -3.353832, 37.959919 ], [ -3.356143, 37.963205 ], [ -3.362481, 37.972192 ], [ -3.36529, 37.976231 ], [ -3.368945, 37.981178 ], [ -3.375502, 37.990164 ], [ -3.376749, 37.991855 ], [ -3.382878, 37.999146 ], [ -3.388202, 38.005509 ], [ -3.390542, 38.008127 ], [ -3.398671, 38.017106 ], [ -3.399654, 38.018132 ], [ -3.407663, 38.026082 ], [ -3.411104, 38.029725 ], [ -3.416699, 38.035056 ], [ -3.422554, 38.040517 ], [ -3.426473, 38.044027 ], [ -3.434002, 38.050638 ], [ -3.436788, 38.052996 ], [ -3.445452, 38.060319 ], [ -3.447492, 38.061962 ], [ -3.4569, 38.069333 ], [ -3.458998, 38.070923 ], [ -3.468347, 38.07782 ], [ -3.47119, 38.079881 ], [ -3.479797, 38.086208 ], [ -3.483639, 38.088837 ], [ -3.491245, 38.094024 ], [ -3.497019, 38.097787 ], [ -3.502693, 38.101411 ], [ -3.511287, 38.106732 ], [ -3.514141, 38.108459 ], [ -3.52559, 38.115357 ], [ -3.526137, 38.115672 ], [ -3.537039, 38.12207 ], [ -3.541664, 38.124608 ], [ -3.548488, 38.128374 ], [ -3.558418, 38.133535 ], [ -3.559936, 38.134321 ], [ -3.571387, 38.140456 ], [ -3.575463, 38.142459 ], [ -3.582838, 38.146272 ], [ -3.594107, 38.151372 ], [ -3.594285, 38.151457 ], [ -3.605738, 38.157036 ], [ -3.613261, 38.16028 ], [ -3.617187, 38.162031 ], [ -3.62864, 38.167305 ], [ -3.633283, 38.169179 ], [ -3.640091, 38.172222 ], [ -3.651541, 38.176792 ], [ -3.654881, 38.178067 ], [ -3.662994, 38.181486 ], [ -3.674444, 38.185734 ], [ -3.677729, 38.186943 ], [ -3.685899, 38.190401 ], [ -3.697349, 38.194407 ], [ -3.701616, 38.195809 ], [ -3.708802, 38.198541 ], [ -3.720255, 38.202514 ], [ -3.727278, 38.204658 ], [ -3.731706, 38.206234 ], [ -3.743162, 38.210262 ], [ -3.7539, 38.213496 ], [ -3.754613, 38.213738 ], [ -3.766075, 38.218207 ], [ -3.777527, 38.221564 ], [ -3.780004, 38.222332 ], [ -3.788988, 38.225624 ], [ -3.800442, 38.228936 ], [ -3.807886, 38.231149 ], [ -3.811902, 38.232649 ], [ -3.823364, 38.23656 ], [ -3.834818, 38.239558 ], [ -3.836177, 38.239956 ], [ -3.846283, 38.243488 ], [ -3.857742, 38.246772 ], [ -3.865621, 38.248748 ], [ -3.869199, 38.249839 ], [ -3.880666, 38.253552 ], [ -3.892123, 38.256457 ], [ -3.896323, 38.257524 ], [ -3.903586, 38.259746 ], [ -3.915048, 38.26285 ], [ -3.926506, 38.265634 ], [ -3.929094, 38.266274 ], [ -3.937972, 38.268908 ], [ -3.949436, 38.271945 ], [ -3.960893, 38.274401 ], [ -3.963621, 38.275002 ], [ -3.972357, 38.27732 ], [ -3.983823, 38.280279 ], [ -3.995281, 38.282657 ], [ -4.000392, 38.283699 ], [ -4.006743, 38.285256 ], [ -4.018209, 38.288043 ], [ -4.029668, 38.290312 ], [ -4.041124, 38.292298 ], [ -4.041379, 38.292348 ], [ -4.052591, 38.294986 ], [ -4.064053, 38.297311 ], [ -4.075511, 38.299267 ], [ -4.086811, 38.300942 ], [ -4.086965, 38.300969 ], [ -4.098429, 38.303312 ], [ -4.10989, 38.305337 ], [ -4.121346, 38.307064 ], [ -4.132799, 38.308539 ], [ -4.14008, 38.309441 ], [ -4.144253, 38.310066 ], [ -4.155713, 38.311875 ], [ -4.167168, 38.313423 ], [ -4.17862, 38.314711 ], [ -4.19007, 38.315852 ], [ -4.201517, 38.31681 ], [ -4.212962, 38.317627 ], [ -4.213967, 38.317705 ], [ -4.224412, 38.318694 ], [ -4.235861, 38.319697 ], [ -4.247307, 38.320549 ], [ -4.258752, 38.321278 ], [ -4.270195, 38.3219 ], [ -4.281637, 38.322432 ], [ -4.293077, 38.322906 ], [ -4.304517, 38.323286 ], [ -4.315955, 38.323589 ], [ -4.327391, 38.323825 ], [ -4.338827, 38.324004 ], [ -4.350262, 38.324122 ], [ -4.361697, 38.32425 ], [ -4.37313, 38.324293 ], [ -4.384563, 38.324284 ], [ -4.395994, 38.324232 ], [ -4.407425, 38.324143 ], [ -4.418855, 38.32404 ], [ -4.430285, 38.323901 ], [ -4.441714, 38.323716 ], [ -4.453142, 38.323491 ], [ -4.464569, 38.323229 ], [ -4.475995, 38.322935 ], [ -4.487421, 38.322626 ], [ -4.498846, 38.322289 ], [ -4.51027, 38.321911 ], [ -4.521693, 38.321492 ], [ -4.533116, 38.321036 ], [ -4.544537, 38.320546 ], [ -4.555957, 38.319993 ], [ -4.567378, 38.319486 ], [ -4.578796, 38.318894 ], [ -4.590214, 38.318252 ], [ -4.60163, 38.317563 ], [ -4.613045, 38.316826 ], [ -4.624458, 38.316041 ], [ -4.635868, 38.315104 ], [ -4.647281, 38.314317 ], [ -4.65869, 38.313371 ], [ -4.670098, 38.312357 ], [ -4.674388, 38.312035 ], [ -4.68151, 38.311595 ], [ -4.692923, 38.310848 ], [ -4.704334, 38.310038 ], [ -4.715743, 38.30916 ], [ -4.72715, 38.308197 ], [ -4.738555, 38.30718 ], [ -4.749958, 38.306076 ], [ -4.761358, 38.304874 ], [ -4.772755, 38.303561 ], [ -4.784149, 38.302122 ], [ -4.790814, 38.30131 ], [ -4.795545, 38.300822 ], [ -4.806947, 38.299731 ], [ -4.818345, 38.298541 ], [ -4.82974, 38.297238 ], [ -4.841132, 38.295808 ], [ -4.852519, 38.29423 ], [ -4.863901, 38.292484 ], [ -4.873009, 38.291021 ], [ -4.875283, 38.290707 ], [ -4.886674, 38.289343 ], [ -4.898061, 38.287829 ], [ -4.909443, 38.286151 ], [ -4.920819, 38.284283 ], [ -4.932189, 38.282193 ], [ -4.939037, 38.280944 ], [ -4.943562, 38.280225 ], [ -4.954942, 38.278543 ], [ -4.966315, 38.276651 ], [ -4.977682, 38.274521 ], [ -4.98904, 38.272108 ], [ -4.99445, 38.27101 ], [ -5.000405, 38.269985 ], [ -5.011772, 38.267964 ], [ -5.023132, 38.265678 ], [ -5.034482, 38.263073 ], [ -5.042537, 38.261178 ], [ -5.045832, 38.260512 ], [ -5.05719, 38.258281 ], [ -5.068539, 38.255723 ], [ -5.079876, 38.25277 ], [ -5.085136, 38.251424 ], [ -5.091219, 38.250078 ], [ -5.102564, 38.247491 ], [ -5.113896, 38.244458 ], [ -5.123215, 38.241736 ], [ -5.12522, 38.241229 ], [ -5.136559, 38.238493 ], [ -5.147883, 38.235298 ], [ -5.157821, 38.2321 ], [ -5.159194, 38.231715 ], [ -5.170523, 38.228765 ], [ -5.181833, 38.225208 ], [ -5.189764, 38.222504 ], [ -5.193138, 38.221503 ], [ -5.204447, 38.217997 ], [ -5.215741, 38.214 ], [ -5.218712, 38.212956 ], [ -5.227045, 38.210398 ], [ -5.238334, 38.20636 ], [ -5.245825, 38.203436 ], [ -5.249617, 38.202141 ], [ -5.260911, 38.19831 ], [ -5.271401, 38.193939 ], [ -5.272178, 38.193654 ], [ -5.283471, 38.189899 ], [ -5.29473, 38.185093 ], [ -5.296365, 38.184449 ], [ -5.306015, 38.181148 ], [ -5.317273, 38.176389 ], [ -5.320716, 38.174966 ], [ -5.328545, 38.172127 ], [ -5.339798, 38.167286 ], [ -5.343932, 38.1655 ], [ -5.35106, 38.162804 ], [ -5.362305, 38.157838 ], [ -5.36636, 38.156046 ], [ -5.373561, 38.15322 ], [ -5.384795, 38.147997 ], [ -5.387856, 38.146606 ], [ -5.396045, 38.143334 ], [ -5.407264, 38.137747 ], [ -5.408467, 38.137181 ], [ -5.418511, 38.133058 ], [ -5.428909, 38.127756 ], [ -5.429724, 38.127377 ], [ -5.440963, 38.122555 ], [ -5.449071, 38.118333 ], [ -5.452173, 38.116895 ], [ -5.463389, 38.111479 ], [ -5.468367, 38.108924 ], [ -5.474603, 38.106046 ], [ -5.485787, 38.099769 ], [ -5.486229, 38.099543 ], [ -5.497009, 38.094676 ], [ -5.505089, 38.090139 ], [ -5.508196, 38.088576 ], [ -5.519383, 38.082573 ], [ -5.522732, 38.080757 ], [ -5.53058, 38.076892 ], [ -5.539891, 38.071383 ], [ -5.541747, 38.070387 ], [ -5.552926, 38.0643 ], [ -5.556863, 38.062011 ], [ -5.564096, 38.057985 ], [ -5.572999, 38.052654 ], [ -5.575257, 38.051488 ], [ -5.586415, 38.044965 ], [ -5.589204, 38.043294 ], [ -5.597582, 38.038747 ], [ -5.605154, 38.033938 ], [ -5.608724, 38.031865 ], [ -5.619699, 38.02461 ], [ -5.619847, 38.02452 ], [ -5.631003, 38.018154 ], [ -5.635502, 38.015253 ], [ -5.642139, 38.011306 ], [ -5.650155, 38.005919 ], [ -5.653257, 38.003987 ], [ -5.663924, 37.996604 ], [ -5.66436, 37.996322 ], [ -5.675488, 37.989416 ], [ -5.678703, 37.987264 ], [ -5.686607, 37.982326 ], [ -5.692942, 37.977935 ], [ -5.69771, 37.974837 ], [ -5.706418, 37.968622 ], [ -5.708798, 37.967017 ], [ -5.71943, 37.959317 ], [ -5.719877, 37.959008 ], [ -5.730969, 37.95141 ], [ -5.732946, 37.95 ], [ -5.742059, 37.943838 ], [ -5.746329, 37.940684 ], [ -5.753134, 37.935905 ], [ -5.759223, 37.931379 ], [ -5.764199, 37.927788 ], [ -5.771711, 37.922081 ], [ -5.775255, 37.919465 ], [ -5.783851, 37.912791 ], [ -5.7863, 37.910938 ], [ -5.795732, 37.903505 ], [ -5.797337, 37.90226 ], [ -5.807424, 37.894223 ], [ -5.808367, 37.893478 ], [ -5.818883, 37.884945 ], [ -5.819389, 37.884537 ], [ -5.830152, 37.87567 ], [ -5.830403, 37.875464 ], [ -5.841297, 37.866398 ], [ -5.841411, 37.866303 ], [ -5.852239, 37.857129 ], [ -5.85241, 37.856983 ], [ -5.862976, 37.847865 ], [ -5.8634, 37.847493 ], [ -5.873606, 37.838602 ], [ -5.874383, 37.837905 ], [ -5.884014, 37.829344 ], [ -5.885356, 37.828113 ], [ -5.894174, 37.820091 ], [ -5.896315, 37.818069 ], [ -5.904117, 37.810842 ], [ -5.907263, 37.80778 ], [ -5.913791, 37.801599 ], [ -5.918195, 37.797178 ], [ -5.923118, 37.792364 ], [ -5.929105, 37.786112 ], [ -5.932048, 37.783138 ], [ -5.939987, 37.774384 ], [ -5.940424, 37.773926 ], [ -5.949477, 37.764696 ], [ -5.950884, 37.763155 ], [ -5.958325, 37.75547 ], [ -5.961768, 37.751665 ], [ -5.966902, 37.746251 ], [ -5.972625, 37.739569 ], [ -5.974928, 37.737045 ], [ -5.982844, 37.727841 ], [ -5.983464, 37.727132 ], [ -5.991388, 37.71862 ], [ -5.994317, 37.715116 ], [ -5.99942, 37.709412 ], [ -6.00513, 37.702193 ], [ -6.006743, 37.700222 ], [ -6.014513, 37.69102 ], [ -6.015938, 37.689252 ], [ -6.022403, 37.681814 ], [ -6.026734, 37.676093 ], [ -6.02958, 37.672626 ], [ -6.036537, 37.663444 ], [ -6.037497, 37.66223 ], [ -6.044165, 37.654243 ], [ -6.048262, 37.648483 ], [ -6.050925, 37.645065 ], [ -6.057636, 37.635887 ], [ -6.058992, 37.633997 ], [ -6.064748, 37.626699 ], [ -6.0697, 37.619083 ], [ -6.070817, 37.617538 ], [ -6.077656, 37.608356 ], [ -6.080404, 37.604144 ], [ -6.084001, 37.599186 ], [ -6.089906, 37.590028 ], [ -6.091063, 37.588237 ], [ -6.09636, 37.580855 ], [ -6.101578, 37.571715 ], [ -6.101686, 37.571554 ], [ -6.108081, 37.56254 ], [ -6.112302, 37.554827 ], [ -6.113188, 37.553402 ], [ -6.119239, 37.544238 ], [ -6.122881, 37.537315 ], [ -6.124219, 37.535103 ], [ -6.129916, 37.525948 ], [ -6.133417, 37.51889 ], [ -6.134579, 37.516821 ], [ -6.140019, 37.507673 ], [ -6.143886, 37.498986 ], [ -6.144107, 37.49856 ], [ -6.149449, 37.489415 ], [ -6.153378, 37.480306 ], [ -6.154322, 37.478419 ], [ -6.158198, 37.471174 ], [ -6.162301, 37.46206 ], [ -6.164673, 37.455953 ], [ -6.166056, 37.452956 ], [ -6.170403, 37.443836 ], [ -6.173757, 37.434742 ], [ -6.174935, 37.431523 ], [ -6.177509, 37.425638 ], [ -6.181227, 37.416534 ], [ -6.184122, 37.407453 ], [ -6.18508, 37.404488 ], [ -6.187495, 37.398358 ], [ -6.190825, 37.389265 ], [ -6.193479, 37.380189 ], [ -6.195072, 37.373996 ], [ -6.196001, 37.371118 ], [ -6.199195, 37.362028 ], [ -6.201739, 37.352955 ], [ -6.203804, 37.343896 ], [ -6.204863, 37.338968 ], [ -6.205996, 37.334833 ], [ -6.208612, 37.325758 ], [ -6.21073, 37.316697 ], [ -6.212471, 37.307646 ], [ -6.213896, 37.298604 ], [ -6.214315, 37.296157 ], [ -6.215606, 37.289554 ], [ -6.217678, 37.280494 ], [ -6.219251, 37.271447 ], [ -6.220547, 37.262408 ], [ -6.221569, 37.253377 ], [ -6.222519, 37.244347 ], [ -6.223093, 37.237742 ], [ -6.223385, 37.23532 ], [ -6.22464, 37.226282 ], [ -6.225613, 37.217252 ], [ -6.226371, 37.208228 ], [ -6.226906, 37.19921 ], [ -6.227216, 37.190197 ], [ -6.227351, 37.18119 ], [ -6.227258, 37.172189 ], [ -6.226964, 37.163193 ], [ -6.22643, 37.154204 ], [ -6.224967, 37.14524 ], [ -6.224448, 37.136251 ], [ -6.222846, 37.12729 ], [ -6.220251, 37.118357 ], [ -6.217648, 37.109585 ], [ -6.217606, 37.109425 ], [ -6.214367, 37.10051 ], [ -6.209225, 37.091645 ], [ -6.205296, 37.083279 ], [ -6.205115, 37.082753 ], [ -6.202233, 37.073827 ], [ -6.197644, 37.064947 ], [ -6.193112, 37.056065 ], [ -6.192879, 37.055221 ], [ -6.191301, 37.04711 ], [ -6.189552, 37.038153 ], [ -6.187985, 37.029191 ], [ -6.186753, 37.02022 ], [ -6.185417, 37.011252 ], [ -6.184659, 37.002269 ], [ -6.183936, 36.993284 ], [ -6.183396, 36.984295 ], [ -6.182743, 36.975308 ], [ -6.182423, 36.966313 ], [ -6.182271, 36.957313 ], [ -6.182224, 36.94831 ], [ -6.18204, 36.939311 ], [ -6.182129, 36.930305 ], [ -6.182311, 36.921296 ], [ -6.182552, 36.912285 ], [ -6.182681, 36.903278 ], [ -6.183066, 36.894263 ], [ -6.183421, 36.885249 ], [ -6.183812, 36.876235 ], [ -6.184226, 36.86722 ], [ -6.184652, 36.858204 ], [ -6.184655, 36.858176 ], [ -6.185546, 36.849176 ], [ -6.186488, 36.840147 ], [ -6.187397, 36.831118 ], [ -6.188202, 36.822092 ], [ -6.188837, 36.813071 ], [ -6.189281, 36.804055 ], [ -6.189678, 36.79504 ], [ -6.189987, 36.786028 ], [ -6.190204, 36.777018 ], [ -6.190325, 36.76801 ], [ -6.190321, 36.759006 ], [ -6.190286, 36.750003 ], [ -6.190188, 36.741001 ], [ -6.190018, 36.732002 ], [ -6.189769, 36.723004 ], [ -6.189441, 36.714008 ], [ -6.189043, 36.705015 ], [ -6.188561, 36.696024 ], [ -6.187991, 36.687035 ], [ -6.187326, 36.678048 ], [ -6.186558, 36.669064 ], [ -6.185702, 36.660083 ], [ -6.184755, 36.651104 ], [ -6.18371, 36.642128 ], [ -6.18256, 36.633154 ], [ -6.181337, 36.624182 ], [ -6.180046, 36.615212 ], [ -6.178646, 36.606245 ], [ -6.177115, 36.597282 ], [ -6.175422, 36.588323 ], [ -6.173509, 36.579369 ], [ -6.173069, 36.577284 ], [ -6.171702, 36.570413 ], [ -6.169793, 36.561459 ], [ -6.167724, 36.55251 ], [ -6.165474, 36.543565 ], [ -6.163054, 36.534625 ], [ -6.160436, 36.52569 ], [ -6.159698, 36.523172 ], [ -6.157919, 36.516752 ], [ -6.155194, 36.507819 ], [ -6.152416, 36.498888 ], [ -6.149288, 36.489966 ], [ -6.146934, 36.483532 ], [ -6.146072, 36.481047 ], [ -6.142973, 36.472124 ], [ -6.139692, 36.463206 ], [ -6.136183, 36.454293 ], [ -6.134426, 36.44988 ], [ -6.132726, 36.44538 ], [ -6.129278, 36.436465 ], [ -6.125527, 36.427559 ], [ -6.122065, 36.419607 ], [ -6.121665, 36.418655 ], [ -6.118001, 36.409746 ], [ -6.114047, 36.400845 ], [ -6.109822, 36.392047 ], [ -6.109778, 36.391951 ], [ -6.105846, 36.383049 ], [ -6.101575, 36.374155 ], [ -6.09767, 36.366536 ], [ -6.097051, 36.365268 ], [ -6.092729, 36.356375 ], [ -6.088077, 36.347491 ], [ -6.085601, 36.34291 ], [ -6.083379, 36.338607 ], [ -6.078637, 36.329725 ], [ -6.073612, 36.321121 ], [ -6.073462, 36.320853 ], [ -6.068622, 36.311972 ], [ -6.063291, 36.303104 ], [ -6.061674, 36.300432 ], [ -6.058075, 36.294233 ], [ -6.05257, 36.285369 ], [ -6.049792, 36.281035 ], [ -6.046993, 36.276506 ], [ -6.041265, 36.267647 ], [ -6.03796, 36.262765 ], [ -6.035368, 36.258791 ], [ -6.029353, 36.249939 ], [ -6.026171, 36.245446 ], [ -6.023185, 36.24109 ], [ -6.016808, 36.232246 ], [ -6.014421, 36.229025 ], [ -6.010383, 36.223403 ], [ -6.003521, 36.21457 ], [ -6.002712, 36.213522 ], [ -5.996874, 36.205731 ], [ -5.991027, 36.19852 ], [ -5.989759, 36.196904 ], [ -5.982796, 36.188073 ], [ -5.979361, 36.183906 ], [ -5.975625, 36.179246 ], [ -5.968096, 36.170428 ], [ -5.967726, 36.169988 ], [ -5.960871, 36.161601 ], [ -5.956097, 36.156133 ], [ -5.953244, 36.152784 ], [ -5.945392, 36.143972 ], [ -5.944499, 36.142979 ], [ -5.937698, 36.135156 ], [ -5.932908, 36.129899 ], [ -5.929715, 36.126346 ], [ -5.92138, 36.117544 ], [ -5.921346, 36.117508 ], [ -5.913335, 36.108735 ], [ -5.909785, 36.105041 ], [ -5.904966, 36.099933 ], [ -5.898249, 36.093128 ], [ -5.896314, 36.091136 ], [ -5.887522, 36.082343 ], [ -5.886728, 36.081551 ], [ -5.878834, 36.073547 ], [ -5.875212, 36.070017 ], [ -5.869881, 36.064756 ], [ -5.863715, 36.058895 ], [ -5.860624, 36.055971 ], [ -5.852234, 36.048138 ], [ -5.851244, 36.047189 ], [ -5.841757, 36.038409 ], [ -5.84076, 36.037495 ], [ -5.832254, 36.029628 ], [ -5.829294, 36.02697 ], [ -5.822518, 36.020852 ], [ -5.817841, 36.016737 ], [ -5.812568, 36.01208 ], [ -5.806401, 36.006763 ], [ -5.802413, 36.003312 ], [ -5.794971, 35.997004 ], [ -5.792076, 35.994547 ], [ -5.783551, 35.987446 ], [ -5.781554, 35.985785 ], [ -5.772141, 35.978094 ], [ -5.770784, 35.977029 ], [ -5.760741, 35.968951 ], [ -5.759924, 35.968273 ], [ -5.749348, 35.959936 ], [ -5.748818, 35.959522 ], [ -5.737965, 35.951144 ], [ -5.737482, 35.950775 ], [ -5.726591, 35.942528 ], [ -5.725927, 35.942032 ], [ -5.715226, 35.934098 ], [ -5.714122, 35.933293 ], [ -5.703871, 35.925875 ], [ -5.702014, 35.92456 ], [ -5.692524, 35.917844 ], [ -5.689601, 35.915833 ], [ -5.681188, 35.910048 ], [ -5.676787, 35.907113 ], [ -5.669861, 35.902466 ], [ -5.663523, 35.898402 ], [ -5.658546, 35.895181 ], [ -5.649663, 35.889702 ], [ -5.647243, 35.888187 ], [ -5.635949, 35.881423 ], [ -5.635258, 35.881013 ], [ -5.624656, 35.874611 ], [ -5.620613, 35.872327 ], [ -5.613377, 35.868152 ], [ -5.604899, 35.863662 ], [ -5.602113, 35.862142 ], [ -5.590855, 35.856225 ], [ -5.58845, 35.855011 ], [ -5.579602, 35.85041 ], [ -5.570894, 35.846382 ], [ -5.568369, 35.845167 ], [ -5.557136, 35.839913 ], [ -5.552125, 35.837775 ], [ -5.545917, 35.835008 ], [ -5.53471, 35.830455 ], [ -5.531545, 35.829204 ], [ -5.523503, 35.825862 ], [ -5.51231, 35.821677 ], [ -5.509536, 35.820659 ], [ -5.501117, 35.817424 ], [ -5.489935, 35.81352 ], [ -5.485819, 35.812145 ], [ -5.478755, 35.809641 ], [ -5.467584, 35.805993 ], [ -5.459774, 35.803674 ], [ -5.456421, 35.80261 ], [ -5.445256, 35.799116 ], [ -5.434107, 35.796091 ], [ -5.430976, 35.795253 ], [ -5.422955, 35.792957 ], [ -5.411814, 35.790173 ], [ -5.400681, 35.787605 ], [ -5.397497, 35.786919 ], [ -5.389549, 35.785073 ], [ -5.378423, 35.782707 ], [ -5.367302, 35.780503 ], [ -5.356708, 35.778718 ], [ -5.356192, 35.778623 ], [ -5.345074, 35.776485 ], [ -5.333961, 35.774472 ], [ -5.322857, 35.772745 ], [ -5.311758, 35.771209 ], [ -5.307803, 35.77066 ], [ -5.300656, 35.769533 ], [ -5.289559, 35.767998 ], [ -5.278456, 35.766278 ], [ -5.267343, 35.764166 ], [ -5.259344, 35.762573 ], [ -5.256227, 35.761934 ], [ -5.24511, 35.759645 ], [ -5.233998, 35.757507 ], [ -5.222897, 35.75575 ], [ -5.211811, 35.754525 ], [ -5.210767, 35.754469 ], [ -5.200743, 35.753913 ], [ -5.189695, 35.75403 ], [ -5.178669, 35.754986 ] ] } },
{ "type": "Feature", "properties": { "fid": 30, "ID": 29, "Intensidad": 9.0 }, "geometry": { "type": "LineString", "coordinates": [ [ -5.27886, 35.391402 ], [ -5.270163, 35.393054 ], [ -5.267917, 35.39349 ], [ -5.256985, 35.39601 ], [ -5.246063, 35.398902 ], [ -5.235152, 35.402227 ], [ -5.233585, 35.402744 ], [ -5.224249, 35.405881 ], [ -5.213351, 35.409746 ], [ -5.206573, 35.412249 ], [ -5.202457, 35.413783 ], [ -5.191563, 35.417885 ], [ -5.181332, 35.421716 ], [ -5.180667, 35.421962 ], [ -5.169766, 35.425871 ], [ -5.158857, 35.429504 ], [ -5.15439, 35.431208 ], [ -5.14795, 35.433299 ], [ -5.137034, 35.436778 ], [ -5.126111, 35.439994 ], [ -5.123638, 35.440761 ], [ -5.115195, 35.443523 ], [ -5.104277, 35.447045 ], [ -5.093744, 35.450291 ], [ -5.093355, 35.450418 ], [ -5.082451, 35.454529 ], [ -5.071528, 35.457957 ], [ -5.065717, 35.459783 ], [ -5.06061, 35.461616 ], [ -5.049701, 35.465664 ], [ -5.038772, 35.468981 ], [ -5.037974, 35.469263 ], [ -5.027872, 35.473475 ], [ -5.016955, 35.477315 ], [ -5.013382, 35.478684 ], [ -5.006055, 35.481892 ], [ -4.995147, 35.486201 ], [ -4.990355, 35.488074 ], [ -4.984245, 35.490834 ], [ -4.973344, 35.495537 ], [ -4.968965, 35.497434 ], [ -4.962454, 35.500719 ], [ -4.951557, 35.505686 ], [ -4.949423, 35.50676 ], [ -4.940686, 35.511809 ], [ -4.932371, 35.516042 ], [ -4.929805, 35.517571 ], [ -4.918948, 35.524417 ], [ -4.917643, 35.525286 ], [ -4.908114, 35.532258 ], [ -4.905049, 35.534494 ], [ -4.89729, 35.540662 ], [ -4.893654, 35.543682 ], [ -4.886486, 35.550004 ], [ -4.883561, 35.552849 ], [ -4.875728, 35.56145 ], [ -4.875224, 35.561987 ], [ -4.867445, 35.571116 ], [ -4.865024, 35.575315 ], [ -4.856567, 35.580293 ], [ -4.854342, 35.589335 ], [ -4.854321, 35.589429 ], [ -4.845796, 35.598475 ], [ -4.845282, 35.607491 ], [ -4.844095, 35.616518 ], [ -4.843921, 35.616836 ], [ -4.838534, 35.625612 ], [ -4.833271, 35.633629 ], [ -4.832148, 35.634717 ], [ -4.822934, 35.643865 ], [ -4.822475, 35.644222 ], [ -4.811585, 35.650747 ], [ -4.807064, 35.653113 ], [ -4.800656, 35.65558 ], [ -4.789666, 35.657775 ], [ -4.778711, 35.661579 ], [ -4.770759, 35.662661 ], [ -4.767699, 35.662866 ], [ -4.756664, 35.663062 ], [ -4.745625, 35.66313 ], [ -4.74317, 35.663064 ], [ -4.734553, 35.661641 ], [ -4.723432, 35.657878 ], [ -4.712348, 35.655786 ], [ -4.701292, 35.654982 ], [ -4.690252, 35.654912 ], [ -4.689844, 35.654815 ], [ -4.679081, 35.648608 ], [ -4.668046, 35.648784 ], [ -4.656962, 35.646561 ], [ -4.655591, 35.646283 ], [ -4.645878, 35.644332 ], [ -4.634804, 35.642556 ], [ -4.623738, 35.641104 ], [ -4.612677, 35.639937 ], [ -4.601622, 35.639028 ], [ -4.590571, 35.638342 ], [ -4.586969, 35.638198 ], [ -4.579526, 35.637906 ], [ -4.568483, 35.637633 ], [ -4.557445, 35.637576 ], [ -4.54641, 35.637651 ], [ -4.535378, 35.637919 ], [ -4.524349, 35.638345 ], [ -4.513323, 35.6389 ], [ -4.508369, 35.639208 ], [ -4.502298, 35.63957 ], [ -4.491275, 35.640334 ], [ -4.480253, 35.64116 ], [ -4.469234, 35.642136 ], [ -4.458216, 35.64322 ], [ -4.447199, 35.644384 ], [ -4.436184, 35.645701 ], [ -4.425172, 35.647135 ], [ -4.414161, 35.648684 ], [ -4.409096, 35.649419 ], [ -4.403149, 35.650209 ], [ -4.392136, 35.65171 ], [ -4.381124, 35.653293 ], [ -4.370115, 35.655051 ], [ -4.359108, 35.656969 ], [ -4.348103, 35.659051 ], [ -4.347644, 35.659132 ], [ -4.337091, 35.660781 ], [ -4.326082, 35.662658 ], [ -4.315075, 35.66473 ], [ -4.304071, 35.666951 ], [ -4.295869, 35.668709 ], [ -4.293066, 35.669243 ], [ -4.282056, 35.671235 ], [ -4.271049, 35.673388 ], [ -4.260046, 35.675898 ], [ -4.25018, 35.678202 ], [ -4.249043, 35.678449 ], [ -4.238037, 35.680823 ], [ -4.227031, 35.683289 ], [ -4.216025, 35.685768 ], [ -4.207883, 35.687643 ], [ -4.205019, 35.688296 ], [ -4.194013, 35.690843 ], [ -4.183006, 35.693434 ], [ -4.172, 35.696068 ], [ -4.167986, 35.697046 ], [ -4.160993, 35.698738 ], [ -4.149986, 35.701435 ], [ -4.138978, 35.704167 ], [ -4.130051, 35.706417 ], [ -4.127971, 35.706939 ], [ -4.116963, 35.709732 ], [ -4.105954, 35.712563 ], [ -4.094946, 35.715439 ], [ -4.09373, 35.715762 ], [ -4.083937, 35.718342 ], [ -4.072928, 35.721285 ], [ -4.061918, 35.724279 ], [ -4.058964, 35.725082 ], [ -4.050908, 35.727235 ], [ -4.039895, 35.730131 ], [ -4.028886, 35.733345 ], [ -4.025241, 35.734383 ], [ -4.017873, 35.736322 ], [ -4.006859, 35.739245 ], [ -3.995853, 35.742945 ], [ -3.993519, 35.743659 ], [ -3.984838, 35.745903 ], [ -3.973828, 35.749458 ], [ -3.963333, 35.752914 ], [ -3.962819, 35.753072 ], [ -3.9518, 35.756006 ], [ -3.940789, 35.759626 ], [ -3.933652, 35.762157 ], [ -3.929777, 35.763337 ], [ -3.91876, 35.766651 ], [ -3.907752, 35.770825 ], [ -3.906151, 35.771377 ], [ -3.896733, 35.77415 ], [ -3.88572, 35.778042 ], [ -3.87903, 35.780587 ], [ -3.874706, 35.78201 ], [ -3.863691, 35.785969 ], [ -3.853853, 35.789778 ], [ -3.852678, 35.790201 ], [ -3.841658, 35.793827 ], [ -3.830647, 35.798502 ], [ -3.82947, 35.798958 ], [ -3.819626, 35.802288 ], [ -3.808613, 35.80696 ], [ -3.805783, 35.808129 ], [ -3.797593, 35.811104 ], [ -3.786578, 35.815887 ], [ -3.783319, 35.817287 ], [ -3.775558, 35.820243 ], [ -3.764544, 35.825292 ], [ -3.761966, 35.826433 ], [ -3.753522, 35.829803 ], [ -3.742508, 35.83522 ], [ -3.741749, 35.835569 ], [ -3.731485, 35.839819 ], [ -3.721923, 35.844699 ], [ -3.72047, 35.845379 ], [ -3.709448, 35.850419 ], [ -3.702902, 35.853821 ], [ -3.698429, 35.855966 ], [ -3.687412, 35.861805 ], [ -3.685279, 35.862932 ], [ -3.676389, 35.867289 ], [ -3.668052, 35.872039 ], [ -3.665371, 35.873471 ], [ -3.654352, 35.87973 ], [ -3.651866, 35.881137 ], [ -3.64333, 35.885801 ], [ -3.636152, 35.890231 ], [ -3.632311, 35.892497 ], [ -3.621846, 35.899315 ], [ -3.621294, 35.899662 ], [ -3.610272, 35.90647 ], [ -3.607302, 35.908399 ], [ -3.599249, 35.913427 ], [ -3.593226, 35.917478 ], [ -3.588227, 35.920722 ], [ -3.579775, 35.926553 ], [ -3.577204, 35.928278 ], [ -3.566845, 35.935625 ], [ -3.566182, 35.936084 ], [ -3.555156, 35.943746 ], [ -3.553821, 35.944695 ], [ -3.544128, 35.951428 ], [ -3.54092, 35.953763 ], [ -3.5331, 35.959369 ], [ -3.528468, 35.962828 ], [ -3.522071, 35.967549 ], [ -3.51637, 35.97189 ], [ -3.511042, 35.975925 ], [ -3.504583, 35.980949 ], [ -3.500011, 35.984503 ], [ -3.49307, 35.990006 ], [ -3.488979, 35.993262 ], [ -3.481807, 35.999061 ], [ -3.477945, 36.002216 ], [ -3.470789, 36.008114 ], [ -3.46691, 36.011353 ], [ -3.459988, 36.017165 ], [ -3.455874, 36.020692 ], [ -3.449432, 36.026215 ], [ -3.444837, 36.030251 ], [ -3.439101, 36.035262 ], [ -3.433798, 36.040046 ], [ -3.429033, 36.044308 ], [ -3.422758, 36.050129 ], [ -3.41923, 36.053352 ], [ -3.411717, 36.060538 ], [ -3.409737, 36.062394 ], [ -3.400675, 36.07136 ], [ -3.400598, 36.071434 ], [ -3.391035, 36.080474 ], [ -3.389628, 36.081873 ], [ -3.381716, 36.089514 ], [ -3.37858, 36.09274 ], [ -3.37274, 36.098551 ], [ -3.367532, 36.104123 ], [ -3.364157, 36.107587 ], [ -3.356483, 36.116172 ], [ -3.356064, 36.11662 ], [ -3.347387, 36.125655 ], [ -3.34543, 36.127836 ], [ -3.338987, 36.134688 ], [ -3.334375, 36.140092 ], [ -3.331099, 36.143719 ], [ -3.323668, 36.152748 ], [ -3.323321, 36.153154 ], [ -3.315515, 36.161779 ], [ -3.312261, 36.16581 ], [ -3.308254, 36.170807 ], [ -3.301203, 36.179711 ], [ -3.301089, 36.179835 ], [ -3.293219, 36.188863 ], [ -3.290137, 36.192845 ], [ -3.285936, 36.19789 ], [ -3.279322, 36.206914 ], [ -3.279073, 36.207233 ], [ -3.27176, 36.215941 ], [ -3.268003, 36.221098 ], [ -3.264948, 36.224965 ], [ -3.258304, 36.233989 ], [ -3.256931, 36.235861 ], [ -3.251257, 36.243013 ], [ -3.245857, 36.251059 ], [ -3.245142, 36.252034 ], [ -3.238209, 36.261057 ], [ -3.234779, 36.266179 ], [ -3.231928, 36.270078 ], [ -3.225685, 36.279099 ], [ -3.223698, 36.282086 ], [ -3.219329, 36.28812 ], [ -3.213592, 36.297139 ], [ -3.212615, 36.298742 ], [ -3.207483, 36.306159 ], [ -3.201883, 36.315177 ], [ -3.201528, 36.315734 ], [ -3.195647, 36.324197 ], [ -3.190537, 36.333214 ], [ -3.190438, 36.333374 ], [ -3.184485, 36.342232 ], [ -3.179553, 36.351248 ], [ -3.179344, 36.351601 ], [ -3.173782, 36.360266 ], [ -3.168944, 36.369281 ], [ -3.168247, 36.370524 ], [ -3.163497, 36.378298 ], [ -3.158734, 36.387313 ], [ -3.157146, 36.390342 ], [ -3.153734, 36.396328 ], [ -3.148991, 36.405343 ], [ -3.146042, 36.411456 ], [ -3.144527, 36.414357 ], [ -3.139759, 36.423372 ], [ -3.135655, 36.432385 ], [ -3.134934, 36.433916 ], [ -3.131099, 36.441399 ], [ -3.127099, 36.450412 ], [ -3.123823, 36.457925 ], [ -3.1231, 36.459425 ], [ -3.118945, 36.468438 ], [ -3.115185, 36.47745 ], [ -3.112707, 36.483962 ], [ -3.111737, 36.486462 ], [ -3.107999, 36.495474 ], [ -3.104698, 36.504485 ], [ -3.101722, 36.513497 ], [ -3.101589, 36.513887 ], [ -3.098438, 36.522508 ], [ -3.095482, 36.531519 ], [ -3.092787, 36.54053 ], [ -3.090469, 36.549025 ], [ -3.09032, 36.54954 ], [ -3.087635, 36.558551 ], [ -3.085198, 36.567561 ], [ -3.082979, 36.576571 ], [ -3.080973, 36.585581 ], [ -3.079348, 36.593404 ], [ -3.079086, 36.59459 ], [ -3.077104, 36.6036 ], [ -3.075312, 36.61261 ], [ -3.073708, 36.621619 ], [ -3.07224, 36.630629 ], [ -3.070981, 36.639638 ], [ -3.069743, 36.648647 ], [ -3.068689, 36.657656 ], [ -3.068235, 36.661863 ], [ -3.067687, 36.666665 ], [ -3.066749, 36.675674 ], [ -3.065954, 36.684682 ], [ -3.065279, 36.693691 ], [ -3.06471, 36.7027 ], [ -3.064275, 36.711708 ], [ -3.063947, 36.720717 ], [ -3.063737, 36.729725 ], [ -3.063641, 36.738733 ], [ -3.063621, 36.747742 ], [ -3.063738, 36.75675 ], [ -3.063981, 36.765758 ], [ -3.064375, 36.774766 ], [ -3.064642, 36.783774 ], [ -3.064789, 36.792782 ], [ -3.064972, 36.80179 ], [ -3.064717, 36.810798 ], [ -3.064511, 36.819806 ], [ -3.064163, 36.828815 ], [ -3.063707, 36.837823 ], [ -3.063103, 36.846831 ], [ -3.062393, 36.85584 ], [ -3.061533, 36.864848 ], [ -3.060578, 36.873857 ], [ -3.059482, 36.882866 ], [ -3.058304, 36.891874 ], [ -3.057229, 36.899098 ], [ -3.056932, 36.900883 ], [ -3.055112, 36.909892 ], [ -3.053068, 36.918901 ], [ -3.051058, 36.927909 ], [ -3.048905, 36.936918 ], [ -3.046862, 36.945927 ], [ -3.046041, 36.94896 ], [ -3.04414, 36.954936 ], [ -3.041113, 36.963945 ], [ -3.038123, 36.972954 ], [ -3.035336, 36.981963 ], [ -3.034833, 36.983206 ], [ -3.031411, 36.990972 ], [ -3.027645, 36.99998 ], [ -3.023996, 37.008989 ], [ -3.023612, 37.012024 ], [ -3.022459, 37.017997 ], [ -3.017251, 37.027006 ], [ -3.012382, 37.035569 ], [ -3.012207, 37.036014 ], [ -3.006727, 37.045022 ], [ -3.001145, 37.053373 ], [ -3.000856, 37.05403 ], [ -2.997737, 37.063038 ], [ -2.993684, 37.072046 ], [ -2.990713, 37.081053 ], [ -2.991856, 37.090061 ], [ -2.994056, 37.099069 ], [ -2.997918, 37.108077 ], [ -3.001146, 37.112106 ], [ -3.007599, 37.117084 ], [ -3.012396, 37.12062 ], [ -3.021279, 37.12609 ], [ -3.023648, 37.127197 ], [ -3.03439, 37.135095 ], [ -3.034902, 37.135294 ], [ -3.046155, 37.136034 ], [ -3.057409, 37.139575 ], [ -3.067326, 37.144088 ], [ -3.068666, 37.144294 ], [ -3.07992, 37.144657 ], [ -3.091178, 37.148586 ], [ -3.10243, 37.147545 ], [ -3.113692, 37.15266 ], [ -3.120846, 37.153053 ], [ -3.124947, 37.153197 ], [ -3.136202, 37.15329 ], [ -3.147459, 37.15465 ], [ -3.158715, 37.155367 ], [ -3.169971, 37.155819 ], [ -3.181229, 37.15683 ], [ -3.192483, 37.156703 ], [ -3.203739, 37.157029 ], [ -3.214996, 37.157713 ], [ -3.226253, 37.158019 ], [ -3.23751, 37.158805 ], [ -3.248768, 37.159368 ], [ -3.260025, 37.159972 ], [ -3.271284, 37.160764 ], [ -3.282542, 37.161458 ], [ -3.286331, 37.161777 ], [ -3.293802, 37.162563 ], [ -3.305063, 37.163873 ], [ -3.316324, 37.16511 ], [ -3.327587, 37.166608 ], [ -3.33885, 37.168004 ], [ -3.350113, 37.169445 ], [ -3.358436, 37.170588 ], [ -3.361379, 37.171222 ], [ -3.372647, 37.173432 ], [ -3.38393, 37.178473 ], [ -3.395193, 37.17938 ], [ -3.395675, 37.179477 ], [ -3.406482, 37.185052 ], [ -3.417756, 37.187811 ], [ -3.421003, 37.188397 ], [ -3.429037, 37.19151 ], [ -3.440328, 37.196849 ], [ -3.441352, 37.197331 ], [ -3.451622, 37.202465 ], [ -3.456897, 37.206279 ], [ -3.462939, 37.211485 ], [ -3.466251, 37.21525 ], [ -3.473158, 37.22423 ], [ -3.474296, 37.226389 ], [ -3.476572, 37.233224 ], [ -3.478977, 37.242222 ], [ -3.481728, 37.251218 ], [ -3.48194, 37.260224 ], [ -3.479842, 37.26924 ], [ -3.477062, 37.278259 ], [ -3.474648, 37.282518 ], [ -3.472004, 37.287286 ], [ -3.463745, 37.296326 ], [ -3.46346, 37.296581 ], [ -3.452366, 37.305378 ], [ -3.452237, 37.305469 ], [ -3.441066, 37.314428 ], [ -3.441013, 37.314459 ], [ -3.429744, 37.316085 ], [ -3.418506, 37.323516 ], [ -3.418506, 37.323517 ], [ -3.407267, 37.330991 ], [ -3.403363, 37.332577 ], [ -3.396015, 37.336547 ], [ -3.389059, 37.341632 ], [ -3.384774, 37.344669 ], [ -3.376861, 37.350679 ], [ -3.373533, 37.353143 ], [ -3.365632, 37.359721 ], [ -3.362294, 37.362542 ], [ -3.355261, 37.36876 ], [ -3.351055, 37.372462 ], [ -3.344586, 37.377799 ], [ -3.339812, 37.382345 ], [ -3.335199, 37.386833 ], [ -3.328571, 37.393291 ], [ -3.325913, 37.395866 ], [ -3.317328, 37.404581 ], [ -3.31701, 37.404898 ], [ -3.307934, 37.413929 ], [ -3.306082, 37.415895 ], [ -3.299117, 37.422959 ], [ -3.294834, 37.42757 ], [ -3.290682, 37.431987 ], [ -3.283584, 37.439632 ], [ -3.282302, 37.441014 ], [ -3.274089, 37.450041 ], [ -3.272332, 37.451998 ], [ -3.265987, 37.459066 ], [ -3.261076, 37.464528 ], [ -3.257923, 37.468091 ], [ -3.249945, 37.477116 ], [ -3.249818, 37.477263 ], [ -3.242314, 37.486139 ], [ -3.238557, 37.490606 ], [ -3.234769, 37.495161 ], [ -3.227291, 37.503581 ], [ -3.226781, 37.504184 ], [ -3.219247, 37.513205 ], [ -3.216023, 37.517055 ], [ -3.211903, 37.522225 ], [ -3.204751, 37.530504 ], [ -3.204138, 37.531246 ], [ -3.197, 37.540265 ], [ -3.193477, 37.544738 ], [ -3.189918, 37.549284 ], [ -3.182196, 37.558212 ], [ -3.182119, 37.558303 ], [ -3.175295, 37.56732 ], [ -3.170914, 37.57261 ], [ -3.167996, 37.576338 ], [ -3.160551, 37.585355 ], [ -3.159627, 37.586659 ], [ -3.154424, 37.59437 ], [ -3.148338, 37.602113 ], [ -3.147441, 37.603386 ], [ -3.141754, 37.6124 ], [ -3.137047, 37.618927 ], [ -3.135247, 37.621415 ], [ -3.129738, 37.630428 ], [ -3.125752, 37.636541 ], [ -3.124054, 37.639441 ], [ -3.118864, 37.648453 ], [ -3.114455, 37.65631 ], [ -3.113824, 37.657465 ], [ -3.109784, 37.666475 ], [ -3.104473, 37.675487 ], [ -3.103156, 37.67835 ], [ -3.100376, 37.684497 ], [ -3.096567, 37.693507 ], [ -3.092434, 37.702517 ], [ -3.091854, 37.704024 ], [ -3.088861, 37.711527 ], [ -3.085609, 37.720536 ], [ -3.082407, 37.729545 ], [ -3.08055, 37.735209 ], [ -3.07947, 37.738554 ], [ -3.076978, 37.747562 ], [ -3.074583, 37.75657 ], [ -3.071924, 37.765579 ], [ -3.069714, 37.774587 ], [ -3.069247, 37.776819 ], [ -3.067877, 37.783594 ], [ -3.066051, 37.792602 ], [ -3.064509, 37.80161 ], [ -3.063217, 37.810617 ], [ -3.06215, 37.819624 ], [ -3.060915, 37.828631 ], [ -3.060183, 37.837638 ], [ -3.059649, 37.846645 ], [ -3.059336, 37.855652 ], [ -3.059102, 37.864658 ], [ -3.059048, 37.873665 ], [ -3.059166, 37.882671 ], [ -3.059336, 37.891678 ], [ -3.059771, 37.900684 ], [ -3.060413, 37.90969 ], [ -3.061218, 37.918696 ], [ -3.06211, 37.927702 ], [ -3.063192, 37.936708 ], [ -3.064445, 37.945714 ], [ -3.065823, 37.954719 ], [ -3.067272, 37.963725 ], [ -3.069105, 37.97273 ], [ -3.069432, 37.97432 ], [ -3.070734, 37.981736 ], [ -3.072395, 37.990741 ], [ -3.07437, 37.999746 ], [ -3.076774, 38.008751 ], [ -3.079632, 38.017755 ], [ -3.080863, 38.022086 ], [ -3.082026, 38.02676 ], [ -3.084306, 38.035764 ], [ -3.087122, 38.044769 ], [ -3.090595, 38.053772 ], [ -3.092295, 38.058301 ], [ -3.093695, 38.062776 ], [ -3.096596, 38.07178 ], [ -3.100172, 38.080783 ], [ -3.10373, 38.088615 ], [ -3.104167, 38.089786 ], [ -3.107053, 38.098789 ], [ -3.110526, 38.107792 ], [ -3.11476, 38.116794 ], [ -3.115172, 38.117798 ], [ -3.117952, 38.125797 ], [ -3.121525, 38.1348 ], [ -3.12578, 38.143801 ], [ -3.126621, 38.145747 ], [ -3.129326, 38.152804 ], [ -3.133021, 38.161806 ], [ -3.137463, 38.170807 ], [ -3.138076, 38.17217 ], [ -3.141059, 38.179808 ], [ -3.145315, 38.188809 ], [ -3.149537, 38.197239 ], [ -3.149803, 38.19781 ], [ -3.153672, 38.206811 ], [ -3.158073, 38.215811 ], [ -3.161004, 38.221434 ], [ -3.162692, 38.22481 ], [ -3.167066, 38.23381 ], [ -3.171859, 38.242809 ], [ -3.172474, 38.243981 ], [ -3.176385, 38.251808 ], [ -3.18122, 38.260807 ], [ -3.18395, 38.265729 ], [ -3.18613, 38.269805 ], [ -3.191133, 38.278803 ], [ -3.195429, 38.286213 ], [ -3.196329, 38.2878 ], [ -3.201577, 38.296797 ], [ -3.206911, 38.305663 ], [ -3.206991, 38.305794 ], [ -3.212522, 38.31479 ], [ -3.218127, 38.323785 ], [ -3.218397, 38.324206 ], [ -3.224032, 38.33278 ], [ -3.229865, 38.341774 ], [ -3.229886, 38.341805 ], [ -3.236268, 38.350767 ], [ -3.241377, 38.358329 ], [ -3.242397, 38.359761 ], [ -3.249059, 38.368752 ], [ -3.25287, 38.373994 ], [ -3.25574, 38.377744 ], [ -3.262618, 38.386734 ], [ -3.264366, 38.388961 ], [ -3.270007, 38.395723 ], [ -3.275863, 38.403068 ], [ -3.277254, 38.404712 ], [ -3.285167, 38.413698 ], [ -3.28736, 38.4162 ], [ -3.293427, 38.422684 ], [ -3.29886, 38.428722 ], [ -3.301699, 38.431668 ], [ -3.310184, 38.440652 ], [ -3.310361, 38.440827 ], [ -3.319749, 38.449632 ], [ -3.321861, 38.451616 ], [ -3.329694, 38.45861 ], [ -3.333361, 38.461853 ], [ -3.340157, 38.467585 ], [ -3.344862, 38.471497 ], [ -3.351164, 38.476558 ], [ -3.356364, 38.48069 ], [ -3.362573, 38.485529 ], [ -3.367867, 38.489558 ], [ -3.374552, 38.494497 ], [ -3.37937, 38.497999 ], [ -3.386935, 38.503462 ], [ -3.390875, 38.506182 ], [ -3.399813, 38.512425 ], [ -3.402381, 38.514117 ], [ -3.413088, 38.521384 ], [ -3.413889, 38.521899 ], [ -3.425395, 38.528967 ], [ -3.427615, 38.530337 ], [ -3.436901, 38.535629 ], [ -3.44298, 38.539286 ], [ -3.448409, 38.542269 ], [ -3.458402, 38.548232 ], [ -3.45992, 38.549059 ], [ -3.471427, 38.554951 ], [ -3.475541, 38.557169 ], [ -3.482935, 38.56077 ], [ -3.492799, 38.566103 ], [ -3.494448, 38.566869 ], [ -3.505955, 38.571936 ], [ -3.512194, 38.575025 ], [ -3.517465, 38.577264 ], [ -3.528978, 38.582639 ], [ -3.531915, 38.583942 ], [ -3.540485, 38.587117 ], [ -3.552001, 38.592472 ], [ -3.552948, 38.59285 ], [ -3.563507, 38.596275 ], [ -3.575023, 38.601342 ], [ -3.576102, 38.601744 ], [ -3.586529, 38.604832 ], [ -3.598044, 38.609356 ], [ -3.601606, 38.61062 ], [ -3.609551, 38.612808 ], [ -3.621062, 38.6165 ], [ -3.629274, 38.61948 ], [ -3.632576, 38.620422 ], [ -3.644082, 38.623331 ], [ -3.655597, 38.62714 ], [ -3.659561, 38.628319 ], [ -3.667105, 38.630028 ], [ -3.678612, 38.632751 ], [ -3.690127, 38.636263 ], [ -3.69348, 38.637128 ], [ -3.701634, 38.638692 ], [ -3.713139, 38.64102 ], [ -3.724651, 38.643869 ], [ -3.73259, 38.645894 ], [ -3.736163, 38.646565 ], [ -3.747666, 38.648371 ], [ -3.759172, 38.650504 ], [ -3.770685, 38.653055 ], [ -3.777924, 38.654607 ], [ -3.782194, 38.655276 ], [ -3.793696, 38.656794 ], [ -3.805201, 38.658546 ], [ -3.81671, 38.660576 ], [ -3.828224, 38.662958 ], [ -3.830112, 38.663253 ], [ -3.839727, 38.664324 ], [ -3.85123, 38.66571 ], [ -3.862734, 38.667121 ], [ -3.874242, 38.668791 ], [ -3.885753, 38.670685 ], [ -3.89297, 38.671795 ], [ -3.89726, 38.672264 ], [ -3.908761, 38.673295 ], [ -3.920264, 38.674416 ], [ -3.931769, 38.67565 ], [ -3.943275, 38.677002 ], [ -3.954783, 38.678485 ], [ -3.966295, 38.680135 ], [ -3.967039, 38.680211 ], [ -3.977795, 38.680975 ], [ -3.989297, 38.681818 ], [ -4.000799, 38.682717 ], [ -4.012302, 38.683702 ], [ -4.023807, 38.684732 ], [ -4.035313, 38.685833 ], [ -4.04682, 38.687016 ], [ -4.058329, 38.688278 ], [ -4.059982, 38.688411 ], [ -4.06983, 38.688963 ], [ -4.08133, 38.689586 ], [ -4.092833, 38.690394 ], [ -4.104332, 38.69094 ], [ -4.115834, 38.691657 ], [ -4.127337, 38.692404 ], [ -4.138843, 38.693362 ], [ -4.150345, 38.694016 ], [ -4.16185, 38.694864 ], [ -4.173356, 38.695751 ], [ -4.180786, 38.696258 ], [ -4.184859, 38.696452 ], [ -4.196358, 38.69687 ], [ -4.207857, 38.697296 ], [ -4.219356, 38.697728 ], [ -4.230856, 38.698167 ], [ -4.242356, 38.69863 ], [ -4.253856, 38.699093 ], [ -4.265356, 38.699562 ], [ -4.276857, 38.70004 ], [ -4.288361, 38.700676 ], [ -4.299859, 38.701031 ], [ -4.311361, 38.701554 ], [ -4.322863, 38.702075 ], [ -4.334365, 38.702574 ], [ -4.345866, 38.703022 ], [ -4.355933, 38.703363 ], [ -4.357366, 38.703394 ], [ -4.368861, 38.703518 ], [ -4.380355, 38.703599 ], [ -4.39185, 38.70371 ], [ -4.403342, 38.703692 ], [ -4.414835, 38.703696 ], [ -4.426327, 38.703662 ], [ -4.437818, 38.703589 ], [ -4.449309, 38.703484 ], [ -4.460799, 38.703362 ], [ -4.472288, 38.703198 ], [ -4.483777, 38.702997 ], [ -4.495264, 38.702761 ], [ -4.506752, 38.702518 ], [ -4.518238, 38.702232 ], [ -4.529723, 38.701908 ], [ -4.541208, 38.701552 ], [ -4.552692, 38.701186 ], [ -4.564175, 38.700764 ], [ -4.564223, 38.700762 ], [ -4.575653, 38.700097 ], [ -4.587129, 38.699398 ], [ -4.598605, 38.698671 ], [ -4.61008, 38.697922 ], [ -4.621553, 38.697143 ], [ -4.633027, 38.696345 ], [ -4.644499, 38.695531 ], [ -4.655971, 38.694706 ], [ -4.667444, 38.693928 ], [ -4.678916, 38.693095 ], [ -4.690386, 38.69225 ], [ -4.701857, 38.691399 ], [ -4.713327, 38.69055 ], [ -4.724797, 38.689721 ], [ -4.727772, 38.689455 ], [ -4.736258, 38.688527 ], [ -4.747716, 38.687217 ], [ -4.759175, 38.685936 ], [ -4.770633, 38.684684 ], [ -4.782092, 38.683465 ], [ -4.793551, 38.682272 ], [ -4.805011, 38.681102 ], [ -4.81647, 38.679958 ], [ -4.826582, 38.678948 ], [ -4.827929, 38.6788 ], [ -4.839375, 38.677129 ], [ -4.850821, 38.675527 ], [ -4.862269, 38.673983 ], [ -4.873717, 38.672495 ], [ -4.885168, 38.671102 ], [ -4.896618, 38.66972 ], [ -4.904713, 38.668697 ], [ -4.908065, 38.6682 ], [ -4.9195, 38.666297 ], [ -4.930938, 38.664485 ], [ -4.942384, 38.663011 ], [ -4.953819, 38.661164 ], [ -4.96526, 38.659565 ], [ -4.97194, 38.658579 ], [ -4.976696, 38.65777 ], [ -4.988123, 38.655694 ], [ -4.999558, 38.653938 ], [ -5.010985, 38.651899 ], [ -5.022418, 38.650092 ], [ -5.032296, 38.648541 ], [ -5.03385, 38.648264 ], [ -5.045268, 38.645999 ], [ -5.056691, 38.643895 ], [ -5.068113, 38.641809 ], [ -5.079538, 38.639856 ], [ -5.086829, 38.638577 ], [ -5.090959, 38.63776 ], [ -5.10237, 38.635361 ], [ -5.113785, 38.633123 ], [ -5.125203, 38.630991 ], [ -5.136621, 38.628925 ], [ -5.137989, 38.628649 ], [ -5.148026, 38.626406 ], [ -5.159432, 38.623954 ], [ -5.17084, 38.621629 ], [ -5.182252, 38.619435 ], [ -5.185435, 38.618768 ], [ -5.193653, 38.616882 ], [ -5.205051, 38.614289 ], [ -5.216452, 38.611824 ], [ -5.227857, 38.609483 ], [ -5.230497, 38.608913 ], [ -5.239251, 38.606831 ], [ -5.250644, 38.604172 ], [ -5.26204, 38.601637 ], [ -5.273438, 38.599213 ], [ -5.274053, 38.599071 ], [ -5.284823, 38.596368 ], [ -5.296212, 38.59368 ], [ -5.307602, 38.591077 ], [ -5.315605, 38.589252 ], [ -5.31899, 38.588422 ], [ -5.330369, 38.585519 ], [ -5.341754, 38.582826 ], [ -5.353137, 38.580107 ], [ -5.35583, 38.579445 ], [ -5.364512, 38.577166 ], [ -5.375887, 38.574235 ], [ -5.387264, 38.57143 ], [ -5.394486, 38.569656 ], [ -5.398639, 38.568554 ], [ -5.410005, 38.56547 ], [ -5.421376, 38.562521 ], [ -5.431871, 38.559882 ], [ -5.432747, 38.559646 ], [ -5.444106, 38.556412 ], [ -5.455469, 38.553358 ], [ -5.466835, 38.550387 ], [ -5.467776, 38.550126 ], [ -5.478188, 38.547074 ], [ -5.489543, 38.543867 ], [ -5.500902, 38.540783 ], [ -5.502274, 38.54039 ], [ -5.512248, 38.537375 ], [ -5.523597, 38.534055 ], [ -5.534949, 38.530868 ], [ -5.535618, 38.530669 ], [ -5.546286, 38.527286 ], [ -5.557627, 38.523866 ], [ -5.567563, 38.520969 ], [ -5.568971, 38.520532 ], [ -5.580301, 38.516837 ], [ -5.591635, 38.513313 ], [ -5.598289, 38.511287 ], [ -5.602968, 38.509758 ], [ -5.614291, 38.505998 ], [ -5.625621, 38.502435 ], [ -5.628107, 38.501618 ], [ -5.636938, 38.498543 ], [ -5.648258, 38.49477 ], [ -5.656757, 38.491968 ], [ -5.659576, 38.490988 ], [ -5.670883, 38.486944 ], [ -5.682197, 38.483112 ], [ -5.684371, 38.482334 ], [ -5.693498, 38.478948 ], [ -5.704801, 38.47489 ], [ -5.710829, 38.472721 ], [ -5.716099, 38.470729 ], [ -5.727392, 38.466484 ], [ -5.736513, 38.46312 ], [ -5.738686, 38.462283 ], [ -5.749968, 38.457809 ], [ -5.761256, 38.453536 ], [ -5.761256, 38.453536 ], [ -5.772528, 38.448867 ], [ -5.783807, 38.444412 ], [ -5.784868, 38.443974 ], [ -5.795072, 38.439659 ], [ -5.806339, 38.434985 ], [ -5.807646, 38.434426 ], [ -5.817594, 38.430034 ], [ -5.828853, 38.425219 ], [ -5.82959, 38.424895 ], [ -5.840098, 38.420079 ], [ -5.850634, 38.415381 ], [ -5.851345, 38.415054 ], [ -5.862579, 38.409714 ], [ -5.87081, 38.405886 ], [ -5.873813, 38.404439 ], [ -5.885037, 38.398955 ], [ -5.890213, 38.396405 ], [ -5.896256, 38.393356 ], [ -5.90747, 38.387716 ], [ -5.908976, 38.386938 ], [ -5.918673, 38.381819 ], [ -5.926843, 38.37749 ], [ -5.929871, 38.375843 ], [ -5.941058, 38.36966 ], [ -5.943873, 38.36806 ], [ -5.952233, 38.363221 ], [ -5.960074, 38.358649 ], [ -5.963402, 38.356663 ], [ -5.97456, 38.349902 ], [ -5.975608, 38.349252 ], [ -5.985706, 38.342909 ], [ -5.99051, 38.33987 ], [ -5.996845, 38.335783 ], [ -6.004877, 38.330499 ], [ -6.007972, 38.328439 ], [ -6.018741, 38.32114 ], [ -6.01909, 38.320902 ], [ -6.030198, 38.313211 ], [ -6.032217, 38.311789 ], [ -6.041296, 38.305321 ], [ -6.045244, 38.302448 ], [ -6.052383, 38.297219 ], [ -6.057987, 38.293114 ], [ -6.063464, 38.289031 ], [ -6.070328, 38.283788 ], [ -6.07453, 38.280559 ], [ -6.082316, 38.274471 ], [ -6.085586, 38.27191 ], [ -6.094077, 38.265158 ], [ -6.096633, 38.2631 ], [ -6.105504, 38.255853 ], [ -6.107668, 38.254074 ], [ -6.116715, 38.246553 ], [ -6.118693, 38.244892 ], [ -6.127688, 38.237258 ], [ -6.129708, 38.235523 ], [ -6.138427, 38.227968 ], [ -6.140712, 38.225967 ], [ -6.149001, 38.218682 ], [ -6.151707, 38.216277 ], [ -6.159376, 38.2094 ], [ -6.162691, 38.206376 ], [ -6.169526, 38.200124 ], [ -6.173663, 38.196284 ], [ -6.179565, 38.190849 ], [ -6.184625, 38.186045 ], [ -6.189348, 38.181581 ], [ -6.195574, 38.175542 ], [ -6.198918, 38.172317 ], [ -6.206509, 38.164815 ], [ -6.208315, 38.163058 ], [ -6.21743, 38.153844 ], [ -6.217469, 38.153805 ], [ -6.226835, 38.144545 ], [ -6.228354, 38.142995 ], [ -6.236012, 38.13529 ], [ -6.239265, 38.131924 ], [ -6.245053, 38.126037 ], [ -6.25016, 38.120575 ], [ -6.253783, 38.116793 ], [ -6.261035, 38.108845 ], [ -6.262242, 38.107555 ], [ -6.270834, 38.098314 ], [ -6.271908, 38.097149 ], [ -6.279536, 38.089068 ], [ -6.282776, 38.085431 ], [ -6.287934, 38.079831 ], [ -6.293622, 38.073267 ], [ -6.29585, 38.070606 ], [ -6.303958, 38.061376 ], [ -6.30445, 38.060812 ], [ -6.312331, 38.052137 ], [ -6.315288, 38.048648 ], [ -6.32036, 38.042908 ], [ -6.326097, 38.035913 ], [ -6.328019, 38.033688 ], [ -6.335754, 38.024466 ], [ -6.336898, 38.023087 ], [ -6.343744, 38.015237 ], [ -6.347697, 38.01029 ], [ -6.351298, 38.006019 ], [ -6.358388, 37.996814 ], [ -6.358458, 37.996729 ], [ -6.366329, 37.987584 ], [ -6.369245, 37.983842 ], [ -6.373785, 37.978368 ], [ -6.379985, 37.970005 ], [ -6.380649, 37.969168 ], [ -6.388222, 37.959947 ], [ -6.390743, 37.956647 ], [ -6.395568, 37.950732 ], [ -6.401461, 37.942487 ], [ -6.402194, 37.941538 ], [ -6.409586, 37.932322 ], [ -6.412195, 37.928773 ], [ -6.416672, 37.923113 ], [ -6.422884, 37.914163 ], [ -6.423064, 37.913925 ], [ -6.4305, 37.904706 ], [ -6.433606, 37.900354 ], [ -6.43736, 37.895503 ], [ -6.443745, 37.886314 ], [ -6.444279, 37.885584 ], [ -6.450959, 37.8771 ], [ -6.45497, 37.871274 ], [ -6.457494, 37.867905 ], [ -6.464075, 37.858709 ], [ -6.465634, 37.856491 ], [ -6.47096, 37.849504 ], [ -6.476278, 37.841361 ], [ -6.477011, 37.840323 ], [ -6.483888, 37.831117 ], [ -6.486934, 37.826558 ], [ -6.490308, 37.821924 ], [ -6.496442, 37.812739 ], [ -6.497554, 37.811101 ], [ -6.503115, 37.803538 ], [ -6.508162, 37.795463 ], [ -6.508916, 37.794363 ], [ -6.515528, 37.785163 ], [ -6.518775, 37.78003 ], [ -6.521578, 37.77598 ], [ -6.527549, 37.766799 ], [ -6.529354, 37.763968 ], [ -6.533766, 37.75761 ], [ -6.539332, 37.748441 ], [ -6.539911, 37.747533 ], [ -6.545642, 37.739248 ], [ -6.550456, 37.730939 ], [ -6.550986, 37.730085 ], [ -6.55713, 37.720897 ], [ -6.560992, 37.714251 ], [ -6.56258, 37.71173 ], [ -6.568383, 37.702552 ], [ -6.571501, 37.697099 ], [ -6.573753, 37.693387 ], [ -6.579291, 37.684216 ], [ -6.581982, 37.679459 ], [ -6.584648, 37.675051 ], [ -6.589962, 37.665887 ], [ -6.592438, 37.661384 ], [ -6.595183, 37.656725 ], [ -6.600351, 37.647565 ], [ -6.602866, 37.642841 ], [ -6.605391, 37.638409 ], [ -6.610343, 37.629255 ], [ -6.613255, 37.623595 ], [ -6.615159, 37.620105 ], [ -6.620071, 37.610952 ], [ -6.623608, 37.603717 ], [ -6.624591, 37.601811 ], [ -6.629395, 37.59266 ], [ -6.633671, 37.583526 ], [ -6.633916, 37.58302 ], [ -6.638164, 37.574386 ], [ -6.642465, 37.56525 ], [ -6.644178, 37.561477 ], [ -6.646706, 37.556117 ], [ -6.650837, 37.546987 ], [ -6.654367, 37.538554 ], [ -6.654666, 37.537866 ], [ -6.658696, 37.528739 ], [ -6.662398, 37.519622 ], [ -6.664482, 37.51423 ], [ -6.665937, 37.51051 ], [ -6.669495, 37.501397 ], [ -6.67282, 37.492291 ], [ -6.674476, 37.487574 ], [ -6.676039, 37.483188 ], [ -6.679176, 37.474088 ], [ -6.6821, 37.464995 ], [ -6.684304, 37.45766 ], [ -6.684827, 37.455908 ], [ -6.687488, 37.446822 ], [ -6.689953, 37.437743 ], [ -6.692222, 37.42867 ], [ -6.693829, 37.421729 ], [ -6.694322, 37.419602 ], [ -6.696369, 37.410535 ], [ -6.698337, 37.401471 ], [ -6.70022, 37.39241 ], [ -6.701998, 37.383352 ], [ -6.702975, 37.378269 ], [ -6.703731, 37.374295 ], [ -6.705377, 37.365242 ], [ -6.706959, 37.35619 ], [ -6.70847, 37.34714 ], [ -6.709916, 37.338092 ], [ -6.711296, 37.329047 ], [ -6.711694, 37.326307 ], [ -6.712599, 37.320003 ], [ -6.713827, 37.310962 ], [ -6.714982, 37.301924 ], [ -6.716097, 37.292886 ], [ -6.717155, 37.283851 ], [ -6.718159, 37.274817 ], [ -6.719109, 37.265785 ], [ -6.719692, 37.259877 ], [ -6.719992, 37.256755 ], [ -6.720799, 37.247727 ], [ -6.721554, 37.238701 ], [ -6.722259, 37.229676 ], [ -6.722896, 37.220654 ], [ -6.723504, 37.211632 ], [ -6.724065, 37.202612 ], [ -6.724572, 37.193594 ], [ -6.72504, 37.184577 ], [ -6.725462, 37.175561 ], [ -6.725841, 37.166547 ], [ -6.72606, 37.160512 ], [ -6.726161, 37.157534 ], [ -6.726412, 37.148524 ], [ -6.726632, 37.139514 ], [ -6.726779, 37.130507 ], [ -6.726903, 37.121501 ], [ -6.72699, 37.112496 ], [ -6.727016, 37.103493 ], [ -6.727017, 37.09449 ], [ -6.726983, 37.085489 ], [ -6.72689, 37.076489 ], [ -6.726777, 37.06749 ], [ -6.726625, 37.058492 ], [ -6.726436, 37.049496 ], [ -6.726213, 37.0405 ], [ -6.725945, 37.031506 ], [ -6.725649, 37.022513 ], [ -6.725314, 37.013521 ], [ -6.724893, 37.004532 ], [ -6.724478, 36.995542 ], [ -6.72404, 36.986553 ], [ -6.723454, 36.977569 ], [ -6.722963, 36.968582 ], [ -6.722434, 36.959596 ], [ -6.721856, 36.950612 ], [ -6.721237, 36.941628 ], [ -6.720564, 36.932647 ], [ -6.719846, 36.923667 ], [ -6.719196, 36.914685 ], [ -6.718345, 36.905709 ], [ -6.717507, 36.896732 ], [ -6.716632, 36.887757 ], [ -6.715751, 36.878782 ], [ -6.714798, 36.869809 ], [ -6.713811, 36.860837 ], [ -6.71279, 36.851866 ], [ -6.711737, 36.842896 ], [ -6.710648, 36.833928 ], [ -6.709824, 36.827446 ], [ -6.709495, 36.824961 ], [ -6.708247, 36.815997 ], [ -6.70702, 36.807033 ], [ -6.705718, 36.798071 ], [ -6.704382, 36.78911 ], [ -6.703022, 36.780149 ], [ -6.701672, 36.771188 ], [ -6.700238, 36.76223 ], [ -6.69877, 36.753273 ], [ -6.697273, 36.744317 ], [ -6.695768, 36.735361 ], [ -6.694184, 36.726407 ], [ -6.693614, 36.723246 ], [ -6.692571, 36.717454 ], [ -6.690928, 36.708502 ], [ -6.689282, 36.699551 ], [ -6.687567, 36.690601 ], [ -6.685815, 36.681652 ], [ -6.684025, 36.672705 ], [ -6.682194, 36.663758 ], [ -6.68031, 36.654814 ], [ -6.678835, 36.647925 ], [ -6.678402, 36.64587 ], [ -6.676507, 36.636925 ], [ -6.674649, 36.62798 ], [ -6.672678, 36.619038 ], [ -6.670651, 36.610097 ], [ -6.66857, 36.601158 ], [ -6.666439, 36.592221 ], [ -6.66468, 36.585053 ], [ -6.664264, 36.583285 ], [ -6.6622, 36.574345 ], [ -6.660072, 36.565407 ], [ -6.657947, 36.556469 ], [ -6.655673, 36.547536 ], [ -6.653312, 36.538605 ], [ -6.650914, 36.52985 ], [ -6.650869, 36.529677 ], [ -6.648675, 36.520741 ], [ -6.646395, 36.511808 ], [ -6.644021, 36.502877 ], [ -6.641551, 36.493949 ], [ -6.638986, 36.485025 ], [ -6.637399, 36.479526 ], [ -6.636469, 36.476098 ], [ -6.634087, 36.467167 ], [ -6.6316, 36.45824 ], [ -6.629029, 36.449315 ], [ -6.626331, 36.440394 ], [ -6.624091, 36.433225 ], [ -6.623583, 36.431474 ], [ -6.621099, 36.422546 ], [ -6.618496, 36.413622 ], [ -6.615776, 36.404701 ], [ -6.612931, 36.395784 ], [ -6.610925, 36.389576 ], [ -6.610112, 36.386865 ], [ -6.607455, 36.377942 ], [ -6.604627, 36.369024 ], [ -6.601529, 36.360114 ], [ -6.598174, 36.351212 ], [ -6.597995, 36.350709 ], [ -6.595235, 36.342297 ], [ -6.592115, 36.333388 ], [ -6.588681, 36.324487 ], [ -6.585284, 36.316291 ], [ -6.585019, 36.315594 ], [ -6.581787, 36.306687 ], [ -6.578248, 36.29779 ], [ -6.574361, 36.288902 ], [ -6.572736, 36.285157 ], [ -6.570679, 36.280009 ], [ -6.56699, 36.271116 ], [ -6.562921, 36.262233 ], [ -6.560319, 36.256691 ], [ -6.558865, 36.25335 ], [ -6.554993, 36.244462 ], [ -6.550648, 36.235587 ], [ -6.548009, 36.230363 ], [ -6.546293, 36.226713 ], [ -6.542169, 36.217832 ], [ -6.537469, 36.208967 ], [ -6.535786, 36.205759 ], [ -6.533061, 36.200093 ], [ -6.528511, 36.191224 ], [ -6.523643, 36.182762 ], [ -6.523435, 36.18237 ], [ -6.519038, 36.173495 ], [ -6.513945, 36.164641 ], [ -6.511543, 36.160539 ], [ -6.509001, 36.155782 ], [ -6.504047, 36.146924 ], [ -6.499512, 36.139724 ], [ -6.498567, 36.13808 ], [ -6.493623, 36.129221 ], [ -6.48775, 36.120388 ], [ -6.487538, 36.12004 ], [ -6.482795, 36.111528 ], [ -6.476867, 36.102697 ], [ -6.475587, 36.100725 ], [ -6.471533, 36.093847 ], [ -6.465513, 36.085018 ], [ -6.463682, 36.082317 ], [ -6.459886, 36.076176 ], [ -6.453683, 36.067351 ], [ -6.451817, 36.064687 ], [ -6.447871, 36.058514 ], [ -6.441397, 36.049696 ], [ -6.439986, 36.047716 ], [ -6.435487, 36.040862 ], [ -6.428604, 36.032055 ], [ -6.428193, 36.031493 ], [ -6.422664, 36.02322 ], [ -6.416412, 36.01544 ], [ -6.415654, 36.014416 ], [ -6.409379, 36.00559 ], [ -6.404652, 35.999749 ], [ -6.402437, 35.996783 ], [ -6.395511, 35.987975 ], [ -6.392929, 35.984807 ], [ -6.388698, 35.979164 ], [ -6.381242, 35.970583 ], [ -6.381073, 35.970375 ], [ -6.374374, 35.961559 ], [ -6.369543, 35.956002 ], [ -6.366928, 35.952764 ], [ -6.359255, 35.943974 ], [ -6.35789, 35.942395 ], [ -6.352077, 35.935171 ], [ -6.346241, 35.92877 ], [ -6.344202, 35.926386 ], [ -6.336298, 35.917601 ], [ -6.334621, 35.915757 ], [ -6.328728, 35.908807 ], [ -6.323006, 35.902763 ], [ -6.320558, 35.900029 ], [ -6.312105, 35.891258 ], [ -6.311428, 35.890535 ], [ -6.304308, 35.882468 ], [ -6.299835, 35.877897 ], [ -6.295938, 35.873693 ], [ -6.288281, 35.866088 ], [ -6.287164, 35.864929 ], [ -6.278607, 35.856158 ], [ -6.276731, 35.854281 ], [ -6.269947, 35.847389 ], [ -6.265195, 35.842741 ], [ -6.261279, 35.83862 ], [ -6.253672, 35.831452 ], [ -6.252049, 35.829866 ], [ -6.242724, 35.821113 ], [ -6.24217, 35.820583 ], [ -6.233963, 35.812344 ], [ -6.230651, 35.809211 ], [ -6.224938, 35.803582 ], [ -6.21915, 35.798186 ], [ -6.215678, 35.794825 ], [ -6.207663, 35.787467 ], [ -6.206151, 35.786074 ], [ -6.196694, 35.777321 ], [ -6.196184, 35.776843 ], [ -6.187665, 35.768556 ], [ -6.184692, 35.765814 ], [ -6.178393, 35.759796 ], [ -6.173216, 35.755097 ], [ -6.168885, 35.751042 ], [ -6.161753, 35.744636 ], [ -6.159214, 35.742291 ], [ -6.150301, 35.734388 ], [ -6.149374, 35.733544 ], [ -6.139614, 35.724794 ], [ -6.138851, 35.72411 ], [ -6.130094, 35.716037 ], [ -6.127397, 35.713648 ], [ -6.120386, 35.707284 ], [ -6.115955, 35.703415 ], [ -6.110488, 35.698534 ], [ -6.104524, 35.693386 ], [ -6.100432, 35.689789 ], [ -6.093102, 35.683535 ], [ -6.090233, 35.681045 ], [ -6.08169, 35.673853 ], [ -6.079873, 35.672306 ], [ -6.070286, 35.664306 ], [ -6.06941, 35.663567 ], [ -6.058891, 35.6549 ], [ -6.058808, 35.654832 ], [ -6.048321, 35.646092 ], [ -6.047494, 35.645414 ], [ -6.037712, 35.637354 ], [ -6.036106, 35.636058 ], [ -6.026905, 35.628621 ], [ -6.024727, 35.626889 ], [ -6.015911, 35.619891 ], [ -6.013358, 35.61789 ], [ -6.004727, 35.611165 ], [ -6.001997, 35.609064 ], [ -5.993306, 35.602443 ], [ -5.990646, 35.600428 ], [ -5.981669, 35.593726 ], [ -5.979304, 35.591974 ], [ -5.969725, 35.585015 ], [ -5.967973, 35.583741 ], [ -5.95749, 35.57631 ], [ -5.956652, 35.575718 ], [ -5.945338, 35.567843 ], [ -5.945, 35.56761 ], [ -5.934029, 35.560008 ], [ -5.932381, 35.558912 ], [ -5.92273, 35.55242 ], [ -5.919313, 35.550223 ], [ -5.911444, 35.545104 ], [ -5.905653, 35.541547 ], [ -5.900171, 35.538133 ], [ -5.891188, 35.532889 ], [ -5.888915, 35.53155 ], [ -5.877666, 35.525113 ], [ -5.876097, 35.524243 ], [ -5.866423, 35.518784 ], [ -5.860228, 35.515615 ], [ -5.855199, 35.512967 ], [ -5.843994, 35.507628 ], [ -5.842683, 35.507023 ], [ -5.832791, 35.502304 ], [ -5.823555, 35.498466 ], [ -5.821612, 35.497618 ], [ -5.810426, 35.492714 ], [ -5.803338, 35.489932 ], [ -5.799257, 35.488243 ], [ -5.78809, 35.48379 ], [ -5.781617, 35.481428 ], [ -5.776933, 35.479611 ], [ -5.765779, 35.475475 ], [ -5.758261, 35.472958 ], [ -5.754637, 35.471661 ], [ -5.743492, 35.46774 ], [ -5.732839, 35.46453 ], [ -5.732368, 35.464377 ], [ -5.72123, 35.460603 ], [ -5.710112, 35.457373 ], [ -5.70573, 35.456134 ], [ -5.698992, 35.454078 ], [ -5.687877, 35.450894 ], [ -5.676778, 35.448143 ], [ -5.675452, 35.447802 ], [ -5.665668, 35.445063 ], [ -5.65457, 35.442337 ], [ -5.643486, 35.440006 ], [ -5.64136, 35.439547 ], [ -5.632395, 35.437413 ], [ -5.62131, 35.435024 ], [ -5.610236, 35.432932 ], [ -5.601358, 35.431409 ], [ -5.599167, 35.430986 ], [ -5.588089, 35.428739 ], [ -5.577018, 35.426717 ], [ -5.565957, 35.424962 ], [ -5.554903, 35.423418 ], [ -5.554765, 35.423397 ], [ -5.543836, 35.421453 ], [ -5.532776, 35.419719 ], [ -5.521723, 35.418169 ], [ -5.510675, 35.416753 ], [ -5.500002, 35.415536 ], [ -5.499631, 35.415485 ], [ -5.488572, 35.413725 ], [ -5.477522, 35.412224 ], [ -5.46648, 35.410958 ], [ -5.455437, 35.409673 ], [ -5.444397, 35.408467 ], [ -5.43833, 35.40779 ], [ -5.433354, 35.407178 ], [ -5.422309, 35.405778 ], [ -5.41127, 35.404575 ], [ -5.400217, 35.402896 ], [ -5.389161, 35.40108 ], [ -5.382475, 35.399898 ], [ -5.378099, 35.399073 ], [ -5.367032, 35.39688 ], [ -5.355967, 35.394726 ], [ -5.34491, 35.392797 ], [ -5.337746, 35.391764 ], [ -5.333862, 35.391188 ], [ -5.322825, 35.389966 ], [ -5.311804, 35.389281 ], [ -5.300801, 35.38921 ], [ -5.289817, 35.389835 ], [ -5.27886, 35.391402 ] ] } },
{ "type": "Feature", "properties": { "fid": 31, "ID": 30, "Intensidad": 9.5 }, "geometry": { "type": "LineString", "coordinates": [ [ -5.463439, 34.947059 ], [ -5.459251, 34.947969 ], [ -5.452568, 34.949426 ], [ -5.441706, 34.952112 ], [ -5.430852, 34.955087 ], [ -5.421929, 34.957728 ], [ -5.420004, 34.958296 ], [ -5.409159, 34.961669 ], [ -5.398318, 34.965175 ], [ -5.39177, 34.967334 ], [ -5.387478, 34.968736 ], [ -5.376636, 34.972298 ], [ -5.365793, 34.975829 ], [ -5.362342, 34.976918 ], [ -5.354944, 34.979218 ], [ -5.344091, 34.982455 ], [ -5.333231, 34.985496 ], [ -5.329325, 34.986565 ], [ -5.322361, 34.988213 ], [ -5.31149, 34.990939 ], [ -5.300623, 34.993816 ], [ -5.291625, 34.996291 ], [ -5.289757, 34.996771 ], [ -5.278885, 34.9995 ], [ -5.268016, 35.00242 ], [ -5.257155, 35.005632 ], [ -5.255985, 35.005967 ], [ -5.246284, 35.008489 ], [ -5.235424, 35.011798 ], [ -5.224558, 35.014935 ], [ -5.222261, 35.015598 ], [ -5.21369, 35.018007 ], [ -5.202824, 35.021184 ], [ -5.191962, 35.024568 ], [ -5.190255, 35.025189 ], [ -5.181108, 35.028267 ], [ -5.170244, 35.031619 ], [ -5.159854, 35.034743 ], [ -5.159377, 35.034895 ], [ -5.148522, 35.038691 ], [ -5.137667, 35.042493 ], [ -5.133129, 35.044224 ], [ -5.126821, 35.046704 ], [ -5.115972, 35.050821 ], [ -5.108006, 35.053672 ], [ -5.105119, 35.054851 ], [ -5.094287, 35.059719 ], [ -5.084974, 35.063079 ], [ -5.083432, 35.063744 ], [ -5.072607, 35.069028 ], [ -5.064352, 35.072441 ], [ -5.061766, 35.073676 ], [ -5.050945, 35.079213 ], [ -5.045517, 35.081769 ], [ -5.04012, 35.084655 ], [ -5.029296, 35.090142 ], [ -5.027528, 35.09108 ], [ -5.018486, 35.096321 ], [ -5.011909, 35.100349 ], [ -5.007689, 35.103049 ], [ -4.998076, 35.109587 ], [ -4.996905, 35.110397 ], [ -4.98613, 35.11821 ], [ -4.985341, 35.118805 ], [ -4.975366, 35.126552 ], [ -4.973598, 35.128005 ], [ -4.964617, 35.1356 ], [ -4.962874, 35.137189 ], [ -4.953881, 35.145317 ], [ -4.952754, 35.146361 ], [ -4.943185, 35.155524 ], [ -4.943156, 35.155554 ], [ -4.93476, 35.164667 ], [ -4.93246, 35.167173 ], [ -4.926876, 35.173802 ], [ -4.921784, 35.179768 ], [ -4.919199, 35.182933 ], [ -4.912209, 35.192052 ], [ -4.911133, 35.193537 ], [ -4.905949, 35.20116 ], [ -4.900525, 35.209303 ], [ -4.899902, 35.210264 ], [ -4.894243, 35.219361 ], [ -4.889974, 35.227744 ], [ -4.88965, 35.228442 ], [ -4.884598, 35.23753 ], [ -4.879693, 35.246615 ], [ -4.879447, 35.247368 ], [ -4.873213, 35.255724 ], [ -4.869421, 35.264792 ], [ -4.86891, 35.266789 ], [ -4.863517, 35.273892 ], [ -4.85896, 35.282971 ], [ -4.858331, 35.284605 ], [ -4.851958, 35.292087 ], [ -4.848103, 35.301155 ], [ -4.847731, 35.301695 ], [ -4.841027, 35.310272 ], [ -4.837051, 35.315401 ], [ -4.830837, 35.319435 ], [ -4.826283, 35.325375 ], [ -4.825054, 35.328531 ], [ -4.815543, 35.336708 ], [ -4.813036, 35.337721 ], [ -4.804682, 35.342786 ], [ -4.799643, 35.34693 ], [ -4.793845, 35.349962 ], [ -4.784721, 35.35616 ], [ -4.783003, 35.357 ], [ -4.772114, 35.361999 ], [ -4.762462, 35.365496 ], [ -4.7612, 35.365918 ], [ -4.750251, 35.368243 ], [ -4.739301, 35.370567 ], [ -4.72836, 35.37334 ], [ -4.717377, 35.374133 ], [ -4.7064, 35.375263 ], [ -4.695403, 35.375443 ], [ -4.684369, 35.373833 ], [ -4.673358, 35.373324 ], [ -4.662273, 35.369227 ], [ -4.651247, 35.367968 ], [ -4.640236, 35.36738 ], [ -4.638741, 35.367238 ], [ -4.629215, 35.366359 ], [ -4.618133, 35.362215 ], [ -4.607108, 35.360886 ], [ -4.596077, 35.35926 ], [ -4.593254, 35.358837 ], [ -4.585041, 35.357387 ], [ -4.574009, 35.355646 ], [ -4.562985, 35.354338 ], [ -4.551965, 35.353202 ], [ -4.54095, 35.352309 ], [ -4.529939, 35.351599 ], [ -4.518931, 35.351038 ], [ -4.514302, 35.350843 ], [ -4.507924, 35.350548 ], [ -4.496918, 35.350093 ], [ -4.485915, 35.349805 ], [ -4.474915, 35.34966 ], [ -4.463917, 35.349641 ], [ -4.452921, 35.349738 ], [ -4.441927, 35.349952 ], [ -4.430935, 35.35027 ], [ -4.419944, 35.350691 ], [ -4.408955, 35.351213 ], [ -4.397968, 35.351834 ], [ -4.389947, 35.352337 ], [ -4.386981, 35.352509 ], [ -4.375995, 35.353224 ], [ -4.365009, 35.353936 ], [ -4.354025, 35.354774 ], [ -4.343041, 35.355696 ], [ -4.332059, 35.356666 ], [ -4.321077, 35.357751 ], [ -4.310098, 35.358929 ], [ -4.299119, 35.360238 ], [ -4.288141, 35.361561 ], [ -4.280385, 35.362557 ], [ -4.277163, 35.362934 ], [ -4.266183, 35.364203 ], [ -4.255204, 35.365551 ], [ -4.244226, 35.366999 ], [ -4.233249, 35.368555 ], [ -4.222274, 35.370218 ], [ -4.2113, 35.372001 ], [ -4.209365, 35.372299 ], [ -4.200322, 35.373567 ], [ -4.189344, 35.375183 ], [ -4.178368, 35.376906 ], [ -4.167392, 35.378749 ], [ -4.156419, 35.380724 ], [ -4.149963, 35.381888 ], [ -4.145443, 35.382633 ], [ -4.134466, 35.38442 ], [ -4.123489, 35.386327 ], [ -4.112514, 35.388365 ], [ -4.10154, 35.39055 ], [ -4.097221, 35.391388 ], [ -4.090564, 35.392571 ], [ -4.079586, 35.394562 ], [ -4.06861, 35.396665 ], [ -4.057634, 35.398913 ], [ -4.048649, 35.40083 ], [ -4.046659, 35.401222 ], [ -4.035681, 35.403353 ], [ -4.024704, 35.40557 ], [ -4.013728, 35.407994 ], [ -4.004185, 35.410217 ], [ -4.002753, 35.410527 ], [ -3.991775, 35.412812 ], [ -3.980798, 35.415283 ], [ -3.969822, 35.417939 ], [ -3.963242, 35.419561 ], [ -3.958846, 35.420572 ], [ -3.947868, 35.4231 ], [ -3.936892, 35.425945 ], [ -3.925916, 35.428795 ], [ -3.925651, 35.428864 ], [ -3.914938, 35.431528 ], [ -3.903961, 35.434435 ], [ -3.892984, 35.437414 ], [ -3.890319, 35.43814 ], [ -3.882006, 35.440404 ], [ -3.871028, 35.443443 ], [ -3.86005, 35.44654 ], [ -3.857092, 35.44739 ], [ -3.849071, 35.449702 ], [ -3.838093, 35.452917 ], [ -3.827114, 35.456193 ], [ -3.825711, 35.456619 ], [ -3.816134, 35.459534 ], [ -3.805155, 35.462931 ], [ -3.795968, 35.465829 ], [ -3.794175, 35.466396 ], [ -3.783195, 35.469922 ], [ -3.772214, 35.473508 ], [ -3.767663, 35.475022 ], [ -3.761233, 35.477166 ], [ -3.750252, 35.480849 ], [ -3.740589, 35.484201 ], [ -3.73927, 35.484651 ], [ -3.728287, 35.488376 ], [ -3.717305, 35.492376 ], [ -3.714598, 35.493367 ], [ -3.706321, 35.496265 ], [ -3.695338, 35.500368 ], [ -3.689736, 35.502522 ], [ -3.684354, 35.504502 ], [ -3.673369, 35.508675 ], [ -3.665923, 35.511666 ], [ -3.662384, 35.513029 ], [ -3.651398, 35.517304 ], [ -3.643022, 35.5208 ], [ -3.640413, 35.521845 ], [ -3.629425, 35.52624 ], [ -3.62089, 35.529926 ], [ -3.618438, 35.530944 ], [ -3.607449, 35.535504 ], [ -3.599506, 35.539044 ], [ -3.596461, 35.540381 ], [ -3.585471, 35.545096 ], [ -3.578789, 35.548155 ], [ -3.574481, 35.550054 ], [ -3.56349, 35.555052 ], [ -3.558792, 35.557259 ], [ -3.552498, 35.560102 ], [ -3.541506, 35.565393 ], [ -3.539497, 35.566357 ], [ -3.530512, 35.570508 ], [ -3.520717, 35.575449 ], [ -3.519519, 35.576033 ], [ -3.508522, 35.581328 ], [ -3.50227, 35.584537 ], [ -3.497527, 35.586893 ], [ -3.48653, 35.592637 ], [ -3.484648, 35.593619 ], [ -3.475531, 35.598213 ], [ -3.467279, 35.602698 ], [ -3.464533, 35.604148 ], [ -3.453533, 35.610082 ], [ -3.450467, 35.611772 ], [ -3.442531, 35.616009 ], [ -3.434078, 35.620842 ], [ -3.43153, 35.622261 ], [ -3.420527, 35.628526 ], [ -3.418136, 35.629908 ], [ -3.409522, 35.63475 ], [ -3.402509, 35.638971 ], [ -3.398516, 35.641307 ], [ -3.387533, 35.64803 ], [ -3.38751, 35.648044 ], [ -3.376501, 35.654556 ], [ -3.372432, 35.657087 ], [ -3.365492, 35.661308 ], [ -3.357882, 35.666141 ], [ -3.354481, 35.668266 ], [ -3.343846, 35.675192 ], [ -3.343469, 35.675433 ], [ -3.332455, 35.682434 ], [ -3.329696, 35.684241 ], [ -3.32144, 35.68958 ], [ -3.315915, 35.693288 ], [ -3.310423, 35.696925 ], [ -3.302541, 35.702332 ], [ -3.299405, 35.704456 ], [ -3.289507, 35.711374 ], [ -3.288385, 35.712152 ], [ -3.277363, 35.719915 ], [ -3.276657, 35.720414 ], [ -3.26634, 35.727644 ], [ -3.263829, 35.729453 ], [ -3.255314, 35.73556 ], [ -3.251324, 35.738489 ], [ -3.244287, 35.74364 ], [ -3.239097, 35.747524 ], [ -3.233259, 35.75188 ], [ -3.227114, 35.756557 ], [ -3.222228, 35.760281 ], [ -3.21537, 35.765588 ], [ -3.211196, 35.768828 ], [ -3.203844, 35.774618 ], [ -3.200161, 35.777528 ], [ -3.192515, 35.783646 ], [ -3.189125, 35.786381 ], [ -3.181386, 35.792673 ], [ -3.178086, 35.795382 ], [ -3.170452, 35.801699 ], [ -3.167045, 35.804546 ], [ -3.159695, 35.810723 ], [ -3.156002, 35.813872 ], [ -3.149127, 35.819746 ], [ -3.144957, 35.823366 ], [ -3.138748, 35.828768 ], [ -3.13391, 35.833056 ], [ -3.128558, 35.837789 ], [ -3.12286, 35.84294 ], [ -3.118564, 35.846809 ], [ -3.111807, 35.85304 ], [ -3.108828, 35.855828 ], [ -3.100752, 35.863423 ], [ -3.099198, 35.864846 ], [ -3.089805, 35.873863 ], [ -3.089695, 35.873969 ], [ -3.08031, 35.882879 ], [ -3.078634, 35.884518 ], [ -3.071006, 35.891894 ], [ -3.067571, 35.895334 ], [ -3.061929, 35.900909 ], [ -3.056505, 35.906473 ], [ -3.053096, 35.909923 ], [ -3.045437, 35.917992 ], [ -3.044524, 35.918936 ], [ -3.035855, 35.927948 ], [ -3.034365, 35.929535 ], [ -3.027268, 35.93696 ], [ -3.023289, 35.941314 ], [ -3.018948, 35.945971 ], [ -3.012211, 35.953583 ], [ -3.010943, 35.954981 ], [ -3.00284, 35.963991 ], [ -3.001129, 35.96594 ], [ -2.994801, 35.973 ], [ -2.990044, 35.97861 ], [ -2.987083, 35.982009 ], [ -2.979571, 35.991018 ], [ -2.978955, 35.991751 ], [ -2.971867, 36.000025 ], [ -2.967862, 36.004962 ], [ -2.964461, 36.009033 ], [ -2.957329, 36.01804 ], [ -2.956766, 36.018745 ], [ -2.94995, 36.027046 ], [ -2.945665, 36.032624 ], [ -2.942969, 36.036052 ], [ -2.936073, 36.045058 ], [ -2.93456, 36.047057 ], [ -2.929108, 36.054064 ], [ -2.923451, 36.061875 ], [ -2.922569, 36.063069 ], [ -2.915797, 36.072074 ], [ -2.912337, 36.076923 ], [ -2.909287, 36.081078 ], [ -2.902942, 36.090082 ], [ -2.901218, 36.092578 ], [ -2.896604, 36.099086 ], [ -2.890673, 36.10809 ], [ -2.890094, 36.108963 ], [ -2.884541, 36.117094 ], [ -2.878964, 36.126068 ], [ -2.878945, 36.126097 ], [ -2.873042, 36.1351 ], [ -2.867828, 36.143873 ], [ -2.867686, 36.144104 ], [ -2.862048, 36.153106 ], [ -2.85694, 36.162109 ], [ -2.856685, 36.162542 ], [ -2.85157, 36.171112 ], [ -2.846635, 36.180115 ], [ -2.845535, 36.182129 ], [ -2.841634, 36.189117 ], [ -2.836822, 36.19812 ], [ -2.834378, 36.202902 ], [ -2.832139, 36.207123 ], [ -2.827484, 36.216125 ], [ -2.823211, 36.225123 ], [ -2.823208, 36.225128 ], [ -2.818641, 36.23413 ], [ -2.81445, 36.243133 ], [ -2.812034, 36.248547 ], [ -2.810364, 36.252135 ], [ -2.80624, 36.261137 ], [ -2.802392, 36.27014 ], [ -2.800847, 36.273872 ], [ -2.798551, 36.279143 ], [ -2.794747, 36.288145 ], [ -2.791268, 36.297148 ], [ -2.789646, 36.301363 ], [ -2.787724, 36.306151 ], [ -2.784195, 36.315153 ], [ -2.780952, 36.324156 ], [ -2.778429, 36.331603 ], [ -2.777869, 36.333159 ], [ -2.774541, 36.342162 ], [ -2.771496, 36.351165 ], [ -2.768701, 36.360168 ], [ -2.767194, 36.365138 ], [ -2.765876, 36.369172 ], [ -2.762954, 36.378175 ], [ -2.760283, 36.387178 ], [ -2.757837, 36.396182 ], [ -2.755934, 36.40363 ], [ -2.755499, 36.405186 ], [ -2.752873, 36.414189 ], [ -2.750478, 36.423193 ], [ -2.74829, 36.432197 ], [ -2.746289, 36.441201 ], [ -2.744639, 36.449179 ], [ -2.744403, 36.450206 ], [ -2.742194, 36.45921 ], [ -2.740181, 36.468214 ], [ -2.738345, 36.477219 ], [ -2.736605, 36.486223 ], [ -2.735081, 36.495229 ], [ -2.7337, 36.504234 ], [ -2.73329, 36.506828 ], [ -2.73213, 36.513239 ], [ -2.730466, 36.522244 ], [ -2.729004, 36.531249 ], [ -2.727684, 36.540255 ], [ -2.726489, 36.549261 ], [ -2.72569, 36.558267 ], [ -2.724401, 36.567273 ], [ -2.723524, 36.576279 ], [ -2.722742, 36.585286 ], [ -2.722043, 36.594293 ], [ -2.721806, 36.597233 ], [ -2.721207, 36.603299 ], [ -2.720357, 36.612305 ], [ -2.719607, 36.621312 ], [ -2.718949, 36.630319 ], [ -2.718598, 36.639326 ], [ -2.7179, 36.648333 ], [ -2.717564, 36.657341 ], [ -2.717277, 36.666348 ], [ -2.716971, 36.675356 ], [ -2.716502, 36.684363 ], [ -2.716087, 36.69337 ], [ -2.715654, 36.702378 ], [ -2.715197, 36.711385 ], [ -2.715105, 36.720393 ], [ -2.714227, 36.729399 ], [ -2.713718, 36.738406 ], [ -2.713193, 36.747413 ], [ -2.712651, 36.75642 ], [ -2.712084, 36.765427 ], [ -2.711523, 36.774433 ], [ -2.710944, 36.78344 ], [ -2.71035, 36.792447 ], [ -2.709875, 36.799055 ], [ -2.709654, 36.801453 ], [ -2.708611, 36.810459 ], [ -2.707568, 36.819464 ], [ -2.706829, 36.828471 ], [ -2.705477, 36.837475 ], [ -2.704428, 36.846481 ], [ -2.703381, 36.855486 ], [ -2.702322, 36.864492 ], [ -2.701288, 36.873497 ], [ -2.700262, 36.882502 ], [ -2.69923, 36.891508 ], [ -2.698278, 36.89961 ], [ -2.698143, 36.900513 ], [ -2.696406, 36.909516 ], [ -2.694721, 36.91852 ], [ -2.693041, 36.927524 ], [ -2.691474, 36.936528 ], [ -2.689954, 36.945531 ], [ -2.688493, 36.954536 ], [ -2.687036, 36.96354 ], [ -2.686794, 36.964716 ], [ -2.684694, 36.972541 ], [ -2.682387, 36.981543 ], [ -2.680207, 36.990545 ], [ -2.678175, 36.999547 ], [ -2.67626, 37.00855 ], [ -2.675366, 37.012141 ], [ -2.673667, 37.017551 ], [ -2.670701, 37.02655 ], [ -2.66781, 37.03555 ], [ -2.665227, 37.04455 ], [ -2.663952, 37.052981 ], [ -2.663834, 37.053554 ], [ -2.661848, 37.062556 ], [ -2.659662, 37.071558 ], [ -2.652774, 37.080545 ], [ -2.652586, 37.080759 ], [ -2.64797, 37.089539 ], [ -2.645652, 37.09854 ], [ -2.641226, 37.10546 ], [ -2.640398, 37.107531 ], [ -2.635161, 37.116523 ], [ -2.629887, 37.124165 ], [ -2.62936, 37.125513 ], [ -2.62873, 37.134518 ], [ -2.62803, 37.143524 ], [ -2.629749, 37.15244 ], [ -2.629766, 37.152537 ], [ -2.635549, 37.161562 ], [ -2.640933, 37.167467 ], [ -2.644716, 37.170597 ], [ -2.652151, 37.175871 ], [ -2.658302, 37.179645 ], [ -2.663381, 37.18205 ], [ -2.674627, 37.185248 ], [ -2.683455, 37.188722 ], [ -2.68587, 37.189105 ], [ -2.697122, 37.191085 ], [ -2.70836, 37.196736 ], [ -2.712924, 37.197805 ], [ -2.719616, 37.198233 ], [ -2.730876, 37.198569 ], [ -2.742133, 37.199827 ], [ -2.753386, 37.202277 ], [ -2.763539, 37.206924 ], [ -2.764633, 37.207051 ], [ -2.775896, 37.207079 ], [ -2.787158, 37.207292 ], [ -2.798421, 37.207114 ], [ -2.809674, 37.210929 ], [ -2.820937, 37.210978 ], [ -2.832199, 37.211584 ], [ -2.843461, 37.212145 ], [ -2.854723, 37.212703 ], [ -2.865986, 37.213044 ], [ -2.877249, 37.213374 ], [ -2.888512, 37.213714 ], [ -2.899775, 37.213753 ], [ -2.911039, 37.213762 ], [ -2.922302, 37.213762 ], [ -2.933566, 37.213784 ], [ -2.944829, 37.213985 ], [ -2.956093, 37.213742 ], [ -2.967357, 37.213455 ], [ -2.978621, 37.21323 ], [ -2.989884, 37.213236 ], [ -3.001148, 37.213072 ], [ -3.012411, 37.212475 ], [ -3.023674, 37.211888 ], [ -3.034937, 37.211554 ], [ -3.046201, 37.21174 ], [ -3.057464, 37.212024 ], [ -3.068727, 37.212087 ], [ -3.079991, 37.212323 ], [ -3.091254, 37.212111 ], [ -3.10252, 37.213661 ], [ -3.113784, 37.214379 ], [ -3.125049, 37.215179 ], [ -3.135728, 37.21609 ], [ -3.136315, 37.216172 ], [ -3.147584, 37.218829 ], [ -3.158853, 37.22132 ], [ -3.170123, 37.223492 ], [ -3.17714, 37.225043 ], [ -3.181395, 37.226392 ], [ -3.192672, 37.230943 ], [ -3.202082, 37.23401 ], [ -3.203949, 37.234932 ], [ -3.215234, 37.24141 ], [ -3.218172, 37.242989 ], [ -3.226524, 37.248982 ], [ -3.229888, 37.251975 ], [ -3.23783, 37.260699 ], [ -3.238131, 37.260966 ], [ -3.24456, 37.26996 ], [ -3.247912, 37.27896 ], [ -3.249176, 37.283705 ], [ -3.250237, 37.287963 ], [ -3.251264, 37.296968 ], [ -3.25111, 37.305976 ], [ -3.250233, 37.314985 ], [ -3.249296, 37.32001 ], [ -3.248469, 37.323996 ], [ -3.245393, 37.33301 ], [ -3.242438, 37.342023 ], [ -3.239284, 37.351037 ], [ -3.238122, 37.353325 ], [ -3.234645, 37.360054 ], [ -3.230076, 37.36907 ], [ -3.226904, 37.37535 ], [ -3.22533, 37.378086 ], [ -3.219856, 37.387104 ], [ -3.215669, 37.393698 ], [ -3.214059, 37.396122 ], [ -3.207716, 37.40514 ], [ -3.204423, 37.410009 ], [ -3.20136, 37.414158 ], [ -3.194973, 37.423176 ], [ -3.193169, 37.425461 ], [ -3.187686, 37.432195 ], [ -3.181908, 37.439629 ], [ -3.180608, 37.441213 ], [ -3.172969, 37.450232 ], [ -3.170642, 37.453023 ], [ -3.165327, 37.45925 ], [ -3.15937, 37.466157 ], [ -3.157517, 37.468268 ], [ -3.149283, 37.477286 ], [ -3.148093, 37.478567 ], [ -3.140731, 37.486303 ], [ -3.136812, 37.490479 ], [ -3.132252, 37.49532 ], [ -3.125527, 37.502553 ], [ -3.123877, 37.504336 ], [ -3.114938, 37.513352 ], [ -3.114238, 37.514052 ], [ -3.105775, 37.522368 ], [ -3.102944, 37.525103 ], [ -3.096498, 37.531383 ], [ -3.091647, 37.536047 ], [ -3.087134, 37.540397 ], [ -3.080348, 37.547178 ], [ -3.078135, 37.549411 ], [ -3.069044, 37.557714 ], [ -3.068273, 37.558424 ], [ -3.057945, 37.567436 ], [ -3.057736, 37.567622 ], [ -3.048019, 37.576448 ], [ -3.046426, 37.577874 ], [ -3.038334, 37.585458 ], [ -3.035113, 37.588309 ], [ -3.028691, 37.594468 ], [ -3.023796, 37.599618 ], [ -3.019878, 37.603477 ], [ -3.012477, 37.610233 ], [ -3.010144, 37.612485 ], [ -3.001154, 37.62058 ], [ -3.000197, 37.621492 ], [ -2.990477, 37.630499 ], [ -2.989828, 37.631041 ], [ -2.981275, 37.639504 ], [ -2.978498, 37.642658 ], [ -2.972866, 37.64851 ], [ -2.967165, 37.65386 ], [ -2.963608, 37.657514 ], [ -2.955829, 37.664777 ], [ -2.954116, 37.666517 ], [ -2.944588, 37.67552 ], [ -2.944489, 37.675642 ], [ -2.937254, 37.684523 ], [ -2.933145, 37.688643 ], [ -2.928908, 37.693525 ], [ -2.921797, 37.70038 ], [ -2.919839, 37.702526 ], [ -2.910447, 37.71128 ], [ -2.910182, 37.711526 ], [ -2.902091, 37.720526 ], [ -2.899092, 37.723781 ], [ -2.894435, 37.729527 ], [ -2.887733, 37.736162 ], [ -2.885692, 37.738525 ], [ -2.876775, 37.747523 ], [ -2.876371, 37.747981 ], [ -2.870106, 37.756522 ], [ -2.865002, 37.76196 ], [ -2.861854, 37.76552 ], [ -2.853633, 37.773537 ], [ -2.852789, 37.774515 ], [ -2.84614, 37.783513 ], [ -2.842254, 37.78785 ], [ -2.838811, 37.79251 ], [ -2.830874, 37.800943 ], [ -2.830414, 37.801505 ], [ -2.824608, 37.810503 ], [ -2.819485, 37.816215 ], [ -2.817201, 37.819499 ], [ -2.809027, 37.828492 ], [ -2.808096, 37.829665 ], [ -2.80308, 37.837489 ], [ -2.796698, 37.84465 ], [ -2.79543, 37.846482 ], [ -2.789687, 37.855479 ], [ -2.785292, 37.860909 ], [ -2.783105, 37.864473 ], [ -2.776346, 37.873467 ], [ -2.773883, 37.876692 ], [ -2.770514, 37.882463 ], [ -2.763547, 37.891455 ], [ -2.762466, 37.893078 ], [ -2.758878, 37.900452 ], [ -2.751933, 37.909444 ], [ -2.751038, 37.911541 ], [ -2.748005, 37.918442 ], [ -2.742375, 37.927437 ], [ -2.739597, 37.931735 ], [ -2.737347, 37.936432 ], [ -2.732728, 37.945428 ], [ -2.72815, 37.95227 ], [ -2.727125, 37.954421 ], [ -2.723971, 37.96342 ], [ -2.71912, 37.972415 ], [ -2.716679, 37.977051 ], [ -2.714984, 37.981412 ], [ -2.712049, 37.990411 ], [ -2.708287, 37.999408 ], [ -2.705183, 38.006173 ], [ -2.704473, 38.008404 ], [ -2.702524, 38.017406 ], [ -2.700474, 38.026407 ], [ -2.697687, 38.035406 ], [ -2.69531, 38.044406 ], [ -2.693611, 38.05158 ], [ -2.693319, 38.053407 ], [ -2.692525, 38.062411 ], [ -2.691916, 38.071416 ], [ -2.691808, 38.080422 ], [ -2.691737, 38.089428 ], [ -2.692207, 38.098435 ], [ -2.693127, 38.107444 ], [ -2.693372, 38.108674 ], [ -2.695209, 38.116455 ], [ -2.69794, 38.125468 ], [ -2.700416, 38.134481 ], [ -2.702828, 38.143493 ], [ -2.704608, 38.149224 ], [ -2.70572, 38.152506 ], [ -2.708776, 38.16152 ], [ -2.711838, 38.170533 ], [ -2.715125, 38.179548 ], [ -2.715888, 38.181801 ], [ -2.718349, 38.188561 ], [ -2.721945, 38.197576 ], [ -2.725817, 38.206591 ], [ -2.727195, 38.209732 ], [ -2.729664, 38.215606 ], [ -2.733603, 38.224621 ], [ -2.73782, 38.233636 ], [ -2.738519, 38.235106 ], [ -2.741977, 38.242651 ], [ -2.746305, 38.251667 ], [ -2.749858, 38.258707 ], [ -2.75083, 38.260682 ], [ -2.755318, 38.269698 ], [ -2.760036, 38.278713 ], [ -2.761208, 38.280925 ], [ -2.764727, 38.287729 ], [ -2.769613, 38.296744 ], [ -2.772568, 38.302084 ], [ -2.774576, 38.30576 ], [ -2.779578, 38.314775 ], [ -2.783938, 38.322316 ], [ -2.784773, 38.32379 ], [ -2.789931, 38.332806 ], [ -2.79531, 38.341821 ], [ -2.795316, 38.341831 ], [ -2.800594, 38.350836 ], [ -2.806136, 38.359851 ], [ -2.806702, 38.360772 ], [ -2.811603, 38.368865 ], [ -2.817287, 38.37788 ], [ -2.818095, 38.379147 ], [ -2.822931, 38.386895 ], [ -2.828764, 38.395909 ], [ -2.829495, 38.397039 ], [ -2.834537, 38.404923 ], [ -2.84053, 38.413937 ], [ -2.840901, 38.414502 ], [ -2.846445, 38.42295 ], [ -2.852314, 38.431598 ], [ -2.85256, 38.431964 ], [ -2.858594, 38.440977 ], [ -2.863733, 38.448395 ], [ -2.864826, 38.44999 ], [ -2.871026, 38.459003 ], [ -2.875157, 38.464867 ], [ -2.877353, 38.468015 ], [ -2.883716, 38.477027 ], [ -2.886587, 38.481032 ], [ -2.89014, 38.486039 ], [ -2.896656, 38.49505 ], [ -2.898023, 38.496934 ], [ -2.903157, 38.504061 ], [ -2.909464, 38.512589 ], [ -2.909818, 38.513072 ], [ -2.916435, 38.522083 ], [ -2.92091, 38.528074 ], [ -2.923155, 38.531093 ], [ -2.929918, 38.540103 ], [ -2.932361, 38.54333 ], [ -2.93672, 38.549112 ], [ -2.943622, 38.558121 ], [ -2.943817, 38.558375 ], [ -2.950505, 38.567129 ], [ -2.955278, 38.573285 ], [ -2.957493, 38.576138 ], [ -2.964461, 38.585145 ], [ -2.966744, 38.588139 ], [ -2.971335, 38.594153 ], [ -2.978215, 38.603006 ], [ -2.978336, 38.60316 ], [ -2.985717, 38.612166 ], [ -2.98969, 38.616758 ], [ -2.993616, 38.621172 ], [ -3.00117, 38.629373 ], [ -3.001926, 38.630178 ], [ -3.010669, 38.639183 ], [ -3.012653, 38.641165 ], [ -3.019821, 38.648187 ], [ -3.024141, 38.652348 ], [ -3.029341, 38.65719 ], [ -3.035631, 38.662855 ], [ -3.039417, 38.666192 ], [ -3.047125, 38.672794 ], [ -3.04998, 38.675194 ], [ -3.058621, 38.682304 ], [ -3.060975, 38.684194 ], [ -3.07012, 38.69135 ], [ -3.07254, 38.693192 ], [ -3.081621, 38.69996 ], [ -3.084691, 38.702189 ], [ -3.093124, 38.708207 ], [ -3.09743, 38.711185 ], [ -3.10463, 38.716165 ], [ -3.110638, 38.720178 ], [ -3.116138, 38.72379 ], [ -3.124688, 38.729169 ], [ -3.127648, 38.731023 ], [ -3.139159, 38.737984 ], [ -3.139449, 38.738158 ], [ -3.150672, 38.744906 ], [ -3.154604, 38.747144 ], [ -3.162187, 38.751497 ], [ -3.170831, 38.756126 ], [ -3.173704, 38.757689 ], [ -3.185221, 38.763799 ], [ -3.187766, 38.765105 ], [ -3.196741, 38.769684 ], [ -3.205668, 38.77408 ], [ -3.208261, 38.775437 ], [ -3.219784, 38.781059 ], [ -3.224159, 38.783052 ], [ -3.231307, 38.786439 ], [ -3.242831, 38.791468 ], [ -3.244079, 38.792017 ], [ -3.254357, 38.796748 ], [ -3.264919, 38.800976 ], [ -3.265883, 38.801385 ], [ -3.277411, 38.806434 ], [ -3.286758, 38.80993 ], [ -3.288939, 38.810801 ], [ -3.300469, 38.81553 ], [ -3.309894, 38.818876 ], [ -3.311999, 38.819676 ], [ -3.323531, 38.824222 ], [ -3.334506, 38.827813 ], [ -3.335062, 38.828011 ], [ -3.346596, 38.832374 ], [ -3.358129, 38.836049 ], [ -3.360266, 38.836741 ], [ -3.369664, 38.840055 ], [ -3.381199, 38.843696 ], [ -3.387637, 38.845659 ], [ -3.392735, 38.847332 ], [ -3.404273, 38.851065 ], [ -3.415808, 38.854174 ], [ -3.417181, 38.854562 ], [ -3.427347, 38.857783 ], [ -3.438885, 38.861041 ], [ -3.448604, 38.86345 ], [ -3.450422, 38.863965 ], [ -3.461964, 38.867484 ], [ -3.473503, 38.870416 ], [ -3.482071, 38.872322 ], [ -3.485042, 38.873089 ], [ -3.496585, 38.876341 ], [ -3.508125, 38.879069 ], [ -3.518352, 38.881171 ], [ -3.519664, 38.881463 ], [ -3.53121, 38.884635 ], [ -3.542752, 38.887263 ], [ -3.554292, 38.889482 ], [ -3.556864, 38.889999 ], [ -3.565837, 38.892142 ], [ -3.577382, 38.894764 ], [ -3.588924, 38.896985 ], [ -3.599743, 38.898791 ], [ -3.600465, 38.898936 ], [ -3.612013, 38.901652 ], [ -3.623558, 38.903966 ], [ -3.635102, 38.905947 ], [ -3.645929, 38.90755 ], [ -3.646643, 38.907678 ], [ -3.658192, 38.910112 ], [ -3.669738, 38.912253 ], [ -3.681283, 38.914087 ], [ -3.692826, 38.915719 ], [ -3.696564, 38.916264 ], [ -3.704372, 38.917669 ], [ -3.715921, 38.919749 ], [ -3.727468, 38.921558 ], [ -3.739012, 38.923134 ], [ -3.750555, 38.92451 ], [ -3.753653, 38.924914 ], [ -3.762103, 38.926274 ], [ -3.773652, 38.928123 ], [ -3.785199, 38.929747 ], [ -3.796745, 38.931185 ], [ -3.808289, 38.932458 ], [ -3.818708, 38.93348 ], [ -3.819833, 38.933619 ], [ -3.831383, 38.935317 ], [ -3.842932, 38.93687 ], [ -3.854479, 38.938244 ], [ -3.866025, 38.939457 ], [ -3.877569, 38.940567 ], [ -3.889113, 38.941563 ], [ -3.893362, 38.941937 ], [ -3.90066, 38.942752 ], [ -3.912209, 38.944148 ], [ -3.923757, 38.945401 ], [ -3.935304, 38.946527 ], [ -3.94685, 38.947538 ], [ -3.958394, 38.948381 ], [ -3.969939, 38.949285 ], [ -3.981482, 38.950033 ], [ -3.984044, 38.950213 ], [ -3.993028, 38.951021 ], [ -4.004576, 38.952104 ], [ -4.016124, 38.953093 ], [ -4.02767, 38.954 ], [ -4.039216, 38.954837 ], [ -4.050761, 38.955616 ], [ -4.062305, 38.956332 ], [ -4.073849, 38.95702 ], [ -4.085393, 38.957662 ], [ -4.096123, 38.958218 ], [ -4.096936, 38.958273 ], [ -4.108485, 38.959232 ], [ -4.120033, 38.960142 ], [ -4.131581, 38.960983 ], [ -4.143128, 38.96176 ], [ -4.15467, 38.962227 ], [ -4.166219, 38.963097 ], [ -4.177764, 38.963724 ], [ -4.189309, 38.964314 ], [ -4.200853, 38.964864 ], [ -4.212397, 38.965375 ], [ -4.22394, 38.965848 ], [ -4.22575, 38.965933 ], [ -4.235487, 38.966522 ], [ -4.247035, 38.967235 ], [ -4.258581, 38.967841 ], [ -4.270127, 38.968449 ], [ -4.281673, 38.969024 ], [ -4.293218, 38.969565 ], [ -4.304763, 38.970072 ], [ -4.316308, 38.970543 ], [ -4.327852, 38.970979 ], [ -4.339395, 38.97138 ], [ -4.350938, 38.971745 ], [ -4.362481, 38.972098 ], [ -4.374023, 38.97243 ], [ -4.385565, 38.97274 ], [ -4.396751, 38.973016 ], [ -4.397107, 38.973027 ], [ -4.408651, 38.973443 ], [ -4.420196, 38.973856 ], [ -4.43174, 38.974231 ], [ -4.44328, 38.974434 ], [ -4.454824, 38.974799 ], [ -4.466366, 38.975083 ], [ -4.477908, 38.97535 ], [ -4.48945, 38.975595 ], [ -4.500991, 38.975817 ], [ -4.512531, 38.976012 ], [ -4.524071, 38.976179 ], [ -4.53561, 38.976298 ], [ -4.54715, 38.97642 ], [ -4.558689, 38.976528 ], [ -4.570227, 38.976619 ], [ -4.581765, 38.976691 ], [ -4.593303, 38.97674 ], [ -4.60484, 38.976763 ], [ -4.616376, 38.976757 ], [ -4.62791, 38.976652 ], [ -4.639446, 38.976613 ], [ -4.650981, 38.976565 ], [ -4.662516, 38.976504 ], [ -4.674051, 38.976424 ], [ -4.685585, 38.976323 ], [ -4.697118, 38.976194 ], [ -4.708649, 38.975973 ], [ -4.720181, 38.975812 ], [ -4.731713, 38.975625 ], [ -4.743244, 38.975422 ], [ -4.754775, 38.975202 ], [ -4.766305, 38.974959 ], [ -4.777834, 38.974691 ], [ -4.789363, 38.974394 ], [ -4.800889, 38.974019 ], [ -4.812416, 38.973676 ], [ -4.823943, 38.973318 ], [ -4.835469, 38.972941 ], [ -4.846994, 38.972543 ], [ -4.858518, 38.972119 ], [ -4.870042, 38.971666 ], [ -4.881562, 38.971104 ], [ -4.893085, 38.970617 ], [ -4.904606, 38.970092 ], [ -4.916126, 38.969547 ], [ -4.927646, 38.968979 ], [ -4.939164, 38.968385 ], [ -4.950682, 38.967763 ], [ -4.962198, 38.967092 ], [ -4.973713, 38.966408 ], [ -4.985228, 38.965713 ], [ -4.996742, 38.964998 ], [ -5.008256, 38.96426 ], [ -5.011667, 38.964033 ], [ -5.019768, 38.963492 ], [ -5.031279, 38.962693 ], [ -5.042788, 38.961858 ], [ -5.054296, 38.960973 ], [ -5.065804, 38.960087 ], [ -5.077311, 38.959181 ], [ -5.088816, 38.958251 ], [ -5.100321, 38.957297 ], [ -5.111824, 38.956315 ], [ -5.123325, 38.955259 ], [ -5.134827, 38.95423 ], [ -5.146328, 38.953195 ], [ -5.153865, 38.952491 ], [ -5.157827, 38.952107 ], [ -5.169323, 38.950945 ], [ -5.180818, 38.94976 ], [ -5.192312, 38.948551 ], [ -5.203804, 38.947281 ], [ -5.215296, 38.946033 ], [ -5.226787, 38.944774 ], [ -5.238278, 38.943505 ], [ -5.249767, 38.942224 ], [ -5.255373, 38.94157 ], [ -5.261254, 38.940846 ], [ -5.272738, 38.939415 ], [ -5.284218, 38.937895 ], [ -5.2957, 38.936407 ], [ -5.30718, 38.934913 ], [ -5.31866, 38.933416 ], [ -5.330139, 38.931915 ], [ -5.337247, 38.930955 ], [ -5.341615, 38.930331 ], [ -5.353087, 38.928617 ], [ -5.364557, 38.926887 ], [ -5.376026, 38.925156 ], [ -5.387495, 38.923431 ], [ -5.398964, 38.92172 ], [ -5.406772, 38.920538 ], [ -5.410431, 38.919953 ], [ -5.421892, 38.918038 ], [ -5.433354, 38.916164 ], [ -5.444816, 38.914323 ], [ -5.456279, 38.912514 ], [ -5.467742, 38.910736 ], [ -5.471099, 38.91019 ], [ -5.479199, 38.908788 ], [ -5.490653, 38.906794 ], [ -5.502108, 38.904833 ], [ -5.513563, 38.902904 ], [ -5.525019, 38.901012 ], [ -5.531674, 38.899889 ], [ -5.536471, 38.899027 ], [ -5.547918, 38.896905 ], [ -5.559366, 38.89484 ], [ -5.570813, 38.892757 ], [ -5.582262, 38.890768 ], [ -5.588629, 38.889636 ], [ -5.593707, 38.88867 ], [ -5.605145, 38.886425 ], [ -5.616585, 38.884235 ], [ -5.628027, 38.882112 ], [ -5.639469, 38.88003 ], [ -5.642641, 38.879422 ], [ -5.650903, 38.877732 ], [ -5.662334, 38.875391 ], [ -5.673767, 38.873114 ], [ -5.685202, 38.870897 ], [ -5.693714, 38.869252 ], [ -5.696634, 38.868637 ], [ -5.708057, 38.866141 ], [ -5.719481, 38.863725 ], [ -5.730908, 38.861388 ], [ -5.742337, 38.859118 ], [ -5.742344, 38.859116 ], [ -5.75375, 38.856459 ], [ -5.765166, 38.853907 ], [ -5.776585, 38.851456 ], [ -5.788008, 38.849098 ], [ -5.788338, 38.849024 ], [ -5.799413, 38.846329 ], [ -5.810825, 38.843747 ], [ -5.822234, 38.84112 ], [ -5.832048, 38.838969 ], [ -5.833646, 38.838591 ], [ -5.845043, 38.835711 ], [ -5.856445, 38.832957 ], [ -5.86785, 38.830319 ], [ -5.873707, 38.828948 ], [ -5.879248, 38.827534 ], [ -5.890639, 38.824579 ], [ -5.902034, 38.821759 ], [ -5.913433, 38.819064 ], [ -5.913881, 38.818949 ], [ -5.924816, 38.815997 ], [ -5.936199, 38.812932 ], [ -5.947589, 38.810077 ], [ -5.951738, 38.808996 ], [ -5.958967, 38.806972 ], [ -5.970342, 38.803801 ], [ -5.981723, 38.800789 ], [ -5.988182, 38.799066 ], [ -5.993097, 38.797646 ], [ -6.004461, 38.794303 ], [ -6.015834, 38.791162 ], [ -6.023106, 38.789165 ], [ -6.027202, 38.787949 ], [ -6.038557, 38.784466 ], [ -6.049921, 38.7812 ], [ -6.056559, 38.779291 ], [ -6.061279, 38.777826 ], [ -6.072626, 38.774223 ], [ -6.083982, 38.770861 ], [ -6.088682, 38.769444 ], [ -6.095327, 38.767258 ], [ -6.106666, 38.763569 ], [ -6.118017, 38.760148 ], [ -6.119655, 38.759618 ], [ -6.129345, 38.756236 ], [ -6.140683, 38.75259 ], [ -6.149094, 38.749826 ], [ -6.152014, 38.748822 ], [ -6.163332, 38.744761 ], [ -6.174663, 38.741036 ], [ -6.177525, 38.740053 ], [ -6.185974, 38.736891 ], [ -6.19729, 38.732877 ], [ -6.204745, 38.730307 ], [ -6.208605, 38.728867 ], [ -6.219904, 38.72455 ], [ -6.23122, 38.720624 ], [ -6.231358, 38.720572 ], [ -6.242502, 38.715983 ], [ -6.253806, 38.711842 ], [ -6.256303, 38.710877 ], [ -6.265085, 38.7072 ], [ -6.276374, 38.702796 ], [ -6.280478, 38.701199 ], [ -6.28765, 38.698141 ], [ -6.298927, 38.693562 ], [ -6.303908, 38.691536 ], [ -6.310193, 38.688759 ], [ -6.321459, 38.683971 ], [ -6.326115, 38.681904 ], [ -6.332705, 38.67882 ], [ -6.343956, 38.673787 ], [ -6.347187, 38.672301 ], [ -6.355186, 38.668332 ], [ -6.36643, 38.663228 ], [ -6.367476, 38.662716 ], [ -6.377638, 38.657395 ], [ -6.386446, 38.653166 ], [ -6.388861, 38.651918 ], [ -6.400066, 38.646085 ], [ -6.404877, 38.643628 ], [ -6.411261, 38.640074 ], [ -6.422465, 38.634323 ], [ -6.422869, 38.634101 ], [ -6.433634, 38.627841 ], [ -6.439599, 38.624608 ], [ -6.44481, 38.621577 ], [ -6.455989, 38.615399 ], [ -6.456487, 38.615108 ], [ -6.467135, 38.60857 ], [ -6.472113, 38.605643 ], [ -6.478283, 38.601834 ], [ -6.487928, 38.59617 ], [ -6.489435, 38.595229 ], [ -6.500566, 38.58822 ], [ -6.502946, 38.58672 ], [ -6.511683, 38.580987 ], [ -6.517501, 38.577281 ], [ -6.522798, 38.573751 ], [ -6.532089, 38.56784 ], [ -6.533917, 38.56662 ], [ -6.545017, 38.559185 ], [ -6.54615, 38.558412 ], [ -6.5561, 38.551426 ], [ -6.559609, 38.549002 ], [ -6.567177, 38.543602 ], [ -6.572945, 38.539593 ], [ -6.578252, 38.535774 ], [ -6.586061, 38.53019 ], [ -6.589317, 38.527805 ], [ -6.598965, 38.520792 ], [ -6.600375, 38.519742 ], [ -6.611425, 38.511571 ], [ -6.611644, 38.5114 ], [ -6.622457, 38.503078 ], [ -6.623828, 38.502022 ], [ -6.63348, 38.494467 ], [ -6.635798, 38.492649 ], [ -6.644495, 38.48574 ], [ -6.647652, 38.483278 ], [ -6.655504, 38.476948 ], [ -6.659252, 38.473915 ], [ -6.666501, 38.467978 ], [ -6.670655, 38.464556 ], [ -6.677488, 38.45887 ], [ -6.681874, 38.455202 ], [ -6.688466, 38.449627 ], [ -6.692966, 38.445851 ], [ -6.699437, 38.440312 ], [ -6.703841, 38.436506 ], [ -6.710396, 38.430805 ], [ -6.714543, 38.427166 ], [ -6.721345, 38.421163 ], [ -6.72511, 38.417828 ], [ -6.732285, 38.411401 ], [ -6.735502, 38.408496 ], [ -6.743216, 38.401505 ], [ -6.745765, 38.399167 ], [ -6.754136, 38.391475 ], [ -6.755893, 38.389841 ], [ -6.765047, 38.381327 ], [ -6.765921, 38.380517 ], [ -6.775788, 38.371198 ], [ -6.775949, 38.371045 ], [ -6.785401, 38.361887 ], [ -6.786833, 38.3605 ], [ -6.794904, 38.352578 ], [ -6.797708, 38.349832 ], [ -6.804384, 38.343269 ], [ -6.808577, 38.339102 ], [ -6.813699, 38.333965 ], [ -6.819434, 38.328217 ], [ -6.822933, 38.324663 ], [ -6.830282, 38.317212 ], [ -6.83208, 38.315363 ], [ -6.841122, 38.306107 ], [ -6.841164, 38.306064 ], [ -6.850016, 38.296772 ], [ -6.851945, 38.294747 ], [ -6.858786, 38.287482 ], [ -6.862758, 38.283263 ], [ -6.867472, 38.278195 ], [ -6.873561, 38.271661 ], [ -6.87609, 38.268909 ], [ -6.884357, 38.259974 ], [ -6.884687, 38.259623 ], [ -6.893102, 38.250343 ], [ -6.895138, 38.248085 ], [ -6.901425, 38.241065 ], [ -6.905908, 38.236039 ], [ -6.909662, 38.23179 ], [ -6.916667, 38.223865 ], [ -6.917858, 38.222515 ], [ -6.926002, 38.213241 ], [ -6.927419, 38.211617 ], [ -6.934151, 38.203967 ], [ -6.938166, 38.199357 ], [ -6.94221, 38.194695 ], [ -6.948897, 38.186838 ], [ -6.950074, 38.18543 ], [ -6.957674, 38.176172 ], [ -6.959593, 38.173762 ], [ -6.965056, 38.166922 ], [ -6.97025, 38.160019 ], [ -6.972009, 38.157686 ], [ -6.978774, 38.148456 ], [ -6.980861, 38.145512 ], [ -6.985282, 38.139234 ], [ -6.991427, 38.130247 ], [ -6.99158, 38.130019 ], [ -6.997869, 38.120804 ], [ -7.00196, 38.114469 ], [ -7.003848, 38.111599 ], [ -7.009693, 38.102398 ], [ -7.012443, 38.097846 ], [ -7.015267, 38.093207 ], [ -7.020706, 38.08402 ], [ -7.02287, 38.080277 ], [ -7.025999, 38.074837 ], [ -7.031269, 38.065655 ], [ -7.033255, 38.062038 ], [ -7.036401, 38.056478 ], [ -7.041297, 38.047309 ], [ -7.043581, 38.042813 ], [ -7.046006, 38.038146 ], [ -7.050655, 38.028985 ], [ -7.053837, 38.022409 ], [ -7.055059, 38.019832 ], [ -7.059635, 38.010673 ], [ -7.06386, 38.001526 ], [ -7.064039, 38.001134 ], [ -7.068247, 37.992373 ], [ -7.072269, 37.983233 ], [ -7.074174, 37.978723 ], [ -7.076182, 37.974096 ], [ -7.0801, 37.96496 ], [ -7.083781, 37.955831 ], [ -7.084217, 37.954777 ], [ -7.087842, 37.946689 ], [ -7.09155, 37.937559 ], [ -7.094192, 37.929707 ], [ -7.094705, 37.928448 ], [ -7.098666, 37.919309 ], [ -7.101853, 37.910197 ], [ -7.104067, 37.90294 ], [ -7.104648, 37.901099 ], [ -7.107967, 37.891982 ], [ -7.111528, 37.882857 ], [ -7.113863, 37.874875 ], [ -7.114796, 37.873742 ], [ -7.120383, 37.864545 ], [ -7.122682, 37.855464 ], [ -7.123666, 37.84705 ], [ -7.123855, 37.846422 ], [ -7.128421, 37.837261 ], [ -7.131212, 37.828162 ], [ -7.132514, 37.819116 ], [ -7.133179, 37.814154 ], [ -7.134638, 37.81004 ], [ -7.139236, 37.800878 ], [ -7.141334, 37.791803 ], [ -7.142372, 37.782766 ], [ -7.142645, 37.78053 ], [ -7.145034, 37.773672 ], [ -7.14884, 37.764537 ], [ -7.150577, 37.755475 ], [ -7.151433, 37.746444 ], [ -7.151851, 37.7424 ], [ -7.15328, 37.737378 ], [ -7.157557, 37.728226 ], [ -7.159492, 37.719157 ], [ -7.160483, 37.710121 ], [ -7.160928, 37.702109 ], [ -7.161148, 37.701097 ], [ -7.16487, 37.691964 ], [ -7.167468, 37.682872 ], [ -7.168734, 37.673826 ], [ -7.169351, 37.664804 ], [ -7.169605, 37.655794 ], [ -7.169647, 37.655557 ], [ -7.173398, 37.646659 ], [ -7.175787, 37.637573 ], [ -7.177139, 37.628525 ], [ -7.177895, 37.619497 ], [ -7.178286, 37.610482 ], [ -7.178371, 37.609264 ], [ -7.180294, 37.60141 ], [ -7.183159, 37.592308 ], [ -7.184692, 37.583253 ], [ -7.185546, 37.574222 ], [ -7.186085, 37.565202 ], [ -7.18647, 37.556187 ], [ -7.186596, 37.554186 ], [ -7.188241, 37.547124 ], [ -7.190948, 37.538027 ], [ -7.192522, 37.52897 ], [ -7.193449, 37.519936 ], [ -7.193975, 37.510917 ], [ -7.194239, 37.501906 ], [ -7.194328, 37.492902 ], [ -7.194401, 37.491778 ], [ -7.196231, 37.483834 ], [ -7.198417, 37.474755 ], [ -7.199837, 37.465704 ], [ -7.20074, 37.456671 ], [ -7.20129, 37.447651 ], [ -7.201595, 37.438639 ], [ -7.201724, 37.429633 ], [ -7.201721, 37.420852 ], [ -7.20174, 37.420632 ], [ -7.203254, 37.411577 ], [ -7.2052, 37.402507 ], [ -7.206394, 37.393464 ], [ -7.207043, 37.38444 ], [ -7.207718, 37.375415 ], [ -7.208072, 37.366401 ], [ -7.208258, 37.357394 ], [ -7.208313, 37.348391 ], [ -7.208268, 37.339392 ], [ -7.208216, 37.335289 ], [ -7.208498, 37.330383 ], [ -7.210063, 37.321326 ], [ -7.211446, 37.312276 ], [ -7.212342, 37.303243 ], [ -7.212911, 37.294222 ], [ -7.213258, 37.285209 ], [ -7.213554, 37.276197 ], [ -7.213716, 37.267191 ], [ -7.213768, 37.258188 ], [ -7.213731, 37.249188 ], [ -7.213619, 37.240191 ], [ -7.213448, 37.231196 ], [ -7.213273, 37.224048 ], [ -7.21332, 37.2222 ], [ -7.213838, 37.213181 ], [ -7.215047, 37.204137 ], [ -7.21587, 37.195106 ], [ -7.21641, 37.186086 ], [ -7.21681, 37.177071 ], [ -7.217095, 37.16806 ], [ -7.217263, 37.159053 ], [ -7.217335, 37.150049 ], [ -7.217323, 37.141049 ], [ -7.217243, 37.132051 ], [ -7.217101, 37.123055 ], [ -7.216909, 37.114061 ], [ -7.216671, 37.105068 ], [ -7.216396, 37.096077 ], [ -7.216088, 37.087087 ], [ -7.215682, 37.0781 ], [ -7.215495, 37.069106 ], [ -7.215213, 37.060115 ], [ -7.214907, 37.051125 ], [ -7.214903, 37.051022 ], [ -7.214874, 37.042125 ], [ -7.215022, 37.033119 ], [ -7.215432, 37.024103 ], [ -7.215711, 37.015092 ], [ -7.21588, 37.006085 ], [ -7.215954, 36.997081 ], [ -7.215945, 36.98808 ], [ -7.215866, 36.979082 ], [ -7.215723, 36.970086 ], [ -7.215545, 36.961091 ], [ -7.215381, 36.952096 ], [ -7.21519, 36.943102 ], [ -7.214972, 36.934108 ], [ -7.214725, 36.925116 ], [ -7.21445, 36.916125 ], [ -7.214144, 36.907134 ], [ -7.213808, 36.898145 ], [ -7.213441, 36.889157 ], [ -7.213041, 36.88017 ], [ -7.212609, 36.871184 ], [ -7.212145, 36.862199 ], [ -7.211646, 36.853216 ], [ -7.211187, 36.844231 ], [ -7.210747, 36.835245 ], [ -7.210294, 36.82626 ], [ -7.209824, 36.817276 ], [ -7.209335, 36.808292 ], [ -7.208824, 36.799309 ], [ -7.208289, 36.790326 ], [ -7.207727, 36.781345 ], [ -7.207134, 36.772365 ], [ -7.206509, 36.763386 ], [ -7.205848, 36.754408 ], [ -7.205148, 36.745431 ], [ -7.204458, 36.736454 ], [ -7.203785, 36.727477 ], [ -7.203084, 36.7185 ], [ -7.202349, 36.709525 ], [ -7.20157, 36.700551 ], [ -7.200743, 36.691579 ], [ -7.199855, 36.682609 ], [ -7.198898, 36.673642 ], [ -7.197859, 36.664677 ], [ -7.196728, 36.655715 ], [ -7.195487, 36.646758 ], [ -7.194118, 36.637805 ], [ -7.192564, 36.628858 ], [ -7.191309, 36.619901 ], [ -7.191222, 36.618984 ], [ -7.190657, 36.610922 ], [ -7.190004, 36.601944 ], [ -7.189322, 36.592967 ], [ -7.188607, 36.58399 ], [ -7.187849, 36.575016 ], [ -7.187041, 36.566043 ], [ -7.186174, 36.557072 ], [ -7.185238, 36.548103 ], [ -7.184218, 36.539137 ], [ -7.183072, 36.530176 ], [ -7.182046, 36.521211 ], [ -7.180839, 36.512251 ], [ -7.179466, 36.503298 ], [ -7.177875, 36.494352 ], [ -7.17599, 36.485417 ], [ -7.173698, 36.476496 ], [ -7.172117, 36.467549 ], [ -7.171783, 36.465456 ], [ -7.171114, 36.458583 ], [ -7.170164, 36.449615 ], [ -7.169119, 36.440649 ], [ -7.167981, 36.431688 ], [ -7.166851, 36.422726 ], [ -7.165564, 36.413769 ], [ -7.164061, 36.40482 ], [ -7.162257, 36.395881 ], [ -7.160017, 36.386957 ], [ -7.157122, 36.378057 ], [ -7.155562, 36.370411 ], [ -7.155412, 36.369115 ], [ -7.154362, 36.360149 ], [ -7.153171, 36.351189 ], [ -7.151802, 36.342235 ], [ -7.150398, 36.333282 ], [ -7.148732, 36.324338 ], [ -7.14659, 36.315411 ], [ -7.143658, 36.306511 ], [ -7.140806, 36.297608 ], [ -7.140492, 36.296163 ], [ -7.139575, 36.288649 ], [ -7.138303, 36.279691 ], [ -7.136769, 36.270743 ], [ -7.134866, 36.261807 ], [ -7.130583, 36.252953 ], [ -7.129972, 36.243972 ], [ -7.126212, 36.2351 ], [ -7.126133, 36.234745 ], [ -7.125156, 36.226135 ], [ -7.123913, 36.217176 ], [ -7.122309, 36.208229 ], [ -7.120073, 36.199304 ], [ -7.116565, 36.190423 ], [ -7.11233, 36.181567 ], [ -7.112212, 36.181187 ], [ -7.110982, 36.172611 ], [ -7.107551, 36.163727 ], [ -7.106907, 36.154747 ], [ -7.103865, 36.14585 ], [ -7.099417, 36.137 ], [ -7.098666, 36.134381 ], [ -7.097709, 36.128057 ], [ -7.096006, 36.119113 ], [ -7.093629, 36.110192 ], [ -7.089977, 36.101315 ], [ -7.085422, 36.09304 ], [ -7.085262, 36.092474 ], [ -7.083428, 36.083535 ], [ -7.081284, 36.074605 ], [ -7.078168, 36.06571 ], [ -7.073218, 36.056876 ], [ -7.072325, 36.054243 ], [ -7.071145, 36.047944 ], [ -7.068932, 36.039017 ], [ -7.065587, 36.030129 ], [ -7.059999, 36.021316 ], [ -7.059481, 36.020077 ], [ -7.057635, 36.012394 ], [ -7.055022, 36.00348 ], [ -7.051198, 35.994607 ], [ -7.046664, 35.986196 ], [ -7.046523, 35.985763 ], [ -7.044456, 35.97683 ], [ -7.041237, 35.967936 ], [ -7.035331, 35.959133 ], [ -7.034069, 35.956439 ], [ -7.032524, 35.950225 ], [ -7.029142, 35.941336 ], [ -7.022936, 35.932542 ], [ -7.021666, 35.930255 ], [ -7.018846, 35.923677 ], [ -7.014877, 35.914807 ], [ -7.010272, 35.905959 ], [ -7.00926, 35.903822 ], [ -7.006426, 35.897085 ], [ -7.002096, 35.888227 ], [ -6.997001, 35.879394 ], [ -6.99696, 35.879324 ], [ -6.992525, 35.870541 ], [ -6.987754, 35.861697 ], [ -6.984728, 35.856021 ], [ -6.983048, 35.85285 ], [ -6.978307, 35.844005 ], [ -6.973173, 35.835172 ], [ -6.972573, 35.834115 ], [ -6.968329, 35.82633 ], [ -6.963064, 35.817501 ], [ -6.960486, 35.81341 ], [ -6.957653, 35.808677 ], [ -6.952298, 35.79985 ], [ -6.948453, 35.793654 ], [ -6.946836, 35.791027 ], [ -6.941334, 35.782205 ], [ -6.936476, 35.774927 ], [ -6.935489, 35.773394 ], [ -6.929758, 35.764579 ], [ -6.924559, 35.757272 ], [ -6.92353, 35.755779 ], [ -6.917376, 35.746977 ], [ -6.912685, 35.740397 ], [ -6.911106, 35.738178 ], [ -6.904755, 35.729382 ], [ -6.900849, 35.724184 ], [ -6.898202, 35.720592 ], [ -6.891407, 35.711809 ], [ -6.889062, 35.708871 ], [ -6.884541, 35.703028 ], [ -6.877319, 35.69437 ], [ -6.87723, 35.694261 ], [ -6.870081, 35.685488 ], [ -6.865596, 35.680206 ], [ -6.862656, 35.676724 ], [ -6.854886, 35.66797 ], [ -6.853919, 35.666885 ], [ -6.847175, 35.659213 ], [ -6.842266, 35.653987 ], [ -6.839013, 35.650471 ], [ -6.830659, 35.641966 ], [ -6.830438, 35.641741 ], [ -6.821756, 35.633014 ], [ -6.819077, 35.630398 ], [ -6.812861, 35.624292 ], [ -6.807515, 35.619177 ], [ -6.803809, 35.615575 ], [ -6.795961, 35.608061 ], [ -6.794735, 35.606858 ], [ -6.785823, 35.598136 ], [ -6.784401, 35.596748 ], [ -6.776975, 35.58941 ], [ -6.772844, 35.585411 ], [ -6.768024, 35.580687 ], [ -6.761297, 35.574229 ], [ -6.75897, 35.571966 ], [ -6.749827, 35.563248 ], [ -6.74976, 35.563183 ], [ -6.740877, 35.554522 ], [ -6.738218, 35.551975 ], [ -6.731839, 35.545799 ], [ -6.726686, 35.540902 ], [ -6.722705, 35.537078 ], [ -6.715164, 35.529966 ], [ -6.713478, 35.528359 ], [ -6.704212, 35.51964 ], [ -6.703648, 35.519091 ], [ -6.695092, 35.510917 ], [ -6.692131, 35.508137 ], [ -6.685864, 35.502195 ], [ -6.680623, 35.497311 ], [ -6.676546, 35.493476 ], [ -6.669125, 35.486613 ], [ -6.667139, 35.484759 ], [ -6.657652, 35.476043 ], [ -6.657634, 35.476026 ], [ -6.648321, 35.467321 ], [ -6.646142, 35.46532 ], [ -6.638897, 35.458602 ], [ -6.634658, 35.454741 ], [ -6.62938, 35.449885 ], [ -6.623181, 35.444252 ], [ -6.619802, 35.441168 ], [ -6.611714, 35.433909 ], [ -6.610107, 35.432455 ], [ -6.600325, 35.423743 ], [ -6.600255, 35.423681 ], [ -6.590689, 35.415026 ], [ -6.588794, 35.413323 ], [ -6.580981, 35.40631 ], [ -6.57734, 35.403089 ], [ -6.571169, 35.397596 ], [ -6.565896, 35.392993 ], [ -6.561237, 35.388885 ], [ -6.554461, 35.38303 ], [ -6.551194, 35.380177 ], [ -6.543029, 35.373087 ], [ -6.541157, 35.371467 ], [ -6.53161, 35.363357 ], [ -6.530916, 35.362763 ], [ -6.520666, 35.354057 ], [ -6.520193, 35.353618 ], [ -6.51065, 35.345344 ], [ -6.508774, 35.343779 ], [ -6.500398, 35.336637 ], [ -6.497367, 35.334132 ], [ -6.489993, 35.327934 ], [ -6.485968, 35.324637 ], [ -6.479456, 35.319233 ], [ -6.474579, 35.315272 ], [ -6.468794, 35.310535 ], [ -6.463197, 35.306028 ], [ -6.458021, 35.301839 ], [ -6.451823, 35.29691 ], [ -6.447108, 35.293146 ], [ -6.440456, 35.287912 ], [ -6.436063, 35.284456 ], [ -6.429097, 35.279028 ], [ -6.424899, 35.275767 ], [ -6.417746, 35.270271 ], [ -6.413575, 35.267083 ], [ -6.406403, 35.261643 ], [ -6.402093, 35.258401 ], [ -6.395067, 35.253133 ], [ -6.39046, 35.249723 ], [ -6.383741, 35.244791 ], [ -6.378583, 35.24105 ], [ -6.372422, 35.236564 ], [ -6.36654, 35.232381 ], [ -6.361112, 35.228509 ], [ -6.354219, 35.223718 ], [ -6.349812, 35.220649 ], [ -6.341553, 35.215064 ], [ -6.338523, 35.212989 ], [ -6.328527, 35.206417 ], [ -6.327246, 35.205576 ], [ -6.315974, 35.198226 ], [ -6.315276, 35.197776 ], [ -6.304703, 35.190855 ], [ -6.301837, 35.189138 ], [ -6.29345, 35.183878 ], [ -6.287963, 35.18051 ], [ -6.282202, 35.176993 ], [ -6.273202, 35.171905 ], [ -6.270977, 35.170621 ], [ -6.259758, 35.164338 ], [ -6.257865, 35.163313 ], [ -6.248541, 35.15808 ], [ -6.242041, 35.154732 ], [ -6.237341, 35.152204 ], [ -6.226154, 35.146616 ], [ -6.225287, 35.146174 ], [ -6.214954, 35.140681 ], [ -6.208527, 35.137614 ], [ -6.203775, 35.13522 ], [ -6.192606, 35.129965 ], [ -6.190718, 35.129079 ], [ -6.181428, 35.124467 ], [ -6.172435, 35.120553 ], [ -6.170277, 35.119601 ], [ -6.159112, 35.114352 ], [ -6.153659, 35.112038 ], [ -6.147962, 35.109451 ], [ -6.136821, 35.104764 ], [ -6.133878, 35.103545 ], [ -6.125675, 35.099905 ], [ -6.114551, 35.095597 ], [ -6.113238, 35.095071 ], [ -6.103412, 35.090831 ], [ -6.092301, 35.086808 ], [ -6.091796, 35.086614 ], [ -6.081169, 35.082189 ], [ -6.070068, 35.078363 ], [ -6.069551, 35.078173 ], [ -6.058946, 35.073936 ], [ -6.047852, 35.070253 ], [ -6.046435, 35.06975 ], [ -6.03674, 35.066045 ], [ -6.025652, 35.06244 ], [ -6.022261, 35.061349 ], [ -6.014556, 35.058619 ], [ -6.003472, 35.055089 ], [ -5.996177, 35.05299 ], [ -5.992401, 35.051873 ], [ -5.981313, 35.048182 ], [ -5.970252, 35.045209 ], [ -5.968339, 35.044669 ], [ -5.959175, 35.041766 ], [ -5.94811, 35.038646 ], [ -5.938879, 35.03638 ], [ -5.937059, 35.035871 ], [ -5.925988, 35.032543 ], [ -5.914937, 35.029741 ], [ -5.908118, 35.028115 ], [ -5.903888, 35.026962 ], [ -5.892829, 35.023888 ], [ -5.881787, 35.021291 ], [ -5.875551, 35.019885 ], [ -5.870745, 35.018643 ], [ -5.859695, 35.015768 ], [ -5.848661, 35.013319 ], [ -5.840748, 35.011698 ], [ -5.83763, 35.010958 ], [ -5.826591, 35.008345 ], [ -5.815553, 35.00572 ], [ -5.804532, 35.0036 ], [ -5.80426, 35.00354 ], [ -5.79349, 35.000832 ], [ -5.78246, 34.998383 ], [ -5.771441, 34.996242 ], [ -5.767175, 34.995384 ], [ -5.760413, 34.993854 ], [ -5.749383, 34.991363 ], [ -5.738362, 34.989127 ], [ -5.728241, 34.987259 ], [ -5.727348, 34.987072 ], [ -5.716317, 34.984504 ], [ -5.705296, 34.982199 ], [ -5.694282, 34.980115 ], [ -5.689128, 34.979125 ], [ -5.683264, 34.977863 ], [ -5.672245, 34.975593 ], [ -5.661217, 34.973024 ], [ -5.652666, 34.97092 ], [ -5.650184, 34.970269 ], [ -5.639139, 34.967103 ], [ -5.628094, 34.963918 ], [ -5.623252, 34.962552 ], [ -5.617049, 34.960716 ], [ -5.606002, 34.957453 ], [ -5.594961, 34.954311 ], [ -5.594398, 34.954164 ], [ -5.583927, 34.951364 ], [ -5.572901, 34.948664 ], [ -5.561885, 34.946281 ], [ -5.559701, 34.945893 ], [ -5.550884, 34.944328 ], [ -5.539897, 34.94283 ], [ -5.528926, 34.941844 ], [ -5.51797, 34.941335 ], [ -5.507032, 34.941427 ], [ -5.496119, 34.942327 ], [ -5.485213, 34.943463 ], [ -5.47432, 34.945054 ], [ -5.463439, 34.947059 ] ] } },
{ "type": "Feature", "properties": { "fid": 32, "ID": 31, "Intensidad": 10.0 }, "geometry": { "type": "LineString", "coordinates": [ [ -5.57953, 34.459013 ], [ -5.579254, 34.459044 ], [ -5.568689, 34.460182 ], [ -5.557848, 34.461363 ], [ -5.547007, 34.462558 ], [ -5.536169, 34.463842 ], [ -5.52532, 34.464789 ], [ -5.514467, 34.465607 ], [ -5.503611, 34.466334 ], [ -5.492753, 34.46701 ], [ -5.481895, 34.467679 ], [ -5.471037, 34.468384 ], [ -5.460181, 34.469153 ], [ -5.449328, 34.470026 ], [ -5.439825, 34.470917 ], [ -5.438479, 34.471044 ], [ -5.427636, 34.472258 ], [ -5.416799, 34.4737 ], [ -5.405969, 34.475413 ], [ -5.395147, 34.477437 ], [ -5.384335, 34.47983 ], [ -5.379365, 34.481118 ], [ -5.373534, 34.482622 ], [ -5.362753, 34.486121 ], [ -5.351963, 34.48936 ], [ -5.347919, 34.490735 ], [ -5.341189, 34.493192 ], [ -5.330412, 34.496987 ], [ -5.321726, 34.500245 ], [ -5.319643, 34.501085 ], [ -5.308879, 34.505368 ], [ -5.298123, 34.5097 ], [ -5.298114, 34.509704 ], [ -5.287357, 34.514365 ], [ -5.276597, 34.51894 ], [ -5.276187, 34.51912 ], [ -5.265844, 34.523849 ], [ -5.255254, 34.528518 ], [ -5.255086, 34.528595 ], [ -5.244336, 34.53366 ], [ -5.235514, 34.53789 ], [ -5.233584, 34.538742 ], [ -5.222837, 34.544044 ], [ -5.2129, 34.547311 ], [ -5.212044, 34.547662 ], [ -5.201291, 34.552837 ], [ -5.190493, 34.556377 ], [ -5.189638, 34.55674 ], [ -5.179743, 34.561766 ], [ -5.168953, 34.565639 ], [ -5.167932, 34.566137 ], [ -5.158214, 34.57157 ], [ -5.147413, 34.57513 ], [ -5.146509, 34.575525 ], [ -5.136673, 34.581086 ], [ -5.125872, 34.584773 ], [ -5.125636, 34.584899 ], [ -5.115147, 34.591434 ], [ -5.107517, 34.594223 ], [ -5.104363, 34.595837 ], [ -5.093612, 34.601612 ], [ -5.089418, 34.603544 ], [ -5.082863, 34.607541 ], [ -5.072085, 34.612356 ], [ -5.071153, 34.612864 ], [ -5.061367, 34.619619 ], [ -5.056542, 34.622121 ], [ -5.050613, 34.625542 ], [ -5.039849, 34.631087 ], [ -5.03928, 34.63142 ], [ -5.029117, 34.637994 ], [ -5.025048, 34.640667 ], [ -5.01839, 34.645204 ], [ -5.011722, 34.649897 ], [ -5.007671, 34.652821 ], [ -4.999302, 34.659111 ], [ -4.996962, 34.660925 ], [ -4.987752, 34.668309 ], [ -4.986263, 34.669552 ], [ -4.977153, 34.677491 ], [ -4.97558, 34.678939 ], [ -4.967382, 34.686659 ], [ -4.964915, 34.689189 ], [ -4.9585, 34.695811 ], [ -4.954279, 34.700781 ], [ -4.950613, 34.704947 ], [ -4.943636, 34.712197 ], [ -4.941988, 34.714094 ], [ -4.933272, 34.723242 ], [ -4.932989, 34.723571 ], [ -4.926952, 34.732352 ], [ -4.922403, 34.737692 ], [ -4.919654, 34.741477 ], [ -4.91197, 34.750607 ], [ -4.911792, 34.750856 ], [ -4.906768, 34.759698 ], [ -4.901244, 34.766951 ], [ -4.899934, 34.768815 ], [ -4.894662, 34.777906 ], [ -4.890705, 34.783597 ], [ -4.888588, 34.78701 ], [ -4.883596, 34.796097 ], [ -4.880203, 34.802066 ], [ -4.878511, 34.805185 ], [ -4.873807, 34.814267 ], [ -4.869744, 34.822636 ], [ -4.869417, 34.823344 ], [ -4.865268, 34.832417 ], [ -4.861681, 34.841481 ], [ -4.859368, 34.847093 ], [ -4.857899, 34.850549 ], [ -4.853045, 34.859632 ], [ -4.848891, 34.867346 ], [ -4.848054, 34.868718 ], [ -4.841906, 34.87782 ], [ -4.838307, 34.882978 ], [ -4.835273, 34.88693 ], [ -4.828271, 34.896045 ], [ -4.827677, 34.896705 ], [ -4.819593, 34.905185 ], [ -4.816987, 34.907903 ], [ -4.810171, 34.914335 ], [ -4.806268, 34.917855 ], [ -4.799678, 34.9235 ], [ -4.795525, 34.926876 ], [ -4.788076, 34.932681 ], [ -4.784762, 34.935044 ], [ -4.775296, 34.941878 ], [ -4.773987, 34.942763 ], [ -4.763181, 34.949156 ], [ -4.75988, 34.951112 ], [ -4.75236, 34.954904 ], [ -4.742909, 34.960366 ], [ -4.741546, 34.961058 ], [ -4.730698, 34.965636 ], [ -4.722573, 34.969666 ], [ -4.719862, 34.9709 ], [ -4.708996, 34.97478 ], [ -4.699435, 34.979001 ], [ -4.698146, 34.979461 ], [ -4.687265, 34.982704 ], [ -4.676392, 34.986382 ], [ -4.67023, 34.988416 ], [ -4.665511, 34.989682 ], [ -4.654615, 34.992327 ], [ -4.643724, 34.995266 ], [ -4.634114, 34.997917 ], [ -4.632833, 34.998214 ], [ -4.621921, 35.00012 ], [ -4.611018, 35.002567 ], [ -4.600107, 35.004607 ], [ -4.589194, 35.006551 ], [ -4.582729, 35.007608 ], [ -4.578276, 35.008271 ], [ -4.567351, 35.009685 ], [ -4.556425, 35.011034 ], [ -4.545497, 35.012292 ], [ -4.534567, 35.013498 ], [ -4.523633, 35.014502 ], [ -4.512699, 35.015501 ], [ -4.501763, 35.016405 ], [ -4.490825, 35.017223 ], [ -4.480042, 35.017914 ], [ -4.479885, 35.017923 ], [ -4.468941, 35.018419 ], [ -4.457995, 35.018814 ], [ -4.447047, 35.019133 ], [ -4.436099, 35.0194 ], [ -4.425149, 35.019586 ], [ -4.414197, 35.019693 ], [ -4.403244, 35.019731 ], [ -4.392291, 35.01973 ], [ -4.381335, 35.01959 ], [ -4.370378, 35.019347 ], [ -4.366448, 35.019246 ], [ -4.359419, 35.019032 ], [ -4.348461, 35.018759 ], [ -4.337507, 35.018684 ], [ -4.326553, 35.018686 ], [ -4.315601, 35.018755 ], [ -4.30465, 35.018896 ], [ -4.2937, 35.01911 ], [ -4.282751, 35.019417 ], [ -4.271803, 35.019779 ], [ -4.260856, 35.020208 ], [ -4.255426, 35.020445 ], [ -4.24991, 35.020673 ], [ -4.238964, 35.021197 ], [ -4.228019, 35.021796 ], [ -4.217075, 35.022448 ], [ -4.206131, 35.023166 ], [ -4.195189, 35.023951 ], [ -4.184247, 35.024841 ], [ -4.173306, 35.025756 ], [ -4.162365, 35.02675 ], [ -4.151426, 35.027812 ], [ -4.140487, 35.028946 ], [ -4.129548, 35.03015 ], [ -4.124359, 35.030741 ], [ -4.11861, 35.031383 ], [ -4.107672, 35.032651 ], [ -4.096734, 35.033989 ], [ -4.085797, 35.035398 ], [ -4.074861, 35.036905 ], [ -4.063924, 35.038428 ], [ -4.052989, 35.040056 ], [ -4.050634, 35.040412 ], [ -4.042053, 35.041681 ], [ -4.031117, 35.043364 ], [ -4.020182, 35.045141 ], [ -4.009247, 35.046931 ], [ -3.998313, 35.04885 ], [ -3.992375, 35.049913 ], [ -3.987378, 35.050785 ], [ -3.976443, 35.052738 ], [ -3.965509, 35.054772 ], [ -3.954575, 35.056884 ], [ -3.943641, 35.059104 ], [ -3.942571, 35.05932 ], [ -3.932707, 35.061259 ], [ -3.921772, 35.063497 ], [ -3.910838, 35.06583 ], [ -3.899905, 35.068259 ], [ -3.89806, 35.068668 ], [ -3.88897, 35.070624 ], [ -3.878035, 35.073071 ], [ -3.867101, 35.075635 ], [ -3.857484, 35.077972 ], [ -3.856167, 35.078283 ], [ -3.845232, 35.080829 ], [ -3.834297, 35.083505 ], [ -3.823362, 35.086321 ], [ -3.819776, 35.087244 ], [ -3.812427, 35.089071 ], [ -3.801491, 35.091872 ], [ -3.790555, 35.094822 ], [ -3.784409, 35.096488 ], [ -3.779619, 35.097754 ], [ -3.768682, 35.100679 ], [ -3.757745, 35.103773 ], [ -3.751032, 35.10571 ], [ -3.746808, 35.106885 ], [ -3.73587, 35.109953 ], [ -3.724933, 35.113202 ], [ -3.719259, 35.114913 ], [ -3.713994, 35.116457 ], [ -3.703055, 35.11973 ], [ -3.692116, 35.123119 ], [ -3.688965, 35.124099 ], [ -3.681177, 35.126505 ], [ -3.670236, 35.129941 ], [ -3.659747, 35.133272 ], [ -3.659295, 35.133416 ], [ -3.648354, 35.136939 ], [ -3.637412, 35.140509 ], [ -3.63159, 35.142433 ], [ -3.626469, 35.144126 ], [ -3.615525, 35.147786 ], [ -3.604581, 35.151494 ], [ -3.604323, 35.151582 ], [ -3.593637, 35.155246 ], [ -3.582691, 35.159046 ], [ -3.57792, 35.160722 ], [ -3.571745, 35.162891 ], [ -3.560799, 35.166779 ], [ -3.552245, 35.169852 ], [ -3.549851, 35.170712 ], [ -3.538903, 35.174689 ], [ -3.527954, 35.178711 ], [ -3.527246, 35.178974 ], [ -3.517004, 35.182777 ], [ -3.506053, 35.186888 ], [ -3.502887, 35.188088 ], [ -3.495102, 35.191042 ], [ -3.484149, 35.195224 ], [ -3.479029, 35.197195 ], [ -3.473196, 35.19943 ], [ -3.462241, 35.203686 ], [ -3.455649, 35.206296 ], [ -3.451286, 35.207997 ], [ -3.44033, 35.212333 ], [ -3.432909, 35.215389 ], [ -3.429373, 35.216812 ], [ -3.418415, 35.221262 ], [ -3.410763, 35.224477 ], [ -3.407457, 35.225839 ], [ -3.396497, 35.230396 ], [ -3.389142, 35.233559 ], [ -3.385536, 35.235079 ], [ -3.374575, 35.239786 ], [ -3.368092, 35.242635 ], [ -3.363612, 35.244561 ], [ -3.352648, 35.249381 ], [ -3.347453, 35.251707 ], [ -3.341683, 35.254252 ], [ -3.330718, 35.259222 ], [ -3.327328, 35.260773 ], [ -3.319751, 35.26419 ], [ -3.308783, 35.269346 ], [ -3.307725, 35.269835 ], [ -3.297814, 35.274421 ], [ -3.288449, 35.278893 ], [ -3.286843, 35.279654 ], [ -3.275872, 35.284877 ], [ -3.269573, 35.287947 ], [ -3.264899, 35.290208 ], [ -3.253925, 35.295643 ], [ -3.25118, 35.296997 ], [ -3.24295, 35.301073 ], [ -3.233135, 35.306043 ], [ -3.231974, 35.30663 ], [ -3.220996, 35.312205 ], [ -3.215422, 35.315087 ], [ -3.210017, 35.317876 ], [ -3.199036, 35.323661 ], [ -3.198159, 35.324127 ], [ -3.188054, 35.329478 ], [ -3.181176, 35.333163 ], [ -3.177071, 35.335371 ], [ -3.166086, 35.341345 ], [ -3.164531, 35.342198 ], [ -3.1551, 35.347387 ], [ -3.148231, 35.351229 ], [ -3.144113, 35.353544 ], [ -3.133123, 35.359747 ], [ -3.132226, 35.360258 ], [ -3.122133, 35.366048 ], [ -3.116531, 35.369284 ], [ -3.11114, 35.372422 ], [ -3.101107, 35.378309 ], [ -3.100146, 35.378877 ], [ -3.089151, 35.385463 ], [ -3.086041, 35.387331 ], [ -3.078154, 35.392118 ], [ -3.071197, 35.39635 ], [ -3.067154, 35.398836 ], [ -3.056568, 35.405368 ], [ -3.056154, 35.405627 ], [ -3.045151, 35.412575 ], [ -3.042311, 35.414385 ], [ -3.034147, 35.419622 ], [ -3.028268, 35.423399 ], [ -3.02314, 35.426732 ], [ -3.01442, 35.432411 ], [ -3.012132, 35.43392 ], [ -3.001122, 35.441204 ], [ -3.000797, 35.441423 ], [ -2.99011, 35.448675 ], [ -2.987525, 35.450432 ], [ -2.979095, 35.456228 ], [ -2.974434, 35.45944 ], [ -2.968079, 35.463872 ], [ -2.961536, 35.468447 ], [ -2.95706, 35.471616 ], [ -2.948859, 35.477452 ], [ -2.94604, 35.479481 ], [ -2.936365, 35.486457 ], [ -2.935017, 35.487439 ], [ -2.924057, 35.49546 ], [ -2.923992, 35.495508 ], [ -2.912964, 35.503752 ], [ -2.912021, 35.504462 ], [ -2.901934, 35.512134 ], [ -2.9002, 35.513462 ], [ -2.890902, 35.520635 ], [ -2.888546, 35.522462 ], [ -2.879867, 35.529261 ], [ -2.877074, 35.531461 ], [ -2.868829, 35.538019 ], [ -2.865781, 35.540459 ], [ -2.857789, 35.546917 ], [ -2.854671, 35.549456 ], [ -2.846746, 35.555953 ], [ -2.843723, 35.558453 ], [ -2.8357, 35.565131 ], [ -2.832941, 35.567448 ], [ -2.824652, 35.574458 ], [ -2.822325, 35.576443 ], [ -2.8136, 35.583936 ], [ -2.811869, 35.585437 ], [ -2.802546, 35.593558 ], [ -2.801555, 35.594431 ], [ -2.791488, 35.603343 ], [ -2.791398, 35.603423 ], [ -2.781475, 35.612416 ], [ -2.780427, 35.613369 ], [ -2.771699, 35.621407 ], [ -2.769363, 35.623565 ], [ -2.762068, 35.630399 ], [ -2.758296, 35.633934 ], [ -2.752558, 35.639389 ], [ -2.747225, 35.644464 ], [ -2.743167, 35.64838 ], [ -2.736151, 35.655155 ], [ -2.733889, 35.657369 ], [ -2.725073, 35.665998 ], [ -2.72471, 35.666359 ], [ -2.71581, 35.675348 ], [ -2.713991, 35.677185 ], [ -2.707027, 35.684336 ], [ -2.702905, 35.688559 ], [ -2.698328, 35.693325 ], [ -2.691816, 35.70008 ], [ -2.689694, 35.702313 ], [ -2.68115, 35.7113 ], [ -2.680723, 35.711756 ], [ -2.672872, 35.720288 ], [ -2.669625, 35.723809 ], [ -2.664688, 35.729275 ], [ -2.658522, 35.736112 ], [ -2.656617, 35.738262 ], [ -2.648801, 35.747249 ], [ -2.647414, 35.748868 ], [ -2.641238, 35.756236 ], [ -2.6363, 35.762118 ], [ -2.633747, 35.765223 ], [ -2.626411, 35.77421 ], [ -2.625181, 35.77574 ], [ -2.619285, 35.783198 ], [ -2.614056, 35.789807 ], [ -2.612212, 35.792185 ], [ -2.60535, 35.801172 ], [ -2.602924, 35.804379 ], [ -2.598627, 35.810159 ], [ -2.591943, 35.819146 ], [ -2.591787, 35.81936 ], [ -2.585461, 35.828134 ], [ -2.580642, 35.834858 ], [ -2.579042, 35.837121 ], [ -2.57279, 35.846108 ], [ -2.56949, 35.850912 ], [ -2.566643, 35.855096 ], [ -2.560601, 35.864083 ], [ -2.55833, 35.867503 ], [ -2.55466, 35.873071 ], [ -2.548778, 35.882058 ], [ -2.547163, 35.884579 ], [ -2.543026, 35.891046 ], [ -2.537399, 35.900034 ], [ -2.535987, 35.902319 ], [ -2.531845, 35.909022 ], [ -2.526394, 35.91801 ], [ -2.524803, 35.920661 ], [ -2.520983, 35.926998 ], [ -2.515641, 35.935986 ], [ -2.51361, 35.939515 ], [ -2.510417, 35.944974 ], [ -2.505295, 35.953962 ], [ -2.502407, 35.959179 ], [ -2.500284, 35.962951 ], [ -2.495276, 35.971939 ], [ -2.491194, 35.97957 ], [ -2.490455, 35.980928 ], [ -2.485486, 35.989916 ], [ -2.480839, 35.998905 ], [ -2.47997, 36.000585 ], [ -2.476078, 36.007894 ], [ -2.471487, 36.016883 ], [ -2.468735, 36.022455 ], [ -2.466996, 36.025872 ], [ -2.462424, 36.034861 ], [ -2.458114, 36.043851 ], [ -2.457488, 36.045112 ], [ -2.453584, 36.052839 ], [ -2.4493, 36.061829 ], [ -2.446229, 36.068643 ], [ -2.445201, 36.070819 ], [ -2.440866, 36.079808 ], [ -2.436839, 36.088798 ], [ -2.434956, 36.093061 ], [ -2.432768, 36.097788 ], [ -2.428606, 36.106778 ], [ -2.424807, 36.115768 ], [ -2.42367, 36.11845 ], [ -2.420826, 36.124758 ], [ -2.416904, 36.133748 ], [ -2.413283, 36.14274 ], [ -2.412367, 36.144977 ], [ -2.409429, 36.15173 ], [ -2.405652, 36.16072 ], [ -2.402125, 36.169711 ], [ -2.401049, 36.172462 ], [ -2.398416, 36.178702 ], [ -2.394747, 36.187692 ], [ -2.391379, 36.196684 ], [ -2.389714, 36.201217 ], [ -2.387944, 36.205675 ], [ -2.384347, 36.214666 ], [ -2.381037, 36.223658 ], [ -2.378358, 36.23139 ], [ -2.377879, 36.23265 ], [ -2.374295, 36.24164 ], [ -2.371013, 36.250632 ], [ -2.367998, 36.259625 ], [ -2.366986, 36.262603 ], [ -2.364753, 36.268616 ], [ -2.361462, 36.277608 ], [ -2.358435, 36.2866 ], [ -2.355644, 36.295594 ], [ -2.355588, 36.295759 ], [ -2.35232, 36.304585 ], [ -2.349245, 36.313577 ], [ -2.346406, 36.32257 ], [ -2.34417, 36.330136 ], [ -2.343706, 36.331564 ], [ -2.340549, 36.340555 ], [ -2.337636, 36.349548 ], [ -2.334942, 36.358541 ], [ -2.332726, 36.366373 ], [ -2.332365, 36.367536 ], [ -2.329346, 36.376527 ], [ -2.326551, 36.38552 ], [ -2.323952, 36.394514 ], [ -2.321531, 36.403509 ], [ -2.321255, 36.404471 ], [ -2.318723, 36.412501 ], [ -2.316001, 36.421494 ], [ -2.313469, 36.430488 ], [ -2.311107, 36.439483 ], [ -2.309754, 36.444658 ], [ -2.308643, 36.448478 ], [ -2.305966, 36.45747 ], [ -2.303464, 36.466464 ], [ -2.301119, 36.475459 ], [ -2.298916, 36.484455 ], [ -2.29822, 36.487217 ], [ -2.29649, 36.493449 ], [ -2.293992, 36.502442 ], [ -2.291655, 36.511437 ], [ -2.289587, 36.520433 ], [ -2.287405, 36.529428 ], [ -2.286646, 36.532608 ], [ -2.285129, 36.538423 ], [ -2.28278, 36.547417 ], [ -2.280553, 36.556412 ], [ -2.278438, 36.565408 ], [ -2.27643, 36.574404 ], [ -2.275032, 36.580832 ], [ -2.274423, 36.5834 ], [ -2.272171, 36.592394 ], [ -2.27021, 36.601391 ], [ -2.268093, 36.610386 ], [ -2.266143, 36.619382 ], [ -2.26426, 36.628379 ], [ -2.263369, 36.632618 ], [ -2.2623, 36.637375 ], [ -2.260241, 36.64637 ], [ -2.258264, 36.655366 ], [ -2.256367, 36.664362 ], [ -2.254544, 36.673359 ], [ -2.252802, 36.682356 ], [ -2.251652, 36.688253 ], [ -2.25101, 36.691353 ], [ -2.249078, 36.700349 ], [ -2.247184, 36.709345 ], [ -2.24534, 36.718342 ], [ -2.243555, 36.727338 ], [ -2.241839, 36.736335 ], [ -2.240203, 36.745333 ], [ -2.239887, 36.747099 ], [ -2.23853, 36.75433 ], [ -2.236904, 36.763328 ], [ -2.235423, 36.772326 ], [ -2.233996, 36.781325 ], [ -2.232631, 36.790324 ], [ -2.231333, 36.799324 ], [ -2.230105, 36.808324 ], [ -2.228952, 36.817324 ], [ -2.227899, 36.826139 ], [ -2.227876, 36.826325 ], [ -2.226811, 36.835326 ], [ -2.225815, 36.844327 ], [ -2.224895, 36.853329 ], [ -2.224064, 36.862332 ], [ -2.223306, 36.871334 ], [ -2.222624, 36.880338 ], [ -2.222027, 36.889342 ], [ -2.221522, 36.898346 ], [ -2.221113, 36.907351 ], [ -2.220809, 36.916357 ], [ -2.220556, 36.925363 ], [ -2.220437, 36.93437 ], [ -2.220406, 36.943377 ], [ -2.220471, 36.952386 ], [ -2.220645, 36.961394 ], [ -2.220937, 36.970404 ], [ -2.221359, 36.979414 ], [ -2.221921, 36.988426 ], [ -2.222506, 36.997437 ], [ -2.223368, 37.00645 ], [ -2.22439, 37.015465 ], [ -2.225519, 37.02448 ], [ -2.22587, 37.027091 ], [ -2.226635, 37.033494 ], [ -2.227897, 37.04251 ], [ -2.229563, 37.051529 ], [ -2.230799, 37.060544 ], [ -2.232782, 37.069565 ], [ -2.235178, 37.078588 ], [ -2.236536, 37.083954 ], [ -2.237297, 37.087609 ], [ -2.239463, 37.09663 ], [ -2.242122, 37.105655 ], [ -2.245576, 37.114684 ], [ -2.247425, 37.119853 ], [ -2.24859, 37.123711 ], [ -2.251583, 37.132737 ], [ -2.2556, 37.14177 ], [ -2.258405, 37.147459 ], [ -2.259755, 37.150803 ], [ -2.264565, 37.159841 ], [ -2.269455, 37.168678 ], [ -2.269559, 37.168879 ], [ -2.274089, 37.177914 ], [ -2.279926, 37.186957 ], [ -2.28053, 37.187806 ], [ -2.2858, 37.196 ], [ -2.29165, 37.202742 ], [ -2.293385, 37.205053 ], [ -2.300225, 37.214101 ], [ -2.302778, 37.217269 ], [ -2.307738, 37.223152 ], [ -2.31393, 37.229639 ], [ -2.31644, 37.23221 ], [ -2.325103, 37.240055 ], [ -2.326389, 37.241274 ], [ -2.336242, 37.250337 ], [ -2.336279, 37.250371 ], [ -2.34741, 37.259407 ], [ -2.34747, 37.25945 ], [ -2.358681, 37.266455 ], [ -2.361727, 37.268492 ], [ -2.369895, 37.273287 ], [ -2.376353, 37.277577 ], [ -2.381109, 37.280352 ], [ -2.391848, 37.286665 ], [ -2.39233, 37.286912 ], [ -2.403572, 37.291003 ], [ -2.412366, 37.295776 ], [ -2.414802, 37.296809 ], [ -2.426048, 37.300784 ], [ -2.434873, 37.304893 ], [ -2.437287, 37.305766 ], [ -2.448545, 37.308416 ], [ -2.459803, 37.311099 ], [ -2.468054, 37.314054 ], [ -2.471055, 37.314791 ], [ -2.48232, 37.316753 ], [ -2.493584, 37.319039 ], [ -2.504847, 37.321508 ], [ -2.513495, 37.323257 ], [ -2.516113, 37.323564 ], [ -2.527387, 37.324425 ], [ -2.538662, 37.325351 ], [ -2.549936, 37.326249 ], [ -2.561212, 37.327026 ], [ -2.572485, 37.328374 ], [ -2.583767, 37.328173 ], [ -2.595046, 37.328406 ], [ -2.606326, 37.328453 ], [ -2.617607, 37.328357 ], [ -2.628889, 37.328161 ], [ -2.640165, 37.329051 ], [ -2.651453, 37.327604 ], [ -2.662736, 37.326916 ], [ -2.67402, 37.326073 ], [ -2.685304, 37.325191 ], [ -2.696588, 37.324371 ], [ -2.703853, 37.323886 ], [ -2.707871, 37.323541 ], [ -2.719154, 37.322596 ], [ -2.73044, 37.321082 ], [ -2.741725, 37.319298 ], [ -2.753011, 37.317354 ], [ -2.764296, 37.315396 ], [ -2.766518, 37.315019 ], [ -2.775581, 37.313425 ], [ -2.786863, 37.311812 ], [ -2.798144, 37.310999 ], [ -2.809425, 37.309707 ], [ -2.820707, 37.308207 ], [ -2.831988, 37.306573 ], [ -2.835422, 37.306128 ], [ -2.843268, 37.305298 ], [ -2.854547, 37.304365 ], [ -2.865825, 37.303747 ], [ -2.877103, 37.303204 ], [ -2.888381, 37.302416 ], [ -2.899659, 37.301589 ], [ -2.910936, 37.300851 ], [ -2.922214, 37.30032 ], [ -2.933487, 37.303396 ], [ -2.944765, 37.302483 ], [ -2.956042, 37.302214 ], [ -2.967318, 37.302711 ], [ -2.978595, 37.303242 ], [ -2.989872, 37.304225 ], [ -3.001149, 37.304677 ], [ -3.012426, 37.305464 ], [ -3.023704, 37.305983 ], [ -3.02543, 37.30624 ], [ -3.034982, 37.309461 ], [ -3.046263, 37.313459 ], [ -3.057542, 37.31464 ], [ -3.058982, 37.315235 ], [ -3.068827, 37.321831 ], [ -3.073165, 37.324234 ], [ -3.080115, 37.328934 ], [ -3.085123, 37.333234 ], [ -3.09141, 37.340963 ], [ -3.092063, 37.342236 ], [ -3.096344, 37.35124 ], [ -3.096322, 37.360247 ], [ -3.096332, 37.369254 ], [ -3.09502, 37.378263 ], [ -3.093749, 37.387271 ], [ -3.092243, 37.396279 ], [ -3.09148, 37.399115 ], [ -3.08719, 37.40529 ], [ -3.084273, 37.4143 ], [ -3.080489, 37.42331 ], [ -3.080215, 37.423767 ], [ -3.071361, 37.432323 ], [ -3.069638, 37.441331 ], [ -3.068938, 37.442348 ], [ -3.061736, 37.450342 ], [ -3.057651, 37.457092 ], [ -3.055555, 37.459353 ], [ -3.048203, 37.468363 ], [ -3.04636, 37.470847 ], [ -3.039972, 37.477373 ], [ -3.035064, 37.485096 ], [ -3.033958, 37.486382 ], [ -3.025332, 37.495391 ], [ -3.023764, 37.497106 ], [ -3.016258, 37.5044 ], [ -3.01246, 37.508876 ], [ -3.007893, 37.513408 ], [ -3.001152, 37.521797 ], [ -3.000546, 37.522415 ], [ -2.990987, 37.531422 ], [ -2.989841, 37.532594 ], [ -2.981267, 37.540428 ], [ -2.978527, 37.543015 ], [ -2.971376, 37.549433 ], [ -2.967209, 37.55353 ], [ -2.961721, 37.558437 ], [ -2.955888, 37.564201 ], [ -2.952287, 37.567441 ], [ -2.944564, 37.575181 ], [ -2.943456, 37.576444 ], [ -2.933692, 37.585446 ], [ -2.933237, 37.585839 ], [ -2.923011, 37.594446 ], [ -2.921907, 37.595396 ], [ -2.912068, 37.603445 ], [ -2.910575, 37.604706 ], [ -2.901055, 37.612444 ], [ -2.899241, 37.613981 ], [ -2.890224, 37.621441 ], [ -2.887903, 37.62352 ], [ -2.880184, 37.630438 ], [ -2.876561, 37.633656 ], [ -2.869625, 37.639434 ], [ -2.865217, 37.643125 ], [ -2.858646, 37.648428 ], [ -2.853871, 37.652213 ], [ -2.847141, 37.65742 ], [ -2.842523, 37.660981 ], [ -2.835418, 37.666412 ], [ -2.831173, 37.66969 ], [ -2.823828, 37.675402 ], [ -2.819819, 37.678599 ], [ -2.812866, 37.684392 ], [ -2.808461, 37.688165 ], [ -2.802025, 37.693381 ], [ -2.797101, 37.697432 ], [ -2.790968, 37.702368 ], [ -2.785738, 37.706557 ], [ -2.77969, 37.711354 ], [ -2.774373, 37.715579 ], [ -2.768398, 37.72034 ], [ -2.763005, 37.724673 ], [ -2.757303, 37.729324 ], [ -2.751633, 37.734021 ], [ -2.746464, 37.738308 ], [ -2.740257, 37.743888 ], [ -2.736232, 37.747292 ], [ -2.728879, 37.753411 ], [ -2.725416, 37.756274 ], [ -2.717498, 37.762734 ], [ -2.714412, 37.765255 ], [ -2.706116, 37.771981 ], [ -2.70336, 37.774234 ], [ -2.69473, 37.781279 ], [ -2.692286, 37.783212 ], [ -2.68334, 37.790772 ], [ -2.681677, 37.792191 ], [ -2.671948, 37.80027 ], [ -2.670876, 37.801167 ], [ -2.660552, 37.809699 ], [ -2.660022, 37.810143 ], [ -2.649258, 37.819118 ], [ -2.649154, 37.819206 ], [ -2.638791, 37.828093 ], [ -2.637751, 37.828965 ], [ -2.628364, 37.837067 ], [ -2.626344, 37.839069 ], [ -2.618465, 37.846042 ], [ -2.614934, 37.849065 ], [ -2.608152, 37.855015 ], [ -2.603522, 37.85896 ], [ -2.597778, 37.863986 ], [ -2.592106, 37.868825 ], [ -2.587401, 37.872957 ], [ -2.580688, 37.878725 ], [ -2.577018, 37.881926 ], [ -2.569265, 37.888749 ], [ -2.566856, 37.890896 ], [ -2.557841, 37.898584 ], [ -2.556402, 37.899863 ], [ -2.546414, 37.90838 ], [ -2.545909, 37.90883 ], [ -2.536076, 37.917798 ], [ -2.53498, 37.918678 ], [ -2.526345, 37.926765 ], [ -2.523538, 37.929847 ], [ -2.517471, 37.935736 ], [ -2.512096, 37.940495 ], [ -2.507699, 37.944701 ], [ -2.500652, 37.950905 ], [ -2.497745, 37.953666 ], [ -2.489206, 37.961192 ], [ -2.487631, 37.962628 ], [ -2.477757, 37.97132 ], [ -2.477484, 37.97159 ], [ -2.468913, 37.980558 ], [ -2.466295, 37.983008 ], [ -2.460168, 37.989524 ], [ -2.45483, 37.994449 ], [ -2.450715, 37.998487 ], [ -2.443365, 38.005377 ], [ -2.441485, 38.00745 ], [ -2.431901, 38.015921 ], [ -2.431416, 38.016407 ], [ -2.423482, 38.025375 ], [ -2.420417, 38.028382 ], [ -2.415008, 38.034339 ], [ -2.408934, 38.04035 ], [ -2.406547, 38.043303 ], [ -2.397454, 38.05154 ], [ -2.396784, 38.052259 ], [ -2.389454, 38.061228 ], [ -2.385961, 38.063767 ], [ -2.380438, 38.070187 ], [ -2.374452, 38.077454 ], [ -2.373043, 38.079153 ], [ -2.364837, 38.088115 ], [ -2.362946, 38.090239 ], [ -2.358289, 38.097086 ], [ -2.351426, 38.104197 ], [ -2.350169, 38.106047 ], [ -2.343392, 38.115016 ], [ -2.339894, 38.119052 ], [ -2.336921, 38.123985 ], [ -2.328369, 38.132563 ], [ -2.328108, 38.132941 ], [ -2.324465, 38.141926 ], [ -2.316802, 38.150147 ], [ -2.316318, 38.150885 ], [ -2.311263, 38.159861 ], [ -2.305224, 38.168298 ], [ -2.304926, 38.16883 ], [ -2.302863, 38.177824 ], [ -2.297877, 38.1868 ], [ -2.293556, 38.195148 ], [ -2.293354, 38.195779 ], [ -2.290919, 38.20477 ], [ -2.289153, 38.213765 ], [ -2.288738, 38.222768 ], [ -2.289231, 38.231777 ], [ -2.290649, 38.240791 ], [ -2.292536, 38.249808 ], [ -2.293011, 38.251452 ], [ -2.29711, 38.258842 ], [ -2.300904, 38.26787 ], [ -2.30332, 38.27689 ], [ -2.304162, 38.279858 ], [ -2.307119, 38.285918 ], [ -2.311211, 38.294948 ], [ -2.314336, 38.303972 ], [ -2.315341, 38.306121 ], [ -2.319962, 38.313011 ], [ -2.324055, 38.32204 ], [ -2.32657, 38.327893 ], [ -2.328439, 38.331071 ], [ -2.33418, 38.340109 ], [ -2.337814, 38.348795 ], [ -2.338007, 38.349137 ], [ -2.344274, 38.358178 ], [ -2.34873, 38.367208 ], [ -2.349081, 38.367777 ], [ -2.355318, 38.37625 ], [ -2.359885, 38.385281 ], [ -2.36036, 38.386056 ], [ -2.366283, 38.394321 ], [ -2.371391, 38.403354 ], [ -2.37165, 38.403746 ], [ -2.378109, 38.412395 ], [ -2.382949, 38.420992 ], [ -2.383233, 38.421428 ], [ -2.389731, 38.430468 ], [ -2.394259, 38.437542 ], [ -2.395629, 38.439504 ], [ -2.402127, 38.448543 ], [ -2.405576, 38.453899 ], [ -2.408167, 38.457579 ], [ -2.414475, 38.466616 ], [ -2.416899, 38.470104 ], [ -2.420965, 38.475654 ], [ -2.42729, 38.48469 ], [ -2.428229, 38.48599 ], [ -2.434047, 38.493729 ], [ -2.439566, 38.501784 ], [ -2.440267, 38.502764 ], [ -2.446915, 38.511801 ], [ -2.45091, 38.517214 ], [ -2.45361, 38.520838 ], [ -2.460373, 38.529875 ], [ -2.462261, 38.532383 ], [ -2.467178, 38.538911 ], [ -2.473616, 38.54759 ], [ -2.473882, 38.547947 ], [ -2.480566, 38.556982 ], [ -2.484977, 38.562654 ], [ -2.48753, 38.566018 ], [ -2.494556, 38.575054 ], [ -2.496345, 38.577349 ], [ -2.501454, 38.584089 ], [ -2.507718, 38.592036 ], [ -2.508548, 38.593124 ], [ -2.515379, 38.602158 ], [ -2.519095, 38.606792 ], [ -2.52247, 38.611193 ], [ -2.529886, 38.620228 ], [ -2.530481, 38.620975 ], [ -2.536758, 38.629261 ], [ -2.541868, 38.635475 ], [ -2.544104, 38.638295 ], [ -2.551261, 38.647328 ], [ -2.553262, 38.649794 ], [ -2.558281, 38.65636 ], [ -2.564662, 38.663885 ], [ -2.565868, 38.665393 ], [ -2.573045, 38.674425 ], [ -2.576065, 38.678052 ], [ -2.58029, 38.683456 ], [ -2.587475, 38.691795 ], [ -2.588078, 38.692489 ], [ -2.594979, 38.701519 ], [ -2.598887, 38.706125 ], [ -2.602379, 38.710549 ], [ -2.610308, 38.719513 ], [ -2.610364, 38.719581 ], [ -2.617316, 38.728609 ], [ -2.621729, 38.733721 ], [ -2.624875, 38.737639 ], [ -2.632887, 38.74667 ], [ -2.63316, 38.746961 ], [ -2.640196, 38.755697 ], [ -2.64459, 38.761143 ], [ -2.647492, 38.764725 ], [ -2.655549, 38.773754 ], [ -2.656029, 38.774322 ], [ -2.662612, 38.78278 ], [ -2.667469, 38.788282 ], [ -2.670354, 38.791807 ], [ -2.678492, 38.800834 ], [ -2.678917, 38.801333 ], [ -2.685613, 38.809859 ], [ -2.690366, 38.815237 ], [ -2.693366, 38.818884 ], [ -2.701418, 38.82791 ], [ -2.701823, 38.828399 ], [ -2.708361, 38.836933 ], [ -2.713279, 38.842605 ], [ -2.715996, 38.845957 ], [ -2.724147, 38.854981 ], [ -2.724744, 38.855668 ], [ -2.73158, 38.864003 ], [ -2.736213, 38.868939 ], [ -2.739901, 38.873027 ], [ -2.747691, 38.880908 ], [ -2.748782, 38.882052 ], [ -2.757755, 38.891076 ], [ -2.759174, 38.892503 ], [ -2.76652, 38.900098 ], [ -2.77066, 38.904082 ], [ -2.775763, 38.909121 ], [ -2.782153, 38.915024 ], [ -2.785446, 38.918144 ], [ -2.79365, 38.925446 ], [ -2.795538, 38.927167 ], [ -2.805152, 38.935477 ], [ -2.80598, 38.93619 ], [ -2.816564, 38.945212 ], [ -2.816657, 38.945291 ], [ -2.827345, 38.954233 ], [ -2.828166, 38.954909 ], [ -2.838481, 38.963254 ], [ -2.839679, 38.964207 ], [ -2.84999, 38.972274 ], [ -2.851196, 38.973202 ], [ -2.861865, 38.981294 ], [ -2.862716, 38.981927 ], [ -2.874128, 38.990312 ], [ -2.874239, 38.990394 ], [ -2.885765, 38.998808 ], [ -2.88651, 38.99933 ], [ -2.897295, 39.00698 ], [ -2.899307, 39.008346 ], [ -2.908827, 39.014889 ], [ -2.91259, 39.017362 ], [ -2.920362, 39.022529 ], [ -2.926421, 39.026376 ], [ -2.9319, 39.029896 ], [ -2.940871, 39.035389 ], [ -2.94344, 39.036985 ], [ -2.954983, 39.043939 ], [ -2.955761, 39.0444 ], [ -2.966528, 39.05101 ], [ -2.970745, 39.05341 ], [ -2.978075, 39.057724 ], [ -2.98672, 39.062417 ], [ -2.989625, 39.06405 ], [ -3.001177, 39.070458 ], [ -3.002979, 39.071423 ], [ -3.012731, 39.076809 ], [ -3.019822, 39.080426 ], [ -3.024287, 39.082777 ], [ -3.035844, 39.088592 ], [ -3.037528, 39.089426 ], [ -3.047404, 39.09455 ], [ -3.055727, 39.098423 ], [ -3.058965, 39.100004 ], [ -3.070528, 39.105622 ], [ -3.074483, 39.107418 ], [ -3.082093, 39.111032 ], [ -3.093659, 39.116095 ], [ -3.094363, 39.116408 ], [ -3.105227, 39.121442 ], [ -3.11484, 39.125394 ], [ -3.116796, 39.126239 ], [ -3.128367, 39.13131 ], [ -3.136103, 39.134376 ], [ -3.139939, 39.135975 ], [ -3.151513, 39.140774 ], [ -3.158322, 39.143352 ], [ -3.163087, 39.14525 ], [ -3.174663, 39.149819 ], [ -3.181579, 39.152323 ], [ -3.18624, 39.154098 ], [ -3.197819, 39.158475 ], [ -3.205996, 39.161287 ], [ -3.209398, 39.162522 ], [ -3.220979, 39.166759 ], [ -3.231627, 39.170243 ], [ -3.23256, 39.170565 ], [ -3.244143, 39.174675 ], [ -3.255726, 39.178379 ], [ -3.258304, 39.179192 ], [ -3.267311, 39.18219 ], [ -3.278897, 39.185851 ], [ -3.286673, 39.18813 ], [ -3.290482, 39.18931 ], [ -3.30207, 39.192959 ], [ -3.313657, 39.196211 ], [ -3.316556, 39.197057 ], [ -3.325246, 39.199675 ], [ -3.336836, 39.202982 ], [ -3.348307, 39.205971 ], [ -3.348425, 39.206003 ], [ -3.360017, 39.209281 ], [ -3.371608, 39.212335 ], [ -3.382104, 39.214869 ], [ -3.3832, 39.215149 ], [ -3.394793, 39.218232 ], [ -3.406386, 39.221081 ], [ -3.417979, 39.223688 ], [ -3.418242, 39.223749 ], [ -3.429575, 39.226595 ], [ -3.44117, 39.229288 ], [ -3.452764, 39.231777 ], [ -3.456724, 39.232609 ], [ -3.46436, 39.234322 ], [ -3.475957, 39.2369 ], [ -3.487553, 39.239281 ], [ -3.498909, 39.24144 ], [ -3.499149, 39.241489 ], [ -3.510748, 39.24393 ], [ -3.522346, 39.246239 ], [ -3.533943, 39.248294 ], [ -3.544728, 39.250239 ], [ -3.545541, 39.250397 ], [ -3.557141, 39.252645 ], [ -3.56874, 39.254744 ], [ -3.580339, 39.256697 ], [ -3.591937, 39.258515 ], [ -3.595051, 39.258997 ], [ -3.603537, 39.260414 ], [ -3.615138, 39.262356 ], [ -3.626738, 39.264164 ], [ -3.638337, 39.265851 ], [ -3.649936, 39.267427 ], [ -3.651849, 39.267698 ], [ -3.661538, 39.269188 ], [ -3.673139, 39.270893 ], [ -3.68474, 39.272483 ], [ -3.69634, 39.273967 ], [ -3.70794, 39.275354 ], [ -3.716571, 39.276322 ], [ -3.71954, 39.276685 ], [ -3.731142, 39.278173 ], [ -3.742743, 39.279594 ], [ -3.754344, 39.280922 ], [ -3.765945, 39.282167 ], [ -3.777545, 39.283333 ], [ -3.789145, 39.284439 ], [ -3.793229, 39.284829 ], [ -3.800746, 39.285621 ], [ -3.812348, 39.286839 ], [ -3.823949, 39.287973 ], [ -3.83555, 39.28903 ], [ -3.84715, 39.290015 ], [ -3.858749, 39.290934 ], [ -3.870349, 39.291792 ], [ -3.881947, 39.292594 ], [ -3.890224, 39.293132 ], [ -3.893546, 39.293373 ], [ -3.905147, 39.294299 ], [ -3.916747, 39.295098 ], [ -3.928348, 39.296049 ], [ -3.939948, 39.296809 ], [ -3.951547, 39.297509 ], [ -3.963145, 39.298152 ], [ -3.974743, 39.298743 ], [ -3.986341, 39.299285 ], [ -3.997938, 39.299782 ], [ -4.009534, 39.300238 ], [ -4.02113, 39.300655 ], [ -4.030839, 39.300976 ], [ -4.032726, 39.301049 ], [ -4.044323, 39.30153 ], [ -4.055921, 39.302022 ], [ -4.067519, 39.302498 ], [ -4.079115, 39.302898 ], [ -4.090711, 39.303252 ], [ -4.102306, 39.303563 ], [ -4.113901, 39.303834 ], [ -4.125495, 39.304068 ], [ -4.137089, 39.304268 ], [ -4.148682, 39.304437 ], [ -4.160275, 39.304576 ], [ -4.171868, 39.304689 ], [ -4.18346, 39.304779 ], [ -4.195052, 39.304847 ], [ -4.206643, 39.304897 ], [ -4.218236, 39.304992 ], [ -4.229826, 39.304996 ], [ -4.241416, 39.304962 ], [ -4.253006, 39.304896 ], [ -4.264595, 39.304798 ], [ -4.276183, 39.304671 ], [ -4.287771, 39.304518 ], [ -4.299358, 39.304342 ], [ -4.310945, 39.304146 ], [ -4.322531, 39.303931 ], [ -4.334117, 39.3037 ], [ -4.345703, 39.303457 ], [ -4.357288, 39.303204 ], [ -4.368873, 39.302928 ], [ -4.38046, 39.302744 ], [ -4.392043, 39.302404 ], [ -4.403625, 39.302015 ], [ -4.415207, 39.301585 ], [ -4.426787, 39.301116 ], [ -4.438366, 39.300615 ], [ -4.449945, 39.300087 ], [ -4.461523, 39.299537 ], [ -4.473101, 39.298971 ], [ -4.484678, 39.298394 ], [ -4.496255, 39.297812 ], [ -4.507832, 39.297232 ], [ -4.519409, 39.296661 ], [ -4.530984, 39.296052 ], [ -4.542562, 39.295524 ], [ -4.549039, 39.295233 ], [ -4.55414, 39.295043 ], [ -4.565719, 39.294614 ], [ -4.577297, 39.294166 ], [ -4.588875, 39.293699 ], [ -4.600453, 39.293215 ], [ -4.61203, 39.292715 ], [ -4.623606, 39.292198 ], [ -4.635182, 39.291667 ], [ -4.646757, 39.291123 ], [ -4.658332, 39.290566 ], [ -4.669906, 39.289998 ], [ -4.68148, 39.289419 ], [ -4.693054, 39.288858 ], [ -4.704627, 39.28824 ], [ -4.716198, 39.287592 ], [ -4.727769, 39.286917 ], [ -4.739338, 39.286211 ], [ -4.750907, 39.285476 ], [ -4.762475, 39.28471 ], [ -4.774041, 39.283913 ], [ -4.785607, 39.283084 ], [ -4.790948, 39.282759 ], [ -4.797177, 39.282451 ], [ -4.808749, 39.28189 ], [ -4.82032, 39.281315 ], [ -4.831889, 39.280635 ], [ -4.843462, 39.28014 ], [ -4.855031, 39.279518 ], [ -4.8666, 39.278867 ], [ -4.878167, 39.278185 ], [ -4.889733, 39.277472 ], [ -4.901299, 39.276727 ], [ -4.912863, 39.275947 ], [ -4.924425, 39.275132 ], [ -4.935987, 39.274279 ], [ -4.947547, 39.273388 ], [ -4.959106, 39.272455 ], [ -4.970663, 39.271479 ], [ -4.980112, 39.270692 ], [ -4.982221, 39.270547 ], [ -4.993787, 39.269907 ], [ -5.005351, 39.269233 ], [ -5.016915, 39.26853 ], [ -5.028478, 39.267795 ], [ -5.040039, 39.267026 ], [ -5.051599, 39.26622 ], [ -5.063157, 39.265375 ], [ -5.074714, 39.264487 ], [ -5.086269, 39.263554 ], [ -5.097823, 39.26257 ], [ -5.109374, 39.261533 ], [ -5.120918, 39.260245 ], [ -5.13247, 39.259262 ], [ -5.136476, 39.258924 ], [ -5.144026, 39.258408 ], [ -5.155584, 39.257633 ], [ -5.167141, 39.256823 ], [ -5.178697, 39.255974 ], [ -5.19025, 39.255082 ], [ -5.201802, 39.254142 ], [ -5.213352, 39.253151 ], [ -5.2249, 39.252103 ], [ -5.236445, 39.250991 ], [ -5.247988, 39.249811 ], [ -5.259527, 39.248533 ], [ -5.269955, 39.247394 ], [ -5.271067, 39.247295 ], [ -5.282619, 39.246428 ], [ -5.294169, 39.245519 ], [ -5.305717, 39.244565 ], [ -5.317263, 39.243561 ], [ -5.328807, 39.2425 ], [ -5.340349, 39.241377 ], [ -5.351888, 39.240184 ], [ -5.363424, 39.238915 ], [ -5.374956, 39.237559 ], [ -5.386485, 39.236098 ], [ -5.386961, 39.236051 ], [ -5.398029, 39.235102 ], [ -5.409571, 39.234072 ], [ -5.421111, 39.232991 ], [ -5.432649, 39.231853 ], [ -5.444185, 39.230652 ], [ -5.455717, 39.229379 ], [ -5.467246, 39.228026 ], [ -5.478772, 39.22658 ], [ -5.490293, 39.225032 ], [ -5.491861, 39.22485 ], [ -5.501827, 39.223853 ], [ -5.51336, 39.222659 ], [ -5.524891, 39.22142 ], [ -5.536419, 39.220125 ], [ -5.547945, 39.218767 ], [ -5.559468, 39.217337 ], [ -5.570987, 39.215827 ], [ -5.582502, 39.214226 ], [ -5.585961, 39.213795 ], [ -5.594028, 39.212926 ], [ -5.605554, 39.211642 ], [ -5.617076, 39.210244 ], [ -5.628593, 39.208739 ], [ -5.640109, 39.207223 ], [ -5.651622, 39.205639 ], [ -5.663132, 39.20398 ], [ -5.671024, 39.202872 ], [ -5.674644, 39.202419 ], [ -5.686163, 39.201032 ], [ -5.697679, 39.199572 ], [ -5.709191, 39.198032 ], [ -5.720699, 39.196403 ], [ -5.732196, 39.19452 ], [ -5.743701, 39.192831 ], [ -5.748908, 39.192057 ], [ -5.755207, 39.191199 ], [ -5.766716, 39.189645 ], [ -5.778222, 39.188023 ], [ -5.789724, 39.186326 ], [ -5.801222, 39.184547 ], [ -5.812716, 39.182677 ], [ -5.820934, 39.181332 ], [ -5.82421, 39.18084 ], [ -5.835707, 39.179074 ], [ -5.847201, 39.177256 ], [ -5.858694, 39.175408 ], [ -5.870183, 39.173509 ], [ -5.88167, 39.171553 ], [ -5.886669, 39.170718 ], [ -5.89316, 39.169685 ], [ -5.904649, 39.167832 ], [ -5.916135, 39.165906 ], [ -5.927617, 39.1639 ], [ -5.939094, 39.161784 ], [ -5.947868, 39.160183 ], [ -5.950572, 39.159703 ], [ -5.962051, 39.157682 ], [ -5.973528, 39.15562 ], [ -5.985002, 39.153511 ], [ -5.996474, 39.151354 ], [ -6.005058, 39.149719 ], [ -6.007944, 39.14918 ], [ -6.019414, 39.147019 ], [ -6.030879, 39.144771 ], [ -6.042341, 39.142471 ], [ -6.053804, 39.140184 ], [ -6.058016, 39.139338 ], [ -6.065264, 39.137882 ], [ -6.076723, 39.135545 ], [ -6.088179, 39.133172 ], [ -6.099633, 39.13076 ], [ -6.10776, 39.12902 ], [ -6.111084, 39.128307 ], [ -6.122528, 39.12572 ], [ -6.133973, 39.123175 ], [ -6.145419, 39.120655 ], [ -6.153897, 39.118777 ], [ -6.156862, 39.118102 ], [ -6.168299, 39.115426 ], [ -6.179735, 39.112753 ], [ -6.191171, 39.110081 ], [ -6.197352, 39.108591 ], [ -6.202599, 39.107283 ], [ -6.214022, 39.104377 ], [ -6.225448, 39.101552 ], [ -6.236876, 39.098802 ], [ -6.238214, 39.09846 ], [ -6.248289, 39.095755 ], [ -6.259703, 39.09274 ], [ -6.271119, 39.089782 ], [ -6.276268, 39.088394 ], [ -6.282524, 39.086619 ], [ -6.293923, 39.083334 ], [ -6.305327, 39.080188 ], [ -6.311788, 39.078388 ], [ -6.316724, 39.076921 ], [ -6.328112, 39.07348 ], [ -6.339507, 39.070224 ], [ -6.345853, 39.068413 ], [ -6.350897, 39.066874 ], [ -6.362279, 39.063367 ], [ -6.373671, 39.060101 ], [ -6.379433, 39.058442 ], [ -6.385055, 39.056699 ], [ -6.396431, 39.053148 ], [ -6.407817, 39.049833 ], [ -6.412363, 39.048481 ], [ -6.41919, 39.046271 ], [ -6.430558, 39.042635 ], [ -6.441942, 39.03933 ], [ -6.444542, 39.038533 ], [ -6.453303, 39.035602 ], [ -6.464669, 39.031984 ], [ -6.476049, 39.028671 ], [ -6.476305, 39.028588 ], [ -6.487393, 39.024663 ], [ -6.498756, 39.021057 ], [ -6.506586, 39.018679 ], [ -6.510119, 39.017494 ], [ -6.521463, 39.013539 ], [ -6.532825, 39.009993 ], [ -6.536614, 39.00877 ], [ -6.544167, 39.006066 ], [ -6.555509, 39.002161 ], [ -6.566234, 38.998867 ], [ -6.566869, 38.998649 ], [ -6.57819, 38.994385 ], [ -6.589536, 38.990637 ], [ -6.594459, 38.988998 ], [ -6.600868, 38.986627 ], [ -6.612192, 38.982502 ], [ -6.622749, 38.979121 ], [ -6.623539, 38.978838 ], [ -6.634843, 38.974366 ], [ -6.646177, 38.970508 ], [ -6.64965, 38.969281 ], [ -6.657486, 38.966188 ], [ -6.668801, 38.962018 ], [ -6.676172, 38.959446 ], [ -6.680119, 38.957914 ], [ -6.691415, 38.953417 ], [ -6.702582, 38.949609 ], [ -6.702742, 38.949548 ], [ -6.714018, 38.944722 ], [ -6.725332, 38.940659 ], [ -6.727439, 38.939816 ], [ -6.736606, 38.935859 ], [ -6.747905, 38.931555 ], [ -6.751832, 38.930033 ], [ -6.75918, 38.926842 ], [ -6.770464, 38.922304 ], [ -6.775722, 38.920261 ], [ -6.781737, 38.917604 ], [ -6.793008, 38.912875 ], [ -6.798945, 38.910506 ], [ -6.804276, 38.908121 ], [ -6.815534, 38.90323 ], [ -6.821668, 38.900762 ], [ -6.826796, 38.898429 ], [ -6.838046, 38.893425 ], [ -6.843652, 38.891039 ], [ -6.849292, 38.888384 ], [ -6.860535, 38.883315 ], [ -6.865076, 38.88133 ], [ -6.871765, 38.878046 ], [ -6.883004, 38.87297 ], [ -6.88588, 38.871638 ], [ -6.894215, 38.867398 ], [ -6.905453, 38.862373 ], [ -6.906377, 38.861953 ], [ -6.916649, 38.856592 ], [ -6.92566, 38.852305 ], [ -6.927863, 38.851184 ], [ -6.93905, 38.845302 ], [ -6.944327, 38.842674 ], [ -6.950238, 38.839481 ], [ -6.961434, 38.83384 ], [ -6.96294, 38.833043 ], [ -6.972592, 38.827542 ], [ -6.980439, 38.823447 ], [ -6.983766, 38.821573 ], [ -6.994923, 38.815338 ], [ -6.997633, 38.813858 ], [ -7.006063, 38.808827 ], [ -7.014134, 38.804291 ], [ -7.017209, 38.802452 ], [ -7.02834, 38.795842 ], [ -7.030253, 38.794735 ], [ -7.039449, 38.788893 ], [ -7.04544, 38.78521 ], [ -7.050554, 38.78191 ], [ -7.060457, 38.775688 ], [ -7.061655, 38.774898 ], [ -7.072732, 38.767489 ], [ -7.074656, 38.766192 ], [ -7.083789, 38.759784 ], [ -7.088108, 38.756722 ], [ -7.094831, 38.751847 ], [ -7.101338, 38.747257 ], [ -7.105865, 38.743825 ], [ -7.113709, 38.737822 ], [ -7.116874, 38.735389 ], [ -7.126248, 38.728379 ], [ -7.12789, 38.727144 ], [ -7.138913, 38.719048 ], [ -7.139081, 38.718925 ], [ -7.149935, 38.710973 ], [ -7.152107, 38.709462 ], [ -7.160959, 38.702991 ], [ -7.165126, 38.699998 ], [ -7.171989, 38.69514 ], [ -7.18266, 38.690371 ], [ -7.183178, 38.69005 ], [ -7.193721, 38.680974 ], [ -7.194116, 38.680709 ], [ -7.205218, 38.674208 ], [ -7.213349, 38.671268 ], [ -7.216467, 38.670245 ], [ -7.226777, 38.661782 ], [ -7.22743, 38.661452 ], [ -7.238158, 38.65237 ], [ -7.238366, 38.652247 ], [ -7.249622, 38.648487 ], [ -7.258247, 38.642639 ], [ -7.26071, 38.641929 ], [ -7.271275, 38.633164 ], [ -7.271655, 38.632978 ], [ -7.282794, 38.627345 ], [ -7.288938, 38.623517 ], [ -7.29398, 38.622528 ], [ -7.304557, 38.613942 ], [ -7.304929, 38.613773 ], [ -7.316246, 38.611182 ], [ -7.326109, 38.604146 ], [ -7.327273, 38.603797 ], [ -7.338467, 38.599224 ], [ -7.346726, 38.594381 ], [ -7.349611, 38.593837 ], [ -7.360836, 38.589827 ], [ -7.370152, 38.584508 ], [ -7.37196, 38.584158 ], [ -7.383323, 38.582464 ], [ -7.393966, 38.574615 ], [ -7.394305, 38.574518 ], [ -7.405727, 38.573812 ], [ -7.417124, 38.572699 ], [ -7.428483, 38.570988 ], [ -7.439827, 38.569029 ], [ -7.451282, 38.568869 ], [ -7.462718, 38.568427 ], [ -7.474217, 38.568985 ], [ -7.485747, 38.57004 ], [ -7.493829, 38.570816 ], [ -7.497277, 38.571085 ], [ -7.509052, 38.576058 ], [ -7.520675, 38.578573 ], [ -7.532121, 38.578249 ], [ -7.543563, 38.577889 ], [ -7.543776, 38.577883 ], [ -7.543571, 38.578012 ], [ -7.532634, 38.586398 ], [ -7.532626, 38.587315 ], [ -7.532701, 38.587467 ], [ -7.543563, 38.595889 ], [ -7.545123, 38.602578 ], [ -7.545848, 38.604799 ], [ -7.554606, 38.613457 ], [ -7.557101, 38.622359 ], [ -7.55838, 38.630768 ], [ -7.558446, 38.631305 ], [ -7.559462, 38.640265 ], [ -7.56021, 38.649235 ], [ -7.561461, 38.658185 ], [ -7.563303, 38.667112 ], [ -7.572717, 38.675727 ], [ -7.572721, 38.675742 ], [ -7.576913, 38.684577 ], [ -7.584974, 38.687869 ], [ -7.596177, 38.692819 ], [ -7.596791, 38.693077 ], [ -7.60866, 38.699069 ], [ -7.616395, 38.701019 ], [ -7.620313, 38.701681 ], [ -7.632098, 38.70632 ], [ -7.642541, 38.708981 ], [ -7.643768, 38.709167 ], [ -7.655267, 38.709371 ], [ -7.666858, 38.710978 ], [ -7.678679, 38.716107 ], [ -7.684812, 38.71629 ], [ -7.690186, 38.716405 ], [ -7.701653, 38.716112 ], [ -7.713178, 38.716676 ], [ -7.724641, 38.716321 ], [ -7.736151, 38.716665 ], [ -7.747698, 38.717573 ], [ -7.759298, 38.719279 ], [ -7.77031, 38.721823 ], [ -7.770956, 38.721834 ], [ -7.782417, 38.721429 ], [ -7.79387, 38.720923 ], [ -7.805334, 38.720573 ], [ -7.816789, 38.72009 ], [ -7.828294, 38.720354 ], [ -7.839701, 38.719164 ], [ -7.851157, 38.718713 ], [ -7.862607, 38.718167 ], [ -7.874058, 38.717642 ], [ -7.885517, 38.717247 ], [ -7.896971, 38.716761 ], [ -7.908419, 38.716209 ], [ -7.919866, 38.715635 ], [ -7.931324, 38.715225 ], [ -7.942777, 38.714754 ], [ -7.954228, 38.714242 ], [ -7.956443, 38.714062 ], [ -7.965494, 38.711079 ], [ -7.976818, 38.708752 ], [ -7.98819, 38.707133 ], [ -7.999566, 38.705582 ], [ -8.010979, 38.704567 ], [ -8.022406, 38.703759 ], [ -8.033837, 38.703002 ], [ -8.045259, 38.702131 ], [ -8.056682, 38.701269 ], [ -8.068108, 38.700467 ], [ -8.070918, 38.700144 ], [ -8.079452, 38.698505 ], [ -8.090738, 38.69574 ], [ -8.102065, 38.693557 ], [ -8.113393, 38.691404 ], [ -8.124705, 38.68904 ], [ -8.12599, 38.688739 ], [ -8.135979, 38.686151 ], [ -8.147244, 38.683143 ], [ -8.158494, 38.679958 ], [ -8.164906, 38.678025 ], [ -8.169703, 38.676199 ], [ -8.180903, 38.67235 ], [ -8.192131, 38.668886 ], [ -8.195839, 38.667654 ], [ -8.203167, 38.662805 ], [ -8.214364, 38.65896 ], [ -8.221447, 38.657513 ], [ -8.225448, 38.653593 ], [ -8.236569, 38.648734 ], [ -8.24797, 38.647744 ], [ -8.249077, 38.647276 ], [ -8.258784, 38.638733 ], [ -8.270171, 38.637575 ], [ -8.270817, 38.637299 ], [ -8.280993, 38.628739 ], [ -8.292386, 38.627691 ], [ -8.293207, 38.627288 ], [ -8.303194, 38.618717 ], [ -8.307725, 38.617632 ], [ -8.314482, 38.616271 ], [ -8.325334, 38.607961 ], [ -8.325709, 38.607816 ], [ -8.336207, 38.599964 ], [ -8.347546, 38.598258 ], [ -8.348394, 38.597782 ], [ -8.358318, 38.588956 ], [ -8.360018, 38.588252 ], [ -8.369105, 38.579889 ], [ -8.380461, 38.578459 ], [ -8.380719, 38.578302 ], [ -8.391249, 38.569474 ], [ -8.392575, 38.568759 ], [ -8.40203, 38.560422 ], [ -8.405369, 38.55917 ], [ -8.413239, 38.5571 ], [ -8.424112, 38.549328 ], [ -8.42415, 38.549302 ], [ -8.434893, 38.540361 ], [ -8.435806, 38.539764 ], [ -8.445661, 38.531266 ], [ -8.447329, 38.53023 ], [ -8.456406, 38.521912 ], [ -8.458603, 38.520707 ], [ -8.467206, 38.5133 ], [ -8.472357, 38.511067 ], [ -8.478183, 38.507067 ], [ -8.48922, 38.501639 ], [ -8.489695, 38.501257 ], [ -8.499952, 38.492231 ], [ -8.500538, 38.491751 ], [ -8.510658, 38.482523 ], [ -8.510969, 38.482262 ], [ -8.521392, 38.473214 ], [ -8.521938, 38.472748 ], [ -8.532146, 38.464198 ], [ -8.533252, 38.463217 ], [ -8.542863, 38.45474 ], [ -8.543996, 38.453711 ], [ -8.553553, 38.444957 ], [ -8.554345, 38.444223 ], [ -8.5643, 38.435968 ], [ -8.565677, 38.434688 ], [ -8.574971, 38.426014 ], [ -8.575809, 38.425209 ], [ -8.585607, 38.415745 ], [ -8.585614, 38.415738 ], [ -8.594879, 38.406305 ], [ -8.596214, 38.404936 ], [ -8.603984, 38.396873 ], [ -8.606796, 38.393956 ], [ -8.612972, 38.387446 ], [ -8.617375, 38.382963 ], [ -8.62198, 38.378017 ], [ -8.627942, 38.371863 ], [ -8.630959, 38.368589 ], [ -8.638503, 38.360723 ], [ -8.639931, 38.359161 ], [ -8.648722, 38.34974 ], [ -8.649045, 38.349382 ], [ -8.656705, 38.340359 ], [ -8.659521, 38.33724 ], [ -8.664806, 38.330971 ], [ -8.670004, 38.325215 ], [ -8.673077, 38.321574 ], [ -8.680496, 38.31336 ], [ -8.681504, 38.312169 ], [ -8.689258, 38.302796 ], [ -8.690932, 38.300825 ], [ -8.696754, 38.293436 ], [ -8.701343, 38.288028 ], [ -8.70447, 38.284064 ], [ -8.711784, 38.27564 ], [ -8.712557, 38.274674 ], [ -8.719645, 38.265332 ], [ -8.722143, 38.262263 ], [ -8.726793, 38.255987 ], [ -8.732513, 38.24907 ], [ -8.734373, 38.24662 ], [ -8.741788, 38.237261 ], [ -8.742878, 38.235856 ], [ -8.748363, 38.227943 ], [ -8.753179, 38.221881 ], [ -8.755539, 38.218595 ], [ -8.762767, 38.209244 ], [ -8.763504, 38.20825 ], [ -8.769018, 38.19994 ], [ -8.77376, 38.193795 ], [ -8.775996, 38.190601 ], [ -8.783071, 38.181256 ], [ -8.784058, 38.179911 ], [ -8.789272, 38.171954 ], [ -8.794303, 38.165421 ], [ -8.796253, 38.162614 ], [ -8.803067, 38.153281 ], [ -8.804569, 38.151226 ], [ -8.809268, 38.143978 ], [ -8.814807, 38.136738 ], [ -8.816254, 38.134636 ], [ -8.822687, 38.125321 ], [ -8.825023, 38.122018 ], [ -8.828851, 38.11602 ], [ -8.835268, 38.107711 ], [ -8.835983, 38.106669 ], [ -8.841838, 38.097382 ], [ -8.845437, 38.092501 ], [ -8.848271, 38.088066 ], [ -8.855211, 38.078725 ], [ -8.855674, 38.07818 ], [ -8.861282, 38.069426 ], [ -8.86565, 38.060653 ], [ -8.865909, 38.060199 ], [ -8.869135, 38.051043 ], [ -8.875716, 38.044311 ], [ -8.876893, 38.041659 ], [ -8.886125, 38.03228 ], [ -8.886179, 38.032198 ], [ -8.887634, 38.02313 ], [ -8.896018, 38.013876 ], [ -8.896106, 38.013709 ], [ -8.897686, 38.004635 ], [ -8.905967, 37.996218 ], [ -8.90635, 37.995204 ], [ -8.912121, 37.985918 ], [ -8.916041, 37.980165 ], [ -8.916534, 37.976701 ], [ -8.926364, 37.96726 ], [ -8.926393, 37.967208 ], [ -8.926781, 37.958194 ], [ -8.936268, 37.949195 ], [ -8.936503, 37.948708 ], [ -8.937849, 37.939645 ], [ -8.946151, 37.930932 ], [ -8.946419, 37.930216 ], [ -8.948766, 37.921102 ], [ -8.956042, 37.912833 ], [ -8.956337, 37.911723 ], [ -8.960839, 37.9025 ], [ -8.966012, 37.895746 ], [ -8.966479, 37.893219 ], [ -8.972609, 37.883912 ], [ -8.975898, 37.877684 ], [ -8.976158, 37.874737 ], [ -8.985305, 37.865277 ], [ -8.985864, 37.860653 ], [ -8.986229, 37.856235 ], [ -8.992422, 37.846924 ], [ -8.99563, 37.841224 ], [ -8.995936, 37.837751 ], [ -9.000051, 37.828546 ], [ -9.005366, 37.821465 ], [ -9.0057, 37.819263 ], [ -9.008682, 37.810116 ], [ -9.015125, 37.802064 ], [ -9.015431, 37.800776 ], [ -9.016716, 37.791716 ], [ -9.024891, 37.782787 ], [ -9.025054, 37.782294 ], [ -9.025511, 37.773276 ], [ -9.0347, 37.764108 ], [ -9.034832, 37.763803 ], [ -9.034554, 37.754823 ], [ -9.036641, 37.745722 ], [ -9.043856, 37.73747 ], [ -9.044119, 37.736343 ], [ -9.044642, 37.727322 ], [ -9.05074, 37.718014 ], [ -9.053081, 37.711744 ], [ -9.053212, 37.708892 ], [ -9.054928, 37.69981 ], [ -9.062713, 37.691067 ], [ -9.062941, 37.690402 ], [ -9.062876, 37.681412 ], [ -9.066939, 37.672208 ], [ -9.065925, 37.663266 ], [ -9.071172, 37.656099 ], [ -9.07143, 37.653988 ], [ -9.070894, 37.645022 ], [ -9.071318, 37.636006 ], [ -9.07534, 37.626804 ], [ -9.079454, 37.619045 ], [ -9.079559, 37.617592 ], [ -9.07888, 37.608633 ], [ -9.07904, 37.599631 ], [ -9.079323, 37.590622 ], [ -9.079027, 37.581644 ], [ -9.080257, 37.572586 ], [ -9.082203, 37.563491 ], [ -9.082856, 37.554464 ], [ -9.08419, 37.545401 ], [ -9.081538, 37.536544 ], [ -9.079235, 37.527669 ], [ -9.077192, 37.518781 ], [ -9.074934, 37.509903 ], [ -9.076761, 37.500815 ], [ -9.0709, 37.492124 ], [ -9.069055, 37.483225 ], [ -9.068166, 37.474277 ], [ -9.06701, 37.465342 ], [ -9.066919, 37.4651 ], [ -9.05947, 37.456736 ], [ -9.056116, 37.447915 ], [ -9.05383, 37.439038 ], [ -9.053437, 37.437936 ], [ -9.050704, 37.430205 ], [ -9.042189, 37.421648 ], [ -9.040337, 37.415373 ], [ -9.039172, 37.412809 ], [ -9.030412, 37.404264 ], [ -9.027797, 37.399675 ], [ -9.025035, 37.395545 ], [ -9.017091, 37.386956 ], [ -9.015358, 37.385167 ], [ -9.008246, 37.378413 ], [ -9.003184, 37.3739 ], [ -8.998582, 37.369912 ], [ -8.991133, 37.364138 ], [ -8.98762, 37.361475 ], [ -8.9792, 37.355799 ], [ -8.974936, 37.353124 ], [ -8.967363, 37.348644 ], [ -8.960699, 37.344851 ], [ -8.955581, 37.342152 ], [ -8.944335, 37.336682 ], [ -8.943864, 37.336461 ], [ -8.932292, 37.332582 ], [ -8.923221, 37.328751 ], [ -8.920656, 37.327884 ], [ -8.909252, 37.326103 ], [ -8.898709, 37.320985 ], [ -8.897564, 37.32071 ], [ -8.88625, 37.320057 ], [ -8.874603, 37.315151 ], [ -8.866541, 37.313595 ], [ -8.86321, 37.31349 ], [ -8.851889, 37.312741 ], [ -8.840239, 37.307746 ], [ -8.82901, 37.306461 ], [ -8.828876, 37.306445 ], [ -8.827572, 37.306532 ], [ -8.817733, 37.307987 ], [ -8.816369, 37.307085 ], [ -8.806124, 37.303494 ], [ -8.794786, 37.302496 ], [ -8.788726, 37.29945 ], [ -8.783215, 37.29847 ], [ -8.771651, 37.294519 ], [ -8.767203, 37.291509 ], [ -8.759772, 37.286423 ], [ -8.748375, 37.284627 ], [ -8.747613, 37.28347 ], [ -8.737037, 37.274989 ], [ -8.736363, 37.274729 ], [ -8.72451, 37.266602 ], [ -8.724486, 37.266583 ], [ -8.721137, 37.257771 ], [ -8.711979, 37.250079 ], [ -8.709562, 37.249336 ], [ -8.700259, 37.24079 ], [ -8.700002, 37.240515 ], [ -8.690473, 37.232267 ], [ -8.687818, 37.228151 ], [ -8.683005, 37.223631 ], [ -8.676561, 37.214945 ], [ -8.675432, 37.213058 ], [ -8.668836, 37.206321 ], [ -8.663913, 37.197561 ], [ -8.662847, 37.195234 ], [ -8.657899, 37.188854 ], [ -8.652305, 37.180126 ], [ -8.649811, 37.17125 ], [ -8.649808, 37.171244 ], [ -8.643076, 37.162576 ], [ -8.638936, 37.153778 ], [ -8.636795, 37.144884 ], [ -8.636549, 37.144172 ], [ -8.631373, 37.136147 ], [ -8.62724, 37.127348 ], [ -8.62482, 37.118467 ], [ -8.623193, 37.109549 ], [ -8.622496, 37.106245 ], [ -8.620148, 37.100698 ], [ -8.615745, 37.091911 ], [ -8.613067, 37.083043 ], [ -8.611485, 37.074122 ], [ -8.609557, 37.065217 ], [ -8.608242, 37.056284 ], [ -8.607163, 37.047339 ], [ -8.606416, 37.040652 ], [ -8.606008, 37.038398 ], [ -8.602907, 37.029549 ], [ -8.600613, 37.020662 ], [ -8.598857, 37.011749 ], [ -8.597444, 37.00282 ], [ -8.59614, 36.993886 ], [ -8.595049, 36.984941 ], [ -8.594134, 36.975988 ], [ -8.593359, 36.967029 ], [ -8.592552, 36.958071 ], [ -8.591817, 36.94911 ], [ -8.591212, 36.940143 ], [ -8.590738, 36.931169 ], [ -8.590353, 36.922191 ], [ -8.589954, 36.913214 ], [ -8.589726, 36.904229 ], [ -8.589718, 36.895233 ], [ -8.591414, 36.886157 ], [ -8.590514, 36.877203 ], [ -8.591632, 36.868155 ], [ -8.592927, 36.859098 ], [ -8.593009, 36.858073 ], [ -8.592901, 36.850103 ], [ -8.592635, 36.841119 ], [ -8.592625, 36.832124 ], [ -8.59298, 36.823111 ], [ -8.593828, 36.814075 ], [ -8.595415, 36.805004 ], [ -8.599018, 36.795838 ], [ -8.599483, 36.793504 ], [ -8.599691, 36.78681 ], [ -8.600234, 36.777789 ], [ -8.601603, 36.768728 ], [ -8.605255, 36.75956 ], [ -8.607736, 36.753369 ], [ -8.608162, 36.750426 ], [ -8.609264, 36.741378 ], [ -8.612799, 36.732215 ], [ -8.616839, 36.724955 ], [ -8.617336, 36.723005 ], [ -8.61923, 36.713919 ], [ -8.626529, 36.704628 ], [ -8.626559, 36.704576 ], [ -8.632601, 36.695293 ], [ -8.636404, 36.686914 ], [ -8.636691, 36.686103 ], [ -8.645802, 36.676675 ], [ -8.646691, 36.674864 ], [ -8.651961, 36.667386 ], [ -8.656588, 36.65817 ], [ -8.656631, 36.658116 ], [ -8.666412, 36.648705 ], [ -8.667057, 36.648047 ], [ -8.676602, 36.639223 ], [ -8.677513, 36.638432 ], [ -8.687957, 36.629684 ], [ -8.688027, 36.629624 ], [ -8.698285, 36.620193 ], [ -8.697537, 36.611234 ], [ -8.697815, 36.611008 ], [ -8.701547, 36.611041 ], [ -8.709096, 36.612654 ], [ -8.717811, 36.610259 ], [ -8.719964, 36.608726 ], [ -8.730601, 36.601699 ], [ -8.741643, 36.600138 ], [ -8.742012, 36.600097 ], [ -8.752591, 36.597323 ], [ -8.763538, 36.594515 ], [ -8.77434, 36.589778 ], [ -8.785501, 36.597986 ], [ -8.786113, 36.598016 ], [ -8.786239, 36.59795 ], [ -8.796613, 36.589264 ], [ -8.801439, 36.588214 ], [ -8.807462, 36.585177 ], [ -8.818427, 36.582657 ], [ -8.829411, 36.580403 ], [ -8.840356, 36.577637 ], [ -8.841346, 36.577263 ], [ -8.85109, 36.572094 ], [ -8.861912, 36.567731 ], [ -8.86288, 36.567207 ], [ -8.872492, 36.560205 ], [ -8.877117, 36.557509 ], [ -8.883116, 36.553282 ], [ -8.890742, 36.54784 ], [ -8.89355, 36.543886 ], [ -8.89945, 36.538413 ], [ -8.903998, 36.534705 ], [ -8.908473, 36.52897 ], [ -8.914165, 36.521882 ], [ -8.915633, 36.51962 ], [ -8.924463, 36.510808 ], [ -8.924878, 36.510165 ], [ -8.928111, 36.501009 ], [ -8.934284, 36.493541 ], [ -8.935009, 36.49167 ], [ -8.938251, 36.482514 ], [ -8.944009, 36.475082 ], [ -8.944574, 36.473204 ], [ -8.945814, 36.464147 ], [ -8.95361, 36.45505 ], [ -8.953711, 36.454758 ], [ -8.954219, 36.445738 ], [ -8.956061, 36.436652 ], [ -8.962674, 36.428076 ], [ -8.96283, 36.427318 ], [ -8.96269, 36.418331 ], [ -8.963435, 36.409299 ], [ -8.969921, 36.39998 ], [ -8.970984, 36.391358 ], [ -8.971016, 36.390931 ], [ -8.971012, 36.381936 ], [ -8.971035, 36.372941 ], [ -8.970935, 36.363952 ], [ -8.973986, 36.354804 ], [ -8.978699, 36.34695 ], [ -8.978822, 36.345568 ], [ -8.978356, 36.336597 ], [ -8.977705, 36.327635 ], [ -8.979466, 36.318553 ], [ -8.979407, 36.309561 ], [ -8.981437, 36.300465 ], [ -8.982762, 36.291404 ], [ -8.983426, 36.282377 ], [ -8.983634, 36.273372 ], [ -8.983765, 36.268061 ], [ -8.983837, 36.264368 ], [ -8.983871, 36.255372 ], [ -8.983781, 36.246382 ], [ -8.983599, 36.237397 ], [ -8.983377, 36.228414 ], [ -8.983122, 36.219433 ], [ -8.982756, 36.210457 ], [ -8.982303, 36.201486 ], [ -8.981786, 36.192517 ], [ -8.981233, 36.183551 ], [ -8.980708, 36.174583 ], [ -8.980028, 36.165623 ], [ -8.979227, 36.156669 ], [ -8.978358, 36.147718 ], [ -8.977484, 36.138768 ], [ -8.97668, 36.129814 ], [ -8.975683, 36.12087 ], [ -8.974555, 36.111932 ], [ -8.973253, 36.103003 ], [ -8.9718, 36.094081 ], [ -8.970236, 36.085165 ], [ -8.969236, 36.076221 ], [ -8.968599, 36.067259 ], [ -8.967929, 36.058298 ], [ -8.967233, 36.049339 ], [ -8.966509, 36.040381 ], [ -8.965755, 36.031424 ], [ -8.965743, 36.031316 ], [ -8.963603, 36.022537 ], [ -8.960575, 36.013694 ], [ -8.956565, 36.0049 ], [ -8.960279, 35.99572 ], [ -8.959315, 35.986774 ], [ -8.956925, 35.977899 ], [ -8.955457, 35.968978 ], [ -8.95399, 35.960056 ], [ -8.952519, 35.951135 ], [ -8.950879, 35.942223 ], [ -8.947885, 35.933377 ], [ -8.947219, 35.924416 ], [ -8.946283, 35.915468 ], [ -8.94534, 35.906521 ], [ -8.945224, 35.90589 ], [ -8.941423, 35.897721 ], [ -8.936197, 35.888986 ], [ -8.934002, 35.880101 ], [ -8.932672, 35.871172 ], [ -8.931451, 35.862238 ], [ -8.930517, 35.85329 ], [ -8.929791, 35.844332 ], [ -8.929017, 35.835376 ], [ -8.928828, 35.834515 ], [ -8.923075, 35.826675 ], [ -8.919102, 35.817877 ], [ -8.917287, 35.808972 ], [ -8.915938, 35.800045 ], [ -8.914753, 35.791109 ], [ -8.914019, 35.78215 ], [ -8.913835, 35.781489 ], [ -8.910598, 35.773325 ], [ -8.904069, 35.764652 ], [ -8.901807, 35.755769 ], [ -8.90052, 35.746838 ], [ -8.899869, 35.742003 ], [ -8.89909, 35.737914 ], [ -8.8917, 35.729282 ], [ -8.888378, 35.720451 ], [ -8.886991, 35.711525 ], [ -8.88638, 35.708754 ], [ -8.885094, 35.702623 ], [ -8.877464, 35.694002 ], [ -8.874544, 35.685151 ], [ -8.872966, 35.676233 ], [ -8.872956, 35.676213 ], [ -8.865703, 35.667594 ], [ -8.86152, 35.658804 ], [ -8.860393, 35.655247 ], [ -8.858043, 35.649979 ], [ -8.851112, 35.641322 ], [ -8.847974, 35.63248 ], [ -8.84767, 35.631981 ], [ -8.839752, 35.623886 ], [ -8.835998, 35.615073 ], [ -8.835348, 35.614117 ], [ -8.829018, 35.606417 ], [ -8.823417, 35.597694 ], [ -8.82311, 35.597322 ], [ -8.814783, 35.589118 ], [ -8.811184, 35.584743 ], [ -8.807659, 35.580467 ], [ -8.799365, 35.571873 ], [ -8.799231, 35.571745 ], [ -8.788717, 35.563391 ], [ -8.78754, 35.562321 ], [ -8.777818, 35.554921 ], [ -8.775875, 35.553218 ], [ -8.767197, 35.546436 ], [ -8.764201, 35.543952 ], [ -8.756228, 35.537967 ], [ -8.752564, 35.535164 ], [ -8.743831, 35.529564 ], [ -8.741008, 35.527472 ], [ -8.731934, 35.521137 ], [ -8.729431, 35.519447 ], [ -8.71935, 35.512741 ], [ -8.717884, 35.511815 ], [ -8.707556, 35.504306 ], [ -8.706291, 35.503502 ], [ -8.6955, 35.495882 ], [ -8.694715, 35.495405 ], [ -8.683362, 35.48746 ], [ -8.683144, 35.487329 ], [ -8.67172, 35.479014 ], [ -8.67155, 35.478907 ], [ -8.660314, 35.475535 ], [ -8.65243, 35.470926 ], [ -8.648898, 35.469582 ], [ -8.638457, 35.462586 ], [ -8.637375, 35.462071 ], [ -8.626362, 35.454157 ], [ -8.625805, 35.453864 ], [ -8.614543, 35.445713 ], [ -8.614229, 35.445537 ], [ -8.60294, 35.441307 ], [ -8.594896, 35.437632 ], [ -8.591602, 35.436348 ], [ -8.581454, 35.429259 ], [ -8.580072, 35.428596 ], [ -8.568814, 35.420849 ], [ -8.568535, 35.420702 ], [ -8.557547, 35.420752 ], [ -8.552717, 35.412596 ], [ -8.545752, 35.409074 ], [ -8.537029, 35.404322 ], [ -8.534343, 35.402951 ], [ -8.522947, 35.397011 ], [ -8.521094, 35.396057 ], [ -8.511591, 35.39163 ], [ -8.504439, 35.387823 ], [ -8.500205, 35.385781 ], [ -8.488805, 35.379695 ], [ -8.488525, 35.379553 ], [ -8.477463, 35.37446 ], [ -8.471337, 35.371338 ], [ -8.466099, 35.368858 ], [ -8.454949, 35.363084 ], [ -8.454717, 35.362972 ], [ -8.443391, 35.357891 ], [ -8.437345, 35.354883 ], [ -8.432038, 35.352402 ], [ -8.42067, 35.346652 ], [ -8.420642, 35.346639 ], [ -8.409358, 35.341714 ], [ -8.402695, 35.338448 ], [ -8.398017, 35.336326 ], [ -8.386668, 35.3308 ], [ -8.385454, 35.330222 ], [ -8.375356, 35.325803 ], [ -8.36762, 35.32202 ], [ -8.364018, 35.320385 ], [ -8.352695, 35.315177 ], [ -8.349741, 35.313818 ], [ -8.341387, 35.310176 ], [ -8.331795, 35.305615 ], [ -8.330058, 35.304836 ], [ -8.318755, 35.299882 ], [ -8.313524, 35.297424 ], [ -8.307442, 35.294727 ], [ -8.296127, 35.28954 ], [ -8.295412, 35.289223 ], [ -8.284838, 35.284728 ], [ -8.276765, 35.281043 ], [ -8.273533, 35.279634 ], [ -8.262238, 35.274696 ], [ -8.258149, 35.272858 ], [ -8.250948, 35.26979 ], [ -8.239697, 35.264663 ], [ -8.239642, 35.264639 ], [ -8.22836, 35.259818 ], [ -8.220733, 35.256487 ], [ -8.217073, 35.254916 ], [ -8.205792, 35.250074 ], [ -8.201731, 35.24831 ], [ -8.194514, 35.245263 ], [ -8.18323, 35.240337 ], [ -8.182751, 35.240128 ], [ -8.17196, 35.235604 ], [ -8.163508, 35.231955 ], [ -8.160683, 35.230748 ], [ -8.149415, 35.226004 ], [ -8.144167, 35.223782 ], [ -8.138148, 35.221264 ], [ -8.126881, 35.216509 ], [ -8.124748, 35.215609 ], [ -8.115621, 35.211829 ], [ -8.105234, 35.207438 ], [ -8.104357, 35.207071 ], [ -8.0931, 35.202411 ], [ -8.08575, 35.199261 ], [ -8.081835, 35.197607 ], [ -8.070577, 35.192882 ], [ -8.066268, 35.191081 ], [ -8.059318, 35.188128 ], [ -8.048069, 35.18351 ], [ -8.046605, 35.182906 ], [ -8.036816, 35.178795 ], [ -8.026559, 35.174742 ], [ -8.02558, 35.174348 ], [ -8.014339, 35.169805 ], [ -8.003439, 35.166703 ], [ -8.003183, 35.166616 ], [ -7.992131, 35.16512 ], [ -7.982587, 35.158566 ], [ -7.980733, 35.157948 ], [ -7.969546, 35.154205 ], [ -7.961998, 35.150414 ], [ -7.958288, 35.149288 ], [ -7.947042, 35.144539 ], [ -7.940114, 35.142311 ], [ -7.935898, 35.141446 ], [ -7.924602, 35.135833 ], [ -7.91683, 35.134261 ], [ -7.913536, 35.134025 ], [ -7.90222, 35.125855 ], [ -7.902086, 35.125803 ], [ -7.891123, 35.125674 ], [ -7.880049, 35.117752 ], [ -7.879687, 35.11762 ], [ -7.86873, 35.117568 ], [ -7.857422, 35.109663 ], [ -7.857303, 35.109623 ], [ -7.846347, 35.109583 ], [ -7.835418, 35.101545 ], [ -7.834908, 35.101373 ], [ -7.823945, 35.101187 ], [ -7.812982, 35.09344 ], [ -7.812528, 35.09329 ], [ -7.801571, 35.093203 ], [ -7.790323, 35.08534 ], [ -7.790156, 35.085285 ], [ -7.779206, 35.085292 ], [ -7.767797, 35.077429 ], [ -7.767299, 35.077249 ], [ -7.756827, 35.077074 ], [ -7.745663, 35.073369 ], [ -7.7366, 35.069454 ], [ -7.734478, 35.069297 ], [ -7.723202, 35.063621 ], [ -7.713539, 35.061355 ], [ -7.71211, 35.061103 ], [ -7.701118, 35.060336 ], [ -7.690455, 35.053251 ], [ -7.689755, 35.053077 ], [ -7.678807, 35.053055 ], [ -7.667586, 35.048243 ], [ -7.662568, 35.045328 ], [ -7.656449, 35.044879 ], [ -7.6454, 35.043057 ], [ -7.635683, 35.03736 ], [ -7.634115, 35.037049 ], [ -7.62319, 35.0374 ], [ -7.612114, 35.035072 ], [ -7.605629, 35.029506 ], [ -7.600801, 35.028503 ], [ -7.589722, 35.026089 ], [ -7.578617, 35.023199 ], [ -7.573178, 35.021735 ], [ -7.567527, 35.02056 ], [ -7.556468, 35.018461 ], [ -7.545416, 35.016495 ], [ -7.534369, 35.014595 ], [ -7.532382, 35.014267 ], [ -7.523336, 35.012943 ], [ -7.512319, 35.011588 ], [ -7.501319, 35.010527 ], [ -7.490337, 35.009778 ], [ -7.479359, 35.009122 ], [ -7.468407, 35.008929 ], [ -7.457482, 35.009227 ], [ -7.44661, 35.010528 ], [ -7.435821, 35.013347 ], [ -7.425081, 35.017094 ], [ -7.41419, 35.018059 ], [ -7.410181, 35.018778 ], [ -7.403411, 35.021122 ], [ -7.392866, 35.028409 ], [ -7.392859, 35.02842 ], [ -7.382428, 35.037789 ], [ -7.382901, 35.046774 ], [ -7.382898, 35.046822 ], [ -7.372508, 35.056151 ], [ -7.373004, 35.065135 ], [ -7.373435, 35.074121 ], [ -7.373911, 35.083106 ], [ -7.373915, 35.083575 ], [ -7.364009, 35.092465 ], [ -7.364025, 35.101466 ], [ -7.36445, 35.110453 ], [ -7.364448, 35.111388 ], [ -7.355078, 35.119792 ], [ -7.354578, 35.128812 ], [ -7.354988, 35.137799 ], [ -7.354911, 35.138007 ], [ -7.351194, 35.146938 ], [ -7.344887, 35.155574 ], [ -7.344681, 35.156174 ], [ -7.334773, 35.165531 ], [ -7.334478, 35.165977 ], [ -7.325575, 35.174862 ], [ -7.323996, 35.175059 ], [ -7.313757, 35.184287 ], [ -7.313521, 35.184319 ], [ -7.302734, 35.187703 ], [ -7.293321, 35.194016 ], [ -7.292131, 35.194607 ], [ -7.281275, 35.196719 ], [ -7.270437, 35.199205 ], [ -7.259486, 35.199526 ], [ -7.24867, 35.202456 ], [ -7.237558, 35.199699 ], [ -7.226552, 35.198985 ], [ -7.215578, 35.198866 ], [ -7.206163, 35.19708 ], [ -7.20449, 35.196564 ], [ -7.19329, 35.192059 ], [ -7.186846, 35.188749 ], [ -7.181997, 35.185724 ], [ -7.174505, 35.180173 ], [ -7.170489, 35.175146 ], [ -7.167351, 35.171417 ], [ -7.158903, 35.16298 ], [ -7.158713, 35.162712 ], [ -7.155795, 35.15381 ], [ -7.150696, 35.144982 ], [ -7.146613, 35.136884 ], [ -7.146413, 35.136126 ], [ -7.145828, 35.127144 ], [ -7.143524, 35.11822 ], [ -7.144623, 35.10918 ], [ -7.144724, 35.100174 ], [ -7.13336, 35.091581 ], [ -7.133357, 35.09156 ], [ -7.132903, 35.082572 ], [ -7.132441, 35.073585 ], [ -7.121065, 35.064979 ], [ -7.121064, 35.06497 ], [ -7.120609, 35.055983 ], [ -7.120101, 35.046998 ], [ -7.108782, 35.038428 ], [ -7.108778, 35.038379 ], [ -7.108325, 35.029392 ], [ -7.096952, 35.020778 ], [ -7.096951, 35.020774 ], [ -7.096502, 35.011787 ], [ -7.096045, 35.002799 ], [ -7.084683, 34.994187 ], [ -7.084681, 34.99418 ], [ -7.083689, 34.98521 ], [ -7.072875, 34.976718 ], [ -7.072839, 34.976572 ], [ -7.064283, 34.967856 ], [ -7.061347, 34.964823 ], [ -7.059588, 34.95901 ], [ -7.049718, 34.950796 ], [ -7.049376, 34.950349 ], [ -7.038342, 34.941823 ], [ -7.038238, 34.941717 ], [ -7.026998, 34.933475 ], [ -7.026591, 34.933101 ], [ -7.015652, 34.92446 ], [ -7.015623, 34.924437 ], [ -7.004275, 34.915897 ], [ -7.0042, 34.915835 ], [ -6.993572, 34.907182 ], [ -6.992896, 34.906666 ], [ -6.982571, 34.89854 ], [ -6.981534, 34.897733 ], [ -6.971315, 34.889906 ], [ -6.970187, 34.889056 ], [ -6.959811, 34.881278 ], [ -6.958851, 34.880563 ], [ -6.948069, 34.872657 ], [ -6.947527, 34.872267 ], [ -6.936214, 34.864155 ], [ -6.936056, 34.864044 ], [ -6.924915, 34.8563 ], [ -6.923676, 34.855441 ], [ -6.913626, 34.84861 ], [ -6.911049, 34.846844 ], [ -6.902344, 34.841007 ], [ -6.898245, 34.838252 ], [ -6.89107, 34.83354 ], [ -6.885204, 34.829666 ], [ -6.879804, 34.8262 ], [ -6.871938, 34.821086 ], [ -6.868544, 34.818932 ], [ -6.858508, 34.812509 ], [ -6.85729, 34.811759 ], [ -6.846048, 34.804803 ], [ -6.84465, 34.803944 ], [ -6.834819, 34.798092 ], [ -6.830503, 34.795387 ], [ -6.82359, 34.791328 ], [ -6.815961, 34.78684 ], [ -6.812371, 34.784748 ], [ -6.801552, 34.778288 ], [ -6.801149, 34.778055 ], [ -6.789948, 34.771779 ], [ -6.786327, 34.769759 ], [ -6.778752, 34.765598 ], [ -6.771083, 34.761228 ], [ -6.767553, 34.759297 ], [ -6.756355, 34.752992 ], [ -6.755798, 34.752697 ], [ -6.745182, 34.74718 ], [ -6.739691, 34.744189 ], [ -6.734003, 34.741225 ], [ -6.723827, 34.735671 ], [ -6.722821, 34.735148 ], [ -6.71166, 34.729512 ], [ -6.707193, 34.727174 ], [ -6.700498, 34.723839 ], [ -6.690697, 34.718671 ], [ -6.689331, 34.717988 ], [ -6.678183, 34.712548 ], [ -6.673512, 34.710187 ], [ -6.667035, 34.707078 ], [ -6.656504, 34.701694 ], [ -6.65588, 34.701391 ], [ -6.644748, 34.696227 ], [ -6.638642, 34.693225 ], [ -6.63361, 34.690879 ], [ -6.622471, 34.685467 ], [ -6.620951, 34.684747 ], [ -6.611351, 34.68046 ], [ -6.602678, 34.676285 ], [ -6.600219, 34.675162 ], [ -6.589102, 34.670162 ], [ -6.584082, 34.667828 ], [ -6.577985, 34.665146 ], [ -6.566864, 34.659995 ], [ -6.565469, 34.65937 ], [ -6.555762, 34.655262 ], [ -6.54632, 34.650924 ], [ -6.544646, 34.65016 ], [ -6.533549, 34.645476 ], [ -6.526856, 34.642484 ], [ -6.522444, 34.640586 ], [ -6.511345, 34.635809 ], [ -6.507263, 34.634044 ], [ -6.500249, 34.631068 ], [ -6.489158, 34.626406 ], [ -6.487254, 34.625613 ], [ -6.47807, 34.621805 ], [ -6.466985, 34.617235 ], [ -6.466873, 34.617189 ], [ -6.455904, 34.612718 ], [ -6.446167, 34.608771 ], [ -6.444824, 34.608229 ], [ -6.433748, 34.603793 ], [ -6.425127, 34.600358 ], [ -6.422675, 34.599385 ], [ -6.411604, 34.595019 ], [ -6.403777, 34.591951 ], [ -6.400535, 34.590684 ], [ -6.38947, 34.586394 ], [ -6.382084, 34.583549 ], [ -6.378407, 34.582135 ], [ -6.367346, 34.57791 ], [ -6.36007, 34.575152 ], [ -6.356288, 34.57372 ], [ -6.345233, 34.569566 ], [ -6.337709, 34.56676 ], [ -6.334179, 34.565444 ], [ -6.323128, 34.56135 ], [ -6.315053, 34.558372 ], [ -6.312079, 34.557275 ], [ -6.301032, 34.553229 ], [ -6.292094, 34.549987 ], [ -6.289988, 34.549226 ], [ -6.278947, 34.545293 ], [ -6.268467, 34.541617 ], [ -6.26791, 34.541424 ], [ -6.256879, 34.537677 ], [ -6.245848, 34.5339 ], [ -6.243941, 34.533265 ], [ -6.234823, 34.53026 ], [ -6.2238, 34.526649 ], [ -6.218557, 34.524931 ], [ -6.21278, 34.523099 ], [ -6.201764, 34.519639 ], [ -6.192287, 34.516614 ], [ -6.190748, 34.516137 ], [ -6.179741, 34.512844 ], [ -6.168733, 34.509513 ], [ -6.164725, 34.508326 ], [ -6.157731, 34.506312 ], [ -6.146732, 34.503181 ], [ -6.135905, 34.500063 ], [ -6.135733, 34.500014 ], [ -6.124742, 34.49705 ], [ -6.113752, 34.494102 ], [ -6.105221, 34.491841 ], [ -6.102765, 34.491204 ], [ -6.091783, 34.488424 ], [ -6.080804, 34.485693 ], [ -6.072471, 34.483662 ], [ -6.069828, 34.483028 ], [ -6.058856, 34.480483 ], [ -6.047887, 34.477958 ], [ -6.036975, 34.475543 ], [ -6.036921, 34.475531 ], [ -6.025959, 34.473199 ], [ -6.015001, 34.470944 ], [ -6.004045, 34.468746 ], [ -5.997582, 34.46751 ], [ -5.993094, 34.46665 ], [ -5.982145, 34.464628 ], [ -5.971201, 34.462691 ], [ -5.960259, 34.460841 ], [ -5.95258, 34.459599 ], [ -5.949321, 34.459069 ], [ -5.938387, 34.457386 ], [ -5.927457, 34.455846 ], [ -5.916534, 34.45446 ], [ -5.905615, 34.453204 ], [ -5.894701, 34.452072 ], [ -5.893905, 34.451995 ], [ -5.88379, 34.451019 ], [ -5.872883, 34.45008 ], [ -5.861981, 34.449255 ], [ -5.851082, 34.448537 ], [ -5.840187, 34.447938 ], [ -5.829295, 34.447424 ], [ -5.818407, 34.447013 ], [ -5.807522, 34.446697 ], [ -5.796639, 34.446444 ], [ -5.78576, 34.446306 ], [ -5.774884, 34.446255 ], [ -5.764011, 34.446302 ], [ -5.753141, 34.446455 ], [ -5.742275, 34.446714 ], [ -5.731412, 34.44708 ], [ -5.720552, 34.447537 ], [ -5.709695, 34.448069 ], [ -5.698841, 34.44874 ], [ -5.687989, 34.449458 ], [ -5.677138, 34.450198 ], [ -5.666288, 34.451001 ], [ -5.65544, 34.451861 ], [ -5.644593, 34.452768 ], [ -5.63374, 34.4535 ], [ -5.622896, 34.4545 ], [ -5.612053, 34.455561 ], [ -5.601211, 34.456672 ], [ -5.59037, 34.457827 ], [ -5.57953, 34.459013 ] ] } },
{ "type": "Feature", "properties": { "fid": 33, "ID": 32, "Intensidad": 10.5 }, "geometry": { "type": "LineString", "coordinates": [ [ -5.594959, 33.899392 ], [ -5.589327, 33.900295 ], [ -5.584204, 33.901056 ], [ -5.573463, 33.903187 ], [ -5.562753, 33.906386 ], [ -5.552043, 33.909591 ], [ -5.550499, 33.910114 ], [ -5.541347, 33.913323 ], [ -5.53066, 33.917372 ], [ -5.525161, 33.919646 ], [ -5.519984, 33.921835 ], [ -5.509316, 33.926584 ], [ -5.503998, 33.929087 ], [ -5.498655, 33.931631 ], [ -5.487998, 33.936875 ], [ -5.484815, 33.938485 ], [ -5.477344, 33.942265 ], [ -5.466691, 33.947748 ], [ -5.466467, 33.947864 ], [ -5.456036, 33.953183 ], [ -5.448052, 33.957241 ], [ -5.445378, 33.958578 ], [ -5.434714, 33.963787 ], [ -5.428717, 33.966633 ], [ -5.424043, 33.9688 ], [ -5.413362, 33.97353 ], [ -5.407706, 33.976056 ], [ -5.40268, 33.978265 ], [ -5.391997, 33.982969 ], [ -5.386368, 33.985481 ], [ -5.381313, 33.987699 ], [ -5.370627, 33.992421 ], [ -5.365123, 33.994901 ], [ -5.359941, 33.997182 ], [ -5.349255, 34.001954 ], [ -5.344304, 34.004309 ], [ -5.338572, 34.006908 ], [ -5.327883, 34.01169 ], [ -5.323355, 34.013716 ], [ -5.317194, 34.016507 ], [ -5.306504, 34.021324 ], [ -5.302576, 34.023117 ], [ -5.295813, 34.026157 ], [ -5.285121, 34.031022 ], [ -5.281817, 34.032513 ], [ -5.274429, 34.035894 ], [ -5.263736, 34.040826 ], [ -5.261466, 34.041899 ], [ -5.253044, 34.045785 ], [ -5.242354, 34.050891 ], [ -5.241525, 34.051274 ], [ -5.231662, 34.055985 ], [ -5.221929, 34.06064 ], [ -5.220969, 34.061092 ], [ -5.210283, 34.0665 ], [ -5.202849, 34.069993 ], [ -5.199588, 34.071605 ], [ -5.188898, 34.076981 ], [ -5.184229, 34.079336 ], [ -5.17821, 34.082452 ], [ -5.167515, 34.087744 ], [ -5.165836, 34.088671 ], [ -5.156836, 34.093685 ], [ -5.14804, 34.097993 ], [ -5.146139, 34.099015 ], [ -5.135459, 34.105052 ], [ -5.131332, 34.107294 ], [ -5.124779, 34.111139 ], [ -5.114518, 34.116595 ], [ -5.114088, 34.116843 ], [ -5.103419, 34.123503 ], [ -5.099362, 34.125865 ], [ -5.092739, 34.129806 ], [ -5.083695, 34.135142 ], [ -5.082059, 34.136115 ], [ -5.071389, 34.142957 ], [ -5.069203, 34.144397 ], [ -5.060724, 34.150055 ], [ -5.055525, 34.153637 ], [ -5.050067, 34.157568 ], [ -5.042909, 34.162857 ], [ -5.039422, 34.16563 ], [ -5.030702, 34.17207 ], [ -5.028768, 34.173412 ], [ -5.01911, 34.181271 ], [ -5.018133, 34.182084 ], [ -5.008753, 34.190451 ], [ -5.007515, 34.191583 ], [ -4.999189, 34.199618 ], [ -4.996914, 34.201883 ], [ -4.990246, 34.208773 ], [ -4.98633, 34.213 ], [ -4.981933, 34.217918 ], [ -4.975768, 34.225189 ], [ -4.974299, 34.227051 ], [ -4.967272, 34.236174 ], [ -4.96524, 34.23895 ], [ -4.96088, 34.245286 ], [ -4.954746, 34.254379 ], [ -4.954736, 34.254395 ], [ -4.949457, 34.263489 ], [ -4.944692, 34.272575 ], [ -4.94433, 34.273316 ], [ -4.940333, 34.281654 ], [ -4.936859, 34.290719 ], [ -4.934078, 34.299589 ], [ -4.934012, 34.299774 ], [ -4.93199, 34.308816 ], [ -4.929433, 34.317866 ], [ -4.927799, 34.326902 ], [ -4.926492, 34.335932 ], [ -4.925976, 34.34495 ], [ -4.924629, 34.353981 ], [ -4.924717, 34.36299 ], [ -4.924893, 34.371997 ], [ -4.924892, 34.372809 ], [ -4.924023, 34.381021 ], [ -4.92125, 34.390074 ], [ -4.917754, 34.399139 ], [ -4.916593, 34.408167 ], [ -4.915749, 34.41719 ], [ -4.915411, 34.426205 ], [ -4.915306, 34.429039 ], [ -4.914716, 34.435226 ], [ -4.908126, 34.444339 ], [ -4.905873, 34.453384 ], [ -4.905214, 34.462404 ], [ -4.905191, 34.462456 ], [ -4.897706, 34.471531 ], [ -4.895019, 34.480582 ], [ -4.894735, 34.481189 ], [ -4.88839, 34.489695 ], [ -4.884386, 34.498767 ], [ -4.884253, 34.498953 ], [ -4.875668, 34.507911 ], [ -4.87363, 34.510588 ], [ -4.868248, 34.517034 ], [ -4.863006, 34.522357 ], [ -4.859846, 34.526172 ], [ -4.852338, 34.532204 ], [ -4.847707, 34.535366 ], [ -4.841606, 34.539306 ], [ -4.833243, 34.544594 ], [ -4.830861, 34.545907 ], [ -4.820061, 34.550018 ], [ -4.812049, 34.553921 ], [ -4.809273, 34.554793 ], [ -4.798487, 34.559664 ], [ -4.787737, 34.563289 ], [ -4.787673, 34.563309 ], [ -4.776794, 34.563912 ], [ -4.765932, 34.565361 ], [ -4.75512, 34.569214 ], [ -4.745215, 34.572915 ], [ -4.744306, 34.573024 ], [ -4.733423, 34.573531 ], [ -4.722578, 34.57591 ], [ -4.711748, 34.57904 ], [ -4.701817, 34.582538 ], [ -4.700927, 34.582639 ], [ -4.690071, 34.5846 ], [ -4.679214, 34.58647 ], [ -4.668366, 34.588846 ], [ -4.657528, 34.591774 ], [ -4.655388, 34.592186 ], [ -4.64666, 34.593249 ], [ -4.635795, 34.594832 ], [ -4.624934, 34.596666 ], [ -4.614074, 34.598596 ], [ -4.603226, 34.60118 ], [ -4.598881, 34.60195 ], [ -4.592362, 34.602926 ], [ -4.581495, 34.604576 ], [ -4.570628, 34.606205 ], [ -4.559763, 34.608011 ], [ -4.548898, 34.609831 ], [ -4.538034, 34.611741 ], [ -4.538021, 34.611743 ], [ -4.527162, 34.613211 ], [ -4.51629, 34.614729 ], [ -4.505419, 34.61633 ], [ -4.494549, 34.617959 ], [ -4.483679, 34.619653 ], [ -4.472809, 34.62141 ], [ -4.471691, 34.621572 ], [ -4.461934, 34.622835 ], [ -4.451058, 34.624264 ], [ -4.440182, 34.625749 ], [ -4.429307, 34.627274 ], [ -4.418433, 34.628854 ], [ -4.407559, 34.630486 ], [ -4.401191, 34.631413 ], [ -4.396682, 34.632 ], [ -4.385802, 34.633337 ], [ -4.374922, 34.634691 ], [ -4.364043, 34.636113 ], [ -4.353164, 34.63758 ], [ -4.342285, 34.639087 ], [ -4.331408, 34.640681 ], [ -4.327225, 34.64125 ], [ -4.320526, 34.642052 ], [ -4.309642, 34.643326 ], [ -4.298759, 34.644637 ], [ -4.287876, 34.645996 ], [ -4.276996, 34.647534 ], [ -4.266111, 34.648856 ], [ -4.25523, 34.650379 ], [ -4.249952, 34.651078 ], [ -4.244345, 34.651729 ], [ -4.233458, 34.652918 ], [ -4.222571, 34.654163 ], [ -4.211684, 34.655453 ], [ -4.200798, 34.65679 ], [ -4.189913, 34.658198 ], [ -4.179027, 34.659647 ], [ -4.169836, 34.660883 ], [ -4.168141, 34.661083 ], [ -4.157251, 34.662221 ], [ -4.146361, 34.663401 ], [ -4.135471, 34.664624 ], [ -4.124581, 34.665892 ], [ -4.113692, 34.667213 ], [ -4.102803, 34.668578 ], [ -4.091914, 34.669997 ], [ -4.086487, 34.670666 ], [ -4.081023, 34.671254 ], [ -4.070129, 34.67237 ], [ -4.059236, 34.673524 ], [ -4.048343, 34.674717 ], [ -4.03745, 34.675953 ], [ -4.026558, 34.677247 ], [ -4.015665, 34.678574 ], [ -4.004773, 34.679947 ], [ -4.000805, 34.68041 ], [ -3.993878, 34.68112 ], [ -3.982982, 34.682221 ], [ -3.972086, 34.683326 ], [ -3.961189, 34.684451 ], [ -3.950293, 34.685637 ], [ -3.939398, 34.686926 ], [ -3.928504, 34.688353 ], [ -3.917611, 34.689892 ], [ -3.916119, 34.690087 ], [ -3.906714, 34.691178 ], [ -3.895818, 34.692531 ], [ -3.884923, 34.693999 ], [ -3.874029, 34.695575 ], [ -3.863136, 34.697281 ], [ -3.852243, 34.699125 ], [ -3.849415, 34.699581 ], [ -3.841348, 34.700752 ], [ -3.830452, 34.702395 ], [ -3.819558, 34.704176 ], [ -3.808664, 34.706108 ], [ -3.797772, 34.708202 ], [ -3.793673, 34.708968 ], [ -3.786877, 34.710117 ], [ -3.775981, 34.712005 ], [ -3.765087, 34.714063 ], [ -3.754194, 34.716303 ], [ -3.745071, 34.718286 ], [ -3.7433, 34.718636 ], [ -3.732404, 34.720674 ], [ -3.721509, 34.722901 ], [ -3.710615, 34.725336 ], [ -3.701288, 34.727557 ], [ -3.699721, 34.727897 ], [ -3.688824, 34.730134 ], [ -3.677928, 34.73259 ], [ -3.667034, 34.73529 ], [ -3.661026, 34.736793 ], [ -3.656138, 34.737909 ], [ -3.64524, 34.740406 ], [ -3.634344, 34.743169 ], [ -3.624111, 34.745999 ], [ -3.623449, 34.746166 ], [ -3.61255, 34.748743 ], [ -3.601652, 34.751597 ], [ -3.590756, 34.754781 ], [ -3.589295, 34.755183 ], [ -3.579856, 34.757554 ], [ -3.568958, 34.760553 ], [ -3.55806, 34.763892 ], [ -3.55649, 34.764348 ], [ -3.547159, 34.766828 ], [ -3.536259, 34.770004 ], [ -3.525549, 34.773497 ], [ -3.52536, 34.773554 ], [ -3.514457, 34.776575 ], [ -3.503556, 34.779993 ], [ -3.495643, 34.782633 ], [ -3.492654, 34.783549 ], [ -3.48175, 34.786872 ], [ -3.470848, 34.790568 ], [ -3.46732, 34.791757 ], [ -3.459943, 34.794035 ], [ -3.449038, 34.797663 ], [ -3.440236, 34.800869 ], [ -3.438134, 34.801571 ], [ -3.427227, 34.805086 ], [ -3.416322, 34.809176 ], [ -3.41411, 34.809971 ], [ -3.405413, 34.812837 ], [ -3.394505, 34.816853 ], [ -3.388737, 34.819066 ], [ -3.383596, 34.820895 ], [ -3.372687, 34.824961 ], [ -3.364612, 34.828152 ], [ -3.361777, 34.829231 ], [ -3.350865, 34.833421 ], [ -3.341145, 34.837231 ], [ -3.339953, 34.837696 ], [ -3.32904, 34.841987 ], [ -3.318231, 34.846304 ], [ -3.318126, 34.846346 ], [ -3.307211, 34.850756 ], [ -3.296295, 34.855233 ], [ -3.29596, 34.855371 ], [ -3.285378, 34.859762 ], [ -3.27446, 34.864363 ], [ -3.274294, 34.864433 ], [ -3.263541, 34.869011 ], [ -3.253162, 34.87349 ], [ -3.252621, 34.87372 ], [ -3.2417, 34.878346 ], [ -3.232414, 34.882542 ], [ -3.230778, 34.883248 ], [ -3.219854, 34.887887 ], [ -3.212019, 34.891591 ], [ -3.208929, 34.892954 ], [ -3.198004, 34.897867 ], [ -3.192268, 34.900635 ], [ -3.187077, 34.902948 ], [ -3.176149, 34.908231 ], [ -3.173156, 34.909674 ], [ -3.16522, 34.913204 ], [ -3.15462, 34.91871 ], [ -3.15429, 34.91887 ], [ -3.143357, 34.92381 ], [ -3.135781, 34.927744 ], [ -3.132425, 34.929408 ], [ -3.12149, 34.934793 ], [ -3.117652, 34.936774 ], [ -3.110554, 34.940153 ], [ -3.100254, 34.9458 ], [ -3.099617, 34.946124 ], [ -3.088678, 34.951413 ], [ -3.082388, 34.954824 ], [ -3.077738, 34.957166 ], [ -3.066797, 34.963252 ], [ -3.065688, 34.963846 ], [ -3.055854, 34.968703 ], [ -3.048495, 34.972865 ], [ -3.044909, 34.974795 ], [ -3.033963, 34.980895 ], [ -3.032182, 34.981881 ], [ -3.023016, 34.986594 ], [ -3.01563, 34.990895 ], [ -3.012067, 34.99283 ], [ -3.001116, 34.999263 ], [ -2.999977, 34.999907 ], [ -2.990163, 35.00509 ], [ -2.983738, 35.008917 ], [ -2.979209, 35.011438 ], [ -2.968728, 35.017925 ], [ -2.968253, 35.0182 ], [ -2.957296, 35.024284 ], [ -2.952917, 35.02693 ], [ -2.946336, 35.030663 ], [ -2.937924, 35.035934 ], [ -2.935375, 35.037439 ], [ -2.924412, 35.044311 ], [ -2.92339, 35.044937 ], [ -2.913447, 35.050611 ], [ -2.908175, 35.053937 ], [ -2.902481, 35.057331 ], [ -2.893863, 35.062936 ], [ -2.891512, 35.064384 ], [ -2.880541, 35.071593 ], [ -2.880005, 35.071934 ], [ -2.869569, 35.078147 ], [ -2.86529, 35.080929 ], [ -2.858595, 35.085066 ], [ -2.851328, 35.089924 ], [ -2.847618, 35.092281 ], [ -2.837912, 35.098917 ], [ -2.836639, 35.099745 ], [ -2.825658, 35.107106 ], [ -2.824381, 35.107909 ], [ -2.814676, 35.114065 ], [ -2.81052, 35.116899 ], [ -2.803692, 35.121342 ], [ -2.797159, 35.125888 ], [ -2.792705, 35.128853 ], [ -2.784173, 35.134876 ], [ -2.781715, 35.136539 ], [ -2.771493, 35.143863 ], [ -2.770723, 35.144397 ], [ -2.759729, 35.152103 ], [ -2.758671, 35.152849 ], [ -2.748734, 35.159566 ], [ -2.74556, 35.161833 ], [ -2.737736, 35.16723 ], [ -2.732788, 35.170816 ], [ -2.726736, 35.175072 ], [ -2.72031, 35.179798 ], [ -2.715733, 35.183065 ], [ -2.708061, 35.18878 ], [ -2.704727, 35.191187 ], [ -2.695957, 35.197761 ], [ -2.693719, 35.199407 ], [ -2.684046, 35.206741 ], [ -2.682708, 35.207736 ], [ -2.672283, 35.21572 ], [ -2.671694, 35.216162 ], [ -2.660678, 35.224661 ], [ -2.660628, 35.224698 ], [ -2.649661, 35.232899 ], [ -2.64865, 35.233675 ], [ -2.638641, 35.241252 ], [ -2.636839, 35.24265 ], [ -2.627618, 35.24971 ], [ -2.625172, 35.251625 ], [ -2.616592, 35.258275 ], [ -2.613641, 35.260599 ], [ -2.605564, 35.266944 ], [ -2.602259, 35.269573 ], [ -2.594533, 35.275703 ], [ -2.590994, 35.278545 ], [ -2.583499, 35.284547 ], [ -2.579823, 35.287518 ], [ -2.572462, 35.293483 ], [ -2.568758, 35.296489 ], [ -2.561422, 35.302492 ], [ -2.557801, 35.30546 ], [ -2.550379, 35.311599 ], [ -2.546967, 35.31443 ], [ -2.539333, 35.320837 ], [ -2.536271, 35.3234 ], [ -2.528284, 35.33023 ], [ -2.525753, 35.332369 ], [ -2.517231, 35.339757 ], [ -2.515386, 35.341338 ], [ -2.506175, 35.34944 ], [ -2.505311, 35.350308 ], [ -2.495121, 35.359276 ], [ -2.495115, 35.359281 ], [ -2.484716, 35.368242 ], [ -2.484054, 35.368831 ], [ -2.47445, 35.377208 ], [ -2.47299, 35.378524 ], [ -2.46433, 35.386174 ], [ -2.461922, 35.38838 ], [ -2.454347, 35.395139 ], [ -2.45085, 35.398406 ], [ -2.444541, 35.404105 ], [ -2.439774, 35.408638 ], [ -2.434949, 35.41307 ], [ -2.428693, 35.419139 ], [ -2.425885, 35.422037 ], [ -2.417606, 35.430107 ], [ -2.416545, 35.431003 ], [ -2.4072, 35.439967 ], [ -2.406519, 35.440628 ], [ -2.397619, 35.44893 ], [ -2.39543, 35.451101 ], [ -2.388288, 35.457893 ], [ -2.384335, 35.461921 ], [ -2.379238, 35.466857 ], [ -2.373234, 35.47316 ], [ -2.370547, 35.475822 ], [ -2.362179, 35.484788 ], [ -2.362126, 35.484842 ], [ -2.352948, 35.493749 ], [ -2.351021, 35.495771 ], [ -2.344023, 35.50271 ], [ -2.339909, 35.50717 ], [ -2.335481, 35.511673 ], [ -2.328789, 35.519215 ], [ -2.327437, 35.520639 ], [ -2.318946, 35.529601 ], [ -2.317668, 35.530991 ], [ -2.310267, 35.538561 ], [ -2.306543, 35.542783 ], [ -2.302046, 35.547524 ], [ -2.295408, 35.555404 ], [ -2.29442, 35.556489 ], [ -2.286085, 35.56545 ], [ -2.284272, 35.567617 ], [ -2.277985, 35.574412 ], [ -2.273132, 35.580067 ], [ -2.270151, 35.583374 ], [ -2.262657, 35.592338 ], [ -2.261982, 35.593125 ], [ -2.25445, 35.601298 ], [ -2.250833, 35.605728 ], [ -2.246846, 35.61026 ], [ -2.239851, 35.619226 ], [ -2.239669, 35.619443 ], [ -2.231787, 35.628184 ], [ -2.22851, 35.632323 ], [ -2.224368, 35.637146 ], [ -2.217585, 35.646112 ], [ -2.217336, 35.64642 ], [ -2.209756, 35.655071 ], [ -2.206164, 35.659793 ], [ -2.202642, 35.664033 ], [ -2.195842, 35.672998 ], [ -2.19498, 35.674107 ], [ -2.188361, 35.681957 ], [ -2.183792, 35.688283 ], [ -2.181712, 35.690922 ], [ -2.174732, 35.699883 ], [ -2.172598, 35.702778 ], [ -2.167723, 35.708845 ], [ -2.161533, 35.717811 ], [ -2.161392, 35.718 ], [ -2.154382, 35.726771 ], [ -2.150185, 35.732818 ], [ -2.147936, 35.735735 ], [ -2.141305, 35.744697 ], [ -2.138971, 35.748048 ], [ -2.134712, 35.753659 ], [ -2.128641, 35.762625 ], [ -2.127744, 35.763906 ], [ -2.121913, 35.771585 ], [ -2.116511, 35.780061 ], [ -2.116167, 35.780552 ], [ -2.109442, 35.789512 ], [ -2.105274, 35.796055 ], [ -2.103585, 35.798478 ], [ -2.097271, 35.80744 ], [ -2.094027, 35.812586 ], [ -2.091389, 35.816405 ], [ -2.085381, 35.825368 ], [ -2.08277, 35.829521 ], [ -2.079475, 35.834333 ], [ -2.073693, 35.843297 ], [ -2.071504, 35.846824 ], [ -2.067847, 35.852261 ], [ -2.062265, 35.861227 ], [ -2.060228, 35.864569 ], [ -2.056515, 35.870191 ], [ -2.051012, 35.879157 ], [ -2.048943, 35.88263 ], [ -2.045398, 35.888122 ], [ -2.04008, 35.897089 ], [ -2.037647, 35.901141 ], [ -2.034558, 35.906053 ], [ -2.029179, 35.915019 ], [ -2.026341, 35.92007 ], [ -2.023958, 35.923986 ], [ -2.018594, 35.932951 ], [ -2.015023, 35.939574 ], [ -2.013652, 35.94192 ], [ -2.008287, 35.950884 ], [ -2.003691, 35.959669 ], [ -2.003586, 35.959855 ], [ -1.998181, 35.968818 ], [ -1.993459, 35.977788 ], [ -1.992352, 35.979867 ], [ -1.988394, 35.986754 ], [ -1.983585, 35.995723 ], [ -1.980998, 36.000759 ], [ -1.978837, 36.004691 ], [ -1.973948, 36.013658 ], [ -1.969627, 36.022535 ], [ -1.96958, 36.02263 ], [ -1.964611, 36.031596 ], [ -1.960139, 36.040566 ], [ -1.958248, 36.044418 ], [ -1.955565, 36.049535 ], [ -1.950985, 36.058504 ], [ -1.946847, 36.067476 ], [ -1.946846, 36.067478 ], [ -1.942188, 36.076444 ], [ -1.937911, 36.085415 ], [ -1.935435, 36.090794 ], [ -1.933681, 36.094386 ], [ -1.929286, 36.103356 ], [ -1.925254, 36.112328 ], [ -1.924003, 36.115086 ], [ -1.921021, 36.121299 ], [ -1.916864, 36.13027 ], [ -1.91301, 36.139244 ], [ -1.912551, 36.140277 ], [ -1.908827, 36.148214 ], [ -1.904855, 36.157187 ], [ -1.90117, 36.166162 ], [ -1.90108, 36.166372 ], [ -1.897113, 36.175133 ], [ -1.893286, 36.184106 ], [ -1.889694, 36.193081 ], [ -1.889588, 36.193335 ], [ -1.885781, 36.202054 ], [ -1.882119, 36.211028 ], [ -1.878611, 36.220004 ], [ -1.878073, 36.221353 ], [ -1.874902, 36.228977 ], [ -1.871306, 36.237952 ], [ -1.867897, 36.246928 ], [ -1.866533, 36.250523 ], [ -1.864407, 36.255904 ], [ -1.860907, 36.264879 ], [ -1.857573, 36.273855 ], [ -1.854963, 36.28114 ], [ -1.854331, 36.282833 ], [ -1.850904, 36.291808 ], [ -1.84764, 36.300785 ], [ -1.844535, 36.309764 ], [ -1.843364, 36.313128 ], [ -1.841335, 36.318741 ], [ -1.838133, 36.327718 ], [ -1.835065, 36.336697 ], [ -1.832122, 36.345676 ], [ -1.831728, 36.346857 ], [ -1.829025, 36.354654 ], [ -1.826008, 36.363633 ], [ -1.823108, 36.372612 ], [ -1.820319, 36.381593 ], [ -1.820054, 36.382429 ], [ -1.81738, 36.390572 ], [ -1.814517, 36.399552 ], [ -1.811778, 36.408533 ], [ -1.80912, 36.417515 ], [ -1.808337, 36.420153 ], [ -1.806388, 36.426496 ], [ -1.803668, 36.435476 ], [ -1.801044, 36.444458 ], [ -1.798507, 36.453441 ], [ -1.796567, 36.460494 ], [ -1.796017, 36.462424 ], [ -1.793422, 36.471406 ], [ -1.790915, 36.480388 ], [ -1.788494, 36.489372 ], [ -1.786153, 36.498356 ], [ -1.784736, 36.503864 ], [ -1.783809, 36.50734 ], [ -1.781409, 36.516324 ], [ -1.779087, 36.525308 ], [ -1.776841, 36.534293 ], [ -1.774666, 36.543278 ], [ -1.772832, 36.551058 ], [ -1.772537, 36.552264 ], [ -1.770307, 36.561249 ], [ -1.768147, 36.570235 ], [ -1.766056, 36.579221 ], [ -1.764032, 36.588208 ], [ -1.762073, 36.597196 ], [ -1.760837, 36.602934 ], [ -1.76011, 36.606183 ], [ -1.75809, 36.61517 ], [ -1.756137, 36.624157 ], [ -1.754247, 36.633145 ], [ -1.752418, 36.642134 ], [ -1.750648, 36.651123 ], [ -1.748931, 36.660113 ], [ -1.748722, 36.661183 ], [ -1.747116, 36.669101 ], [ -1.745333, 36.67809 ], [ -1.743612, 36.68708 ], [ -1.74196, 36.69607 ], [ -1.740403, 36.705061 ], [ -1.73885, 36.714053 ], [ -1.737398, 36.723045 ], [ -1.736427, 36.729255 ], [ -1.735972, 36.732037 ], [ -1.734493, 36.741029 ], [ -1.733085, 36.750022 ], [ -1.731732, 36.759015 ], [ -1.730455, 36.768009 ], [ -1.72924, 36.777004 ], [ -1.72809, 36.785999 ], [ -1.727006, 36.794995 ], [ -1.725987, 36.803991 ], [ -1.725021, 36.812988 ], [ -1.724122, 36.821986 ], [ -1.723607, 36.827483 ], [ -1.723263, 36.830985 ], [ -1.722396, 36.839983 ], [ -1.721602, 36.848982 ], [ -1.720875, 36.857981 ], [ -1.720223, 36.866982 ], [ -1.719639, 36.875983 ], [ -1.719126, 36.884985 ], [ -1.718689, 36.893987 ], [ -1.718314, 36.902991 ], [ -1.718025, 36.911995 ], [ -1.717811, 36.921 ], [ -1.717675, 36.930006 ], [ -1.717625, 36.939012 ], [ -1.717643, 36.94802 ], [ -1.71776, 36.957029 ], [ -1.717964, 36.966038 ], [ -1.718263, 36.975048 ], [ -1.718723, 36.984061 ], [ -1.719155, 36.993073 ], [ -1.719769, 37.002086 ], [ -1.720483, 37.011101 ], [ -1.720533, 37.011685 ], [ -1.721193, 37.020116 ], [ -1.722, 37.029132 ], [ -1.722924, 37.038149 ], [ -1.72398, 37.047168 ], [ -1.725184, 37.056188 ], [ -1.726535, 37.065209 ], [ -1.728064, 37.074233 ], [ -1.72978, 37.083258 ], [ -1.730512, 37.086984 ], [ -1.731472, 37.092284 ], [ -1.733248, 37.10131 ], [ -1.735217, 37.110338 ], [ -1.737425, 37.119368 ], [ -1.73991, 37.128402 ], [ -1.741008, 37.132212 ], [ -1.742407, 37.137436 ], [ -1.744972, 37.14647 ], [ -1.747853, 37.155507 ], [ -1.751102, 37.164549 ], [ -1.7517, 37.166175 ], [ -1.754252, 37.173589 ], [ -1.75765, 37.182631 ], [ -1.761543, 37.191679 ], [ -1.762508, 37.193682 ], [ -1.765594, 37.200728 ], [ -1.769726, 37.209778 ], [ -1.773389, 37.217062 ], [ -1.774261, 37.218832 ], [ -1.779031, 37.227889 ], [ -1.784128, 37.236948 ], [ -1.784328, 37.237274 ], [ -1.789485, 37.24601 ], [ -1.795311, 37.255052 ], [ -1.795328, 37.255076 ], [ -1.801607, 37.264147 ], [ -1.806334, 37.270691 ], [ -1.808298, 37.273221 ], [ -1.815644, 37.282302 ], [ -1.817386, 37.284672 ], [ -1.823313, 37.291385 ], [ -1.828465, 37.29722 ], [ -1.831429, 37.300473 ], [ -1.839101, 37.309555 ], [ -1.839544, 37.31002 ], [ -1.848957, 37.318658 ], [ -1.850672, 37.319848 ], [ -1.859785, 37.32777 ], [ -1.861803, 37.329617 ], [ -1.870605, 37.336881 ], [ -1.872948, 37.338662 ], [ -1.882114, 37.345997 ], [ -1.8841, 37.347467 ], [ -1.894449, 37.35512 ], [ -1.895262, 37.35568 ], [ -1.906453, 37.362116 ], [ -1.909656, 37.364268 ], [ -1.917649, 37.36834 ], [ -1.9259, 37.373423 ], [ -1.928845, 37.374633 ], [ -1.940047, 37.380733 ], [ -1.943523, 37.382589 ], [ -1.951274, 37.385103 ], [ -1.962448, 37.391763 ], [ -1.96247, 37.391772 ], [ -1.973723, 37.394469 ], [ -1.984943, 37.399685 ], [ -1.988301, 37.400994 ], [ -1.996197, 37.402454 ], [ -2.007446, 37.405674 ], [ -2.01684, 37.410242 ], [ -2.018672, 37.410694 ], [ -2.029942, 37.412451 ], [ -2.0412, 37.415219 ], [ -2.052182, 37.419537 ], [ -2.052438, 37.419586 ], [ -2.063719, 37.420603 ], [ -2.074997, 37.42196 ], [ -2.086274, 37.423315 ], [ -2.097543, 37.4255 ], [ -2.107906, 37.428978 ], [ -2.108795, 37.429102 ], [ -2.120085, 37.429544 ], [ -2.131376, 37.429931 ], [ -2.142665, 37.430488 ], [ -2.153956, 37.430971 ], [ -2.165234, 37.432523 ], [ -2.176537, 37.431864 ], [ -2.18783, 37.432181 ], [ -2.199123, 37.43243 ], [ -2.210418, 37.432518 ], [ -2.221714, 37.432492 ], [ -2.233012, 37.432307 ], [ -2.244309, 37.432183 ], [ -2.255606, 37.432161 ], [ -2.266906, 37.431713 ], [ -2.278206, 37.431254 ], [ -2.289504, 37.431087 ], [ -2.300801, 37.430913 ], [ -2.3103, 37.430332 ], [ -2.312104, 37.430116 ], [ -2.323419, 37.428001 ], [ -2.334728, 37.426455 ], [ -2.34603, 37.425716 ], [ -2.357337, 37.424281 ], [ -2.368643, 37.42294 ], [ -2.379946, 37.421948 ], [ -2.38258, 37.421725 ], [ -2.391249, 37.420941 ], [ -2.402554, 37.419608 ], [ -2.413859, 37.418219 ], [ -2.425162, 37.41692 ], [ -2.436463, 37.416005 ], [ -2.447766, 37.414774 ], [ -2.459069, 37.413483 ], [ -2.463056, 37.413111 ], [ -2.470369, 37.412505 ], [ -2.481665, 37.412035 ], [ -2.492963, 37.411308 ], [ -2.504262, 37.410476 ], [ -2.515559, 37.409747 ], [ -2.526855, 37.409226 ], [ -2.538153, 37.408426 ], [ -2.549451, 37.407499 ], [ -2.560742, 37.407665 ], [ -2.572039, 37.406843 ], [ -2.583338, 37.40566 ], [ -2.594633, 37.405201 ], [ -2.605919, 37.406401 ], [ -2.617214, 37.405753 ], [ -2.62851, 37.405031 ], [ -2.639793, 37.406873 ], [ -2.651079, 37.408298 ], [ -2.662366, 37.409698 ], [ -2.673652, 37.411049 ], [ -2.684956, 37.408644 ], [ -2.696233, 37.412501 ], [ -2.707522, 37.413425 ], [ -2.718815, 37.413605 ], [ -2.730107, 37.414 ], [ -2.730239, 37.414022 ], [ -2.741382, 37.419334 ], [ -2.752676, 37.41953 ], [ -2.763959, 37.422882 ], [ -2.764644, 37.423103 ], [ -2.775235, 37.429482 ], [ -2.786523, 37.431886 ], [ -2.787027, 37.432152 ], [ -2.797797, 37.440134 ], [ -2.799238, 37.441181 ], [ -2.80907, 37.449972 ], [ -2.809298, 37.450205 ], [ -2.815143, 37.459221 ], [ -2.817978, 37.468233 ], [ -2.819987, 37.477243 ], [ -2.82022, 37.48625 ], [ -2.817872, 37.495254 ], [ -2.813607, 37.504254 ], [ -2.811325, 37.513258 ], [ -2.809166, 37.522261 ], [ -2.808884, 37.522845 ], [ -2.800473, 37.531254 ], [ -2.797968, 37.540257 ], [ -2.797525, 37.541059 ], [ -2.788669, 37.549247 ], [ -2.786355, 37.55825 ], [ -2.786163, 37.558513 ], [ -2.775755, 37.567237 ], [ -2.774816, 37.569107 ], [ -2.767558, 37.576229 ], [ -2.763542, 37.585228 ], [ -2.763447, 37.585337 ], [ -2.75283, 37.594213 ], [ -2.752096, 37.595159 ], [ -2.742551, 37.603197 ], [ -2.740738, 37.605842 ], [ -2.733702, 37.612185 ], [ -2.72941, 37.621182 ], [ -2.72936, 37.62123 ], [ -2.719112, 37.630165 ], [ -2.717997, 37.63122 ], [ -2.708646, 37.639146 ], [ -2.706632, 37.641019 ], [ -2.698498, 37.648127 ], [ -2.695264, 37.650978 ], [ -2.687951, 37.657107 ], [ -2.683893, 37.66071 ], [ -2.678795, 37.666089 ], [ -2.672516, 37.671399 ], [ -2.666901, 37.675063 ], [ -2.661145, 37.679864 ], [ -2.655986, 37.684038 ], [ -2.649766, 37.689451 ], [ -2.645497, 37.693014 ], [ -2.638388, 37.698346 ], [ -2.633744, 37.701985 ], [ -2.627007, 37.707188 ], [ -2.622166, 37.710955 ], [ -2.615624, 37.715916 ], [ -2.610528, 37.719924 ], [ -2.604239, 37.724526 ], [ -2.598397, 37.72889 ], [ -2.592853, 37.732944 ], [ -2.586826, 37.737856 ], [ -2.58146, 37.741982 ], [ -2.575106, 37.746821 ], [ -2.570067, 37.75066 ], [ -2.563406, 37.755785 ], [ -2.558671, 37.759428 ], [ -2.552076, 37.764749 ], [ -2.547269, 37.768516 ], [ -2.540613, 37.773712 ], [ -2.535867, 37.777453 ], [ -2.52927, 37.782674 ], [ -2.524459, 37.786649 ], [ -2.518432, 37.791636 ], [ -2.513049, 37.795907 ], [ -2.507221, 37.800597 ], [ -2.501635, 37.805155 ], [ -2.496237, 37.809557 ], [ -2.490218, 37.814557 ], [ -2.485561, 37.818517 ], [ -2.478796, 37.824196 ], [ -2.474849, 37.827476 ], [ -2.467371, 37.833822 ], [ -2.46449, 37.836436 ], [ -2.455941, 37.843807 ], [ -2.454007, 37.845394 ], [ -2.444508, 37.853669 ], [ -2.443718, 37.854353 ], [ -2.433467, 37.86331 ], [ -2.433072, 37.863659 ], [ -2.423239, 37.872267 ], [ -2.421631, 37.8737 ], [ -2.413118, 37.881223 ], [ -2.410187, 37.883915 ], [ -2.4033, 37.89018 ], [ -2.398737, 37.894327 ], [ -2.393469, 37.899137 ], [ -2.387283, 37.9049 ], [ -2.383844, 37.908093 ], [ -2.375824, 37.9157 ], [ -2.374404, 37.917049 ], [ -2.365008, 37.926005 ], [ -2.364361, 37.926628 ], [ -2.35562, 37.934961 ], [ -2.352893, 37.93763 ], [ -2.346418, 37.943916 ], [ -2.341419, 37.948906 ], [ -2.337419, 37.952872 ], [ -2.32994, 37.960471 ], [ -2.32858, 37.961828 ], [ -2.319772, 37.970784 ], [ -2.318455, 37.972149 ], [ -2.31102, 37.979739 ], [ -2.306965, 37.984068 ], [ -2.302459, 37.988695 ], [ -2.295468, 37.996298 ], [ -2.294207, 37.997652 ], [ -2.285863, 38.006607 ], [ -2.283965, 38.008704 ], [ -2.277502, 38.015562 ], [ -2.272456, 38.021378 ], [ -2.269634, 38.02452 ], [ -2.261966, 38.033478 ], [ -2.260937, 38.034673 ], [ -2.2539, 38.042433 ], [ -2.249414, 38.047899 ], [ -2.246434, 38.051392 ], [ -2.239084, 38.06035 ], [ -2.23788, 38.061769 ], [ -2.231402, 38.069306 ], [ -2.226338, 38.075967 ], [ -2.224528, 38.078267 ], [ -2.217232, 38.087225 ], [ -2.214789, 38.09049 ], [ -2.210209, 38.096184 ], [ -2.203842, 38.105147 ], [ -2.203224, 38.105989 ], [ -2.196735, 38.114104 ], [ -2.191651, 38.121746 ], [ -2.190726, 38.123069 ], [ -2.183856, 38.132028 ], [ -2.180069, 38.137948 ], [ -2.177916, 38.140992 ], [ -2.171761, 38.149955 ], [ -2.168468, 38.155283 ], [ -2.165819, 38.158918 ], [ -2.159903, 38.167882 ], [ -2.156855, 38.173217 ], [ -2.154416, 38.176849 ], [ -2.148724, 38.185813 ], [ -2.145222, 38.192336 ], [ -2.143802, 38.194783 ], [ -2.138269, 38.203748 ], [ -2.133741, 38.212721 ], [ -2.133564, 38.213071 ], [ -2.128446, 38.221687 ], [ -2.123852, 38.230659 ], [ -2.121889, 38.234664 ], [ -2.119311, 38.239631 ], [ -2.114741, 38.248602 ], [ -2.110747, 38.257577 ], [ -2.110175, 38.258912 ], [ -2.10645, 38.26655 ], [ -2.102471, 38.275526 ], [ -2.098851, 38.284504 ], [ -2.098422, 38.285584 ], [ -2.095045, 38.29348 ], [ -2.091537, 38.302458 ], [ -2.088283, 38.311439 ], [ -2.086609, 38.316421 ], [ -2.08515, 38.32042 ], [ -2.082092, 38.329402 ], [ -2.079095, 38.338384 ], [ -2.076499, 38.347369 ], [ -2.0747, 38.353964 ], [ -2.073987, 38.356354 ], [ -2.071633, 38.365341 ], [ -2.069434, 38.374329 ], [ -2.067305, 38.383318 ], [ -2.06549, 38.392309 ], [ -2.063922, 38.401302 ], [ -2.062548, 38.409261 ], [ -2.062371, 38.410295 ], [ -2.061046, 38.41929 ], [ -2.059797, 38.428285 ], [ -2.058823, 38.437282 ], [ -2.058046, 38.446282 ], [ -2.057379, 38.455282 ], [ -2.056974, 38.464284 ], [ -2.056479, 38.473285 ], [ -2.056414, 38.48229 ], [ -2.056331, 38.491294 ], [ -2.05645, 38.500301 ], [ -2.05671, 38.509308 ], [ -2.057096, 38.518316 ], [ -2.057556, 38.527325 ], [ -2.058121, 38.536335 ], [ -2.058814, 38.545346 ], [ -2.059626, 38.554357 ], [ -2.060551, 38.563296 ], [ -2.060558, 38.56337 ], [ -2.061572, 38.572383 ], [ -2.06261, 38.581397 ], [ -2.063844, 38.590412 ], [ -2.065195, 38.599428 ], [ -2.066789, 38.608446 ], [ -2.068532, 38.617465 ], [ -2.070297, 38.626484 ], [ -2.071154, 38.630633 ], [ -2.072172, 38.635504 ], [ -2.07415, 38.644525 ], [ -2.076248, 38.653546 ], [ -2.078456, 38.662569 ], [ -2.080743, 38.671592 ], [ -2.082053, 38.67631 ], [ -2.083203, 38.680616 ], [ -2.085465, 38.689639 ], [ -2.088125, 38.698664 ], [ -2.091198, 38.707693 ], [ -2.093076, 38.713142 ], [ -2.0942, 38.716722 ], [ -2.097073, 38.725749 ], [ -2.100225, 38.734778 ], [ -2.103886, 38.743811 ], [ -2.104178, 38.744585 ], [ -2.107024, 38.75284 ], [ -2.110504, 38.761872 ], [ -2.114511, 38.770907 ], [ -2.115329, 38.77283 ], [ -2.118143, 38.779939 ], [ -2.122016, 38.788973 ], [ -2.126363, 38.798011 ], [ -2.126522, 38.798356 ], [ -2.13025, 38.807045 ], [ -2.134594, 38.816082 ], [ -2.137743, 38.822242 ], [ -2.139126, 38.82512 ], [ -2.14358, 38.834158 ], [ -2.148458, 38.843198 ], [ -2.148993, 38.844207 ], [ -2.153068, 38.852236 ], [ -2.158074, 38.861277 ], [ -2.160263, 38.865136 ], [ -2.163086, 38.870318 ], [ -2.168332, 38.87936 ], [ -2.171553, 38.884854 ], [ -2.173607, 38.888403 ], [ -2.178975, 38.897445 ], [ -2.182861, 38.903612 ], [ -2.184619, 38.906489 ], [ -2.190223, 38.915533 ], [ -2.194183, 38.921553 ], [ -2.196139, 38.924579 ], [ -2.202035, 38.933624 ], [ -2.20552, 38.938751 ], [ -2.20813, 38.94267 ], [ -2.214333, 38.951717 ], [ -2.216869, 38.955321 ], [ -2.220627, 38.960764 ], [ -2.227175, 38.969812 ], [ -2.228229, 38.971264 ], [ -2.233655, 38.978859 ], [ -2.2396, 38.986729 ], [ -2.240485, 38.987908 ], [ -2.247257, 38.996957 ], [ -2.250981, 39.001759 ], [ -2.254242, 39.006006 ], [ -2.26141, 39.015057 ], [ -2.262371, 39.016263 ], [ -2.268562, 39.024106 ], [ -2.27377, 39.030451 ], [ -2.275975, 39.033157 ], [ -2.28349, 39.042208 ], [ -2.285177, 39.044212 ], [ -2.291065, 39.051259 ], [ -2.296592, 39.05766 ], [ -2.298869, 39.060311 ], [ -2.306793, 39.069363 ], [ -2.308015, 39.070746 ], [ -2.314752, 39.078414 ], [ -2.319444, 39.083599 ], [ -2.322925, 39.087466 ], [ -2.330881, 39.096063 ], [ -2.331301, 39.096519 ], [ -2.339663, 39.105571 ], [ -2.342323, 39.108388 ], [ -2.348191, 39.114624 ], [ -2.353772, 39.120412 ], [ -2.35691, 39.123677 ], [ -2.365228, 39.132135 ], [ -2.365812, 39.13273 ], [ -2.374737, 39.141783 ], [ -2.376688, 39.143729 ], [ -2.383797, 39.150835 ], [ -2.388154, 39.155115 ], [ -2.393007, 39.159888 ], [ -2.399626, 39.166266 ], [ -2.402408, 39.168941 ], [ -2.411103, 39.177106 ], [ -2.412053, 39.177995 ], [ -2.421885, 39.187048 ], [ -2.422587, 39.18768 ], [ -2.431897, 39.196102 ], [ -2.434076, 39.198059 ], [ -2.442109, 39.205155 ], [ -2.44557, 39.208156 ], [ -2.452595, 39.21421 ], [ -2.457069, 39.218015 ], [ -2.463311, 39.223264 ], [ -2.468573, 39.227623 ], [ -2.474292, 39.232318 ], [ -2.480082, 39.237021 ], [ -2.485505, 39.241373 ], [ -2.491596, 39.246197 ], [ -2.49699, 39.250427 ], [ -2.503114, 39.255184 ], [ -2.508728, 39.259482 ], [ -2.514636, 39.263961 ], [ -2.520777, 39.268536 ], [ -2.526163, 39.272539 ], [ -2.533052, 39.27759 ], [ -2.537693, 39.280957 ], [ -2.545663, 39.286644 ], [ -2.549228, 39.289181 ], [ -2.558589, 39.295698 ], [ -2.560766, 39.297209 ], [ -2.571864, 39.304752 ], [ -2.572308, 39.305054 ], [ -2.583853, 39.312835 ], [ -2.58532, 39.313805 ], [ -2.595401, 39.320471 ], [ -2.599096, 39.322858 ], [ -2.606953, 39.327947 ], [ -2.613253, 39.33191 ], [ -2.618509, 39.335228 ], [ -2.62786, 39.340962 ], [ -2.630067, 39.342326 ], [ -2.641629, 39.349315 ], [ -2.642795, 39.350013 ], [ -2.653193, 39.356282 ], [ -2.657964, 39.359062 ], [ -2.66476, 39.363068 ], [ -2.673683, 39.368112 ], [ -2.676331, 39.369625 ], [ -2.687903, 39.376122 ], [ -2.689776, 39.37716 ], [ -2.699478, 39.382611 ], [ -2.706182, 39.386207 ], [ -2.711057, 39.38886 ], [ -2.722638, 39.39492 ], [ -2.723271, 39.395253 ], [ -2.73422, 39.401115 ], [ -2.740491, 39.404296 ], [ -2.745806, 39.407054 ], [ -2.757394, 39.412794 ], [ -2.758492, 39.413339 ], [ -2.768983, 39.418673 ], [ -2.77674, 39.42238 ], [ -2.780576, 39.424264 ], [ -2.79217, 39.429808 ], [ -2.795618, 39.431419 ], [ -2.803767, 39.43533 ], [ -2.815251, 39.440456 ], [ -2.815366, 39.440509 ], [ -2.826966, 39.44598 ], [ -2.835035, 39.449489 ], [ -2.838568, 39.451077 ], [ -2.850173, 39.456234 ], [ -2.855568, 39.458521 ], [ -2.861779, 39.461255 ], [ -2.873387, 39.466126 ], [ -2.876829, 39.467549 ], [ -2.884997, 39.471072 ], [ -2.896609, 39.475711 ], [ -2.898757, 39.476575 ], [ -2.908222, 39.480519 ], [ -2.919837, 39.485 ], [ -2.921369, 39.485596 ], [ -2.931453, 39.489708 ], [ -2.943072, 39.494006 ], [ -2.94468, 39.494613 ], [ -2.954691, 39.498587 ], [ -2.966312, 39.50276 ], [ -2.968699, 39.503626 ], [ -2.977935, 39.507155 ], [ -2.989559, 39.511256 ], [ -2.993532, 39.512634 ], [ -3.001184, 39.51545 ], [ -3.012811, 39.519483 ], [ -3.019316, 39.521637 ], [ -3.024439, 39.523447 ], [ -3.036069, 39.527461 ], [ -3.046236, 39.530633 ], [ -3.047699, 39.531121 ], [ -3.059332, 39.53516 ], [ -3.070965, 39.538731 ], [ -3.073831, 39.539623 ], [ -3.082599, 39.542546 ], [ -3.094235, 39.546175 ], [ -3.102647, 39.548605 ], [ -3.105871, 39.549611 ], [ -3.117509, 39.553311 ], [ -3.129147, 39.556594 ], [ -3.132595, 39.557579 ], [ -3.140787, 39.560118 ], [ -3.152428, 39.563509 ], [ -3.16407, 39.566525 ], [ -3.164132, 39.566542 ], [ -3.175713, 39.570067 ], [ -3.187357, 39.573213 ], [ -3.196493, 39.575496 ], [ -3.199001, 39.576181 ], [ -3.210647, 39.579506 ], [ -3.222293, 39.582477 ], [ -3.230502, 39.584437 ], [ -3.23394, 39.585341 ], [ -3.245589, 39.588505 ], [ -3.257238, 39.591336 ], [ -3.266272, 39.593365 ], [ -3.268887, 39.594016 ], [ -3.280539, 39.597072 ], [ -3.292189, 39.599733 ], [ -3.30384, 39.602235 ], [ -3.304018, 39.602276 ], [ -3.315494, 39.605202 ], [ -3.327148, 39.60787 ], [ -3.338801, 39.610259 ], [ -3.343168, 39.611171 ], [ -3.350456, 39.61287 ], [ -3.362112, 39.615521 ], [ -3.373768, 39.617869 ], [ -3.385343, 39.620042 ], [ -3.385423, 39.620059 ], [ -3.397082, 39.622739 ], [ -3.40874, 39.625146 ], [ -3.420397, 39.627319 ], [ -3.429371, 39.628892 ], [ -3.432055, 39.629424 ], [ -3.443716, 39.631906 ], [ -3.455376, 39.634138 ], [ -3.467036, 39.636176 ], [ -3.476462, 39.637712 ], [ -3.478695, 39.638129 ], [ -3.490359, 39.640505 ], [ -3.502021, 39.642647 ], [ -3.513683, 39.644595 ], [ -3.525344, 39.646355 ], [ -3.526207, 39.646501 ], [ -3.537009, 39.64859 ], [ -3.548673, 39.650675 ], [ -3.560337, 39.652581 ], [ -3.572, 39.654294 ], [ -3.578557, 39.655256 ], [ -3.583665, 39.656123 ], [ -3.595332, 39.658211 ], [ -3.606999, 39.660085 ], [ -3.618664, 39.661787 ], [ -3.630328, 39.663336 ], [ -3.634875, 39.663965 ], [ -3.641996, 39.665116 ], [ -3.653664, 39.667013 ], [ -3.665332, 39.668741 ], [ -3.676999, 39.670314 ], [ -3.688666, 39.671766 ], [ -3.695609, 39.672621 ], [ -3.700333, 39.673303 ], [ -3.712004, 39.675093 ], [ -3.723673, 39.676722 ], [ -3.735342, 39.678226 ], [ -3.74701, 39.679589 ], [ -3.758677, 39.680839 ], [ -3.761843, 39.681209 ], [ -3.770348, 39.682376 ], [ -3.782019, 39.683947 ], [ -3.79369, 39.685394 ], [ -3.80536, 39.686722 ], [ -3.817029, 39.687941 ], [ -3.828697, 39.689075 ], [ -3.835169, 39.689708 ], [ -3.840367, 39.690312 ], [ -3.85204, 39.691757 ], [ -3.86371, 39.692976 ], [ -3.875383, 39.694313 ], [ -3.887053, 39.695436 ], [ -3.898722, 39.696471 ], [ -3.910391, 39.697424 ], [ -3.918467, 39.698082 ], [ -3.92206, 39.698435 ], [ -3.933734, 39.699696 ], [ -3.945406, 39.700857 ], [ -3.957075, 39.70168 ], [ -3.968748, 39.702894 ], [ -3.980419, 39.703811 ], [ -3.992088, 39.70466 ], [ -4.003757, 39.705444 ], [ -4.015425, 39.706179 ], [ -4.016664, 39.706268 ], [ -4.027097, 39.707168 ], [ -4.03877, 39.708136 ], [ -4.05044, 39.708954 ], [ -4.062112, 39.709869 ], [ -4.073783, 39.710638 ], [ -4.085452, 39.711353 ], [ -4.09712, 39.711937 ], [ -4.108789, 39.712614 ], [ -4.120457, 39.71319 ], [ -4.132125, 39.713723 ], [ -4.140912, 39.714116 ], [ -4.143793, 39.714263 ], [ -4.155464, 39.714986 ], [ -4.167134, 39.715646 ], [ -4.178803, 39.716259 ], [ -4.19047, 39.716709 ], [ -4.202141, 39.717353 ], [ -4.213809, 39.717836 ], [ -4.225476, 39.71828 ], [ -4.237143, 39.718688 ], [ -4.248809, 39.719063 ], [ -4.260475, 39.719405 ], [ -4.272141, 39.719718 ], [ -4.283806, 39.719999 ], [ -4.29547, 39.720239 ], [ -4.307134, 39.720472 ], [ -4.318798, 39.720679 ], [ -4.330461, 39.720859 ], [ -4.339949, 39.720993 ], [ -4.342125, 39.721033 ], [ -4.353789, 39.721281 ], [ -4.365453, 39.721496 ], [ -4.377117, 39.721685 ], [ -4.38878, 39.721842 ], [ -4.400443, 39.72197 ], [ -4.412105, 39.72207 ], [ -4.423767, 39.722144 ], [ -4.435428, 39.722191 ], [ -4.447088, 39.722211 ], [ -4.458748, 39.722208 ], [ -4.470407, 39.722181 ], [ -4.482066, 39.722105 ], [ -4.493724, 39.722029 ], [ -4.505382, 39.72193 ], [ -4.517039, 39.721809 ], [ -4.528694, 39.72157 ], [ -4.540352, 39.721491 ], [ -4.552007, 39.7213 ], [ -4.563662, 39.721085 ], [ -4.575317, 39.720848 ], [ -4.58697, 39.720583 ], [ -4.598623, 39.720298 ], [ -4.610276, 39.719991 ], [ -4.621927, 39.71966 ], [ -4.633578, 39.719291 ], [ -4.645228, 39.718911 ], [ -4.656878, 39.718508 ], [ -4.668527, 39.71808 ], [ -4.680175, 39.717625 ], [ -4.691822, 39.717142 ], [ -4.703468, 39.716633 ], [ -4.715114, 39.716099 ], [ -4.716586, 39.716034 ], [ -4.726761, 39.715626 ], [ -4.738407, 39.715142 ], [ -4.750053, 39.714635 ], [ -4.761698, 39.714105 ], [ -4.77334, 39.713469 ], [ -4.784985, 39.71297 ], [ -4.796628, 39.712369 ], [ -4.808269, 39.711741 ], [ -4.81991, 39.711086 ], [ -4.83155, 39.7104 ], [ -4.843188, 39.709691 ], [ -4.854826, 39.708954 ], [ -4.866463, 39.708185 ], [ -4.878098, 39.707378 ], [ -4.889732, 39.706545 ], [ -4.901366, 39.705678 ], [ -4.912997, 39.704774 ], [ -4.924628, 39.703835 ], [ -4.925765, 39.703749 ], [ -4.936262, 39.703029 ], [ -4.947895, 39.702211 ], [ -4.959527, 39.701359 ], [ -4.971157, 39.700469 ], [ -4.982787, 39.699542 ], [ -4.994414, 39.698573 ], [ -5.00604, 39.69756 ], [ -5.017665, 39.696502 ], [ -5.029287, 39.695395 ], [ -5.040908, 39.694234 ], [ -5.052527, 39.693019 ], [ -5.057847, 39.69248 ], [ -5.064148, 39.691899 ], [ -5.075769, 39.690803 ], [ -5.08739, 39.689715 ], [ -5.099009, 39.688554 ], [ -5.110625, 39.687339 ], [ -5.12224, 39.686069 ], [ -5.133853, 39.684753 ], [ -5.145462, 39.683357 ], [ -5.157069, 39.681891 ], [ -5.159222, 39.681636 ], [ -5.168682, 39.68062 ], [ -5.180293, 39.679333 ], [ -5.191903, 39.677994 ], [ -5.20351, 39.676591 ], [ -5.215115, 39.675119 ], [ -5.226716, 39.673574 ], [ -5.238314, 39.671942 ], [ -5.245077, 39.671005 ], [ -5.249915, 39.670393 ], [ -5.261518, 39.668959 ], [ -5.273119, 39.667456 ], [ -5.284718, 39.665916 ], [ -5.296312, 39.664258 ], [ -5.307903, 39.662507 ], [ -5.31949, 39.660653 ], [ -5.320381, 39.660521 ], [ -5.331086, 39.659093 ], [ -5.34268, 39.657483 ], [ -5.354271, 39.655783 ], [ -5.365857, 39.653986 ], [ -5.377439, 39.652084 ], [ -5.388704, 39.650133 ], [ -5.389017, 39.650085 ], [ -5.400607, 39.648427 ], [ -5.412192, 39.646671 ], [ -5.423773, 39.644809 ], [ -5.435349, 39.642817 ], [ -5.446919, 39.640696 ], [ -5.451907, 39.639813 ], [ -5.458496, 39.638763 ], [ -5.470075, 39.636922 ], [ -5.481649, 39.634962 ], [ -5.493218, 39.632866 ], [ -5.504781, 39.630626 ], [ -5.510406, 39.629561 ], [ -5.516349, 39.628546 ], [ -5.52792, 39.62659 ], [ -5.539488, 39.624552 ], [ -5.551048, 39.62231 ], [ -5.5626, 39.619883 ], [ -5.565282, 39.619359 ], [ -5.574165, 39.617814 ], [ -5.585728, 39.615726 ], [ -5.597284, 39.613478 ], [ -5.608833, 39.611039 ], [ -5.617339, 39.609195 ], [ -5.620381, 39.608607 ], [ -5.63194, 39.606491 ], [ -5.643492, 39.604212 ], [ -5.655036, 39.601732 ], [ -5.666395, 39.599077 ], [ -5.666571, 39.59904 ], [ -5.678125, 39.596875 ], [ -5.689674, 39.594584 ], [ -5.701211, 39.592027 ], [ -5.712737, 39.5892 ], [ -5.713746, 39.588978 ], [ -5.724285, 39.586938 ], [ -5.735824, 39.58451 ], [ -5.747355, 39.581868 ], [ -5.758873, 39.578916 ], [ -5.758891, 39.578912 ], [ -5.770415, 39.576614 ], [ -5.781947, 39.574083 ], [ -5.79347, 39.571322 ], [ -5.802906, 39.568856 ], [ -5.804984, 39.568383 ], [ -5.816519, 39.565979 ], [ -5.828042, 39.563297 ], [ -5.83955, 39.560271 ], [ -5.845142, 39.558827 ], [ -5.851067, 39.557502 ], [ -5.862591, 39.554922 ], [ -5.874101, 39.55201 ], [ -5.88523, 39.548836 ], [ -5.885595, 39.548748 ], [ -5.897121, 39.54629 ], [ -5.908632, 39.543479 ], [ -5.920124, 39.540234 ], [ -5.925233, 39.538834 ], [ -5.931629, 39.537341 ], [ -5.943141, 39.534606 ], [ -5.954633, 39.531443 ], [ -5.963366, 39.528866 ], [ -5.966119, 39.52817 ], [ -5.977629, 39.525472 ], [ -5.98912, 39.522362 ], [ -6.000109, 39.518921 ], [ -6.000591, 39.518791 ], [ -6.012099, 39.516116 ], [ -6.023587, 39.513012 ], [ -6.035051, 39.50937 ], [ -6.036457, 39.508975 ], [ -6.046551, 39.506593 ], [ -6.058037, 39.50349 ], [ -6.069494, 39.49977 ], [ -6.071982, 39.499039 ], [ -6.080984, 39.496822 ], [ -6.092464, 39.493683 ], [ -6.103914, 39.489883 ], [ -6.106453, 39.489121 ], [ -6.115398, 39.486871 ], [ -6.126871, 39.48364 ], [ -6.138313, 39.479744 ], [ -6.140061, 39.479216 ], [ -6.149796, 39.476776 ], [ -6.161261, 39.473435 ], [ -6.172623, 39.46933 ], [ -6.172689, 39.46931 ], [ -6.184173, 39.466435 ], [ -6.195629, 39.462974 ], [ -6.205446, 39.459427 ], [ -6.207058, 39.458945 ], [ -6.218532, 39.455938 ], [ -6.229971, 39.452176 ], [ -6.237416, 39.44954 ], [ -6.241406, 39.44838 ], [ -6.252868, 39.44516 ], [ -6.264286, 39.441046 ], [ -6.268318, 39.439673 ], [ -6.275735, 39.437611 ], [ -6.287176, 39.434035 ], [ -6.298122, 39.42983 ], [ -6.29858, 39.429687 ], [ -6.310043, 39.426636 ], [ -6.321464, 39.422705 ], [ -6.328818, 39.419953 ], [ -6.332881, 39.418716 ], [ -6.344324, 39.415308 ], [ -6.355713, 39.410801 ], [ -6.357671, 39.410122 ], [ -6.367157, 39.40747 ], [ -6.378573, 39.40356 ], [ -6.386939, 39.400272 ], [ -6.38997, 39.399311 ], [ -6.401407, 39.395888 ], [ -6.412783, 39.391268 ], [ -6.415063, 39.390447 ], [ -6.424215, 39.387807 ], [ -6.435617, 39.383757 ], [ -6.443438, 39.380609 ], [ -6.447005, 39.379443 ], [ -6.458426, 39.37583 ], [ -6.469779, 39.370875 ], [ -6.469931, 39.37082 ], [ -6.481213, 39.367584 ], [ -6.49259, 39.36316 ], [ -6.498206, 39.360972 ], [ -6.503984, 39.359118 ], [ -6.51538, 39.355141 ], [ -6.52458, 39.351174 ], [ -6.526738, 39.350417 ], [ -6.538139, 39.346601 ], [ -6.549485, 39.341709 ], [ -6.550324, 39.34139 ], [ -6.560899, 39.33819 ], [ -6.572254, 39.333528 ], [ -6.577051, 39.33157 ], [ -6.583635, 39.329419 ], [ -6.595014, 39.325277 ], [ -6.603185, 39.321762 ], [ -6.606366, 39.320661 ], [ -6.617764, 39.316954 ], [ -6.628791, 39.311965 ], [ -6.629089, 39.311855 ], [ -6.640479, 39.308041 ], [ -6.651856, 39.304014 ], [ -6.656726, 39.302089 ], [ -6.663235, 39.300043 ], [ -6.674614, 39.2961 ], [ -6.683734, 39.292236 ], [ -6.685957, 39.29148 ], [ -6.697358, 39.288014 ], [ -6.708694, 39.283323 ], [ -6.711307, 39.282358 ], [ -6.72009, 39.279789 ], [ -6.731459, 39.275788 ], [ -6.739669, 39.272449 ], [ -6.742808, 39.271427 ], [ -6.754206, 39.267993 ], [ -6.76554, 39.263407 ], [ -6.767988, 39.262534 ], [ -6.776926, 39.259808 ], [ -6.788305, 39.256112 ], [ -6.797214, 39.252583 ], [ -6.79965, 39.251799 ], [ -6.81105, 39.248535 ], [ -6.822396, 39.24429 ], [ -6.827088, 39.242604 ], [ -6.833775, 39.240678 ], [ -6.845159, 39.23717 ], [ -6.856487, 39.232671 ], [ -6.856598, 39.232629 ], [ -6.867878, 39.229347 ], [ -6.879265, 39.225958 ], [ -6.88841, 39.222569 ], [ -6.890613, 39.221895 ], [ -6.902015, 39.218824 ], [ -6.913374, 39.21501 ], [ -6.920658, 39.212486 ], [ -6.924739, 39.211307 ], [ -6.936135, 39.208191 ], [ -6.947494, 39.204447 ], [ -6.953737, 39.202367 ], [ -6.958866, 39.200932 ], [ -6.97026, 39.19784 ], [ -6.981623, 39.194222 ], [ -6.98795, 39.192199 ], [ -6.992999, 39.190834 ], [ -7.004395, 39.187844 ], [ -7.015766, 39.184423 ], [ -7.023605, 39.181971 ], [ -7.027137, 39.181015 ], [ -7.038538, 39.178152 ], [ -7.04992, 39.174979 ], [ -7.060602, 39.171685 ], [ -7.061283, 39.171492 ], [ -7.072692, 39.168817 ], [ -7.084086, 39.165908 ], [ -7.095464, 39.162737 ], [ -7.100919, 39.161271 ], [ -7.106859, 39.159862 ], [ -7.118266, 39.157232 ], [ -7.129663, 39.154431 ], [ -7.141043, 39.151356 ], [ -7.143728, 39.150755 ], [ -7.152456, 39.148861 ], [ -7.163869, 39.146394 ], [ -7.175269, 39.143709 ], [ -7.186673, 39.141105 ], [ -7.191528, 39.140043 ], [ -7.198089, 39.138719 ], [ -7.209509, 39.136417 ], [ -7.220931, 39.134148 ], [ -7.232352, 39.131894 ], [ -7.243773, 39.129648 ], [ -7.247176, 39.129025 ], [ -7.255208, 39.12763 ], [ -7.266645, 39.125673 ], [ -7.278083, 39.123745 ], [ -7.289529, 39.121953 ], [ -7.300975, 39.120175 ], [ -7.31243, 39.118548 ], [ -7.322086, 39.117267 ], [ -7.323891, 39.117031 ], [ -7.335358, 39.115623 ], [ -7.346833, 39.11435 ], [ -7.358305, 39.113045 ], [ -7.369792, 39.111968 ], [ -7.381282, 39.110969 ], [ -7.392784, 39.110153 ], [ -7.404299, 39.109564 ], [ -7.415825, 39.109144 ], [ -7.427356, 39.108808 ], [ -7.438902, 39.108715 ], [ -7.450456, 39.108751 ], [ -7.462026, 39.109038 ], [ -7.473609, 39.109537 ], [ -7.485212, 39.110331 ], [ -7.491244, 39.11086 ], [ -7.496827, 39.111322 ], [ -7.508456, 39.112537 ], [ -7.520116, 39.114214 ], [ -7.5318, 39.11626 ], [ -7.540315, 39.117955 ], [ -7.543502, 39.118586 ], [ -7.555245, 39.121525 ], [ -7.567027, 39.125064 ], [ -7.569476, 39.125811 ], [ -7.578818, 39.128714 ], [ -7.590692, 39.133618 ], [ -7.591445, 39.133945 ], [ -7.602563, 39.138451 ], [ -7.610436, 39.142192 ], [ -7.614484, 39.144031 ], [ -7.626424, 39.149866 ], [ -7.62771, 39.150505 ], [ -7.638349, 39.155447 ], [ -7.644939, 39.158817 ], [ -7.650304, 39.161446 ], [ -7.6608, 39.16718 ], [ -7.662295, 39.167963 ], [ -7.674288, 39.174483 ], [ -7.676264, 39.175558 ], [ -7.686277, 39.180896 ], [ -7.691328, 39.183949 ], [ -7.698309, 39.187935 ], [ -7.705558, 39.192373 ], [ -7.710366, 39.195306 ], [ -7.718895, 39.20083 ], [ -7.722456, 39.203122 ], [ -7.731435, 39.209319 ], [ -7.734585, 39.21149 ], [ -7.743562, 39.217823 ], [ -7.74674, 39.220185 ], [ -7.755111, 39.226349 ], [ -7.758937, 39.229457 ], [ -7.76575, 39.234911 ], [ -7.771212, 39.239835 ], [ -7.775704, 39.243501 ], [ -7.783623, 39.252152 ], [ -7.783643, 39.252173 ], [ -7.793324, 39.260772 ], [ -7.795998, 39.263881 ], [ -7.801729, 39.269423 ], [ -7.807745, 39.278172 ], [ -7.808634, 39.279341 ], [ -7.815431, 39.286851 ], [ -7.82133, 39.295598 ], [ -7.821334, 39.295605 ], [ -7.8311, 39.304197 ], [ -7.833687, 39.313087 ], [ -7.834733, 39.322016 ], [ -7.83474, 39.322041 ], [ -7.840144, 39.330814 ], [ -7.843783, 39.33966 ], [ -7.846919, 39.348527 ], [ -7.8477, 39.357493 ], [ -7.847373, 39.366504 ], [ -7.84726, 39.375507 ], [ -7.849721, 39.384402 ], [ -7.85082, 39.386979 ], [ -7.855308, 39.393166 ], [ -7.859801, 39.401976 ], [ -7.863965, 39.409235 ], [ -7.865297, 39.410743 ], [ -7.874998, 39.419334 ], [ -7.876396, 39.421123 ], [ -7.884434, 39.427935 ], [ -7.888839, 39.433128 ], [ -7.893312, 39.436559 ], [ -7.901172, 39.443499 ], [ -7.90294, 39.44515 ], [ -7.913325, 39.451279 ], [ -7.919015, 39.453467 ], [ -7.92526, 39.45591 ], [ -7.935462, 39.461766 ], [ -7.937333, 39.462479 ], [ -7.949364, 39.470172 ], [ -7.949492, 39.470227 ], [ -7.961248, 39.472277 ], [ -7.972368, 39.478186 ], [ -7.973297, 39.478421 ], [ -7.985113, 39.481276 ], [ -7.995915, 39.486171 ], [ -7.997089, 39.486359 ], [ -8.00884, 39.488279 ], [ -8.020397, 39.494111 ], [ -8.02088, 39.494195 ], [ -8.032614, 39.495852 ], [ -8.044586, 39.500799 ], [ -8.051089, 39.501776 ], [ -8.056281, 39.501897 ], [ -8.068211, 39.506214 ], [ -8.080044, 39.50919 ], [ -8.081412, 39.509448 ], [ -8.091818, 39.511347 ], [ -8.103541, 39.512797 ], [ -8.115071, 39.511626 ], [ -8.126934, 39.516442 ], [ -8.127044, 39.516454 ], [ -8.13867, 39.516569 ], [ -8.150582, 39.520558 ], [ -8.162296, 39.521853 ], [ -8.172709, 39.523405 ], [ -8.174043, 39.523579 ], [ -8.185622, 39.523056 ], [ -8.19748, 39.526262 ], [ -8.209179, 39.527323 ], [ -8.220883, 39.528469 ], [ -8.23259, 39.529627 ], [ -8.233228, 39.529686 ], [ -8.244281, 39.530591 ], [ -8.255964, 39.53143 ], [ -8.267649, 39.532294 ], [ -8.279273, 39.532353 ], [ -8.290921, 39.532727 ], [ -8.302615, 39.533697 ], [ -8.31432, 39.534819 ], [ -8.316206, 39.534907 ], [ -8.325976, 39.535297 ], [ -8.33762, 39.535612 ], [ -8.349218, 39.535325 ], [ -8.360837, 39.535319 ], [ -8.372466, 39.53544 ], [ -8.384093, 39.535531 ], [ -8.395723, 39.535666 ], [ -8.407349, 39.535738 ], [ -8.41897, 39.535767 ], [ -8.430622, 39.536175 ], [ -8.442259, 39.536398 ], [ -8.453862, 39.536185 ], [ -8.46546, 39.535917 ], [ -8.477053, 39.535585 ], [ -8.488629, 39.535027 ], [ -8.500209, 39.534537 ], [ -8.511792, 39.534088 ], [ -8.52337, 39.533568 ], [ -8.534942, 39.532982 ], [ -8.546508, 39.532319 ], [ -8.55808, 39.531741 ], [ -8.569652, 39.531162 ], [ -8.581209, 39.530392 ], [ -8.592751, 39.529456 ], [ -8.604268, 39.528199 ], [ -8.615795, 39.527086 ], [ -8.627329, 39.526054 ], [ -8.638867, 39.525071 ], [ -8.650394, 39.523965 ], [ -8.661902, 39.522639 ], [ -8.673404, 39.521237 ], [ -8.684892, 39.519664 ], [ -8.696359, 39.517856 ], [ -8.706686, 39.516336 ], [ -8.707833, 39.516129 ], [ -8.71922, 39.51335 ], [ -8.730615, 39.510687 ], [ -8.742023, 39.508199 ], [ -8.753443, 39.50585 ], [ -8.757903, 39.504807 ], [ -8.764804, 39.502807 ], [ -8.776136, 39.49943 ], [ -8.787495, 39.496387 ], [ -8.798039, 39.493811 ], [ -8.798871, 39.49356 ], [ -8.810137, 39.489437 ], [ -8.821458, 39.485971 ], [ -8.831289, 39.483147 ], [ -8.832793, 39.482699 ], [ -8.844027, 39.478232 ], [ -8.855317, 39.474445 ], [ -8.860611, 39.472673 ], [ -8.866576, 39.470315 ], [ -8.877807, 39.465868 ], [ -8.88848, 39.462265 ], [ -8.889089, 39.462025 ], [ -8.90027, 39.457021 ], [ -8.911516, 39.452804 ], [ -8.913486, 39.451997 ], [ -8.922689, 39.447738 ], [ -8.933903, 39.443167 ], [ -8.937161, 39.441791 ], [ -8.945068, 39.438042 ], [ -8.956255, 39.433197 ], [ -8.95982, 39.431634 ], [ -8.967404, 39.427936 ], [ -8.978567, 39.422847 ], [ -8.981498, 39.421522 ], [ -8.989696, 39.41738 ], [ -9.000846, 39.412184 ], [ -9.00239, 39.411448 ], [ -9.011947, 39.40643 ], [ -9.022517, 39.401409 ], [ -9.023084, 39.40112 ], [ -9.034164, 39.395168 ], [ -9.041593, 39.391422 ], [ -9.045263, 39.389462 ], [ -9.056345, 39.383576 ], [ -9.060406, 39.381446 ], [ -9.067414, 39.377559 ], [ -9.078495, 39.371709 ], [ -9.078926, 39.371482 ], [ -9.089535, 39.365405 ], [ -9.096439, 39.361568 ], [ -9.100581, 39.359193 ], [ -9.111626, 39.352997 ], [ -9.113969, 39.35165 ], [ -9.122645, 39.346525 ], [ -9.131018, 39.341756 ], [ -9.133674, 39.34019 ], [ -9.144684, 39.333657 ], [ -9.147662, 39.331881 ], [ -9.155683, 39.327021 ], [ -9.163996, 39.322019 ], [ -9.166679, 39.32038 ], [ -9.177663, 39.313625 ], [ -9.180026, 39.312172 ], [ -9.188637, 39.306787 ], [ -9.195745, 39.30234 ], [ -9.199605, 39.299901 ], [ -9.210567, 39.292962 ], [ -9.211275, 39.292515 ], [ -9.221517, 39.285919 ], [ -9.226478, 39.282706 ], [ -9.232459, 39.278812 ], [ -9.241514, 39.272904 ], [ -9.243395, 39.271666 ], [ -9.254322, 39.264433 ], [ -9.256307, 39.263113 ], [ -9.265241, 39.257137 ], [ -9.270898, 39.253332 ], [ -9.276151, 39.249779 ], [ -9.285302, 39.243558 ], [ -9.287054, 39.24236 ], [ -9.29795, 39.234884 ], [ -9.299529, 39.233793 ], [ -9.308837, 39.227338 ], [ -9.31358, 39.224036 ], [ -9.319718, 39.219741 ], [ -9.327468, 39.214286 ], [ -9.33059, 39.21208 ], [ -9.3412, 39.204543 ], [ -9.341454, 39.204361 ], [ -9.352312, 39.196587 ], [ -9.354784, 39.194806 ], [ -9.363161, 39.188753 ], [ -9.368224, 39.185076 ], [ -9.374003, 39.180859 ], [ -9.381528, 39.175352 ], [ -9.384838, 39.17292 ], [ -9.394711, 39.165633 ], [ -9.395666, 39.164925 ], [ -9.406486, 39.156876 ], [ -9.407767, 39.15592 ], [ -9.417299, 39.148774 ], [ -9.420704, 39.146211 ], [ -9.428105, 39.140615 ], [ -9.43351, 39.136509 ], [ -9.438902, 39.132394 ], [ -9.446185, 39.126813 ], [ -9.449692, 39.124115 ], [ -9.458738, 39.117122 ], [ -9.460473, 39.115771 ], [ -9.471165, 39.107437 ], [ -9.471247, 39.107373 ], [ -9.482011, 39.098894 ], [ -9.483445, 39.097759 ], [ -9.492766, 39.090348 ], [ -9.495598, 39.088087 ], [ -9.503512, 39.081737 ], [ -9.507629, 39.078421 ], [ -9.51425, 39.073059 ], [ -9.519533, 39.06876 ], [ -9.524978, 39.064306 ], [ -9.531316, 39.059105 ], [ -9.535698, 39.055491 ], [ -9.54298, 39.049456 ], [ -9.546408, 39.046591 ], [ -9.554514, 39.039813 ], [ -9.557109, 39.03763 ], [ -9.565939, 39.030175 ], [ -9.567801, 39.028593 ], [ -9.577237, 39.020543 ], [ -9.578482, 39.019475 ], [ -9.58842, 39.010917 ], [ -9.589154, 39.010281 ], [ -9.599475, 39.001297 ], [ -9.599814, 39.000999 ], [ -9.610414, 38.991682 ], [ -9.610465, 38.991637 ], [ -9.621104, 38.98218 ], [ -9.621221, 38.982075 ], [ -9.631732, 38.972636 ], [ -9.631913, 38.972473 ], [ -9.642349, 38.963004 ], [ -9.642489, 38.962876 ], [ -9.652948, 38.953285 ], [ -9.652954, 38.95328 ], [ -9.66328, 38.943701 ], [ -9.663547, 38.943452 ], [ -9.673492, 38.934123 ], [ -9.674128, 38.933523 ], [ -9.683586, 38.924551 ], [ -9.684696, 38.923493 ], [ -9.693563, 38.914985 ], [ -9.695251, 38.913351 ], [ -9.703415, 38.905425 ], [ -9.705793, 38.903108 ], [ -9.713163, 38.89587 ], [ -9.716323, 38.892758 ], [ -9.722802, 38.886321 ], [ -9.726839, 38.882301 ], [ -9.732336, 38.876778 ], [ -9.737342, 38.871736 ], [ -9.741763, 38.86724 ], [ -9.747832, 38.861061 ], [ -9.751095, 38.857706 ], [ -9.758309, 38.850281 ], [ -9.76033, 38.848178 ], [ -9.768772, 38.839395 ], [ -9.769477, 38.838654 ], [ -9.778461, 38.829139 ], [ -9.779216, 38.828331 ], [ -9.787276, 38.819633 ], [ -9.789639, 38.817088 ], [ -9.796013, 38.810131 ], [ -9.800049, 38.805734 ], [ -9.804668, 38.800634 ], [ -9.810445, 38.794275 ], [ -9.813254, 38.79114 ], [ -9.820829, 38.782713 ], [ -9.821772, 38.781649 ], [ -9.830112, 38.772168 ], [ -9.831189, 38.770937 ], [ -9.838281, 38.762697 ], [ -9.841525, 38.758948 ], [ -9.846394, 38.753228 ], [ -9.851848, 38.746861 ], [ -9.854459, 38.743762 ], [ -9.86216, 38.734687 ], [ -9.862485, 38.734298 ], [ -9.87022, 38.72485 ], [ -9.872435, 38.722161 ], [ -9.877891, 38.715406 ], [ -9.882695, 38.709519 ], [ -9.88554, 38.705962 ], [ -9.892945, 38.696815 ], [ -9.89318, 38.696519 ], [ -9.90049, 38.687095 ], [ -9.903153, 38.683694 ], [ -9.907768, 38.677672 ], [ -9.913348, 38.670495 ], [ -9.915057, 38.668248 ], [ -9.922193, 38.658833 ], [ -9.923519, 38.657068 ], [ -9.929124, 38.64943 ], [ -9.933658, 38.643356 ], [ -9.936088, 38.640024 ], [ -9.942987, 38.630622 ], [ -9.943782, 38.629519 ], [ -9.949603, 38.621237 ], [ -9.953864, 38.615293 ], [ -9.956273, 38.611847 ], [ -9.962866, 38.602463 ], [ -9.963929, 38.600926 ], [ -9.969206, 38.593093 ], [ -9.973955, 38.586199 ], [ -9.975619, 38.583718 ], [ -9.981853, 38.574354 ], [ -9.983951, 38.571195 ], [ -9.987956, 38.564997 ], [ -9.993924, 38.555999 ], [ -9.994159, 38.555635 ], [ -9.999991, 38.546294 ], [ -10.003842, 38.540274 ], [ -10.005909, 38.536947 ], [ -10.011692, 38.527609 ], [ -10.013731, 38.524303 ], [ -10.017342, 38.518278 ], [ -10.023049, 38.508944 ], [ -10.023588, 38.508037 ], [ -10.02844, 38.499629 ], [ -10.033396, 38.491302 ], [ -10.033972, 38.490305 ], [ -10.039192, 38.480999 ], [ -10.043153, 38.474101 ], [ -10.044501, 38.471688 ], [ -10.049592, 38.46239 ], [ -10.052865, 38.456476 ], [ -10.054688, 38.453092 ], [ -10.059631, 38.443802 ], [ -10.062527, 38.438383 ], [ -10.064533, 38.434515 ], [ -10.06931, 38.425235 ], [ -10.072132, 38.419753 ], [ -10.07403, 38.415959 ], [ -10.078637, 38.406689 ], [ -10.081684, 38.400624 ], [ -10.083251, 38.397419 ], [ -10.087722, 38.388157 ], [ -10.091189, 38.381066 ], [ -10.092228, 38.378894 ], [ -10.096561, 38.36964 ], [ -10.100645, 38.361057 ], [ -10.10096, 38.360382 ], [ -10.105147, 38.351137 ], [ -10.109404, 38.341888 ], [ -10.110041, 38.340477 ], [ -10.113496, 38.332649 ], [ -10.117581, 38.32341 ], [ -10.119375, 38.319309 ], [ -10.121594, 38.314175 ], [ -10.125515, 38.304946 ], [ -10.128647, 38.297564 ], [ -10.129418, 38.295718 ], [ -10.1332, 38.286497 ], [ -10.136972, 38.277277 ], [ -10.137844, 38.275102 ], [ -10.140626, 38.268064 ], [ -10.144249, 38.258852 ], [ -10.14696, 38.251866 ], [ -10.147812, 38.249645 ], [ -10.151279, 38.240443 ], [ -10.154712, 38.231243 ], [ -10.155985, 38.227756 ], [ -10.158057, 38.222048 ], [ -10.161341, 38.212857 ], [ -10.164559, 38.20367 ], [ -10.164908, 38.202655 ], [ -10.167712, 38.194488 ], [ -10.170791, 38.185309 ], [ -10.173711, 38.176392 ], [ -10.173796, 38.176135 ], [ -10.176771, 38.166963 ], [ -10.179643, 38.157797 ], [ -10.182377, 38.148787 ], [ -10.182424, 38.148637 ], [ -10.185205, 38.139476 ], [ -10.187875, 38.130323 ], [ -10.190446, 38.121175 ], [ -10.190882, 38.119597 ], [ -10.193009, 38.112028 ], [ -10.195499, 38.102886 ], [ -10.19786, 38.093751 ], [ -10.199189, 38.088448 ], [ -10.200174, 38.084619 ], [ -10.202492, 38.075487 ], [ -10.204663, 38.066364 ], [ -10.206713, 38.057249 ], [ -10.207247, 38.054835 ], [ -10.208796, 38.048131 ], [ -10.210821, 38.039017 ], [ -10.212704, 38.029912 ], [ -10.214446, 38.020815 ], [ -10.214981, 38.017985 ], [ -10.21624, 38.011716 ], [ -10.217983, 38.002619 ], [ -10.219601, 37.99353 ], [ -10.221087, 37.984449 ], [ -10.222262, 37.97658 ], [ -10.22245, 37.975376 ], [ -10.223975, 37.966293 ], [ -10.22534, 37.95722 ], [ -10.226595, 37.948153 ], [ -10.227694, 37.939096 ], [ -10.228659, 37.930048 ], [ -10.228856, 37.928249 ], [ -10.229759, 37.920991 ], [ -10.230787, 37.911938 ], [ -10.231683, 37.902894 ], [ -10.232468, 37.893857 ], [ -10.232801, 37.884847 ], [ -10.233317, 37.875826 ], [ -10.234132, 37.866787 ], [ -10.234141, 37.866638 ], [ -10.23433, 37.857786 ], [ -10.234599, 37.848781 ], [ -10.234621, 37.83979 ], [ -10.234958, 37.830781 ], [ -10.235036, 37.821787 ], [ -10.231445, 37.81302 ], [ -10.232366, 37.803974 ], [ -10.230701, 37.795088 ], [ -10.228407, 37.786241 ], [ -10.228605, 37.77724 ], [ -10.234955, 37.767859 ], [ -10.232743, 37.759007 ], [ -10.234252, 37.752258 ], [ -10.234083, 37.749935 ], [ -10.233184, 37.741002 ], [ -10.232326, 37.732066 ], [ -10.231466, 37.72313 ], [ -10.230574, 37.714197 ], [ -10.229799, 37.705256 ], [ -10.22881, 37.696328 ], [ -10.228064, 37.687385 ], [ -10.227298, 37.681083 ], [ -10.226685, 37.678481 ], [ -10.222296, 37.669763 ], [ -10.220946, 37.660857 ], [ -10.216298, 37.652154 ], [ -10.214166, 37.643297 ], [ -10.212305, 37.634422 ], [ -10.210955, 37.625516 ], [ -10.209799, 37.61744 ], [ -10.209679, 37.616606 ], [ -10.202777, 37.608041 ], [ -10.198887, 37.599291 ], [ -10.196351, 37.590458 ], [ -10.195705, 37.588612 ], [ -10.192034, 37.581733 ], [ -10.186107, 37.573107 ], [ -10.182444, 37.564342 ], [ -10.181986, 37.563533 ], [ -10.176752, 37.555701 ], [ -10.17116, 37.547054 ], [ -10.168773, 37.543596 ], [ -10.165187, 37.53843 ], [ -10.158425, 37.529853 ], [ -10.155872, 37.526829 ], [ -10.150917, 37.521321 ], [ -10.143332, 37.512794 ], [ -10.143228, 37.512685 ], [ -10.134865, 37.504319 ], [ -10.130763, 37.500348 ], [ -10.125274, 37.495912 ], [ -10.11844, 37.489462 ], [ -10.114999, 37.487545 ], [ -10.106451, 37.479073 ], [ -10.106145, 37.478826 ], [ -10.094965, 37.470778 ], [ -10.094032, 37.470065 ], [ -10.08243, 37.462544 ], [ -10.082013, 37.462263 ], [ -10.070296, 37.454285 ], [ -10.069958, 37.454058 ], [ -10.058035, 37.446033 ], [ -10.057916, 37.445961 ], [ -10.045939, 37.438524 ], [ -10.041589, 37.438029 ], [ -10.034402, 37.43574 ], [ -10.02437, 37.430069 ], [ -10.022533, 37.429401 ], [ -10.010952, 37.42188 ], [ -10.010536, 37.421687 ], [ -9.998932, 37.418145 ], [ -9.990824, 37.414089 ], [ -9.987209, 37.413318 ], [ -9.97554, 37.406006 ], [ -9.975246, 37.405898 ], [ -9.963825, 37.404273 ], [ -9.952484, 37.398381 ], [ -9.951997, 37.39827 ], [ -9.940065, 37.390124 ], [ -9.939937, 37.38974 ], [ -9.928578, 37.388757 ], [ -9.91674, 37.382579 ], [ -9.916084, 37.382546 ], [ -9.904751, 37.374743 ], [ -9.893505, 37.374969 ], [ -9.891842, 37.374978 ], [ -9.881592, 37.367916 ], [ -9.87028, 37.367406 ], [ -9.859065, 37.367958 ], [ -9.858572, 37.367931 ], [ -9.847073, 37.360002 ], [ -9.835843, 37.360377 ], [ -9.824632, 37.360963 ], [ -9.824209, 37.360938 ], [ -9.81264, 37.352953 ], [ -9.801415, 37.353375 ], [ -9.790205, 37.35397 ], [ -9.790149, 37.353917 ], [ -9.778201, 37.345772 ], [ -9.766996, 37.346403 ], [ -9.755778, 37.346906 ], [ -9.755764, 37.346904 ], [ -9.743805, 37.339002 ], [ -9.737778, 37.338944 ], [ -9.732461, 37.338083 ], [ -9.721297, 37.339171 ], [ -9.709989, 37.338659 ], [ -9.698204, 37.332787 ], [ -9.686963, 37.33301 ], [ -9.67752, 37.333385 ], [ -9.675722, 37.333245 ], [ -9.664373, 37.332251 ], [ -9.653215, 37.333419 ], [ -9.641425, 37.327438 ], [ -9.630168, 37.327481 ], [ -9.618947, 37.32792 ], [ -9.607732, 37.328444 ], [ -9.596527, 37.329082 ], [ -9.59338, 37.329134 ], [ -9.584904, 37.324947 ], [ -9.573386, 37.322012 ], [ -9.562151, 37.322294 ], [ -9.550922, 37.322655 ], [ -9.539708, 37.32319 ], [ -9.539369, 37.323152 ], [ -9.52784, 37.316191 ], [ -9.516539, 37.315715 ], [ -9.50532, 37.316184 ], [ -9.494112, 37.316774 ], [ -9.493624, 37.316691 ], [ -9.482676, 37.314739 ], [ -9.470939, 37.309188 ], [ -9.459722, 37.309674 ], [ -9.459264, 37.309587 ], [ -9.447809, 37.302049 ], [ -9.436558, 37.302128 ], [ -9.425332, 37.302502 ], [ -9.425156, 37.30246 ], [ -9.413416, 37.294783 ], [ -9.402167, 37.294878 ], [ -9.400945, 37.294785 ], [ -9.390379, 37.288618 ], [ -9.379014, 37.287337 ], [ -9.36778, 37.287593 ], [ -9.367765, 37.287589 ], [ -9.355859, 37.279728 ], [ -9.34462, 37.279912 ], [ -9.344446, 37.279854 ], [ -9.332698, 37.271983 ], [ -9.321461, 37.272191 ], [ -9.321247, 37.272107 ], [ -9.309529, 37.264091 ], [ -9.307071, 37.263874 ], [ -9.297799, 37.258387 ], [ -9.286363, 37.256178 ], [ -9.285828, 37.256015 ], [ -9.27445, 37.248247 ], [ -9.263199, 37.248239 ], [ -9.263174, 37.248227 ], [ -9.251263, 37.239981 ], [ -9.25103, 37.239878 ], [ -9.239393, 37.232475 ], [ -9.237215, 37.231617 ], [ -9.227611, 37.226023 ], [ -9.220923, 37.223484 ], [ -9.216082, 37.222603 ], [ -9.204249, 37.21548 ], [ -9.204092, 37.215377 ], [ -9.192317, 37.207118 ], [ -9.192162, 37.20701 ], [ -9.180393, 37.198817 ], [ -9.180162, 37.198646 ], [ -9.169846, 37.190192 ], [ -9.168376, 37.189352 ], [ -9.160361, 37.181694 ], [ -9.156256, 37.178587 ], [ -9.150767, 37.173201 ], [ -9.144208, 37.168651 ], [ -9.140158, 37.164759 ], [ -9.131977, 37.156424 ], [ -9.131764, 37.156202 ], [ -9.124673, 37.147577 ], [ -9.119616, 37.142547 ], [ -9.116681, 37.138997 ], [ -9.109783, 37.13036 ], [ -9.107117, 37.126883 ], [ -9.103688, 37.121682 ], [ -9.09707, 37.11303 ], [ -9.094424, 37.108745 ], [ -9.091989, 37.104298 ], [ -9.088205, 37.0955 ], [ -9.081476, 37.087338 ], [ -9.081224, 37.086865 ], [ -9.07856, 37.078009 ], [ -9.073566, 37.069271 ], [ -9.068165, 37.061299 ], [ -9.067869, 37.06057 ], [ -9.066482, 37.051647 ], [ -9.064325, 37.042764 ], [ -9.06056, 37.033963 ], [ -9.054555, 37.025277 ], [ -9.053489, 37.017992 ], [ -9.053271, 37.016349 ], [ -9.052459, 37.007397 ], [ -9.051453, 36.998454 ], [ -9.050609, 36.989503 ], [ -9.049469, 36.980568 ], [ -9.048365, 36.97163 ], [ -9.047341, 36.962688 ], [ -9.046127, 36.953756 ], [ -9.045449, 36.944797 ], [ -9.044471, 36.935853 ], [ -9.044013, 36.926883 ], [ -9.0436, 36.91791 ], [ -9.043251, 36.908933 ], [ -9.043078, 36.899948 ], [ -9.042664, 36.890975 ], [ -9.042373, 36.881996 ], [ -9.041803, 36.873031 ], [ -9.041839, 36.871148 ], [ -9.043586, 36.863946 ], [ -9.043798, 36.854942 ], [ -9.049282, 36.845668 ], [ -9.049767, 36.836649 ], [ -9.049928, 36.831883 ], [ -9.050015, 36.827642 ], [ -9.056226, 36.818331 ], [ -9.05844, 36.809224 ], [ -9.059057, 36.805842 ], [ -9.060834, 36.800108 ], [ -9.066328, 36.790833 ], [ -9.06822, 36.781742 ], [ -9.06832, 36.781554 ], [ -9.073968, 36.772453 ], [ -9.078131, 36.764251 ], [ -9.078885, 36.763208 ], [ -9.086026, 36.753847 ], [ -9.088205, 36.750321 ], [ -9.091414, 36.744577 ], [ -9.098204, 36.735486 ], [ -9.098453, 36.735221 ], [ -9.107391, 36.725768 ], [ -9.108504, 36.724478 ], [ -9.115104, 36.716376 ], [ -9.118738, 36.712674 ], [ -9.127006, 36.706768 ], [ -9.129268, 36.704625 ], [ -9.138177, 36.697197 ], [ -9.139741, 36.695894 ], [ -9.149296, 36.687628 ], [ -9.150195, 36.686943 ], [ -9.160432, 36.678057 ], [ -9.160639, 36.677907 ], [ -9.171306, 36.671676 ], [ -9.17689, 36.668207 ], [ -9.182031, 36.666197 ], [ -9.192117, 36.65842 ], [ -9.192552, 36.658195 ], [ -9.203277, 36.652755 ], [ -9.211091, 36.648435 ], [ -9.214026, 36.647631 ], [ -9.224146, 36.638758 ], [ -9.224458, 36.638601 ], [ -9.235523, 36.637415 ], [ -9.245751, 36.62863 ], [ -9.245963, 36.628533 ], [ -9.257045, 36.627593 ], [ -9.267822, 36.622895 ], [ -9.277121, 36.617982 ], [ -9.278558, 36.617719 ], [ -9.28956, 36.615817 ], [ -9.299594, 36.607799 ], [ -9.300049, 36.607652 ], [ -9.311141, 36.606878 ], [ -9.322165, 36.605273 ], [ -9.332649, 36.5971 ], [ -9.335233, 36.596909 ], [ -9.343731, 36.59623 ], [ -9.354817, 36.595415 ], [ -9.365839, 36.593818 ], [ -9.37557, 36.585757 ], [ -9.376311, 36.585587 ], [ -9.387416, 36.585026 ], [ -9.3985, 36.584201 ], [ -9.409568, 36.583209 ], [ -9.420598, 36.581751 ], [ -9.430239, 36.573816 ], [ -9.431075, 36.573654 ], [ -9.442173, 36.573049 ], [ -9.453274, 36.572465 ], [ -9.464354, 36.571637 ], [ -9.475443, 36.570919 ], [ -9.486509, 36.56994 ], [ -9.497514, 36.568231 ], [ -9.508486, 36.566142 ], [ -9.518568, 36.560007 ], [ -9.519111, 36.559941 ], [ -9.530199, 36.559242 ], [ -9.541295, 36.558652 ], [ -9.552395, 36.558098 ], [ -9.56349, 36.557495 ], [ -9.567059, 36.557334 ], [ -9.574648, 36.557636 ], [ -9.58061, 36.556584 ], [ -9.585671, 36.556185 ], [ -9.596132, 36.548162 ], [ -9.607606, 36.552019 ], [ -9.618867, 36.553362 ], [ -9.629582, 36.548348 ], [ -9.640588, 36.546743 ], [ -9.651609, 36.545305 ], [ -9.662651, 36.544125 ], [ -9.673682, 36.542815 ], [ -9.684629, 36.541781 ], [ -9.684735, 36.541771 ], [ -9.695816, 36.541057 ], [ -9.706896, 36.540329 ], [ -9.717924, 36.539015 ], [ -9.728878, 36.536843 ], [ -9.739775, 36.534029 ], [ -9.750637, 36.530828 ], [ -9.762217, 36.53584 ], [ -9.770748, 36.52791 ], [ -9.772649, 36.527746 ], [ -9.783731, 36.527075 ], [ -9.79481, 36.526373 ], [ -9.805857, 36.525317 ], [ -9.815482, 36.51636 ], [ -9.8162, 36.516274 ], [ -9.82728, 36.515611 ], [ -9.83835, 36.514836 ], [ -9.849314, 36.512867 ], [ -9.857833, 36.504931 ], [ -9.859733, 36.504766 ], [ -9.870801, 36.50399 ], [ -9.881246, 36.49622 ], [ -9.892214, 36.494337 ], [ -9.892225, 36.49395 ], [ -9.902468, 36.484458 ], [ -9.902811, 36.484346 ], [ -9.913015, 36.477893 ], [ -9.923893, 36.475049 ], [ -9.926368, 36.473985 ], [ -9.934343, 36.467428 ], [ -9.945172, 36.464063 ], [ -9.945537, 36.463876 ], [ -9.95558, 36.456018 ], [ -9.96112, 36.453974 ], [ -9.966283, 36.451283 ], [ -9.976802, 36.444507 ], [ -9.97754, 36.444022 ], [ -9.987175, 36.43614 ], [ -9.990284, 36.434284 ], [ -9.997802, 36.430614 ], [ -10.005791, 36.424381 ], [ -10.0082, 36.422571 ], [ -10.017454, 36.414704 ], [ -10.018499, 36.413455 ], [ -10.027495, 36.405122 ], [ -10.028768, 36.40403 ], [ -10.036885, 36.395577 ], [ -10.038903, 36.393147 ], [ -10.044862, 36.386116 ], [ -10.049021, 36.382117 ], [ -10.053408, 36.376621 ], [ -10.058979, 36.369355 ], [ -10.060527, 36.367209 ], [ -10.06777, 36.357791 ], [ -10.068849, 36.355651 ], [ -10.072238, 36.348536 ], [ -10.078519, 36.339786 ], [ -10.07886, 36.339154 ], [ -10.084118, 36.329852 ], [ -10.087968, 36.321535 ], [ -10.088335, 36.320613 ], [ -10.091008, 36.311465 ], [ -10.097354, 36.302634 ], [ -10.097558, 36.302086 ], [ -10.098145, 36.293063 ], [ -10.103487, 36.283756 ], [ -10.105989, 36.275536 ], [ -10.106105, 36.274611 ], [ -10.106633, 36.265591 ], [ -10.108815, 36.256473 ], [ -10.114534, 36.247494 ], [ -10.114591, 36.24714 ], [ -10.114174, 36.238176 ], [ -10.11541, 36.229114 ], [ -10.119532, 36.21988 ], [ -10.12134, 36.210784 ], [ -10.121863, 36.206148 ], [ -10.12231, 36.201738 ], [ -10.123014, 36.192708 ], [ -10.123506, 36.18369 ], [ -10.123841, 36.174682 ], [ -10.123972, 36.165686 ], [ -10.123956, 36.156699 ], [ -10.123769, 36.147722 ], [ -10.123407, 36.138756 ], [ -10.122845, 36.129802 ], [ -10.122161, 36.120855 ], [ -10.121315, 36.111917 ], [ -10.119736, 36.103024 ], [ -10.117225, 36.094186 ], [ -10.112382, 36.085487 ], [ -10.110834, 36.076591 ], [ -10.109871, 36.06766 ], [ -10.108783, 36.058737 ], [ -10.108485, 36.049767 ], [ -10.107976, 36.040809 ], [ -10.106616, 36.031902 ], [ -10.106862, 36.0229 ], [ -10.105331, 36.014003 ], [ -10.10374, 36.006161 ], [ -10.103527, 36.005122 ], [ -10.101665, 35.996245 ], [ -10.099806, 35.987368 ], [ -10.097898, 35.978493 ], [ -10.095952, 35.969621 ], [ -10.09396, 35.960751 ], [ -10.091931, 35.951884 ], [ -10.089863, 35.943019 ], [ -10.087749, 35.934156 ], [ -10.085598, 35.925296 ], [ -10.085303, 35.924095 ], [ -10.083438, 35.916436 ], [ -10.081248, 35.907578 ], [ -10.07901, 35.898722 ], [ -10.076731, 35.889869 ], [ -10.074405, 35.881019 ], [ -10.072036, 35.872171 ], [ -10.069624, 35.863326 ], [ -10.068436, 35.859021 ], [ -10.067198, 35.854481 ], [ -10.064754, 35.845637 ], [ -10.062262, 35.836797 ], [ -10.059725, 35.827958 ], [ -10.057137, 35.819123 ], [ -10.054502, 35.81029 ], [ -10.052457, 35.803542 ], [ -10.051836, 35.801459 ], [ -10.049179, 35.792628 ], [ -10.046471, 35.783799 ], [ -10.043686, 35.774975 ], [ -10.040895, 35.766151 ], [ -10.038025, 35.757332 ], [ -10.03707, 35.754411 ], [ -10.035171, 35.748511 ], [ -10.03229, 35.739692 ], [ -10.029351, 35.730877 ], [ -10.026356, 35.722064 ], [ -10.023292, 35.713256 ], [ -10.022111, 35.709873 ], [ -10.020247, 35.704446 ], [ -10.017182, 35.695638 ], [ -10.014058, 35.686832 ], [ -10.010866, 35.678031 ], [ -10.007607, 35.669233 ], [ -10.007488, 35.66891 ], [ -10.00442, 35.660431 ], [ -10.001165, 35.651633 ], [ -9.997839, 35.642839 ], [ -9.994434, 35.63405 ], [ -9.993122, 35.630672 ], [ -9.991057, 35.625258 ], [ -9.987669, 35.616467 ], [ -9.984209, 35.607681 ], [ -9.98065, 35.5989 ], [ -9.978978, 35.594793 ], [ -9.977115, 35.590117 ], [ -9.973589, 35.581334 ], [ -9.969969, 35.572555 ], [ -9.96625, 35.563783 ], [ -9.965021, 35.560879 ], [ -9.962595, 35.555007 ], [ -9.958913, 35.546232 ], [ -9.955127, 35.537463 ], [ -9.951229, 35.528707 ], [ -9.951226, 35.5287 ], [ -9.947488, 35.519928 ], [ -9.943633, 35.511163 ], [ -9.939663, 35.502404 ], [ -9.93756, 35.497809 ], [ -9.935705, 35.493644 ], [ -9.931783, 35.484882 ], [ -9.927735, 35.476127 ], [ -9.924028, 35.468349 ], [ -9.923578, 35.467378 ], [ -9.919583, 35.458619 ], [ -9.915457, 35.449868 ], [ -9.911162, 35.441127 ], [ -9.910599, 35.439964 ], [ -9.907044, 35.432375 ], [ -9.902821, 35.423628 ], [ -9.898428, 35.414892 ], [ -9.897267, 35.412565 ], [ -9.894166, 35.406148 ], [ -9.889851, 35.397406 ], [ -9.885344, 35.388676 ], [ -9.884025, 35.386104 ], [ -9.880966, 35.379937 ], [ -9.876499, 35.371204 ], [ -9.8719, 35.362478 ], [ -9.870867, 35.36051 ], [ -9.867436, 35.353744 ], [ -9.862875, 35.345015 ], [ -9.858095, 35.336299 ], [ -9.857788, 35.335724 ], [ -9.853576, 35.327568 ], [ -9.848867, 35.318847 ], [ -9.844767, 35.311526 ], [ -9.844014, 35.310134 ], [ -9.839376, 35.301408 ], [ -9.834496, 35.292696 ], [ -9.831809, 35.287964 ], [ -9.829629, 35.283983 ], [ -9.824815, 35.275267 ], [ -9.819741, 35.266566 ], [ -9.818921, 35.265133 ], [ -9.814898, 35.257851 ], [ -9.809884, 35.249145 ], [ -9.80608, 35.242755 ], [ -9.804754, 35.240446 ], [ -9.799799, 35.231736 ], [ -9.794546, 35.223043 ], [ -9.793295, 35.220949 ], [ -9.789487, 35.214339 ], [ -9.784293, 35.205642 ], [ -9.780555, 35.199588 ], [ -9.778986, 35.196952 ], [ -9.773823, 35.188252 ], [ -9.768342, 35.179571 ], [ -9.76787, 35.178806 ], [ -9.763158, 35.170872 ], [ -9.757701, 35.162189 ], [ -9.755213, 35.158266 ], [ -9.752296, 35.153502 ], [ -9.746856, 35.144817 ], [ -9.742613, 35.138324 ], [ -9.741237, 35.136142 ], [ -9.735806, 35.127455 ], [ -9.730061, 35.118873 ], [ -9.730006, 35.118789 ], [ -9.724564, 35.110103 ], [ -9.718742, 35.101438 ], [ -9.71753, 35.099614 ], [ -9.713133, 35.09276 ], [ -9.707281, 35.084096 ], [ -9.705043, 35.080792 ], [ -9.701516, 35.075426 ], [ -9.69563, 35.066763 ], [ -9.692596, 35.062383 ], [ -9.689723, 35.058101 ], [ -9.68378, 35.04944 ], [ -9.680186, 35.044356 ], [ -9.677742, 35.040784 ], [ -9.671727, 35.032126 ], [ -9.667811, 35.026682 ], [ -9.665575, 35.023476 ], [ -9.659475, 35.014822 ], [ -9.65547, 35.009341 ], [ -9.653214, 35.006177 ], [ -9.647001, 34.997529 ], [ -9.643162, 34.992353 ], [ -9.640662, 34.988887 ], [ -9.634327, 34.980245 ], [ -9.630885, 34.97567 ], [ -9.627911, 34.971607 ], [ -9.621421, 34.962972 ], [ -9.61864, 34.959315 ], [ -9.614934, 34.954337 ], [ -9.608305, 34.945709 ], [ -9.606426, 34.943275 ], [ -9.601752, 34.937077 ], [ -9.594942, 34.928458 ], [ -9.594244, 34.927566 ], [ -9.588327, 34.919828 ], [ -9.582085, 34.912081 ], [ -9.581398, 34.911215 ], [ -9.574646, 34.902591 ], [ -9.569949, 34.896824 ], [ -9.567662, 34.89398 ], [ -9.560688, 34.885368 ], [ -9.557845, 34.881914 ], [ -9.553673, 34.876757 ], [ -9.546472, 34.868156 ], [ -9.545772, 34.867315 ], [ -9.539392, 34.859548 ], [ -9.533716, 34.852883 ], [ -9.532081, 34.850952 ], [ -9.524803, 34.842354 ], [ -9.521687, 34.83873 ], [ -9.517452, 34.833758 ], [ -9.509936, 34.825172 ], [ -9.509686, 34.824885 ], [ -9.502509, 34.81658 ], [ -9.4977, 34.811165 ], [ -9.4949, 34.807997 ], [ -9.487224, 34.799417 ], [ -9.485744, 34.797772 ], [ -9.479549, 34.790837 ], [ -9.473806, 34.78456 ], [ -9.471695, 34.782265 ], [ -9.463823, 34.773694 ], [ -9.461893, 34.771611 ], [ -9.455894, 34.765126 ], [ -9.449999, 34.758851 ], [ -9.44785, 34.756563 ], [ -9.439739, 34.748002 ], [ -9.438126, 34.746318 ], [ -9.431536, 34.739446 ], [ -9.426274, 34.733995 ], [ -9.423275, 34.730893 ], [ -9.41491, 34.722344 ], [ -9.414441, 34.721868 ], [ -9.40644, 34.7138 ], [ -9.402628, 34.709967 ], [ -9.397915, 34.705259 ], [ -9.390832, 34.698218 ], [ -9.389313, 34.69672 ], [ -9.380605, 34.688187 ], [ -9.379055, 34.686681 ], [ -9.371759, 34.67966 ], [ -9.367298, 34.67536 ], [ -9.362878, 34.671134 ], [ -9.355554, 34.664163 ], [ -9.35389, 34.662613 ], [ -9.344821, 34.654095 ], [ -9.343829, 34.653172 ], [ -9.335578, 34.645586 ], [ -9.332125, 34.642411 ], [ -9.326261, 34.63708 ], [ -9.320433, 34.631771 ], [ -9.316868, 34.628577 ], [ -9.308755, 34.621263 ], [ -9.307419, 34.620076 ], [ -9.297831, 34.611581 ], [ -9.297093, 34.610935 ], [ -9.28801, 34.603098 ], [ -9.285455, 34.60088 ], [ -9.27813, 34.594616 ], [ -9.273828, 34.590934 ], [ -9.268152, 34.586139 ], [ -9.262213, 34.581106 ], [ -9.25809, 34.577665 ], [ -9.250612, 34.571412 ], [ -9.247922, 34.569196 ], [ -9.239022, 34.561843 ], [ -9.237652, 34.560731 ], [ -9.227445, 34.552411 ], [ -9.227269, 34.55227 ], [ -9.216644, 34.543821 ], [ -9.215889, 34.543225 ], [ -9.20585, 34.53538 ], [ -9.204348, 34.534205 ], [ -9.194948, 34.526943 ], [ -9.192819, 34.525307 ], [ -9.183901, 34.518512 ], [ -9.181302, 34.516538 ], [ -9.172731, 34.510086 ], [ -9.169797, 34.507886 ], [ -9.161459, 34.501665 ], [ -9.158299, 34.499311 ], [ -9.150084, 34.493247 ], [ -9.146812, 34.490842 ], [ -9.138614, 34.484833 ], [ -9.135332, 34.482438 ], [ -9.127051, 34.476423 ], [ -9.123861, 34.474127 ], [ -9.11537, 34.468017 ], [ -9.112398, 34.465894 ], [ -9.103585, 34.459615 ], [ -9.100944, 34.457755 ], [ -9.091688, 34.451217 ], [ -9.089498, 34.449687 ], [ -9.079681, 34.442824 ], [ -9.07806, 34.441703 ], [ -9.067576, 34.434434 ], [ -9.066627, 34.433758 ], [ -9.055373, 34.426048 ], [ -9.055205, 34.425939 ], [ -9.043802, 34.418335 ], [ -9.04282, 34.417677 ], [ -9.032408, 34.410846 ], [ -9.030097, 34.409314 ], [ -9.021022, 34.403423 ], [ -9.017265, 34.400954 ], [ -9.009642, 34.396067 ], [ -9.004319, 34.392599 ], [ -8.998267, 34.388752 ], [ -8.991287, 34.384246 ], [ -8.986898, 34.381484 ], [ -8.978189, 34.375895 ], [ -8.975533, 34.374242 ], [ -8.965022, 34.367546 ], [ -8.96417, 34.367019 ], [ -8.95283, 34.360071 ], [ -8.951435, 34.359216 ], [ -8.941508, 34.353357 ], [ -8.937482, 34.350901 ], [ -8.930186, 34.346628 ], [ -8.923533, 34.342585 ], [ -8.918864, 34.33986 ], [ -8.909618, 34.334266 ], [ -8.907541, 34.33306 ], [ -8.896227, 34.326351 ], [ -8.895537, 34.325952 ], [ -8.884949, 34.320135 ], [ -8.880669, 34.317675 ], [ -8.873666, 34.313834 ], [ -8.865967, 34.309388 ], [ -8.862378, 34.307424 ], [ -8.851444, 34.301091 ], [ -8.851083, 34.300892 ], [ -8.839836, 34.295031 ], [ -8.835859, 34.292842 ], [ -8.828585, 34.289074 ], [ -8.820466, 34.284582 ], [ -8.817323, 34.282946 ], [ -8.806063, 34.27683 ], [ -8.805085, 34.276319 ], [ -8.794848, 34.271332 ], [ -8.788744, 34.268099 ], [ -8.783615, 34.265563 ], [ -8.772954, 34.259852 ], [ -8.772368, 34.259558 ], [ -8.761173, 34.254293 ], [ -8.755982, 34.251657 ], [ -8.749966, 34.248832 ], [ -8.739547, 34.243435 ], [ -8.738739, 34.243047 ], [ -8.727564, 34.238014 ], [ -8.721952, 34.235265 ], [ -8.716374, 34.23275 ], [ -8.705164, 34.227148 ], [ -8.704979, 34.227063 ], [ -8.694017, 34.222471 ], [ -8.68658, 34.218925 ], [ -8.682837, 34.217293 ], [ -8.67167, 34.212266 ], [ -8.668357, 34.210775 ], [ -8.660526, 34.207584 ], [ -8.649992, 34.202629 ], [ -8.649347, 34.202353 ], [ -8.63823, 34.19802 ], [ -8.630445, 34.194535 ], [ -8.627079, 34.193174 ], [ -8.615952, 34.188664 ], [ -8.610736, 34.186445 ], [ -8.604828, 34.184191 ], [ -8.593696, 34.179568 ], [ -8.590724, 34.178365 ], [ -8.582597, 34.175437 ], [ -8.571465, 34.170775 ], [ -8.570241, 34.170303 ], [ -8.560388, 34.166942 ], [ -8.54926, 34.162319 ], [ -8.549118, 34.162267 ], [ -8.538201, 34.158725 ], [ -8.527159, 34.154264 ], [ -8.527085, 34.154237 ], [ -8.516037, 34.150787 ], [ -8.504934, 34.146484 ], [ -8.504384, 34.146294 ], [ -8.493895, 34.143133 ], [ -8.482811, 34.139089 ], [ -8.480661, 34.138362 ], [ -8.471773, 34.135742 ], [ -8.460712, 34.132007 ], [ -8.456092, 34.130462 ], [ -8.449672, 34.128593 ], [ -8.438634, 34.125206 ], [ -8.430798, 34.12259 ], [ -8.427587, 34.121656 ], [ -8.416574, 34.118632 ], [ -8.405523, 34.114995 ], [ -8.40467, 34.114749 ], [ -8.394528, 34.112233 ], [ -8.383509, 34.109071 ], [ -8.376526, 34.10699 ], [ -8.372494, 34.105952 ], [ -8.361505, 34.103247 ], [ -8.350488, 34.100084 ], [ -8.347409, 34.099268 ], [ -8.339506, 34.097474 ], [ -8.328524, 34.094832 ], [ -8.317515, 34.091776 ], [ -8.316792, 34.091603 ], [ -8.306558, 34.089526 ], [ -8.295587, 34.087041 ], [ -8.284595, 34.084201 ], [ -8.283833, 34.084031 ], [ -8.27365, 34.082115 ], [ -8.262696, 34.079881 ], [ -8.251723, 34.077338 ], [ -8.248101, 34.076568 ], [ -8.24078, 34.075261 ], [ -8.229844, 34.073289 ], [ -8.218896, 34.071106 ], [ -8.209784, 34.069205 ], [ -8.207945, 34.068878 ], [ -8.197029, 34.067214 ], [ -8.186105, 34.065403 ], [ -8.175171, 34.063434 ], [ -8.167257, 34.062007 ], [ -8.164243, 34.061548 ], [ -8.153342, 34.060101 ], [ -8.142435, 34.058547 ], [ -8.131521, 34.056888 ], [ -8.120602, 34.055121 ], [ -8.119719, 34.055003 ], [ -8.109716, 34.053899 ], [ -8.098828, 34.052648 ], [ -8.087937, 34.051346 ], [ -8.077044, 34.049992 ], [ -8.066148, 34.048595 ], [ -8.0637, 34.04833 ], [ -8.055276, 34.047577 ], [ -8.044408, 34.04664 ], [ -8.033539, 34.045691 ], [ -8.02267, 34.044726 ], [ -8.0118, 34.043733 ], [ -8.000932, 34.042783 ], [ -7.993791, 34.042198 ], [ -7.990071, 34.041952 ], [ -7.979225, 34.041361 ], [ -7.968379, 34.040783 ], [ -7.957529, 34.040129 ], [ -7.946678, 34.039453 ], [ -7.935834, 34.038891 ], [ -7.924997, 34.038462 ], [ -7.914164, 34.03809 ], [ -7.903334, 34.037774 ], [ -7.892507, 34.037513 ], [ -7.888563, 34.037438 ], [ -7.881683, 34.037309 ], [ -7.870863, 34.037162 ], [ -7.860047, 34.037089 ], [ -7.849238, 34.037136 ], [ -7.838548, 34.039293 ], [ -7.827713, 34.038898 ], [ -7.81694, 34.039588 ], [ -7.806181, 34.040532 ], [ -7.79539, 34.040928 ], [ -7.784602, 34.041359 ], [ -7.77381, 34.041733 ], [ -7.762952, 34.040938 ], [ -7.752122, 34.040629 ], [ -7.741271, 34.039956 ], [ -7.730476, 34.04027 ], [ -7.719694, 34.040844 ], [ -7.708916, 34.041477 ], [ -7.698141, 34.042176 ], [ -7.687369, 34.042931 ], [ -7.6766, 34.043733 ], [ -7.665833, 34.044599 ], [ -7.65507, 34.04552 ], [ -7.644309, 34.04651 ], [ -7.637397, 34.04719 ], [ -7.633554, 34.047586 ], [ -7.622803, 34.048759 ], [ -7.612056, 34.050009 ], [ -7.601407, 34.053075 ], [ -7.590814, 34.057208 ], [ -7.580037, 34.057922 ], [ -7.569253, 34.058521 ], [ -7.558467, 34.059091 ], [ -7.547672, 34.059505 ], [ -7.547118, 34.059572 ], [ -7.53712, 34.064458 ], [ -7.526471, 34.067618 ], [ -7.515732, 34.069109 ], [ -7.504957, 34.069904 ], [ -7.494167, 34.070451 ], [ -7.493516, 34.070549 ], [ -7.483627, 34.075719 ], [ -7.472986, 34.079097 ], [ -7.462234, 34.080393 ], [ -7.451448, 34.08103 ], [ -7.451227, 34.081093 ], [ -7.441015, 34.08843 ], [ -7.4303, 34.09047 ], [ -7.42513, 34.09104 ], [ -7.419596, 34.092722 ], [ -7.409073, 34.098464 ], [ -7.398379, 34.100933 ], [ -7.398205, 34.101011 ], [ -7.387985, 34.109227 ], [ -7.381849, 34.110599 ], [ -7.377338, 34.112655 ], [ -7.366884, 34.119851 ], [ -7.366346, 34.120154 ], [ -7.356348, 34.125483 ], [ -7.346693, 34.129855 ], [ -7.345873, 34.132338 ], [ -7.336032, 34.139235 ], [ -7.335863, 34.148244 ], [ -7.33586, 34.148251 ], [ -7.325518, 34.157612 ], [ -7.325971, 34.166599 ], [ -7.326432, 34.175585 ], [ -7.326428, 34.175589 ], [ -7.316078, 34.184953 ], [ -7.316538, 34.193939 ], [ -7.316533, 34.193963 ], [ -7.307702, 34.203253 ], [ -7.30799, 34.212245 ], [ -7.308385, 34.221234 ], [ -7.308476, 34.230233 ], [ -7.308323, 34.239241 ], [ -7.308494, 34.248238 ], [ -7.308508, 34.249088 ], [ -7.308668, 34.257234 ], [ -7.308237, 34.266252 ], [ -7.305303, 34.275358 ], [ -7.300531, 34.284528 ], [ -7.299814, 34.291222 ], [ -7.299797, 34.293557 ], [ -7.297985, 34.302623 ], [ -7.28988, 34.309157 ], [ -7.28911, 34.311937 ], [ -7.281382, 34.321211 ], [ -7.279757, 34.323455 ], [ -7.272532, 34.330523 ], [ -7.2694, 34.333228 ], [ -7.262136, 34.339889 ], [ -7.258986, 34.341899 ], [ -7.248372, 34.346655 ], [ -7.23937, 34.349683 ], [ -7.237693, 34.350152 ], [ -7.226964, 34.352688 ], [ -7.216091, 34.352345 ], [ -7.205251, 34.35267 ], [ -7.194351, 34.351796 ], [ -7.183491, 34.351715 ], [ -7.182437, 34.351645 ], [ -7.172463, 34.348271 ], [ -7.161419, 34.344459 ], [ -7.150535, 34.343875 ], [ -7.149602, 34.343761 ], [ -7.13951, 34.340432 ], [ -7.128432, 34.335891 ], [ -7.117575, 34.335853 ], [ -7.117541, 34.335842 ], [ -7.10633, 34.327844 ], [ -7.095465, 34.327622 ], [ -7.095343, 34.327584 ], [ -7.084228, 34.319718 ], [ -7.073357, 34.319337 ], [ -7.073298, 34.319317 ], [ -7.06212, 34.311366 ], [ -7.051254, 34.311081 ], [ -7.051166, 34.311049 ], [ -7.040011, 34.302924 ], [ -7.029154, 34.302793 ], [ -7.029109, 34.302774 ], [ -7.017905, 34.294436 ], [ -7.015996, 34.294202 ], [ -7.006806, 34.289186 ], [ -6.995805, 34.285995 ], [ -6.995336, 34.285874 ], [ -6.984607, 34.278611 ], [ -6.973713, 34.277615 ], [ -6.97361, 34.277578 ], [ -6.962483, 34.269478 ], [ -6.951627, 34.269296 ], [ -6.951606, 34.269287 ], [ -6.940386, 34.260842 ], [ -6.93965, 34.260668 ], [ -6.929206, 34.253679 ], [ -6.918302, 34.252402 ], [ -6.918175, 34.252353 ], [ -6.907077, 34.244179 ], [ -6.90093, 34.2439 ], [ -6.896128, 34.241913 ], [ -6.884991, 34.235525 ], [ -6.884634, 34.235414 ], [ -6.873789, 34.227683 ], [ -6.86292, 34.227104 ], [ -6.862905, 34.227097 ], [ -6.851694, 34.218675 ], [ -6.850826, 34.218473 ], [ -6.840529, 34.211531 ], [ -6.829628, 34.210178 ], [ -6.829528, 34.210136 ], [ -6.818411, 34.201818 ], [ -6.816596, 34.201535 ], [ -6.8073, 34.19578 ], [ -6.796347, 34.193213 ], [ -6.796222, 34.193163 ], [ -6.785206, 34.186444 ], [ -6.777457, 34.184739 ], [ -6.774272, 34.184258 ], [ -6.763162, 34.178101 ], [ -6.759287, 34.176293 ], [ -6.752067, 34.172265 ], [ -6.741574, 34.16783 ], [ -6.741025, 34.167578 ], [ -6.729911, 34.161233 ], [ -6.725875, 34.159303 ], [ -6.71882, 34.155392 ], [ -6.708324, 34.15083 ], [ -6.707775, 34.150548 ], [ -6.696665, 34.144184 ], [ -6.692778, 34.142294 ], [ -6.68558, 34.13837 ], [ -6.675514, 34.133808 ], [ -6.674528, 34.133268 ], [ -6.663426, 34.126992 ], [ -6.659929, 34.125269 ], [ -6.652338, 34.12098 ], [ -6.643205, 34.116761 ], [ -6.641283, 34.115729 ], [ -6.630195, 34.109646 ], [ -6.627345, 34.108226 ], [ -6.619108, 34.103572 ], [ -6.610615, 34.099714 ], [ -6.60806, 34.09837 ], [ -6.596988, 34.092576 ], [ -6.594106, 34.091193 ], [ -6.585913, 34.086672 ], [ -6.576825, 34.082693 ], [ -6.574879, 34.081704 ], [ -6.563811, 34.075894 ], [ -6.560099, 34.074173 ], [ -6.552752, 34.070263 ], [ -6.541739, 34.065713 ], [ -6.541711, 34.065699 ], [ -6.530665, 34.059657 ], [ -6.524975, 34.057175 ], [ -6.519629, 34.054479 ], [ -6.50861, 34.049677 ], [ -6.506644, 34.048694 ], [ -6.497555, 34.043975 ], [ -6.488078, 34.040217 ], [ -6.486552, 34.039506 ], [ -6.475508, 34.034005 ], [ -6.469959, 34.031724 ], [ -6.46449, 34.029105 ], [ -6.453481, 34.024409 ], [ -6.450739, 34.02326 ], [ -6.442454, 34.019225 ], [ -6.431471, 34.01511 ], [ -6.430765, 34.014813 ], [ -6.42044, 34.009762 ], [ -6.410991, 34.006357 ], [ -6.409462, 34.005705 ], [ -6.398443, 34.000611 ], [ -6.390939, 33.997906 ], [ -6.387462, 33.996423 ], [ -6.376462, 33.991739 ], [ -6.37009, 33.989473 ], [ -6.365482, 33.987531 ], [ -6.354495, 33.983114 ], [ -6.348531, 33.981056 ], [ -6.343522, 33.979008 ], [ -6.332543, 33.974754 ], [ -6.326235, 33.972655 ], [ -6.321579, 33.97083 ], [ -6.310605, 33.966651 ], [ -6.30302, 33.964274 ], [ -6.299655, 33.963032 ], [ -6.288683, 33.958853 ], [ -6.278588, 33.955921 ], [ -6.27775, 33.955637 ], [ -6.266778, 33.95139 ], [ -6.255847, 33.948207 ], [ -6.253807, 33.947573 ], [ -6.244891, 33.944332 ], [ -6.233957, 33.941004 ], [ -6.2276, 33.939256 ], [ -6.223027, 33.937776 ], [ -6.212087, 33.934237 ], [ -6.201179, 33.931541 ], [ -6.199244, 33.93099 ], [ -6.190246, 33.928176 ], [ -6.179333, 33.925297 ], [ -6.168439, 33.922942 ], [ -6.16783, 33.922796 ], [ -6.157522, 33.91991 ], [ -6.146623, 33.917379 ], [ -6.135741, 33.915288 ], [ -6.132717, 33.914687 ], [ -6.124847, 33.912854 ], [ -6.113957, 33.910522 ], [ -6.103084, 33.908629 ], [ -6.09222, 33.906979 ], [ -6.09073, 33.906742 ], [ -6.081351, 33.905173 ], [ -6.070486, 33.903457 ], [ -6.059624, 33.901844 ], [ -6.048767, 33.900338 ], [ -6.038649, 33.899031 ], [ -6.037914, 33.898936 ], [ -6.027064, 33.897629 ], [ -6.016218, 33.896412 ], [ -6.005376, 33.895314 ], [ -5.99454, 33.894366 ], [ -5.983709, 33.893553 ], [ -5.972881, 33.892839 ], [ -5.962057, 33.892219 ], [ -5.957269, 33.892005 ], [ -5.951236, 33.89169 ], [ -5.940414, 33.891142 ], [ -5.929598, 33.890734 ], [ -5.918785, 33.89043 ], [ -5.907974, 33.890201 ], [ -5.897167, 33.890063 ], [ -5.886362, 33.890004 ], [ -5.87556, 33.890021 ], [ -5.864761, 33.890131 ], [ -5.853964, 33.890317 ], [ -5.843169, 33.890556 ], [ -5.832375, 33.890816 ], [ -5.821582, 33.891132 ], [ -5.810791, 33.891493 ], [ -5.800001, 33.891889 ], [ -5.789211, 33.892309 ], [ -5.778422, 33.892764 ], [ -5.767635, 33.893261 ], [ -5.756848, 33.893788 ], [ -5.746062, 33.89434 ], [ -5.735277, 33.894912 ], [ -5.724492, 33.895498 ], [ -5.713708, 33.896152 ], [ -5.70292, 33.896663 ], [ -5.692122, 33.896861 ], [ -5.681319, 33.8969 ], [ -5.670513, 33.89683 ], [ -5.659704, 33.896707 ], [ -5.648897, 33.896625 ], [ -5.638094, 33.896653 ], [ -5.627296, 33.896868 ], [ -5.616506, 33.897345 ], [ -5.605726, 33.89816 ], [ -5.594959, 33.899392 ] ] } },
{ "type": "Feature", "properties": { "fid": 34, "ID": 33, "Intensidad": 11.0 }, "geometry": { "type": "LineString", "coordinates": [ [ -5.574273, 33.20521 ], [ -5.568038, 33.207014 ], [ -5.563645, 33.208306 ], [ -5.553036, 33.212088 ], [ -5.542442, 33.216426 ], [ -5.542158, 33.216556 ], [ -5.531865, 33.221417 ], [ -5.523067, 33.225954 ], [ -5.521303, 33.226936 ], [ -5.510751, 33.232865 ], [ -5.506751, 33.235294 ], [ -5.500212, 33.239313 ], [ -5.492072, 33.244599 ], [ -5.489688, 33.246305 ], [ -5.479162, 33.253335 ], [ -5.478384, 33.253883 ], [ -5.468645, 33.260736 ], [ -5.46529, 33.263154 ], [ -5.458138, 33.268526 ], [ -5.452739, 33.272412 ], [ -5.447656, 33.277307 ], [ -5.441053, 33.281652 ], [ -5.437195, 33.286889 ], [ -5.426578, 33.290936 ], [ -5.426563, 33.290946 ], [ -5.426581, 33.291049 ], [ -5.432049, 33.299849 ], [ -5.426858, 33.30104 ], [ -5.416225, 33.300158 ], [ -5.416102, 33.300148 ], [ -5.416081, 33.300161 ], [ -5.405556, 33.306866 ], [ -5.401066, 33.309462 ], [ -5.394977, 33.312456 ], [ -5.384409, 33.318485 ], [ -5.383905, 33.318803 ], [ -5.373873, 33.325762 ], [ -5.370079, 33.328078 ], [ -5.363325, 33.332644 ], [ -5.355259, 33.33737 ], [ -5.352761, 33.338996 ], [ -5.342204, 33.345669 ], [ -5.340661, 33.346657 ], [ -5.33166, 33.352908 ], [ -5.327037, 33.355923 ], [ -5.32111, 33.359959 ], [ -5.311999, 33.365215 ], [ -5.310535, 33.366167 ], [ -5.299981, 33.373185 ], [ -5.297921, 33.374486 ], [ -5.28943, 33.380404 ], [ -5.283968, 33.383754 ], [ -5.278867, 33.387248 ], [ -5.269027, 33.393039 ], [ -5.268288, 33.393525 ], [ -5.257737, 33.400912 ], [ -5.25556, 33.402295 ], [ -5.247182, 33.408265 ], [ -5.2419, 33.411553 ], [ -5.2366, 33.414594 ], [ -5.227083, 33.420831 ], [ -5.226038, 33.421781 ], [ -5.215478, 33.429119 ], [ -5.21405, 33.430075 ], [ -5.204927, 33.436889 ], [ -5.201355, 33.439311 ], [ -5.19437, 33.444468 ], [ -5.187753, 33.448563 ], [ -5.183795, 33.451409 ], [ -5.173204, 33.457779 ], [ -5.173135, 33.45783 ], [ -5.162658, 33.466034 ], [ -5.161186, 33.46705 ], [ -5.152105, 33.474096 ], [ -5.148981, 33.476273 ], [ -5.141541, 33.481785 ], [ -5.136092, 33.485506 ], [ -5.13096, 33.488852 ], [ -5.122665, 33.494748 ], [ -5.120386, 33.496272 ], [ -5.110313, 33.503969 ], [ -5.109826, 33.504343 ], [ -5.099269, 33.512616 ], [ -5.098581, 33.513179 ], [ -5.088719, 33.521252 ], [ -5.087429, 33.522379 ], [ -5.078178, 33.530361 ], [ -5.076734, 33.531569 ], [ -5.067619, 33.538846 ], [ -5.065129, 33.540774 ], [ -5.057057, 33.547232 ], [ -5.053788, 33.549973 ], [ -5.046507, 33.55625 ], [ -5.043181, 33.55916 ], [ -5.035962, 33.565532 ], [ -5.032826, 33.568341 ], [ -5.025419, 33.575044 ], [ -5.022729, 33.577517 ], [ -5.01488, 33.584814 ], [ -5.012896, 33.586688 ], [ -5.004345, 33.594863 ], [ -5.003328, 33.595855 ], [ -4.994041, 33.605015 ], [ -4.993816, 33.60524 ], [ -4.985077, 33.61417 ], [ -4.983293, 33.61603 ], [ -4.976403, 33.62332 ], [ -4.972778, 33.627248 ], [ -4.968046, 33.632464 ], [ -4.962272, 33.638988 ], [ -4.960093, 33.641601 ], [ -4.952062, 33.650739 ], [ -4.951773, 33.651189 ], [ -4.945733, 33.65985 ], [ -4.941304, 33.66483 ], [ -4.938176, 33.66898 ], [ -4.930799, 33.677018 ], [ -4.929944, 33.678119 ], [ -4.923287, 33.687234 ], [ -4.920328, 33.690858 ], [ -4.916682, 33.696347 ], [ -4.909846, 33.704364 ], [ -4.909019, 33.705477 ], [ -4.903073, 33.714579 ], [ -4.899393, 33.719301 ], [ -4.896609, 33.72369 ], [ -4.889552, 33.732809 ], [ -4.888924, 33.733716 ], [ -4.88431, 33.7419 ], [ -4.878489, 33.749801 ], [ -4.877721, 33.751011 ], [ -4.872694, 33.760098 ], [ -4.868068, 33.76672 ], [ -4.86656, 33.769202 ], [ -4.861426, 33.77829 ], [ -4.857656, 33.784223 ], [ -4.855938, 33.787384 ], [ -4.850864, 33.796471 ], [ -4.84726, 33.802701 ], [ -4.845819, 33.805557 ], [ -4.840916, 33.814642 ], [ -4.836884, 33.822297 ], [ -4.836175, 33.823723 ], [ -4.831844, 33.832798 ], [ -4.827369, 33.841876 ], [ -4.82654, 33.843582 ], [ -4.8231, 33.85095 ], [ -4.819078, 33.86002 ], [ -4.816226, 33.866562 ], [ -4.815136, 33.869089 ], [ -4.81114, 33.878158 ], [ -4.807685, 33.88722 ], [ -4.805949, 33.891502 ], [ -4.803867, 33.896287 ], [ -4.799431, 33.905362 ], [ -4.795593, 33.912992 ], [ -4.794782, 33.914441 ], [ -4.789085, 33.923535 ], [ -4.785138, 33.929938 ], [ -4.783291, 33.932629 ], [ -4.776736, 33.941735 ], [ -4.77463, 33.944559 ], [ -4.769434, 33.950851 ], [ -4.764089, 33.957717 ], [ -4.762115, 33.959967 ], [ -4.754129, 33.969092 ], [ -4.753521, 33.969739 ], [ -4.744883, 33.978234 ], [ -4.742918, 33.980166 ], [ -4.73513, 33.987383 ], [ -4.7323, 33.99 ], [ -4.724845, 33.996538 ], [ -4.721668, 33.99925 ], [ -4.71386, 34.005703 ], [ -4.711023, 34.007967 ], [ -4.702347, 34.014873 ], [ -4.70037, 34.016406 ], [ -4.690352, 34.02405 ], [ -4.689708, 34.024499 ], [ -4.679025, 34.031611 ], [ -4.676612, 34.033249 ], [ -4.668333, 34.038366 ], [ -4.66218, 34.042455 ], [ -4.657642, 34.045231 ], [ -4.647828, 34.051659 ], [ -4.64695, 34.052174 ], [ -4.636233, 34.057905 ], [ -4.631129, 34.060893 ], [ -4.62552, 34.063876 ], [ -4.615127, 34.070115 ], [ -4.614813, 34.070279 ], [ -4.604077, 34.075209 ], [ -4.596482, 34.07937 ], [ -4.593353, 34.080879 ], [ -4.582616, 34.085926 ], [ -4.577218, 34.08863 ], [ -4.571879, 34.09101 ], [ -4.56114, 34.096052 ], [ -4.557174, 34.097896 ], [ -4.550391, 34.100658 ], [ -4.539646, 34.105527 ], [ -4.535884, 34.107175 ], [ -4.528889, 34.109776 ], [ -4.518136, 34.114336 ], [ -4.513074, 34.11647 ], [ -4.507377, 34.118637 ], [ -4.496613, 34.122697 ], [ -4.489145, 34.125773 ], [ -4.485857, 34.127284 ], [ -4.475089, 34.131248 ], [ -4.464318, 34.135068 ], [ -4.464274, 34.135083 ], [ -4.453544, 34.138801 ], [ -4.442769, 34.142501 ], [ -4.437089, 34.144416 ], [ -4.431991, 34.146117 ], [ -4.42121, 34.14959 ], [ -4.410429, 34.153094 ], [ -4.408321, 34.15376 ], [ -4.399643, 34.156428 ], [ -4.388857, 34.159727 ], [ -4.37807, 34.163053 ], [ -4.377852, 34.163117 ], [ -4.367278, 34.166113 ], [ -4.356486, 34.169223 ], [ -4.345694, 34.172402 ], [ -4.345382, 34.172489 ], [ -4.334896, 34.175252 ], [ -4.324098, 34.17817 ], [ -4.313301, 34.181177 ], [ -4.31066, 34.181875 ], [ -4.3025, 34.183906 ], [ -4.291697, 34.186619 ], [ -4.280894, 34.189428 ], [ -4.273762, 34.191275 ], [ -4.270091, 34.192177 ], [ -4.259282, 34.194639 ], [ -4.248474, 34.197226 ], [ -4.237668, 34.199923 ], [ -4.23443, 34.200689 ], [ -4.226857, 34.202362 ], [ -4.216043, 34.204666 ], [ -4.205231, 34.207115 ], [ -4.19442, 34.209681 ], [ -4.192436, 34.210115 ], [ -4.183603, 34.211943 ], [ -4.172784, 34.214044 ], [ -4.161968, 34.21633 ], [ -4.151152, 34.218731 ], [ -4.147199, 34.219558 ], [ -4.140331, 34.220857 ], [ -4.129508, 34.222841 ], [ -4.118687, 34.224936 ], [ -4.107866, 34.22714 ], [ -4.098878, 34.229012 ], [ -4.097044, 34.229354 ], [ -4.086217, 34.231144 ], [ -4.07539, 34.233029 ], [ -4.064564, 34.235009 ], [ -4.053739, 34.237095 ], [ -4.046445, 34.238482 ], [ -4.042912, 34.239088 ], [ -4.032081, 34.24073 ], [ -4.02125, 34.24247 ], [ -4.010419, 34.2443 ], [ -3.99959, 34.246227 ], [ -3.990094, 34.247962 ], [ -3.98876, 34.248173 ], [ -3.977924, 34.249669 ], [ -3.967089, 34.251236 ], [ -3.956254, 34.252881 ], [ -3.94542, 34.254612 ], [ -3.934586, 34.256434 ], [ -3.928289, 34.257457 ], [ -3.92375, 34.258087 ], [ -3.912911, 34.259467 ], [ -3.902072, 34.26091 ], [ -3.891233, 34.262421 ], [ -3.880394, 34.263984 ], [ -3.869556, 34.265655 ], [ -3.861152, 34.266959 ], [ -3.858718, 34.267278 ], [ -3.847874, 34.26851 ], [ -3.837031, 34.269794 ], [ -3.826188, 34.271108 ], [ -3.815346, 34.27247 ], [ -3.804503, 34.273896 ], [ -3.793661, 34.275427 ], [ -3.786269, 34.276473 ], [ -3.782818, 34.276883 ], [ -3.771972, 34.2781 ], [ -3.761127, 34.279429 ], [ -3.750283, 34.280884 ], [ -3.739439, 34.28248 ], [ -3.728597, 34.284236 ], [ -3.718949, 34.285899 ], [ -3.717754, 34.286072 ], [ -3.706908, 34.287447 ], [ -3.696062, 34.28896 ], [ -3.685217, 34.29063 ], [ -3.674373, 34.292478 ], [ -3.66353, 34.294534 ], [ -3.659492, 34.295245 ], [ -3.652684, 34.29625 ], [ -3.641837, 34.297876 ], [ -3.630991, 34.299684 ], [ -3.620146, 34.301703 ], [ -3.609303, 34.30403 ], [ -3.606329, 34.304531 ], [ -3.598455, 34.305785 ], [ -3.587606, 34.307596 ], [ -3.576759, 34.309627 ], [ -3.565914, 34.311921 ], [ -3.557591, 34.313774 ], [ -3.555067, 34.31425 ], [ -3.544217, 34.316109 ], [ -3.533369, 34.318208 ], [ -3.522521, 34.320593 ], [ -3.512667, 34.322982 ], [ -3.511674, 34.323186 ], [ -3.500823, 34.325161 ], [ -3.489972, 34.327387 ], [ -3.479123, 34.329937 ], [ -3.470291, 34.332164 ], [ -3.468274, 34.332597 ], [ -3.457422, 34.334734 ], [ -3.44657, 34.337175 ], [ -3.43572, 34.339979 ], [ -3.430408, 34.341322 ], [ -3.424867, 34.34252 ], [ -3.414013, 34.344894 ], [ -3.40316, 34.347627 ], [ -3.393204, 34.350459 ], [ -3.392308, 34.350679 ], [ -3.381452, 34.353034 ], [ -3.370597, 34.355752 ], [ -3.359744, 34.358921 ], [ -3.35729, 34.359581 ], [ -3.348887, 34.361521 ], [ -3.33803, 34.364281 ], [ -3.327174, 34.367491 ], [ -3.322979, 34.368688 ], [ -3.316316, 34.370335 ], [ -3.305457, 34.373168 ], [ -3.294599, 34.376484 ], [ -3.290252, 34.377782 ], [ -3.283739, 34.379479 ], [ -3.272878, 34.382441 ], [ -3.262018, 34.385931 ], [ -3.258952, 34.386864 ], [ -3.251156, 34.388932 ], [ -3.240293, 34.392084 ], [ -3.229431, 34.395821 ], [ -3.229056, 34.395935 ], [ -3.218566, 34.398742 ], [ -3.207702, 34.402153 ], [ -3.199438, 34.404999 ], [ -3.196837, 34.405789 ], [ -3.18597, 34.408962 ], [ -3.175104, 34.412711 ], [ -3.171134, 34.414053 ], [ -3.164236, 34.416119 ], [ -3.153367, 34.419632 ], [ -3.143963, 34.4231 ], [ -3.142498, 34.423587 ], [ -3.131627, 34.426922 ], [ -3.120756, 34.43089 ], [ -3.117244, 34.43214 ], [ -3.109884, 34.43448 ], [ -3.099011, 34.438278 ], [ -3.091415, 34.441174 ], [ -3.088137, 34.442296 ], [ -3.077262, 34.445973 ], [ -3.066675, 34.450202 ], [ -3.066386, 34.450306 ], [ -3.055509, 34.453898 ], [ -3.044631, 34.458201 ], [ -3.041964, 34.459224 ], [ -3.033752, 34.462068 ], [ -3.022872, 34.466299 ], [ -3.017983, 34.468242 ], [ -3.011991, 34.470407 ], [ -3.001109, 34.474618 ], [ -2.994715, 34.477255 ], [ -2.990225, 34.479005 ], [ -2.979341, 34.483172 ], [ -2.972025, 34.486263 ], [ -2.968455, 34.487648 ], [ -2.957569, 34.491918 ], [ -2.949833, 34.495268 ], [ -2.946681, 34.496522 ], [ -2.935792, 34.500882 ], [ -2.928163, 34.504269 ], [ -2.924902, 34.505624 ], [ -2.91401, 34.510183 ], [ -2.907045, 34.513266 ], [ -2.903117, 34.514949 ], [ -2.892223, 34.519675 ], [ -2.886358, 34.52226 ], [ -2.881328, 34.52446 ], [ -2.870431, 34.529251 ], [ -2.86593, 34.531251 ], [ -2.859533, 34.534095 ], [ -2.848634, 34.538989 ], [ -2.845876, 34.540239 ], [ -2.837733, 34.543932 ], [ -2.826831, 34.548931 ], [ -2.826197, 34.549224 ], [ -2.815927, 34.553973 ], [ -2.806872, 34.558206 ], [ -2.805022, 34.559072 ], [ -2.794116, 34.564219 ], [ -2.787892, 34.567186 ], [ -2.783208, 34.569423 ], [ -2.772299, 34.574676 ], [ -2.769235, 34.576164 ], [ -2.761388, 34.579982 ], [ -2.750886, 34.585139 ], [ -2.750475, 34.585342 ], [ -2.739561, 34.590742 ], [ -2.732786, 34.594112 ], [ -2.728646, 34.596157 ], [ -2.717728, 34.601667 ], [ -2.714918, 34.603083 ], [ -2.70681, 34.607085 ], [ -2.697437, 34.612053 ], [ -2.695889, 34.612838 ], [ -2.684968, 34.61838 ], [ -2.680029, 34.62102 ], [ -2.674044, 34.62408 ], [ -2.663381, 34.629986 ], [ -2.663117, 34.630126 ], [ -2.652191, 34.635729 ], [ -2.646369, 34.638949 ], [ -2.641262, 34.641661 ], [ -2.63033, 34.647866 ], [ -2.630244, 34.647913 ], [ -2.619398, 34.65363 ], [ -2.61367, 34.656873 ], [ -2.608463, 34.659709 ], [ -2.597949, 34.665833 ], [ -2.597526, 34.666072 ], [ -2.586588, 34.672069 ], [ -2.581881, 34.67479 ], [ -2.575648, 34.678277 ], [ -2.566424, 34.683748 ], [ -2.564705, 34.684736 ], [ -2.553761, 34.691066 ], [ -2.550993, 34.692703 ], [ -2.542815, 34.697389 ], [ -2.535739, 34.701657 ], [ -2.531867, 34.703929 ], [ -2.521015, 34.710611 ], [ -2.520915, 34.710671 ], [ -2.509964, 34.717086 ], [ -2.505937, 34.719562 ], [ -2.49901, 34.723713 ], [ -2.491323, 34.728513 ], [ -2.488053, 34.73051 ], [ -2.477113, 34.737464 ], [ -2.477093, 34.737476 ], [ -2.466133, 34.744154 ], [ -2.46258, 34.746412 ], [ -2.45517, 34.751019 ], [ -2.448428, 34.75536 ], [ -2.444204, 34.75803 ], [ -2.434605, 34.764307 ], [ -2.433236, 34.765187 ], [ -2.422266, 34.772304 ], [ -2.420813, 34.773254 ], [ -2.411294, 34.779362 ], [ -2.407012, 34.782198 ], [ -2.40032, 34.786563 ], [ -2.393499, 34.791143 ], [ -2.389342, 34.793893 ], [ -2.380242, 34.800087 ], [ -2.378362, 34.801348 ], [ -2.367379, 34.808891 ], [ -2.367174, 34.809031 ], [ -2.356395, 34.816269 ], [ -2.353923, 34.817972 ], [ -2.345409, 34.823765 ], [ -2.340894, 34.826913 ], [ -2.334419, 34.831376 ], [ -2.328071, 34.835854 ], [ -2.323427, 34.839096 ], [ -2.315424, 34.844794 ], [ -2.312432, 34.846908 ], [ -2.302945, 34.853734 ], [ -2.301433, 34.854813 ], [ -2.290621, 34.862673 ], [ -2.290433, 34.862809 ], [ -2.27943, 34.870732 ], [ -2.278223, 34.871611 ], [ -2.268425, 34.878718 ], [ -2.265939, 34.880549 ], [ -2.257417, 34.886794 ], [ -2.253799, 34.889485 ], [ -2.246406, 34.894959 ], [ -2.241796, 34.898422 ], [ -2.235392, 34.903214 ], [ -2.229907, 34.907358 ], [ -2.224375, 34.911529 ], [ -2.218121, 34.916293 ], [ -2.213355, 34.919921 ], [ -2.206467, 34.925228 ], [ -2.202332, 34.928418 ], [ -2.194978, 34.934163 ], [ -2.191305, 34.937045 ], [ -2.183653, 34.943099 ], [ -2.180275, 34.945786 ], [ -2.17248, 34.952034 ], [ -2.169242, 34.954644 ], [ -2.16145, 34.960968 ], [ -2.158204, 34.963619 ], [ -2.150553, 34.969903 ], [ -2.147163, 34.97271 ], [ -2.139784, 34.978838 ], [ -2.136119, 34.981916 ], [ -2.129158, 34.987773 ], [ -2.125071, 34.99125 ], [ -2.118667, 34.996708 ], [ -2.114018, 35.000714 ], [ -2.108301, 35.005642 ], [ -2.102962, 35.010312 ], [ -2.098073, 35.014577 ], [ -2.091902, 35.020057 ], [ -2.087996, 35.023512 ], [ -2.080837, 35.029959 ], [ -2.078061, 35.032448 ], [ -2.069767, 35.040021 ], [ -2.068266, 35.041383 ], [ -2.058693, 35.050266 ], [ -2.058636, 35.050319 ], [ -2.048878, 35.059254 ], [ -2.047617, 35.060433 ], [ -2.03926, 35.068188 ], [ -2.036536, 35.070775 ], [ -2.029791, 35.077123 ], [ -2.02545, 35.081312 ], [ -2.020464, 35.086058 ], [ -2.014358, 35.09206 ], [ -2.011329, 35.094994 ], [ -2.003261, 35.103067 ], [ -2.002384, 35.103931 ], [ -1.993336, 35.112867 ], [ -1.992161, 35.11404 ], [ -1.984288, 35.121801 ], [ -1.981056, 35.125104 ], [ -1.975435, 35.130737 ], [ -1.969945, 35.13646 ], [ -1.9668, 35.139674 ], [ -1.958827, 35.148156 ], [ -1.95839, 35.148612 ], [ -1.949706, 35.157547 ], [ -1.947708, 35.159664 ], [ -1.941135, 35.166483 ], [ -1.936582, 35.17144 ], [ -1.93283, 35.17542 ], [ -1.925447, 35.18366 ], [ -1.924804, 35.184359 ], [ -1.916473, 35.193295 ], [ -1.914311, 35.195687 ], [ -1.90824, 35.202231 ], [ -1.903168, 35.208033 ], [ -1.900333, 35.211169 ], [ -1.892579, 35.220109 ], [ -1.892016, 35.22075 ], [ -1.884503, 35.229044 ], [ -1.880863, 35.233304 ], [ -1.8769, 35.237984 ], [ -1.869697, 35.246513 ], [ -1.86932, 35.246923 ], [ -1.861441, 35.255859 ], [ -1.858533, 35.259367 ], [ -1.853851, 35.264797 ], [ -1.847355, 35.272923 ], [ -1.846674, 35.273739 ], [ -1.839218, 35.282678 ], [ -1.836174, 35.286407 ], [ -1.831648, 35.291615 ], [ -1.824984, 35.300284 ], [ -1.824763, 35.300558 ], [ -1.817246, 35.309494 ], [ -1.813793, 35.313951 ], [ -1.810152, 35.318434 ], [ -1.803337, 35.327377 ], [ -1.802588, 35.328334 ], [ -1.796039, 35.336314 ], [ -1.79138, 35.342614 ], [ -1.789312, 35.345256 ], [ -1.782408, 35.354197 ], [ -1.780163, 35.357215 ], [ -1.775514, 35.363137 ], [ -1.769157, 35.372082 ], [ -1.768934, 35.372378 ], [ -1.762089, 35.381019 ], [ -1.757705, 35.387268 ], [ -1.755686, 35.389963 ], [ -1.74905, 35.398904 ], [ -1.746465, 35.402578 ], [ -1.742517, 35.407846 ], [ -1.736318, 35.41679 ], [ -1.735213, 35.418351 ], [ -1.729645, 35.42573 ], [ -1.723952, 35.43446 ], [ -1.723799, 35.434678 ], [ -1.717101, 35.443616 ], [ -1.712688, 35.450402 ], [ -1.711175, 35.452562 ], [ -1.704818, 35.461504 ], [ -1.701414, 35.466733 ], [ -1.698802, 35.470448 ], [ -1.692727, 35.479392 ], [ -1.690129, 35.483445 ], [ -1.686728, 35.488336 ], [ -1.680878, 35.497282 ], [ -1.678834, 35.500497 ], [ -1.674888, 35.506226 ], [ -1.669225, 35.515173 ], [ -1.667529, 35.51786 ], [ -1.663237, 35.524116 ], [ -1.657722, 35.533064 ], [ -1.656214, 35.53551 ], [ -1.651837, 35.542007 ], [ -1.646422, 35.550956 ], [ -1.644888, 35.553484 ], [ -1.640636, 35.5599 ], [ -1.635391, 35.56885 ], [ -1.633552, 35.571755 ], [ -1.62961, 35.577793 ], [ -1.62429, 35.586742 ], [ -1.622205, 35.590367 ], [ -1.618826, 35.595688 ], [ -1.613494, 35.604636 ], [ -1.610846, 35.609372 ], [ -1.608429, 35.613587 ], [ -1.602842, 35.622531 ], [ -1.599474, 35.628828 ], [ -1.597887, 35.631483 ], [ -1.592401, 35.640428 ], [ -1.588085, 35.648886 ], [ -1.587801, 35.649383 ], [ -1.582171, 35.658326 ], [ -1.577531, 35.66728 ], [ -1.576693, 35.668802 ], [ -1.572132, 35.676225 ], [ -1.56734, 35.685177 ], [ -1.565287, 35.689145 ], [ -1.562389, 35.694127 ], [ -1.557392, 35.703076 ], [ -1.55386, 35.710348 ], [ -1.552937, 35.712032 ], [ -1.547677, 35.720977 ], [ -1.543313, 35.729933 ], [ -1.542425, 35.731664 ], [ -1.538238, 35.73888 ], [ -1.533628, 35.747833 ], [ -1.530975, 35.753431 ], [ -1.529167, 35.756787 ], [ -1.524237, 35.765736 ], [ -1.520133, 35.774694 ], [ -1.519505, 35.775951 ], [ -1.515147, 35.783641 ], [ -1.510732, 35.792595 ], [ -1.508025, 35.79862 ], [ -1.506514, 35.801552 ], [ -1.501697, 35.8105 ], [ -1.497683, 35.819459 ], [ -1.496526, 35.821935 ], [ -1.493159, 35.828411 ], [ -1.488659, 35.837363 ], [ -1.485002, 35.846215 ], [ -1.48495, 35.846325 ], [ -1.48008, 35.855272 ], [ -1.476, 35.864229 ], [ -1.473476, 35.870254 ], [ -1.472055, 35.873187 ], [ -1.467487, 35.882138 ], [ -1.463644, 35.891097 ], [ -1.461925, 35.895166 ], [ -1.459523, 35.900053 ], [ -1.455197, 35.909006 ], [ -1.451553, 35.917967 ], [ -1.450352, 35.920822 ], [ -1.447374, 35.926922 ], [ -1.443232, 35.935876 ], [ -1.439763, 35.94484 ], [ -1.438758, 35.947157 ], [ -1.435533, 35.953793 ], [ -1.43151, 35.962749 ], [ -1.428093, 35.971713 ], [ -1.427145, 35.974062 ], [ -1.42403, 35.980668 ], [ -1.420077, 35.989624 ], [ -1.416718, 35.998588 ], [ -1.415509, 36.001674 ], [ -1.412815, 36.007545 ], [ -1.408883, 36.016501 ], [ -1.405528, 36.025464 ], [ -1.40385, 36.030034 ], [ -1.401948, 36.034425 ], [ -1.39798, 36.04338 ], [ -1.394602, 36.052343 ], [ -1.392161, 36.059437 ], [ -1.391399, 36.061308 ], [ -1.387355, 36.070262 ], [ -1.383902, 36.079224 ], [ -1.380918, 36.088192 ], [ -1.38045, 36.089453 ], [ -1.377077, 36.097148 ], [ -1.373505, 36.106107 ], [ -1.37043, 36.115074 ], [ -1.368715, 36.120155 ], [ -1.367162, 36.124037 ], [ -1.363422, 36.132994 ], [ -1.360199, 36.141958 ], [ -1.357391, 36.150928 ], [ -1.356943, 36.152202 ], [ -1.353743, 36.159886 ], [ -1.350323, 36.168846 ], [ -1.347359, 36.177813 ], [ -1.345143, 36.185092 ], [ -1.344528, 36.186782 ], [ -1.340849, 36.195739 ], [ -1.337661, 36.204703 ], [ -1.334873, 36.213672 ], [ -1.333316, 36.218775 ], [ -1.331906, 36.222639 ], [ -1.328426, 36.231598 ], [ -1.325405, 36.240563 ], [ -1.322773, 36.249534 ], [ -1.321449, 36.253835 ], [ -1.319759, 36.2585 ], [ -1.31642, 36.267461 ], [ -1.313494, 36.276427 ], [ -1.310909, 36.285398 ], [ -1.309544, 36.290132 ], [ -1.30808, 36.294366 ], [ -1.304809, 36.303328 ], [ -1.301948, 36.312295 ], [ -1.299396, 36.321266 ], [ -1.297593, 36.327974 ], [ -1.296862, 36.330238 ], [ -1.293606, 36.339199 ], [ -1.290736, 36.348165 ], [ -1.288186, 36.357137 ], [ -1.285906, 36.366111 ], [ -1.285599, 36.367232 ], [ -1.282994, 36.375077 ], [ -1.279926, 36.384041 ], [ -1.277332, 36.393011 ], [ -1.274999, 36.401985 ], [ -1.273568, 36.407604 ], [ -1.272542, 36.410957 ], [ -1.269536, 36.419921 ], [ -1.266861, 36.428889 ], [ -1.264463, 36.437862 ], [ -1.262293, 36.446838 ], [ -1.261478, 36.449976 ], [ -1.259666, 36.455807 ], [ -1.256862, 36.464773 ], [ -1.254338, 36.473744 ], [ -1.252055, 36.482718 ], [ -1.24998, 36.491695 ], [ -1.249332, 36.49427 ], [ -1.247405, 36.500664 ], [ -1.244736, 36.509633 ], [ -1.242305, 36.518604 ], [ -1.24008, 36.527579 ], [ -1.23804, 36.536556 ], [ -1.237127, 36.540444 ], [ -1.235702, 36.545528 ], [ -1.233073, 36.554497 ], [ -1.2307, 36.563469 ], [ -1.228556, 36.572444 ], [ -1.226613, 36.581423 ], [ -1.224824, 36.590236 ], [ -1.224784, 36.590403 ], [ -1.222275, 36.599372 ], [ -1.219956, 36.608345 ], [ -1.217836, 36.61732 ], [ -1.215894, 36.626298 ], [ -1.214113, 36.635279 ], [ -1.212474, 36.644261 ], [ -1.212399, 36.644596 ], [ -1.210222, 36.653235 ], [ -1.208106, 36.66221 ], [ -1.206152, 36.671188 ], [ -1.204348, 36.680167 ], [ -1.202681, 36.689149 ], [ -1.201142, 36.698133 ], [ -1.199774, 36.70669 ], [ -1.199693, 36.707118 ], [ -1.197723, 36.716095 ], [ -1.195891, 36.725075 ], [ -1.194187, 36.734056 ], [ -1.192605, 36.743039 ], [ -1.191138, 36.752023 ], [ -1.18978, 36.76101 ], [ -1.188523, 36.769997 ], [ -1.187316, 36.778986 ], [ -1.186795, 36.782842 ], [ -1.18598, 36.787972 ], [ -1.184473, 36.796956 ], [ -1.183073, 36.805942 ], [ -1.181777, 36.814929 ], [ -1.180581, 36.823917 ], [ -1.179488, 36.832907 ], [ -1.178448, 36.841898 ], [ -1.177476, 36.85089 ], [ -1.176576, 36.859883 ], [ -1.175747, 36.868877 ], [ -1.174991, 36.877872 ], [ -1.174295, 36.886868 ], [ -1.173633, 36.895865 ], [ -1.173026, 36.904862 ], [ -1.17248, 36.913861 ], [ -1.17248, 36.913862 ], [ -1.171907, 36.922858 ], [ -1.171347, 36.931856 ], [ -1.170891, 36.940856 ], [ -1.170511, 36.949857 ], [ -1.170201, 36.958859 ], [ -1.169965, 36.967862 ], [ -1.169809, 36.976866 ], [ -1.16974, 36.985871 ], [ -1.169784, 36.994879 ], [ -1.169915, 37.003887 ], [ -1.170067, 37.012896 ], [ -1.170089, 37.013797 ], [ -1.17022, 37.021905 ], [ -1.170452, 37.030915 ], [ -1.170767, 37.039927 ], [ -1.171143, 37.048939 ], [ -1.171618, 37.057953 ], [ -1.172202, 37.066968 ], [ -1.172908, 37.075986 ], [ -1.173782, 37.085005 ], [ -1.174736, 37.094027 ], [ -1.175878, 37.103051 ], [ -1.177205, 37.112077 ], [ -1.178707, 37.121107 ], [ -1.17875, 37.121379 ], [ -1.17988, 37.130131 ], [ -1.18119, 37.139158 ], [ -1.182712, 37.148188 ], [ -1.184484, 37.157221 ], [ -1.186551, 37.166259 ], [ -1.188729, 37.174615 ], [ -1.188881, 37.175301 ], [ -1.190725, 37.184336 ], [ -1.192879, 37.193375 ], [ -1.19541, 37.20242 ], [ -1.198401, 37.211472 ], [ -1.19906, 37.213527 ], [ -1.200998, 37.220518 ], [ -1.203795, 37.229566 ], [ -1.20712, 37.238623 ], [ -1.209584, 37.244744 ], [ -1.210628, 37.247682 ], [ -1.213964, 37.256739 ], [ -1.217859, 37.265804 ], [ -1.220234, 37.270979 ], [ -1.221855, 37.27487 ], [ -1.225924, 37.283938 ], [ -1.230894, 37.293018 ], [ -1.230984, 37.293198 ], [ -1.235331, 37.302091 ], [ -1.240563, 37.311175 ], [ -1.241798, 37.312956 ], [ -1.246218, 37.320265 ], [ -1.251716, 37.329353 ], [ -1.252662, 37.3308 ], [ -1.257606, 37.338446 ], [ -1.263575, 37.346706 ], [ -1.264166, 37.347549 ], [ -1.270911, 37.356654 ], [ -1.274527, 37.361152 ], [ -1.278132, 37.365765 ], [ -1.285509, 37.374424 ], [ -1.285907, 37.374884 ], [ -1.294145, 37.38401 ], [ -1.296522, 37.38648 ], [ -1.303168, 37.393146 ], [ -1.307568, 37.397258 ], [ -1.313085, 37.402294 ], [ -1.318639, 37.407056 ], [ -1.323566, 37.411449 ], [ -1.329715, 37.41675 ], [ -1.334494, 37.42061 ], [ -1.340824, 37.425048 ], [ -1.346833, 37.429789 ], [ -1.351932, 37.433545 ], [ -1.359343, 37.43897 ], [ -1.363058, 37.441304 ], [ -1.37289, 37.448163 ], [ -1.374191, 37.448862 ], [ -1.385356, 37.454994 ], [ -1.389331, 37.457395 ], [ -1.39653, 37.46082 ], [ -1.405899, 37.466626 ], [ -1.407688, 37.467496 ], [ -1.41889, 37.472181 ], [ -1.426098, 37.475903 ], [ -1.430081, 37.477436 ], [ -1.441298, 37.481535 ], [ -1.448681, 37.485208 ], [ -1.452497, 37.48654 ], [ -1.463731, 37.489934 ], [ -1.473922, 37.494543 ], [ -1.474935, 37.494831 ], [ -1.486193, 37.497148 ], [ -1.497432, 37.500468 ], [ -1.507055, 37.503973 ], [ -1.50866, 37.504357 ], [ -1.519932, 37.506067 ], [ -1.531194, 37.50833 ], [ -1.542443, 37.511278 ], [ -1.550811, 37.513524 ], [ -1.553699, 37.513961 ], [ -1.564983, 37.515168 ], [ -1.576266, 37.516491 ], [ -1.587547, 37.517929 ], [ -1.598828, 37.519368 ], [ -1.610107, 37.520969 ], [ -1.621386, 37.522591 ], [ -1.628775, 37.523461 ], [ -1.632674, 37.523734 ], [ -1.643974, 37.524224 ], [ -1.655276, 37.524652 ], [ -1.66658, 37.524967 ], [ -1.677885, 37.525199 ], [ -1.689189, 37.525511 ], [ -1.700497, 37.525614 ], [ -1.711807, 37.525584 ], [ -1.723119, 37.52546 ], [ -1.73443, 37.525317 ], [ -1.745744, 37.525093 ], [ -1.751639, 37.524824 ], [ -1.757064, 37.524465 ], [ -1.768389, 37.523527 ], [ -1.779713, 37.522607 ], [ -1.791027, 37.522325 ], [ -1.802348, 37.521555 ], [ -1.813675, 37.520456 ], [ -1.825002, 37.519278 ], [ -1.836329, 37.518087 ], [ -1.847656, 37.516887 ], [ -1.848369, 37.516801 ], [ -1.858982, 37.515721 ], [ -1.870312, 37.514272 ], [ -1.881645, 37.512645 ], [ -1.892977, 37.510984 ], [ -1.904304, 37.509629 ], [ -1.912261, 37.5084 ], [ -1.915635, 37.50804 ], [ -1.926956, 37.50703 ], [ -1.938279, 37.505894 ], [ -1.949603, 37.504712 ], [ -1.96092, 37.503978 ], [ -1.97225, 37.502255 ], [ -1.982879, 37.500022 ], [ -1.983587, 37.499939 ], [ -1.994903, 37.499259 ], [ -2.006221, 37.498325 ], [ -2.017518, 37.49895 ], [ -2.028833, 37.498235 ], [ -2.040152, 37.497238 ], [ -2.051489, 37.494718 ], [ -2.062779, 37.495977 ], [ -2.074103, 37.494456 ], [ -2.085438, 37.491997 ], [ -2.087035, 37.491866 ], [ -2.096747, 37.491687 ], [ -2.107921, 37.492026 ], [ -2.108048, 37.49203 ], [ -2.10827, 37.492029 ], [ -2.119353, 37.491961 ], [ -2.130659, 37.491882 ], [ -2.141962, 37.492049 ], [ -2.153265, 37.492216 ], [ -2.164571, 37.492167 ], [ -2.175875, 37.49221 ], [ -2.187194, 37.490956 ], [ -2.198483, 37.49242 ], [ -2.209787, 37.492523 ], [ -2.22109, 37.492738 ], [ -2.232395, 37.492702 ], [ -2.243699, 37.492854 ], [ -2.255002, 37.493045 ], [ -2.25501, 37.493045 ], [ -2.266264, 37.497438 ], [ -2.277547, 37.4998 ], [ -2.288846, 37.500546 ], [ -2.30014, 37.501889 ], [ -2.311442, 37.502315 ], [ -2.312286, 37.502399 ], [ -2.322732, 37.504197 ], [ -2.333984, 37.510341 ], [ -2.345285, 37.511192 ], [ -2.347038, 37.511603 ], [ -2.356547, 37.516491 ], [ -2.367824, 37.520219 ], [ -2.369176, 37.520731 ], [ -2.379081, 37.526616 ], [ -2.389248, 37.529843 ], [ -2.390361, 37.530256 ], [ -2.401607, 37.538434 ], [ -2.402188, 37.538916 ], [ -2.411614, 37.54797 ], [ -2.41283, 37.549749 ], [ -2.417864, 37.557008 ], [ -2.424021, 37.565768 ], [ -2.424183, 37.566046 ], [ -2.427554, 37.575069 ], [ -2.429061, 37.584084 ], [ -2.432127, 37.593105 ], [ -2.430551, 37.602104 ], [ -2.430868, 37.611113 ], [ -2.427638, 37.620104 ], [ -2.425664, 37.629101 ], [ -2.424002, 37.6381 ], [ -2.42366, 37.647105 ], [ -2.423386, 37.647959 ], [ -2.416402, 37.656076 ], [ -2.413159, 37.665067 ], [ -2.412199, 37.674068 ], [ -2.411846, 37.674815 ], [ -2.403091, 37.683029 ], [ -2.40083, 37.692025 ], [ -2.400365, 37.693164 ], [ -2.392381, 37.700988 ], [ -2.389282, 37.709979 ], [ -2.388885, 37.710859 ], [ -2.380755, 37.718941 ], [ -2.379123, 37.727939 ], [ -2.377383, 37.730372 ], [ -2.367771, 37.736885 ], [ -2.366162, 37.745883 ], [ -2.365907, 37.746219 ], [ -2.354987, 37.754829 ], [ -2.354479, 37.755859 ], [ -2.346457, 37.763788 ], [ -2.343257, 37.772777 ], [ -2.342982, 37.77313 ], [ -2.332267, 37.781722 ], [ -2.331545, 37.783006 ], [ -2.323906, 37.790681 ], [ -2.32028, 37.799666 ], [ -2.320041, 37.799939 ], [ -2.310872, 37.808618 ], [ -2.308583, 37.811313 ], [ -2.301778, 37.817571 ], [ -2.29711, 37.823939 ], [ -2.294469, 37.826534 ], [ -2.286332, 37.835491 ], [ -2.285636, 37.836205 ], [ -2.276374, 37.844437 ], [ -2.274175, 37.846776 ], [ -2.266816, 37.853384 ], [ -2.262705, 37.857963 ], [ -2.257951, 37.862335 ], [ -2.251218, 37.870361 ], [ -2.250249, 37.871292 ], [ -2.240527, 37.880236 ], [ -2.239747, 37.880976 ], [ -2.230067, 37.889175 ], [ -2.228279, 37.890889 ], [ -2.219783, 37.898113 ], [ -2.216806, 37.901041 ], [ -2.209955, 37.907054 ], [ -2.205326, 37.911484 ], [ -2.200024, 37.915993 ], [ -2.193843, 37.921957 ], [ -2.190407, 37.924934 ], [ -2.182349, 37.933111 ], [ -2.181618, 37.933879 ], [ -2.171483, 37.942814 ], [ -2.170862, 37.943379 ], [ -2.160903, 37.951745 ], [ -2.159377, 37.95315 ], [ -2.150596, 37.960678 ], [ -2.147881, 37.963566 ], [ -2.141276, 37.969616 ], [ -2.136381, 37.974053 ], [ -2.131299, 37.978549 ], [ -2.124874, 37.98489 ], [ -2.121995, 37.987486 ], [ -2.113356, 37.996348 ], [ -2.113296, 37.996427 ], [ -2.10312, 38.005356 ], [ -2.10185, 38.006559 ], [ -2.093066, 38.014285 ], [ -2.090339, 38.0169 ], [ -2.083308, 38.023215 ], [ -2.078818, 38.027725 ], [ -2.074206, 38.03215 ], [ -2.067285, 38.039252 ], [ -2.065337, 38.041085 ], [ -2.056213, 38.050018 ], [ -2.055753, 38.050458 ], [ -2.046414, 38.058945 ], [ -2.044224, 38.061157 ], [ -2.037158, 38.067876 ], [ -2.032684, 38.07234 ], [ -2.027972, 38.076806 ], [ -2.021139, 38.083744 ], [ -2.019086, 38.085738 ], [ -2.01026, 38.09467 ], [ -2.009587, 38.095361 ], [ -2.000988, 38.103597 ], [ -1.998037, 38.106558 ], [ -1.991883, 38.112525 ], [ -1.986479, 38.118047 ], [ -1.983111, 38.121455 ], [ -1.97491, 38.130109 ], [ -1.974637, 38.130388 ], [ -1.965701, 38.139315 ], [ -1.963343, 38.141719 ], [ -1.956879, 38.148243 ], [ -1.951768, 38.15364 ], [ -1.948401, 38.157173 ], [ -1.940188, 38.165694 ], [ -1.939796, 38.166101 ], [ -1.931223, 38.175029 ], [ -1.928603, 38.177772 ], [ -1.922746, 38.183957 ], [ -1.91701, 38.19013 ], [ -1.914428, 38.192886 ], [ -1.90597, 38.201813 ], [ -1.905414, 38.202406 ], [ -1.897737, 38.210742 ], [ -1.893807, 38.215184 ], [ -1.889838, 38.219673 ], [ -1.882199, 38.227749 ], [ -1.881427, 38.228599 ], [ -1.873515, 38.237529 ], [ -1.870579, 38.240846 ], [ -1.865736, 38.246459 ], [ -1.858957, 38.253764 ], [ -1.857535, 38.255385 ], [ -1.849759, 38.264315 ], [ -1.847324, 38.267141 ], [ -1.842289, 38.273247 ], [ -1.835687, 38.280495 ], [ -1.834265, 38.282173 ], [ -1.826769, 38.291104 ], [ -1.824038, 38.294336 ], [ -1.819475, 38.300036 ], [ -1.812388, 38.307933 ], [ -1.81154, 38.308961 ], [ -1.804561, 38.317895 ], [ -1.800717, 38.322561 ], [ -1.797386, 38.326827 ], [ -1.789564, 38.335752 ], [ -1.789055, 38.336387 ], [ -1.783162, 38.344691 ], [ -1.777365, 38.351552 ], [ -1.775791, 38.35362 ], [ -1.7691, 38.362555 ], [ -1.76567, 38.366778 ], [ -1.76235, 38.371489 ], [ -1.754975, 38.380417 ], [ -1.753974, 38.381745 ], [ -1.749031, 38.389358 ], [ -1.742259, 38.397503 ], [ -1.741634, 38.398285 ], [ -1.73609, 38.40723 ], [ -1.730523, 38.414199 ], [ -1.729189, 38.416161 ], [ -1.723412, 38.425103 ], [ -1.718775, 38.431219 ], [ -1.716904, 38.434037 ], [ -1.711151, 38.442979 ], [ -1.707016, 38.448598 ], [ -1.704972, 38.451916 ], [ -1.699503, 38.46086 ], [ -1.695236, 38.466787 ], [ -1.693473, 38.469798 ], [ -1.688231, 38.478745 ], [ -1.68344, 38.485514 ], [ -1.682194, 38.487682 ], [ -1.677515, 38.496634 ], [ -1.671625, 38.504992 ], [ -1.671291, 38.505569 ], [ -1.667235, 38.514528 ], [ -1.661589, 38.523468 ], [ -1.65976, 38.526735 ], [ -1.657181, 38.532423 ], [ -1.652708, 38.541376 ], [ -1.647875, 38.549214 ], [ -1.647332, 38.550319 ], [ -1.643906, 38.559285 ], [ -1.639107, 38.568234 ], [ -1.635931, 38.574371 ], [ -1.634818, 38.577189 ], [ -1.631621, 38.586156 ], [ -1.627641, 38.595114 ], [ -1.623922, 38.602501 ], [ -1.623328, 38.604068 ], [ -1.620676, 38.613042 ], [ -1.617616, 38.622011 ], [ -1.613949, 38.630972 ], [ -1.611789, 38.63657 ], [ -1.610835, 38.63994 ], [ -1.608793, 38.64892 ], [ -1.606385, 38.657896 ], [ -1.603975, 38.666872 ], [ -1.601364, 38.675846 ], [ -1.5994, 38.683161 ], [ -1.599069, 38.684823 ], [ -1.597876, 38.693813 ], [ -1.596722, 38.702804 ], [ -1.595578, 38.711795 ], [ -1.594803, 38.72079 ], [ -1.5942, 38.729788 ], [ -1.593845, 38.738788 ], [ -1.593781, 38.747792 ], [ -1.593343, 38.756791 ], [ -1.593209, 38.765794 ], [ -1.593596, 38.774803 ], [ -1.594296, 38.783816 ], [ -1.595173, 38.792831 ], [ -1.596264, 38.801849 ], [ -1.596978, 38.807001 ], [ -1.597532, 38.810869 ], [ -1.599006, 38.819891 ], [ -1.600652, 38.828915 ], [ -1.602475, 38.837941 ], [ -1.604454, 38.846969 ], [ -1.606608, 38.856 ], [ -1.607467, 38.859353 ], [ -1.608953, 38.865032 ], [ -1.611461, 38.874066 ], [ -1.614118, 38.883102 ], [ -1.61696, 38.89214 ], [ -1.618274, 38.8961 ], [ -1.620107, 38.901182 ], [ -1.623405, 38.910225 ], [ -1.626577, 38.919267 ], [ -1.629208, 38.926728 ], [ -1.629822, 38.928309 ], [ -1.633589, 38.937358 ], [ -1.637275, 38.946405 ], [ -1.640221, 38.95373 ], [ -1.640969, 38.955453 ], [ -1.645185, 38.964506 ], [ -1.649156, 38.973556 ], [ -1.65129, 38.978208 ], [ -1.653413, 38.98261 ], [ -1.657879, 38.991666 ], [ -1.662255, 39.00072 ], [ -1.662398, 39.000998 ], [ -1.667013, 39.009779 ], [ -1.671721, 39.018837 ], [ -1.673543, 39.022212 ], [ -1.676638, 39.027897 ], [ -1.681695, 39.036958 ], [ -1.684714, 39.042342 ], [ -1.686806, 39.04602 ], [ -1.692079, 39.055084 ], [ -1.695909, 39.061476 ], [ -1.697502, 39.064149 ], [ -1.702987, 39.073214 ], [ -1.707126, 39.079801 ], [ -1.708668, 39.082281 ], [ -1.714298, 39.091348 ], [ -1.718358, 39.097525 ], [ -1.720219, 39.100417 ], [ -1.726095, 39.109485 ], [ -1.729607, 39.114651 ], [ -1.732193, 39.118556 ], [ -1.7384, 39.127627 ], [ -1.740872, 39.131206 ], [ -1.744589, 39.136698 ], [ -1.751151, 39.145773 ], [ -1.752153, 39.147146 ], [ -1.757516, 39.154845 ], [ -1.763443, 39.162818 ], [ -1.764245, 39.163921 ], [ -1.770759, 39.172994 ], [ -1.774743, 39.178225 ], [ -1.777567, 39.18207 ], [ -1.7846, 39.191147 ], [ -1.786058, 39.193025 ], [ -1.79139, 39.200222 ], [ -1.797381, 39.207636 ], [ -1.798675, 39.209301 ], [ -1.805746, 39.218378 ], [ -1.808713, 39.222011 ], [ -1.812954, 39.227456 ], [ -1.820058, 39.235847 ], [ -1.82062, 39.236538 ], [ -1.827838, 39.245615 ], [ -1.831405, 39.249845 ], [ -1.835333, 39.254694 ], [ -1.842768, 39.263148 ], [ -1.843299, 39.263777 ], [ -1.850776, 39.272855 ], [ -1.854131, 39.276706 ], [ -1.858507, 39.281935 ], [ -1.865508, 39.289669 ], [ -1.86668, 39.291019 ], [ -1.874582, 39.3001 ], [ -1.876889, 39.30268 ], [ -1.882469, 39.30918 ], [ -1.888277, 39.315454 ], [ -1.89077, 39.318263 ], [ -1.899314, 39.327348 ], [ -1.899677, 39.327745 ], [ -1.907277, 39.336427 ], [ -1.911074, 39.340461 ], [ -1.915633, 39.345509 ], [ -1.922484, 39.352608 ], [ -1.924328, 39.354594 ], [ -1.933064, 39.363678 ], [ -1.933901, 39.364557 ], [ -1.941404, 39.372758 ], [ -1.945318, 39.376775 ], [ -1.950076, 39.381841 ], [ -1.956745, 39.388545 ], [ -1.959033, 39.390925 ], [ -1.968182, 39.39995 ], [ -1.968241, 39.400011 ], [ -1.976906, 39.409091 ], [ -1.979615, 39.411831 ], [ -1.985761, 39.418173 ], [ -1.991057, 39.423366 ], [ -1.994901, 39.427256 ], [ -2.002508, 39.434591 ], [ -2.004272, 39.43634 ], [ -2.013771, 39.445425 ], [ -2.013965, 39.445614 ], [ -2.022794, 39.454505 ], [ -2.02542, 39.457028 ], [ -2.032054, 39.463586 ], [ -2.036882, 39.468183 ], [ -2.041475, 39.472668 ], [ -2.048351, 39.479114 ], [ -2.051106, 39.481751 ], [ -2.059827, 39.489743 ], [ -2.061005, 39.490835 ], [ -2.07106, 39.49992 ], [ -2.07131, 39.500147 ], [ -2.08091, 39.509002 ], [ -2.082796, 39.510592 ], [ -2.09118, 39.518086 ], [ -2.094287, 39.520938 ], [ -2.101362, 39.527169 ], [ -2.105785, 39.530967 ], [ -2.111907, 39.536254 ], [ -2.117289, 39.540794 ], [ -2.122672, 39.545339 ], [ -2.128798, 39.550433 ], [ -2.133609, 39.554425 ], [ -2.140313, 39.559904 ], [ -2.144735, 39.563511 ], [ -2.151833, 39.569223 ], [ -2.156062, 39.572598 ], [ -2.163358, 39.578384 ], [ -2.167555, 39.581684 ], [ -2.174887, 39.587403 ], [ -2.179253, 39.590771 ], [ -2.186421, 39.596283 ], [ -2.191137, 39.599858 ], [ -2.19796, 39.605024 ], [ -2.203219, 39.608945 ], [ -2.209503, 39.613623 ], [ -2.215534, 39.618033 ], [ -2.22105, 39.622089 ], [ -2.228059, 39.62712 ], [ -2.232602, 39.630399 ], [ -2.240842, 39.636208 ], [ -2.244158, 39.638558 ], [ -2.253912, 39.645297 ], [ -2.255719, 39.646562 ], [ -2.26726, 39.654385 ], [ -2.267284, 39.654401 ], [ -2.27885, 39.662397 ], [ -2.280517, 39.663472 ], [ -2.290421, 39.67018 ], [ -2.293919, 39.672558 ], [ -2.301994, 39.677957 ], [ -2.307721, 39.681644 ], [ -2.313573, 39.685479 ], [ -2.321921, 39.690732 ], [ -2.325156, 39.692817 ], [ -2.336571, 39.69982 ], [ -2.336743, 39.699928 ], [ -2.348331, 39.707343 ], [ -2.350876, 39.708904 ], [ -2.359922, 39.714591 ], [ -2.36562, 39.717989 ], [ -2.371517, 39.721614 ], [ -2.380918, 39.727075 ], [ -2.383117, 39.728392 ], [ -2.394719, 39.735222 ], [ -2.396335, 39.73616 ], [ -2.406322, 39.742158 ], [ -2.411785, 39.745243 ], [ -2.41793, 39.748834 ], [ -2.427976, 39.754327 ], [ -2.429543, 39.755216 ], [ -2.441155, 39.761817 ], [ -2.444067, 39.763409 ], [ -2.452771, 39.768362 ], [ -2.460568, 39.772491 ], [ -2.464391, 39.774595 ], [ -2.476014, 39.780752 ], [ -2.477562, 39.781572 ], [ -2.487637, 39.787145 ], [ -2.494503, 39.79065 ], [ -2.499265, 39.79319 ], [ -2.510896, 39.79907 ], [ -2.512184, 39.799729 ], [ -2.522526, 39.805266 ], [ -2.529769, 39.808805 ], [ -2.534162, 39.811064 ], [ -2.5458, 39.816801 ], [ -2.548001, 39.817881 ], [ -2.557438, 39.82273 ], [ -2.566487, 39.826955 ], [ -2.569082, 39.828239 ], [ -2.580725, 39.833956 ], [ -2.585165, 39.836027 ], [ -2.592372, 39.83957 ], [ -2.604022, 39.844795 ], [ -2.604677, 39.845099 ], [ -2.615672, 39.850506 ], [ -2.624002, 39.854166 ], [ -2.627326, 39.855715 ], [ -2.638981, 39.861096 ], [ -2.643854, 39.863232 ], [ -2.650638, 39.866394 ], [ -2.662299, 39.871403 ], [ -2.664355, 39.872297 ], [ -2.673959, 39.876733 ], [ -2.685365, 39.881359 ], [ -2.685625, 39.881472 ], [ -2.697289, 39.886817 ], [ -2.706271, 39.890417 ], [ -2.708957, 39.891573 ], [ -2.720626, 39.89664 ], [ -2.727762, 39.899473 ], [ -2.732298, 39.901399 ], [ -2.74397, 39.906255 ], [ -2.749792, 39.908526 ], [ -2.755646, 39.910984 ], [ -2.767322, 39.915659 ], [ -2.772306, 39.917576 ], [ -2.779001, 39.920337 ], [ -2.790681, 39.924879 ], [ -2.79532, 39.926622 ], [ -2.802363, 39.929479 ], [ -2.814047, 39.933914 ], [ -2.818801, 39.935665 ], [ -2.825732, 39.938411 ], [ -2.837419, 39.942721 ], [ -2.842912, 39.944703 ], [ -2.849107, 39.947144 ], [ -2.860797, 39.951461 ], [ -2.867346, 39.953737 ], [ -2.872489, 39.955668 ], [ -2.884182, 39.959969 ], [ -2.892525, 39.962766 ], [ -2.895877, 39.96399 ], [ -2.907573, 39.9683 ], [ -2.918414, 39.971791 ], [ -2.919271, 39.97209 ], [ -2.93097, 39.97644 ], [ -2.94267, 39.980178 ], [ -2.944515, 39.980809 ], [ -2.954372, 39.984374 ], [ -2.966075, 39.988191 ], [ -2.971188, 39.989822 ], [ -2.97778, 39.992099 ], [ -2.989486, 39.996001 ], [ -2.998868, 39.998829 ], [ -3.001193, 39.999594 ], [ -3.012901, 40.003592 ], [ -3.024611, 40.007094 ], [ -3.026986, 40.007829 ], [ -3.036322, 40.010959 ], [ -3.048034, 40.014573 ], [ -3.055787, 40.016822 ], [ -3.059748, 40.018074 ], [ -3.071463, 40.021826 ], [ -3.083178, 40.025138 ], [ -3.08545, 40.025807 ], [ -3.094895, 40.028832 ], [ -3.106613, 40.032276 ], [ -3.115827, 40.034784 ], [ -3.118332, 40.035528 ], [ -3.130053, 40.039154 ], [ -3.141774, 40.042374 ], [ -3.146846, 40.043752 ], [ -3.153497, 40.045729 ], [ -3.165221, 40.049119 ], [ -3.176945, 40.052164 ], [ -3.178956, 40.05271 ], [ -3.188671, 40.05557 ], [ -3.200398, 40.05878 ], [ -3.212042, 40.061657 ], [ -3.212125, 40.061679 ], [ -3.223854, 40.065083 ], [ -3.235584, 40.068153 ], [ -3.245659, 40.070594 ], [ -3.247313, 40.07103 ], [ -3.259046, 40.074249 ], [ -3.270778, 40.077254 ], [ -3.280366, 40.079518 ], [ -3.282511, 40.080069 ], [ -3.294246, 40.083231 ], [ -3.305981, 40.086104 ], [ -3.316168, 40.088429 ], [ -3.317716, 40.088814 ], [ -3.329454, 40.091887 ], [ -3.341191, 40.094697 ], [ -3.352929, 40.097279 ], [ -3.353125, 40.097325 ], [ -3.364669, 40.100279 ], [ -3.376409, 40.103046 ], [ -3.388149, 40.105585 ], [ -3.390915, 40.106207 ], [ -3.399891, 40.108391 ], [ -3.411634, 40.111128 ], [ -3.423377, 40.113655 ], [ -3.430054, 40.115071 ], [ -3.43512, 40.116236 ], [ -3.446866, 40.118952 ], [ -3.458611, 40.121479 ], [ -3.470356, 40.123833 ], [ -3.470744, 40.123916 ], [ -3.482104, 40.126524 ], [ -3.493851, 40.129036 ], [ -3.505598, 40.13135 ], [ -3.512743, 40.132741 ], [ -3.517346, 40.133704 ], [ -3.529096, 40.136197 ], [ -3.540846, 40.13852 ], [ -3.552595, 40.140692 ], [ -3.557138, 40.141539 ], [ -3.564346, 40.142983 ], [ -3.576098, 40.145302 ], [ -3.587849, 40.147479 ], [ -3.5996, 40.149526 ], [ -3.604033, 40.150306 ], [ -3.611353, 40.151686 ], [ -3.623106, 40.153861 ], [ -3.63486, 40.155915 ], [ -3.646612, 40.157857 ], [ -3.653901, 40.159038 ], [ -3.658366, 40.159812 ], [ -3.670122, 40.161884 ], [ -3.681876, 40.163825 ], [ -3.693631, 40.165674 ], [ -3.705385, 40.16743 ], [ -3.707318, 40.167727 ], [ -3.717142, 40.169338 ], [ -3.728898, 40.171204 ], [ -3.740654, 40.172934 ], [ -3.75241, 40.17464 ], [ -3.764166, 40.176243 ], [ -3.76502, 40.176363 ], [ -3.775924, 40.178 ], [ -3.787682, 40.179697 ], [ -3.799439, 40.181309 ], [ -3.811196, 40.182835 ], [ -3.822953, 40.184305 ], [ -3.827977, 40.184933 ], [ -3.834711, 40.185825 ], [ -3.846469, 40.187376 ], [ -3.858228, 40.188853 ], [ -3.869986, 40.190251 ], [ -3.881743, 40.191599 ], [ -3.893501, 40.192891 ], [ -3.898237, 40.193412 ], [ -3.905259, 40.194227 ], [ -3.917018, 40.195582 ], [ -3.928776, 40.196802 ], [ -3.940535, 40.198091 ], [ -3.952293, 40.199275 ], [ -3.964051, 40.200409 ], [ -3.975809, 40.201497 ], [ -3.978656, 40.201762 ], [ -3.987567, 40.202637 ], [ -3.999326, 40.203752 ], [ -4.011085, 40.204825 ], [ -4.022843, 40.205853 ], [ -4.034601, 40.206837 ], [ -4.046358, 40.207779 ], [ -4.058115, 40.208672 ], [ -4.069872, 40.209539 ], [ -4.074993, 40.20991 ], [ -4.081629, 40.210414 ], [ -4.093387, 40.211291 ], [ -4.105144, 40.212128 ], [ -4.116901, 40.212925 ], [ -4.128658, 40.213673 ], [ -4.140414, 40.214396 ], [ -4.15217, 40.215085 ], [ -4.163926, 40.215739 ], [ -4.175681, 40.21636 ], [ -4.187436, 40.216944 ], [ -4.19919, 40.217505 ], [ -4.202505, 40.217658 ], [ -4.210945, 40.218065 ], [ -4.222699, 40.218607 ], [ -4.234454, 40.219118 ], [ -4.246207, 40.219587 ], [ -4.25796, 40.220031 ], [ -4.269713, 40.220445 ], [ -4.281466, 40.22083 ], [ -4.293218, 40.221185 ], [ -4.304969, 40.221509 ], [ -4.31672, 40.221792 ], [ -4.328471, 40.22206 ], [ -4.340221, 40.2223 ], [ -4.351971, 40.222513 ], [ -4.36372, 40.222696 ], [ -4.375468, 40.222851 ], [ -4.387216, 40.222972 ], [ -4.398964, 40.223074 ], [ -4.410711, 40.22315 ], [ -4.422458, 40.223198 ], [ -4.434204, 40.223218 ], [ -4.445949, 40.223209 ], [ -4.457694, 40.223177 ], [ -4.469438, 40.223118 ], [ -4.481182, 40.223034 ], [ -4.492925, 40.222922 ], [ -4.504667, 40.222785 ], [ -4.516409, 40.222617 ], [ -4.52815, 40.222427 ], [ -4.53989, 40.222211 ], [ -4.55163, 40.221968 ], [ -4.563369, 40.221699 ], [ -4.575107, 40.221401 ], [ -4.586845, 40.221078 ], [ -4.598582, 40.220731 ], [ -4.610318, 40.220358 ], [ -4.622053, 40.219958 ], [ -4.633788, 40.219533 ], [ -4.645521, 40.219074 ], [ -4.657254, 40.218596 ], [ -4.668987, 40.218094 ], [ -4.680718, 40.217566 ], [ -4.692449, 40.217012 ], [ -4.704178, 40.216431 ], [ -4.715907, 40.215818 ], [ -4.727635, 40.215188 ], [ -4.739362, 40.214534 ], [ -4.751088, 40.213854 ], [ -4.762814, 40.213148 ], [ -4.774538, 40.212416 ], [ -4.786261, 40.211653 ], [ -4.797984, 40.210873 ], [ -4.809706, 40.210069 ], [ -4.815377, 40.209667 ], [ -4.821426, 40.209237 ], [ -4.833146, 40.208379 ], [ -4.844865, 40.2075 ], [ -4.856582, 40.206594 ], [ -4.868299, 40.205664 ], [ -4.880015, 40.204709 ], [ -4.891729, 40.203731 ], [ -4.903443, 40.202729 ], [ -4.915155, 40.201698 ], [ -4.926867, 40.200648 ], [ -4.938578, 40.199576 ], [ -4.950287, 40.19848 ], [ -4.950407, 40.198468 ], [ -4.961995, 40.197352 ], [ -4.973703, 40.1962 ], [ -4.985408, 40.195021 ], [ -4.997113, 40.193824 ], [ -5.008817, 40.192605 ], [ -5.02052, 40.191364 ], [ -5.032222, 40.190101 ], [ -5.043922, 40.188815 ], [ -5.054143, 40.187671 ], [ -5.055622, 40.187505 ], [ -5.06732, 40.186158 ], [ -5.079016, 40.184791 ], [ -5.090712, 40.183404 ], [ -5.102406, 40.181996 ], [ -5.1141, 40.180567 ], [ -5.125792, 40.17912 ], [ -5.137483, 40.177652 ], [ -5.141973, 40.177077 ], [ -5.149173, 40.176148 ], [ -5.160861, 40.174617 ], [ -5.172548, 40.173067 ], [ -5.184233, 40.171497 ], [ -5.195918, 40.169902 ], [ -5.207601, 40.168296 ], [ -5.219283, 40.166671 ], [ -5.219715, 40.16661 ], [ -5.230963, 40.164999 ], [ -5.242642, 40.163307 ], [ -5.25432, 40.161601 ], [ -5.265997, 40.159867 ], [ -5.277672, 40.158127 ], [ -5.289346, 40.156371 ], [ -5.290239, 40.156234 ], [ -5.301018, 40.154561 ], [ -5.312689, 40.152733 ], [ -5.324359, 40.150903 ], [ -5.336027, 40.149027 ], [ -5.347694, 40.147159 ], [ -5.35528, 40.145927 ], [ -5.35936, 40.145257 ], [ -5.371023, 40.143312 ], [ -5.382685, 40.141354 ], [ -5.394346, 40.139387 ], [ -5.406007, 40.137412 ], [ -5.416134, 40.135671 ], [ -5.417665, 40.135406 ], [ -5.429321, 40.133354 ], [ -5.440976, 40.131288 ], [ -5.45263, 40.129209 ], [ -5.464282, 40.127115 ], [ -5.473395, 40.12546 ], [ -5.475933, 40.124996 ], [ -5.487582, 40.122836 ], [ -5.499229, 40.120663 ], [ -5.510875, 40.118478 ], [ -5.52252, 40.116282 ], [ -5.527747, 40.115284 ], [ -5.534163, 40.114052 ], [ -5.545804, 40.111776 ], [ -5.557443, 40.109491 ], [ -5.569081, 40.107196 ], [ -5.579454, 40.105142 ], [ -5.580718, 40.104889 ], [ -5.592352, 40.102535 ], [ -5.603986, 40.100188 ], [ -5.615619, 40.097844 ], [ -5.627252, 40.095512 ], [ -5.629738, 40.095009 ], [ -5.638882, 40.093136 ], [ -5.650511, 40.090751 ], [ -5.66214, 40.08837 ], [ -5.673767, 40.085993 ], [ -5.679195, 40.084873 ], [ -5.685393, 40.083585 ], [ -5.697017, 40.081158 ], [ -5.70864, 40.078738 ], [ -5.720263, 40.076316 ], [ -5.727794, 40.074737 ], [ -5.731884, 40.073875 ], [ -5.743503, 40.071416 ], [ -5.755122, 40.068947 ], [ -5.766739, 40.06647 ], [ -5.775455, 40.064603 ], [ -5.778354, 40.063981 ], [ -5.789968, 40.061478 ], [ -5.801581, 40.058963 ], [ -5.813193, 40.056437 ], [ -5.822178, 40.054472 ], [ -5.824803, 40.053898 ], [ -5.836412, 40.051348 ], [ -5.848019, 40.048787 ], [ -5.859625, 40.046216 ], [ -5.868035, 40.044344 ], [ -5.87123, 40.043631 ], [ -5.882833, 40.041023 ], [ -5.894434, 40.0384 ], [ -5.906034, 40.035783 ], [ -5.912954, 40.034221 ], [ -5.917633, 40.03315 ], [ -5.929229, 40.030466 ], [ -5.940826, 40.027827 ], [ -5.952421, 40.025149 ], [ -5.956984, 40.024104 ], [ -5.964013, 40.022447 ], [ -5.975603, 40.01971 ], [ -5.987193, 40.01701 ], [ -5.998785, 40.014345 ], [ -6.000302, 40.013988 ], [ -6.01037, 40.011557 ], [ -6.021955, 40.008795 ], [ -6.03354, 40.00606 ], [ -6.042731, 40.00388 ], [ -6.045123, 40.003305 ], [ -6.056704, 40.000499 ], [ -6.068283, 39.997695 ], [ -6.07986, 39.994872 ], [ -6.084322, 39.993779 ], [ -6.091436, 39.992029 ], [ -6.10301, 39.989171 ], [ -6.114583, 39.986302 ], [ -6.125088, 39.983685 ], [ -6.126154, 39.983418 ], [ -6.137721, 39.980487 ], [ -6.149288, 39.977547 ], [ -6.160854, 39.974637 ], [ -6.164931, 39.973602 ], [ -6.172416, 39.97165 ], [ -6.183976, 39.968623 ], [ -6.195538, 39.965679 ], [ -6.20405, 39.963525 ], [ -6.207098, 39.962725 ], [ -6.218651, 39.959628 ], [ -6.230206, 39.956604 ], [ -6.241764, 39.953649 ], [ -6.242498, 39.953454 ], [ -6.25331, 39.95048 ], [ -6.264858, 39.947377 ], [ -6.276409, 39.944352 ], [ -6.279973, 39.943398 ], [ -6.287952, 39.941182 ], [ -6.299496, 39.938047 ], [ -6.311038, 39.934899 ], [ -6.316757, 39.93335 ], [ -6.322577, 39.931714 ], [ -6.334111, 39.928455 ], [ -6.345649, 39.925282 ], [ -6.352822, 39.923311 ], [ -6.357183, 39.922067 ], [ -6.368711, 39.918733 ], [ -6.380241, 39.915491 ], [ -6.388136, 39.913283 ], [ -6.39177, 39.912228 ], [ -6.403291, 39.908823 ], [ -6.414815, 39.905521 ], [ -6.422706, 39.903266 ], [ -6.426337, 39.902191 ], [ -6.437851, 39.898726 ], [ -6.449369, 39.895354 ], [ -6.456549, 39.893261 ], [ -6.460883, 39.891949 ], [ -6.472391, 39.888428 ], [ -6.483902, 39.884993 ], [ -6.489644, 39.883268 ], [ -6.495408, 39.88148 ], [ -6.506909, 39.8779 ], [ -6.518414, 39.874421 ], [ -6.522088, 39.873286 ], [ -6.529911, 39.870801 ], [ -6.541406, 39.867173 ], [ -6.552903, 39.863618 ], [ -6.553856, 39.863315 ], [ -6.56439, 39.859876 ], [ -6.575879, 39.856196 ], [ -6.584796, 39.853361 ], [ -6.587366, 39.852522 ], [ -6.598845, 39.848708 ], [ -6.610328, 39.844992 ], [ -6.615111, 39.843419 ], [ -6.621805, 39.84117 ], [ -6.633278, 39.837317 ], [ -6.644753, 39.833515 ], [ -6.644834, 39.833488 ], [ -6.656218, 39.829572 ], [ -6.667684, 39.825656 ], [ -6.673738, 39.823575 ], [ -6.679146, 39.821688 ], [ -6.690605, 39.817675 ], [ -6.702063, 39.813684 ], [ -6.702096, 39.813672 ], [ -6.713513, 39.809575 ], [ -6.724963, 39.805487 ], [ -6.729675, 39.803788 ], [ -6.736408, 39.80133 ], [ -6.747852, 39.797184 ], [ -6.756729, 39.793914 ], [ -6.759291, 39.792965 ], [ -6.770726, 39.788703 ], [ -6.782158, 39.784408 ], [ -6.783105, 39.784056 ], [ -6.793587, 39.780104 ], [ -6.805011, 39.775704 ], [ -6.808845, 39.774212 ], [ -6.816431, 39.77128 ], [ -6.827849, 39.76684 ], [ -6.834003, 39.764383 ], [ -6.83926, 39.762312 ], [ -6.850669, 39.757762 ], [ -6.858463, 39.754571 ], [ -6.862071, 39.753113 ], [ -6.873473, 39.748489 ], [ -6.882316, 39.744775 ], [ -6.884865, 39.743719 ], [ -6.896257, 39.73899 ], [ -6.905608, 39.734993 ], [ -6.907641, 39.734134 ], [ -6.919027, 39.729345 ], [ -6.928266, 39.725227 ], [ -6.930397, 39.724302 ], [ -6.941776, 39.719444 ], [ -6.950435, 39.715474 ], [ -6.953136, 39.714277 ], [ -6.964501, 39.709235 ], [ -6.972005, 39.705737 ], [ -6.975854, 39.704 ], [ -6.987206, 39.698786 ], [ -6.992937, 39.696019 ], [ -6.998548, 39.693434 ], [ -7.009882, 39.687982 ], [ -7.013276, 39.686317 ], [ -7.02122, 39.682619 ], [ -7.032526, 39.676737 ], [ -7.032716, 39.676643 ], [ -7.043863, 39.671408 ], [ -7.052269, 39.666961 ], [ -7.055164, 39.665507 ], [ -7.06647, 39.659714 ], [ -7.071062, 39.657303 ], [ -7.077773, 39.653918 ], [ -7.088714, 39.647683 ], [ -7.089039, 39.647508 ], [ -7.100338, 39.641702 ], [ -7.106864, 39.638042 ], [ -7.11161, 39.635484 ], [ -7.122848, 39.628701 ], [ -7.12329, 39.62846 ], [ -7.134132, 39.622739 ], [ -7.140462, 39.618848 ], [ -7.14537, 39.61605 ], [ -7.156588, 39.609272 ], [ -7.156601, 39.609266 ], [ -7.168097, 39.606948 ], [ -7.177435, 39.599524 ], [ -7.179241, 39.59877 ], [ -7.19024, 39.590063 ], [ -7.190346, 39.590006 ], [ -7.201903, 39.588763 ], [ -7.212762, 39.580248 ], [ -7.213013, 39.580143 ], [ -7.224486, 39.577561 ], [ -7.234804, 39.570446 ], [ -7.235668, 39.570199 ], [ -7.247022, 39.565695 ], [ -7.25563, 39.560684 ], [ -7.258313, 39.5602 ], [ -7.269433, 39.55193 ], [ -7.277125, 39.550895 ], [ -7.280962, 39.550352 ], [ -7.29236, 39.546667 ], [ -7.30164, 39.540989 ], [ -7.303611, 39.540628 ], [ -7.315117, 39.538726 ], [ -7.325739, 39.531094 ], [ -7.326257, 39.530952 ], [ -7.337698, 39.528044 ], [ -7.349217, 39.526392 ], [ -7.359518, 39.520831 ], [ -7.360479, 39.520651 ], [ -7.372037, 39.519656 ], [ -7.383542, 39.517825 ], [ -7.394859, 39.51303 ], [ -7.404127, 39.510147 ], [ -7.40628, 39.509904 ], [ -7.417858, 39.509261 ], [ -7.429421, 39.508386 ], [ -7.440975, 39.507382 ], [ -7.452414, 39.50458 ], [ -7.464105, 39.505727 ], [ -7.475689, 39.505211 ], [ -7.48732, 39.505423 ], [ -7.498941, 39.505476 ], [ -7.510576, 39.505747 ], [ -7.512836, 39.50597 ], [ -7.522285, 39.507154 ], [ -7.534024, 39.509018 ], [ -7.545847, 39.512151 ], [ -7.550174, 39.51351 ], [ -7.55772, 39.516031 ], [ -7.569602, 39.520045 ], [ -7.573822, 39.521579 ], [ -7.581555, 39.525101 ], [ -7.593475, 39.529632 ], [ -7.593793, 39.529788 ], [ -7.605634, 39.537755 ], [ -7.606584, 39.538279 ], [ -7.617797, 39.545895 ], [ -7.61915, 39.546778 ], [ -7.629993, 39.554485 ], [ -7.631039, 39.555302 ], [ -7.64222, 39.563491 ], [ -7.642611, 39.563838 ], [ -7.654432, 39.572215 ], [ -7.654583, 39.572356 ], [ -7.658438, 39.5812 ], [ -7.667169, 39.588719 ], [ -7.667888, 39.589818 ], [ -7.679436, 39.598148 ], [ -7.679604, 39.598344 ], [ -7.681387, 39.60727 ], [ -7.692253, 39.615655 ], [ -7.69237, 39.615824 ], [ -7.694153, 39.62475 ], [ -7.705078, 39.633184 ], [ -7.705154, 39.633302 ], [ -7.706432, 39.642248 ], [ -7.710458, 39.651083 ], [ -7.718448, 39.658611 ], [ -7.718812, 39.659741 ], [ -7.720094, 39.668687 ], [ -7.727561, 39.67738 ], [ -7.731898, 39.685049 ], [ -7.732075, 39.686194 ], [ -7.733058, 39.695152 ], [ -7.738799, 39.703915 ], [ -7.745363, 39.711542 ], [ -7.745571, 39.712636 ], [ -7.748372, 39.721519 ], [ -7.758264, 39.730111 ], [ -7.758298, 39.730165 ], [ -7.764176, 39.738866 ], [ -7.770846, 39.74759 ], [ -7.771188, 39.748051 ], [ -7.776179, 39.756368 ], [ -7.783006, 39.765084 ], [ -7.784124, 39.766485 ], [ -7.789204, 39.773825 ], [ -7.7965, 39.782521 ], [ -7.796936, 39.783037 ], [ -7.803107, 39.791245 ], [ -7.80969, 39.79866 ], [ -7.810779, 39.799924 ], [ -7.818242, 39.808612 ], [ -7.822364, 39.813055 ], [ -7.826126, 39.817281 ], [ -7.834688, 39.825921 ], [ -7.834956, 39.826188 ], [ -7.84308, 39.834568 ], [ -7.84752, 39.838871 ], [ -7.852044, 39.843191 ], [ -7.86003, 39.850718 ], [ -7.861206, 39.851804 ], [ -7.870748, 39.8604 ], [ -7.8725, 39.861942 ], [ -7.880624, 39.868982 ], [ -7.884933, 39.872572 ], [ -7.89104, 39.877539 ], [ -7.897333, 39.882692 ], [ -7.901635, 39.886088 ], [ -7.909708, 39.892414 ], [ -7.912631, 39.89462 ], [ -7.922058, 39.901724 ], [ -7.924011, 39.903133 ], [ -7.93438, 39.910615 ], [ -7.935817, 39.911628 ], [ -7.946681, 39.919146 ], [ -7.948121, 39.920099 ], [ -7.958954, 39.927266 ], [ -7.960818, 39.928553 ], [ -7.971216, 39.935179 ], [ -7.974277, 39.936972 ], [ -7.98344, 39.942535 ], [ -7.988142, 39.945372 ], [ -7.995657, 39.949771 ], [ -8.00244, 39.953752 ], [ -8.007863, 39.956803 ], [ -8.017137, 39.962112 ], [ -8.020062, 39.963715 ], [ -8.03206, 39.970461 ], [ -8.03226, 39.970568 ], [ -8.044399, 39.976591 ], [ -8.048567, 39.978739 ], [ -8.056536, 39.982563 ], [ -8.065212, 39.987008 ], [ -8.068686, 39.988684 ], [ -8.080827, 39.994643 ], [ -8.082095, 39.995264 ], [ -8.092927, 40.000033 ], [ -8.100518, 40.003449 ], [ -8.105027, 40.005398 ], [ -8.117135, 40.01084 ], [ -8.118992, 40.01163 ], [ -8.12923, 40.016076 ], [ -8.138206, 40.019774 ], [ -8.141306, 40.021047 ], [ -8.153371, 40.025842 ], [ -8.158589, 40.027863 ], [ -8.165425, 40.030469 ], [ -8.177479, 40.035072 ], [ -8.179825, 40.03591 ], [ -8.189516, 40.039427 ], [ -8.201551, 40.043748 ], [ -8.20202, 40.043909 ], [ -8.213574, 40.047883 ], [ -8.225256, 40.051858 ], [ -8.225595, 40.051971 ], [ -8.237603, 40.055883 ], [ -8.249601, 40.059751 ], [ -8.24961, 40.059754 ], [ -8.261603, 40.063432 ], [ -8.273598, 40.067113 ], [ -8.275187, 40.067582 ], [ -8.28558, 40.070606 ], [ -8.29756, 40.074072 ], [ -8.302112, 40.075346 ], [ -8.309532, 40.077413 ], [ -8.321499, 40.080664 ], [ -8.330324, 40.083044 ], [ -8.333463, 40.08388 ], [ -8.345415, 40.086916 ], [ -8.357371, 40.089992 ], [ -8.360084, 40.090663 ], [ -8.369313, 40.092885 ], [ -8.381253, 40.095733 ], [ -8.391494, 40.098197 ], [ -8.393195, 40.098592 ], [ -8.40512, 40.101229 ], [ -8.417048, 40.103888 ], [ -8.424893, 40.105629 ], [ -8.428972, 40.106498 ], [ -8.440883, 40.108922 ], [ -8.452799, 40.111402 ], [ -8.460329, 40.112955 ], [ -8.464711, 40.113813 ], [ -8.476609, 40.116053 ], [ -8.48851, 40.118319 ], [ -8.498086, 40.12016 ], [ -8.500412, 40.120582 ], [ -8.512299, 40.122653 ], [ -8.52419, 40.124758 ], [ -8.536093, 40.127004 ], [ -8.537582, 40.127268 ], [ -8.547975, 40.128992 ], [ -8.559858, 40.130981 ], [ -8.571752, 40.133091 ], [ -8.578568, 40.134291 ], [ -8.583641, 40.135136 ], [ -8.595512, 40.136956 ], [ -8.607395, 40.13891 ], [ -8.619289, 40.140986 ], [ -8.620862, 40.141235 ], [ -8.631156, 40.142735 ], [ -8.643027, 40.144514 ], [ -8.654907, 40.146406 ], [ -8.665091, 40.148068 ], [ -8.66679, 40.148321 ], [ -8.678647, 40.149918 ], [ -8.690512, 40.151607 ], [ -8.702386, 40.153392 ], [ -8.711491, 40.154777 ], [ -8.714259, 40.155155 ], [ -8.726108, 40.156641 ], [ -8.737964, 40.158184 ], [ -8.749828, 40.159832 ], [ -8.760268, 40.161348 ], [ -8.761697, 40.16153 ], [ -8.773535, 40.162849 ], [ -8.785379, 40.164243 ], [ -8.797234, 40.165746 ], [ -8.809095, 40.167326 ], [ -8.812431, 40.167727 ], [ -8.820931, 40.168602 ], [ -8.832762, 40.169823 ], [ -8.844598, 40.171085 ], [ -8.856443, 40.172459 ], [ -8.868015, 40.173909 ], [ -8.868298, 40.173938 ], [ -8.88011, 40.174914 ], [ -8.891927, 40.175954 ], [ -8.903755, 40.177099 ], [ -8.915592, 40.178359 ], [ -8.92743, 40.179614 ], [ -8.929175, 40.179777 ], [ -8.939249, 40.180654 ], [ -8.951065, 40.181658 ], [ -8.962878, 40.182617 ], [ -8.974688, 40.183541 ], [ -8.986495, 40.18443 ], [ -8.997607, 40.185234 ], [ -8.998299, 40.185284 ], [ -9.0101, 40.186093 ], [ -9.021897, 40.186866 ], [ -9.033692, 40.187604 ], [ -9.045483, 40.188303 ], [ -9.057272, 40.188966 ], [ -9.069057, 40.189592 ], [ -9.077831, 40.190029 ], [ -9.080839, 40.190177 ], [ -9.092617, 40.190719 ], [ -9.104391, 40.191222 ], [ -9.116163, 40.191686 ], [ -9.127931, 40.19211 ], [ -9.139695, 40.192494 ], [ -9.151456, 40.192838 ], [ -9.163213, 40.193144 ], [ -9.174967, 40.193406 ], [ -9.181284, 40.193525 ], [ -9.186716, 40.193624 ], [ -9.198462, 40.193798 ], [ -9.210197, 40.193864 ], [ -9.221917, 40.193757 ], [ -9.233631, 40.193587 ], [ -9.245365, 40.193639 ], [ -9.257111, 40.193811 ], [ -9.268852, 40.193945 ], [ -9.28057, 40.193816 ], [ -9.292283, 40.19364 ], [ -9.303992, 40.19342 ], [ -9.315696, 40.193154 ], [ -9.327396, 40.192841 ], [ -9.339091, 40.192483 ], [ -9.350782, 40.192077 ], [ -9.362466, 40.1916 ], [ -9.374138, 40.190995 ], [ -9.385806, 40.190357 ], [ -9.397475, 40.189722 ], [ -9.409141, 40.189066 ], [ -9.420802, 40.188358 ], [ -9.432455, 40.187566 ], [ -9.444103, 40.186728 ], [ -9.455744, 40.185821 ], [ -9.467379, 40.184851 ], [ -9.479009, 40.183838 ], [ -9.490633, 40.182763 ], [ -9.502252, 40.181646 ], [ -9.513864, 40.180458 ], [ -9.525474, 40.179244 ], [ -9.537081, 40.17801 ], [ -9.548686, 40.176761 ], [ -9.560287, 40.175483 ], [ -9.571878, 40.174093 ], [ -9.583462, 40.17264 ], [ -9.595039, 40.171128 ], [ -9.600977, 40.170259 ], [ -9.606581, 40.169257 ], [ -9.618073, 40.166877 ], [ -9.629572, 40.164581 ], [ -9.641072, 40.162307 ], [ -9.652575, 40.160073 ], [ -9.66409, 40.157964 ], [ -9.666049, 40.157521 ], [ -9.675514, 40.154935 ], [ -9.686935, 40.151895 ], [ -9.69838, 40.149098 ], [ -9.709843, 40.146499 ], [ -9.712397, 40.145839 ], [ -9.72122, 40.14304 ], [ -9.732594, 40.139564 ], [ -9.744012, 40.136548 ], [ -9.750712, 40.134609 ], [ -9.755384, 40.133071 ], [ -9.766702, 40.12907 ], [ -9.778071, 40.125595 ], [ -9.784358, 40.123641 ], [ -9.789407, 40.121798 ], [ -9.800692, 40.117504 ], [ -9.81204, 40.113846 ], [ -9.814827, 40.112851 ], [ -9.823299, 40.109326 ], [ -9.834584, 40.105071 ], [ -9.84276, 40.102204 ], [ -9.845879, 40.100934 ], [ -9.857097, 40.096045 ], [ -9.868392, 40.091945 ], [ -9.869118, 40.091645 ], [ -9.879574, 40.086727 ], [ -9.890823, 40.082201 ], [ -9.893172, 40.081217 ], [ -9.902002, 40.07699 ], [ -9.913219, 40.072174 ], [ -9.916231, 40.070844 ], [ -9.92438, 40.066818 ], [ -9.935572, 40.061786 ], [ -9.938245, 40.060529 ], [ -9.946702, 40.056169 ], [ -9.95788, 40.051029 ], [ -9.959464, 40.050258 ], [ -9.968982, 40.045173 ], [ -9.979895, 40.040031 ], [ -9.980143, 40.039904 ], [ -9.991215, 40.033786 ], [ -9.999017, 40.029881 ], [ -10.002328, 40.02809 ], [ -10.013403, 40.022046 ], [ -10.017806, 40.019747 ], [ -10.024473, 40.015965 ], [ -10.035562, 40.010084 ], [ -10.036372, 40.009624 ], [ -10.046577, 40.003519 ], [ -10.053841, 39.999565 ], [ -10.057632, 39.997346 ], [ -10.068662, 39.990964 ], [ -10.071208, 39.98951 ], [ -10.079667, 39.984349 ], [ -10.087964, 39.97949 ], [ -10.09068, 39.977835 ], [ -10.101669, 39.971115 ], [ -10.104346, 39.969491 ], [ -10.112637, 39.964211 ], [ -10.120344, 39.959513 ], [ -10.123616, 39.957431 ], [ -10.134579, 39.95052 ], [ -10.136113, 39.949547 ], [ -10.14551, 39.943331 ], [ -10.15131, 39.939615 ], [ -10.156446, 39.936203 ], [ -10.166517, 39.92968 ], [ -10.167382, 39.929102 ], [ -10.178285, 39.921704 ], [ -10.181161, 39.919778 ], [ -10.189179, 39.914238 ], [ -10.19555, 39.90989 ], [ -10.200067, 39.906742 ], [ -10.209962, 39.899999 ], [ -10.210959, 39.899301 ], [ -10.221821, 39.891605 ], [ -10.223878, 39.890138 ], [ -10.232668, 39.883789 ], [ -10.237593, 39.880288 ], [ -10.243513, 39.875981 ], [ -10.25115, 39.870446 ], [ -10.254348, 39.868094 ], [ -10.264549, 39.860612 ], [ -10.265174, 39.860148 ], [ -10.275983, 39.852057 ], [ -10.277665, 39.850795 ], [ -10.286779, 39.843872 ], [ -10.290557, 39.84099 ], [ -10.297564, 39.835612 ], [ -10.303363, 39.83119 ], [ -10.308344, 39.827331 ], [ -10.315975, 39.821401 ], [ -10.319111, 39.818944 ], [ -10.328424, 39.81162 ], [ -10.329867, 39.810479 ], [ -10.340614, 39.801953 ], [ -10.340746, 39.801847 ], [ -10.351345, 39.793311 ], [ -10.352855, 39.792086 ], [ -10.362066, 39.784594 ], [ -10.364866, 39.78233 ], [ -10.37278, 39.775834 ], [ -10.376724, 39.772582 ], [ -10.383481, 39.766979 ], [ -10.388428, 39.762844 ], [ -10.39417, 39.758037 ], [ -10.400083, 39.753107 ], [ -10.404854, 39.749075 ], [ -10.411549, 39.743381 ], [ -10.415522, 39.739991 ], [ -10.422886, 39.733663 ], [ -10.426179, 39.730826 ], [ -10.434139, 39.723949 ], [ -10.436828, 39.721612 ], [ -10.445254, 39.714243 ], [ -10.447464, 39.712304 ], [ -10.456257, 39.704543 ], [ -10.458089, 39.702923 ], [ -10.467178, 39.694847 ], [ -10.468705, 39.693484 ], [ -10.477984, 39.685158 ], [ -10.47931, 39.683964 ], [ -10.488688, 39.675475 ], [ -10.489904, 39.674372 ], [ -10.499316, 39.665795 ], [ -10.500488, 39.664722 ], [ -10.509843, 39.656122 ], [ -10.511062, 39.654996 ], [ -10.52028, 39.646453 ], [ -10.521625, 39.645195 ], [ -10.530634, 39.636789 ], [ -10.53218, 39.635347 ], [ -10.540916, 39.627129 ], [ -10.542722, 39.625419 ], [ -10.551102, 39.617474 ], [ -10.553255, 39.615423 ], [ -10.561238, 39.607821 ], [ -10.56378, 39.605386 ], [ -10.571304, 39.598173 ], [ -10.574296, 39.595286 ], [ -10.581294, 39.588528 ], [ -10.584801, 39.585121 ], [ -10.59123, 39.578887 ], [ -10.595299, 39.574907 ], [ -10.601088, 39.569249 ], [ -10.605785, 39.564621 ], [ -10.610868, 39.559617 ], [ -10.61626, 39.554266 ], [ -10.620561, 39.549989 ], [ -10.626724, 39.543831 ], [ -10.630225, 39.540362 ], [ -10.63718, 39.533353 ], [ -10.63978, 39.530742 ], [ -10.647623, 39.52278 ], [ -10.649256, 39.521126 ], [ -10.658054, 39.512128 ], [ -10.65866, 39.511514 ], [ -10.668046, 39.501903 ], [ -10.66848, 39.501458 ], [ -10.677441, 39.49229 ], [ -10.678902, 39.490779 ], [ -10.686764, 39.482682 ], [ -10.689312, 39.480023 ], [ -10.696007, 39.473078 ], [ -10.69971, 39.469181 ], [ -10.70516, 39.46348 ], [ -10.710094, 39.458244 ], [ -10.714227, 39.453887 ], [ -10.720464, 39.447211 ], [ -10.723205, 39.444299 ], [ -10.73082, 39.436071 ], [ -10.732083, 39.434717 ], [ -10.740914, 39.425138 ], [ -10.741165, 39.424867 ], [ -10.749849, 39.415551 ], [ -10.751514, 39.413733 ], [ -10.758693, 39.405969 ], [ -10.761849, 39.402492 ], [ -10.767436, 39.396394 ], [ -10.772167, 39.391129 ], [ -10.77608, 39.386825 ], [ -10.782468, 39.379642 ], [ -10.784608, 39.377263 ], [ -10.792749, 39.368009 ], [ -10.793017, 39.367709 ], [ -10.801593, 39.358142 ], [ -10.803041, 39.356499 ], [ -10.810107, 39.34858 ], [ -10.813319, 39.344891 ], [ -10.818496, 39.339025 ], [ -10.823576, 39.333127 ], [ -10.826762, 39.329478 ], [ -10.833811, 39.321197 ], [ -10.834899, 39.319939 ], [ -10.843087, 39.310397 ], [ -10.844044, 39.309275 ], [ -10.85134, 39.300849 ], [ -10.854275, 39.297366 ], [ -10.859394, 39.291315 ], [ -10.864477, 39.285224 ], [ -10.867436, 39.28178 ], [ -10.874662, 39.272966 ], [ -10.87525, 39.272261 ], [ -10.883249, 39.262729 ], [ -10.884851, 39.260773 ], [ -10.891194, 39.2532 ], [ -10.895027, 39.248493 ], [ -10.899009, 39.243679 ], [ -10.905172, 39.235968 ], [ -10.906638, 39.234171 ], [ -10.914305, 39.224659 ], [ -10.91531, 39.223407 ], [ -10.922088, 39.21514 ], [ -10.925448, 39.210884 ], [ -10.929687, 39.205632 ], [ -10.935552, 39.198082 ], [ -10.937097, 39.196137 ], [ -10.944559, 39.186638 ], [ -10.945648, 39.185242 ], [ -10.952125, 39.177131 ], [ -10.955742, 39.172415 ], [ -10.959494, 39.167638 ], [ -10.965797, 39.159271 ], [ -10.966657, 39.158158 ], [ -10.974016, 39.148664 ], [ -10.975859, 39.146228 ], [ -10.981335, 39.139173 ], [ -10.9859, 39.133022 ], [ -10.988432, 39.129697 ], [ -10.99541, 39.120228 ], [ -10.995908, 39.119561 ], [ -11.002666, 39.11074 ], [ -11.005932, 39.10627 ], [ -11.009689, 39.101268 ], [ -11.015906, 39.092568 ], [ -11.016461, 39.091813 ], [ -11.023526, 39.082337 ], [ -11.025895, 39.079038 ], [ -11.030457, 39.07287 ], [ -11.035845, 39.065189 ], [ -11.037123, 39.063421 ], [ -11.043951, 39.053961 ], [ -11.045792, 39.051347 ], [ -11.050767, 39.044501 ], [ -11.055714, 39.037311 ], [ -11.057312, 39.035059 ], [ -11.063954, 39.025611 ], [ -11.065622, 39.023194 ], [ -11.07064, 39.016159 ], [ -11.075509, 39.008919 ], [ -11.077033, 39.006727 ], [ -11.083549, 38.997286 ], [ -11.085384, 38.99457 ], [ -11.09008, 38.987844 ], [ -11.095229, 38.979996 ], [ -11.096297, 38.978424 ], [ -11.102738, 38.968988 ], [ -11.105073, 38.965443 ], [ -11.109084, 38.959558 ], [ -11.114869, 38.950497 ], [ -11.115098, 38.950151 ], [ -11.121514, 38.940716 ], [ -11.124684, 38.935764 ], [ -11.127647, 38.9313 ], [ -11.133626, 38.921895 ], [ -11.134449, 38.92061 ], [ -11.139864, 38.912471 ], [ -11.14421, 38.905466 ], [ -11.145752, 38.903072 ], [ -11.151781, 38.893662 ], [ -11.15395, 38.890171 ], [ -11.157768, 38.884255 ], [ -11.163428, 38.874871 ], [ -11.163646, 38.874521 ], [ -11.169495, 38.865458 ], [ -11.173354, 38.859015 ], [ -11.175187, 38.856072 ], [ -11.180968, 38.846679 ], [ -11.183027, 38.843235 ], [ -11.186734, 38.837286 ], [ -11.192208, 38.827914 ], [ -11.192662, 38.827156 ], [ -11.198033, 38.818517 ], [ -11.202294, 38.811091 ], [ -11.203458, 38.809148 ], [ -11.209106, 38.799763 ], [ -11.211905, 38.794873 ], [ -11.214577, 38.790391 ], [ -11.21997, 38.781024 ], [ -11.22148, 38.778373 ], [ -11.225478, 38.771648 ], [ -11.230645, 38.762297 ], [ -11.231023, 38.761632 ], [ -11.236173, 38.752919 ], [ -11.240556, 38.744841 ], [ -11.241274, 38.743572 ], [ -11.246677, 38.734203 ], [ -11.250068, 38.727908 ], [ -11.251784, 38.724855 ], [ -11.257002, 38.715499 ], [ -11.25955, 38.710737 ], [ -11.262111, 38.706151 ], [ -11.267155, 38.696807 ], [ -11.268999, 38.693328 ], [ -11.272244, 38.687459 ], [ -11.277147, 38.678125 ], [ -11.278419, 38.675698 ], [ -11.282208, 38.668779 ], [ -11.28698, 38.659454 ], [ -11.28781, 38.657854 ], [ -11.292003, 38.650111 ], [ -11.296664, 38.640793 ], [ -11.297173, 38.639799 ], [ -11.301635, 38.631454 ], [ -11.3062, 38.622143 ], [ -11.306507, 38.621535 ], [ -11.311109, 38.612807 ], [ -11.31559, 38.603502 ], [ -11.315812, 38.603055 ], [ -11.320425, 38.594171 ], [ -11.324836, 38.584871 ], [ -11.325088, 38.584357 ], [ -11.32959, 38.575545 ], [ -11.333938, 38.566249 ], [ -11.334332, 38.565427 ], [ -11.338593, 38.556931 ], [ -11.342887, 38.547639 ], [ -11.343544, 38.546244 ], [ -11.347434, 38.538328 ], [ -11.351704, 38.529037 ], [ -11.352724, 38.526837 ], [ -11.356174, 38.519731 ], [ -11.360455, 38.510439 ], [ -11.361888, 38.507322 ], [ -11.364852, 38.501139 ], [ -11.369129, 38.491847 ], [ -11.371029, 38.487644 ], [ -11.37343, 38.482553 ], [ -11.377711, 38.473261 ], [ -11.380147, 38.467804 ], [ -11.381926, 38.463973 ], [ -11.386204, 38.454681 ], [ -11.389237, 38.447763 ], [ -11.390317, 38.4454 ], [ -11.394597, 38.436108 ], [ -11.398301, 38.427529 ], [ -11.398613, 38.426834 ], [ -11.402885, 38.417542 ], [ -11.406874, 38.40827 ], [ -11.407348, 38.40719 ], [ -11.41108, 38.398982 ], [ -11.415074, 38.38971 ], [ -11.416372, 38.386686 ], [ -11.419153, 38.380431 ], [ -11.423158, 38.371157 ], [ -11.425362, 38.365937 ], [ -11.427128, 38.361887 ], [ -11.431078, 38.352617 ], [ -11.434315, 38.344894 ], [ -11.434972, 38.343351 ], [ -11.438976, 38.334078 ], [ -11.442761, 38.32482 ], [ -11.443241, 38.32366 ], [ -11.446692, 38.315551 ], [ -11.450484, 38.306293 ], [ -11.452138, 38.302218 ], [ -11.454295, 38.297033 ], [ -11.45807, 38.287775 ], [ -11.460988, 38.280416 ], [ -11.461755, 38.278524 ], [ -11.465527, 38.269267 ], [ -11.469144, 38.260021 ], [ -11.469803, 38.258338 ], [ -11.472829, 38.25077 ], [ -11.476435, 38.241524 ], [ -11.478576, 38.235947 ], [ -11.480005, 38.232281 ], [ -11.483574, 38.223038 ], [ -11.487044, 38.213803 ], [ -11.487296, 38.213136 ], [ -11.490574, 38.204563 ], [ -11.493996, 38.19533 ], [ -11.495969, 38.189961 ], [ -11.497401, 38.186099 ], [ -11.500793, 38.176869 ], [ -11.5041, 38.167645 ], [ -11.504581, 38.166301 ], [ -11.507413, 38.15842 ], [ -11.510674, 38.1492 ], [ -11.513131, 38.142147 ], [ -11.513884, 38.139982 ], [ -11.517067, 38.130767 ], [ -11.520208, 38.121555 ], [ -11.521606, 38.11739 ], [ -11.523291, 38.112347 ], [ -11.526338, 38.103142 ], [ -11.529364, 38.093938 ], [ -11.529997, 38.091958 ], [ -11.532281, 38.084742 ], [ -11.535188, 38.075547 ], [ -11.538143, 38.066348 ], [ -11.537862, 38.062061 ], [ -11.537647, 38.057402 ], [ -11.539476, 38.048286 ], [ -11.54626, 38.038807 ], [ -11.545935, 38.033986 ], [ -11.545545, 38.029877 ], [ -11.545012, 38.020933 ], [ -11.549563, 38.011618 ], [ -11.553756, 38.00379 ], [ -11.553685, 38.002333 ], [ -11.553026, 37.993399 ], [ -11.554338, 37.984321 ], [ -11.561798, 37.975518 ], [ -11.561842, 37.974789 ], [ -11.561085, 37.965862 ], [ -11.560744, 37.956905 ], [ -11.569855, 37.947418 ], [ -11.569887, 37.947252 ], [ -11.56889, 37.938343 ], [ -11.568249, 37.929408 ], [ -11.568986, 37.920372 ], [ -11.576947, 37.911102 ], [ -11.576975, 37.910804 ], [ -11.576067, 37.901889 ], [ -11.575335, 37.89296 ], [ -11.575752, 37.883948 ], [ -11.583992, 37.87442 ], [ -11.583998, 37.874361 ], [ -11.58308, 37.865446 ], [ -11.582226, 37.856527 ], [ -11.581603, 37.847591 ], [ -11.582322, 37.838556 ], [ -11.590051, 37.829329 ], [ -11.590078, 37.829005 ], [ -11.589068, 37.820097 ], [ -11.588096, 37.811187 ], [ -11.587318, 37.802263 ], [ -11.586477, 37.793343 ], [ -11.586263, 37.784377 ], [ -11.586271, 37.775394 ], [ -11.587847, 37.766297 ], [ -11.592943, 37.7571 ], [ -11.592939, 37.756941 ], [ -11.591892, 37.748037 ], [ -11.59095, 37.739124 ], [ -11.589864, 37.730223 ], [ -11.588877, 37.721314 ], [ -11.587833, 37.712409 ], [ -11.586717, 37.703509 ], [ -11.586657, 37.703089 ], [ -11.584416, 37.694696 ], [ -11.579793, 37.686054 ], [ -11.580203, 37.677042 ], [ -11.573531, 37.66855 ], [ -11.571431, 37.659722 ], [ -11.569688, 37.650868 ], [ -11.568358, 37.641984 ], [ -11.568239, 37.641722 ], [ -11.563267, 37.633375 ], [ -11.556772, 37.624868 ], [ -11.554108, 37.616081 ], [ -11.553946, 37.615771 ], [ -11.549295, 37.607451 ], [ -11.542128, 37.598992 ], [ -11.540355, 37.595819 ], [ -11.534577, 37.590561 ], [ -11.529627, 37.58194 ], [ -11.527098, 37.578703 ], [ -11.522971, 37.573443 ], [ -11.515202, 37.565026 ], [ -11.514121, 37.563961 ], [ -11.505556, 37.556745 ], [ -11.501589, 37.553065 ], [ -11.496765, 37.548401 ], [ -11.489079, 37.54232 ], [ -11.485756, 37.540216 ], [ -11.476821, 37.53375 ], [ -11.474619, 37.53204 ], [ -11.464608, 37.525555 ], [ -11.462069, 37.523965 ], [ -11.452512, 37.518369 ], [ -11.445868, 37.516151 ], [ -11.440696, 37.513623 ], [ -11.429615, 37.508339 ], [ -11.42878, 37.507978 ], [ -11.416686, 37.500753 ], [ -11.4152, 37.500392 ], [ -11.405253, 37.499354 ], [ -11.393839, 37.492941 ], [ -11.393233, 37.492749 ], [ -11.381697, 37.49042 ], [ -11.370704, 37.485612 ], [ -11.369865, 37.485455 ], [ -11.357963, 37.479849 ], [ -11.347389, 37.478291 ], [ -11.3465, 37.478147 ], [ -11.33515, 37.477453 ], [ -11.323585, 37.470999 ], [ -11.323146, 37.470906 ], [ -11.311906, 37.47118 ], [ -11.29988, 37.464412 ], [ -11.290339, 37.46437 ], [ -11.288606, 37.464375 ], [ -11.277148, 37.462691 ], [ -11.265499, 37.459272 ], [ -11.254093, 37.458041 ], [ -11.251597, 37.458118 ], [ -11.242869, 37.458462 ], [ -11.231501, 37.457566 ], [ -11.220191, 37.457207 ], [ -11.208494, 37.453327 ], [ -11.199128, 37.452812 ], [ -11.197176, 37.452885 ], [ -11.185913, 37.45294 ], [ -11.174266, 37.449498 ], [ -11.163619, 37.446304 ], [ -11.16265, 37.446324 ], [ -11.150861, 37.441566 ], [ -11.139324, 37.439098 ], [ -11.13914, 37.43902 ], [ -11.127304, 37.432185 ], [ -11.12306, 37.43115 ], [ -11.115638, 37.428519 ], [ -11.103951, 37.424643 ], [ -11.101705, 37.423642 ], [ -11.092001, 37.418326 ], [ -11.086002, 37.41574 ], [ -11.080088, 37.412331 ], [ -11.069562, 37.407887 ], [ -11.068295, 37.407433 ], [ -11.056225, 37.39995 ], [ -11.056029, 37.399832 ], [ -11.044094, 37.391873 ], [ -11.043816, 37.391685 ], [ -11.031949, 37.38364 ], [ -11.031794, 37.383524 ], [ -11.02384, 37.375083 ], [ -11.019314, 37.370818 ], [ -11.016167, 37.366623 ], [ -11.006846, 37.359503 ], [ -11.005869, 37.35834 ], [ -10.994595, 37.350189 ], [ -10.994538, 37.350128 ], [ -10.989244, 37.341503 ], [ -10.981638, 37.334216 ], [ -10.980953, 37.333082 ], [ -10.972436, 37.324676 ], [ -10.96889, 37.32015 ], [ -10.967586, 37.31602 ], [ -10.957373, 37.307727 ], [ -10.956079, 37.305445 ], [ -10.95466, 37.298927 ], [ -10.948488, 37.290359 ], [ -10.942521, 37.283617 ], [ -10.941945, 37.281817 ], [ -10.939324, 37.273009 ], [ -10.929313, 37.265036 ], [ -10.929148, 37.264711 ], [ -10.92334, 37.256118 ], [ -10.924594, 37.247049 ], [ -10.915341, 37.239113 ], [ -10.915171, 37.238699 ], [ -10.9139, 37.2298 ], [ -10.911966, 37.220945 ], [ -10.904264, 37.212478 ], [ -10.900684, 37.20656 ], [ -10.900192, 37.203767 ], [ -10.899079, 37.194857 ], [ -10.897059, 37.186008 ], [ -10.892937, 37.1773 ], [ -10.885522, 37.169032 ], [ -10.88547, 37.168815 ], [ -10.884316, 37.159908 ], [ -10.881741, 37.151096 ], [ -10.881613, 37.142119 ], [ -10.879684, 37.133264 ], [ -10.874185, 37.124647 ], [ -10.868902, 37.11733 ], [ -10.868668, 37.116031 ], [ -10.867696, 37.107111 ], [ -10.866715, 37.098192 ], [ -10.86556, 37.089284 ], [ -10.864579, 37.080365 ], [ -10.861241, 37.071603 ], [ -10.859753, 37.062718 ], [ -10.853592, 37.054144 ], [ -10.851908, 37.045271 ], [ -10.849924, 37.036419 ], [ -10.848609, 37.029904 ], [ -10.848207, 37.027548 ], [ -10.846895, 37.018651 ], [ -10.845575, 37.009754 ], [ -10.844349, 37.000851 ], [ -10.843146, 36.991946 ], [ -10.841931, 36.983042 ], [ -10.84084, 36.97413 ], [ -10.83982, 36.965213 ], [ -10.838771, 36.956298 ], [ -10.837787, 36.947379 ], [ -10.836905, 36.938453 ], [ -10.835595, 36.929555 ], [ -10.836633, 36.920502 ], [ -10.835751, 36.911576 ], [ -10.835334, 36.902619 ], [ -10.834439, 36.893694 ], [ -10.833523, 36.88477 ], [ -10.832699, 36.87584 ], [ -10.831714, 36.866921 ], [ -10.831281, 36.861862 ], [ -10.831782, 36.857932 ], [ -10.835936, 36.848672 ], [ -10.837225, 36.839601 ], [ -10.837265, 36.830614 ], [ -10.837085, 36.821642 ], [ -10.836721, 36.812681 ], [ -10.835948, 36.803748 ], [ -10.835357, 36.794803 ], [ -10.834469, 36.785877 ], [ -10.83365, 36.776947 ], [ -10.83341, 36.773636 ], [ -10.834407, 36.767913 ], [ -10.840222, 36.758543 ], [ -10.840827, 36.749518 ], [ -10.840713, 36.740541 ], [ -10.840004, 36.731604 ], [ -10.8393, 36.722667 ], [ -10.839316, 36.722231 ], [ -10.845036, 36.713302 ], [ -10.84723, 36.704172 ], [ -10.84729, 36.695184 ], [ -10.846655, 36.686242 ], [ -10.846702, 36.685335 ], [ -10.851948, 36.676906 ], [ -10.854859, 36.667729 ], [ -10.854974, 36.658737 ], [ -10.854745, 36.654902 ], [ -10.855628, 36.64971 ], [ -10.863083, 36.640231 ], [ -10.86319, 36.631239 ], [ -10.863351, 36.630021 ], [ -10.868969, 36.621871 ], [ -10.872063, 36.612682 ], [ -10.871719, 36.603721 ], [ -10.871792, 36.603563 ], [ -10.88099, 36.59412 ], [ -10.880922, 36.585141 ], [ -10.881029, 36.584939 ], [ -10.890388, 36.575527 ], [ -10.890939, 36.572923 ], [ -10.894465, 36.566271 ], [ -10.900249, 36.556902 ], [ -10.900407, 36.556618 ], [ -10.909049, 36.547331 ], [ -10.910291, 36.5444 ], [ -10.915586, 36.537911 ], [ -10.919747, 36.528649 ], [ -10.919802, 36.528585 ], [ -10.929657, 36.519003 ], [ -10.929922, 36.518722 ], [ -10.939621, 36.509353 ], [ -10.940048, 36.508955 ], [ -10.949881, 36.499681 ], [ -10.950197, 36.499424 ], [ -10.960481, 36.491238 ], [ -10.961255, 36.489935 ], [ -10.97084, 36.483791 ], [ -10.97638, 36.479935 ], [ -10.981268, 36.477031 ], [ -10.991703, 36.470366 ], [ -10.99296, 36.469835 ], [ -11.002073, 36.463085 ], [ -11.012371, 36.459542 ], [ -11.012808, 36.459349 ], [ -11.023034, 36.450709 ], [ -11.033991, 36.449137 ], [ -11.034939, 36.449032 ], [ -11.044794, 36.446086 ], [ -11.055316, 36.440349 ], [ -11.066212, 36.438213 ], [ -11.077195, 36.437179 ], [ -11.077222, 36.437175 ], [ -11.0882, 36.435837 ], [ -11.099071, 36.433477 ], [ -11.109929, 36.431006 ], [ -11.121174, 36.43223 ], [ -11.131971, 36.429184 ], [ -11.142826, 36.426702 ], [ -11.153185, 36.422997 ], [ -11.153547, 36.422954 ], [ -11.164299, 36.419503 ], [ -11.174718, 36.412917 ], [ -11.175661, 36.412468 ], [ -11.185216, 36.407095 ], [ -11.195832, 36.402398 ], [ -11.19633, 36.402059 ], [ -11.206032, 36.393786 ], [ -11.20796, 36.392274 ], [ -11.216248, 36.385346 ], [ -11.219412, 36.382499 ], [ -11.226182, 36.374261 ], [ -11.227219, 36.372977 ], [ -11.236168, 36.363695 ], [ -11.236403, 36.363358 ], [ -11.240979, 36.354059 ], [ -11.245557, 36.347538 ], [ -11.246402, 36.344701 ], [ -11.254917, 36.335128 ], [ -11.255233, 36.334108 ], [ -11.255526, 36.326104 ], [ -11.260481, 36.316779 ], [ -11.263791, 36.310182 ], [ -11.264049, 36.307549 ], [ -11.264407, 36.298543 ], [ -11.272487, 36.289 ], [ -11.272568, 36.288369 ], [ -11.272072, 36.280048 ], [ -11.271994, 36.271072 ], [ -11.273451, 36.26199 ], [ -11.279911, 36.25309 ], [ -11.279983, 36.252554 ], [ -11.279194, 36.243628 ], [ -11.278581, 36.23469 ], [ -11.278212, 36.225735 ], [ -11.278763, 36.216716 ], [ -11.284349, 36.207345 ], [ -11.285227, 36.198758 ], [ -11.285233, 36.198303 ], [ -11.284416, 36.189379 ], [ -11.283557, 36.180459 ], [ -11.285575, 36.171337 ], [ -11.281906, 36.162612 ], [ -11.281101, 36.153688 ], [ -11.284879, 36.144444 ], [ -11.279526, 36.135836 ], [ -11.278783, 36.126907 ], [ -11.277756, 36.117998 ], [ -11.277053, 36.109066 ], [ -11.276346, 36.100135 ], [ -11.275332, 36.091225 ], [ -11.27947, 36.081956 ], [ -11.276437, 36.073187 ], [ -11.276941, 36.064171 ], [ -11.276714, 36.055206 ], [ -11.27605, 36.046272 ], [ -11.27468, 36.037387 ], [ -11.273284, 36.028503 ], [ -11.271808, 36.019625 ], [ -11.270315, 36.010748 ], [ -11.269024, 36.001858 ], [ -11.267522, 35.992981 ], [ -11.265869, 35.984116 ], [ -11.264118, 35.975256 ], [ -11.262331, 35.9664 ], [ -11.260546, 35.957543 ], [ -11.259018, 35.950245 ], [ -11.258698, 35.948691 ], [ -11.256871, 35.939837 ], [ -11.25503, 35.930984 ], [ -11.253147, 35.922134 ], [ -11.251173, 35.91329 ], [ -11.249131, 35.904451 ], [ -11.24702, 35.895616 ], [ -11.24484, 35.886787 ], [ -11.242587, 35.877962 ], [ -11.24025, 35.869143 ], [ -11.239006, 35.864395 ], [ -11.238001, 35.860318 ], [ -11.235834, 35.851487 ], [ -11.233602, 35.84266 ], [ -11.231303, 35.833838 ], [ -11.228921, 35.825022 ], [ -11.226456, 35.816212 ], [ -11.223904, 35.807407 ], [ -11.221268, 35.798608 ], [ -11.22106, 35.797879 ], [ -11.218903, 35.78979 ], [ -11.216483, 35.780976 ], [ -11.21398, 35.772168 ], [ -11.21139, 35.763365 ], [ -11.20871, 35.754569 ], [ -11.205931, 35.74578 ], [ -11.204024, 35.73977 ], [ -11.2032, 35.736987 ], [ -11.200661, 35.72818 ], [ -11.19803, 35.71938 ], [ -11.195305, 35.710587 ], [ -11.192484, 35.701799 ], [ -11.189544, 35.69302 ], [ -11.18759, 35.687182 ], [ -11.186672, 35.684237 ], [ -11.183997, 35.675439 ], [ -11.181224, 35.666648 ], [ -11.178345, 35.657865 ], [ -11.175352, 35.649089 ], [ -11.172229, 35.640321 ], [ -11.171574, 35.638393 ], [ -11.169408, 35.631534 ], [ -11.166577, 35.622746 ], [ -11.163634, 35.613966 ], [ -11.160529, 35.605198 ], [ -11.157373, 35.596432 ], [ -11.155846, 35.59217 ], [ -11.154344, 35.587658 ], [ -11.151446, 35.578875 ], [ -11.148426, 35.570099 ], [ -11.145275, 35.561333 ], [ -11.141987, 35.552576 ], [ -11.140372, 35.548215 ], [ -11.138858, 35.543808 ], [ -11.135873, 35.53503 ], [ -11.132756, 35.526261 ], [ -11.129498, 35.517502 ], [ -11.126094, 35.508752 ], [ -11.125107, 35.506108 ], [ -11.122933, 35.499985 ], [ -11.119927, 35.491208 ], [ -11.116731, 35.482444 ], [ -11.113387, 35.47369 ], [ -11.109978, 35.465142 ], [ -11.109905, 35.464945 ], [ -11.106883, 35.456168 ], [ -11.103727, 35.447401 ], [ -11.100427, 35.438643 ], [ -11.096966, 35.429896 ], [ -11.094921, 35.424696 ], [ -11.093627, 35.42114 ], [ -11.0905, 35.41237 ], [ -11.087228, 35.40361 ], [ -11.083798, 35.39486 ], [ -11.080193, 35.386122 ], [ -11.080029, 35.385697 ], [ -11.077059, 35.377352 ], [ -11.073803, 35.368591 ], [ -11.070388, 35.359839 ], [ -11.066798, 35.3511 ], [ -11.065198, 35.347127 ], [ -11.063416, 35.342346 ], [ -11.060164, 35.333583 ], [ -11.056748, 35.324832 ], [ -11.053155, 35.316092 ], [ -11.050503, 35.309734 ], [ -11.049582, 35.30735 ], [ -11.046318, 35.298588 ], [ -11.042884, 35.289837 ], [ -11.039274, 35.281097 ], [ -11.035917, 35.273274 ], [ -11.035555, 35.272365 ], [ -11.032263, 35.263604 ], [ -11.028803, 35.254854 ], [ -11.025159, 35.246117 ], [ -11.021428, 35.237628 ], [ -11.021331, 35.237391 ], [ -11.017997, 35.228632 ], [ -11.014491, 35.219885 ], [ -11.010795, 35.21115 ], [ -11.007025, 35.202689 ], [ -11.006917, 35.202427 ], [ -11.003516, 35.193672 ], [ -10.999944, 35.184929 ], [ -10.996178, 35.176198 ], [ -10.992709, 35.16847 ], [ -10.992293, 35.167475 ], [ -10.988824, 35.158724 ], [ -10.985168, 35.149985 ], [ -10.981306, 35.14126 ], [ -10.97848, 35.134987 ], [ -10.977449, 35.132535 ], [ -10.973887, 35.123789 ], [ -10.970128, 35.115057 ], [ -10.966154, 35.106338 ], [ -10.964345, 35.102327 ], [ -10.962359, 35.097608 ], [ -10.958678, 35.08887 ], [ -10.954795, 35.080145 ], [ -10.95069, 35.071435 ], [ -10.950316, 35.070598 ], [ -10.947017, 35.062696 ], [ -10.943074, 35.053974 ], [ -10.939155, 35.045251 ], [ -10.936338, 35.039261 ], [ -10.935135, 35.036534 ], [ -10.931366, 35.027801 ], [ -10.927389, 35.019081 ], [ -10.92318, 35.010376 ], [ -10.922462, 35.008832 ], [ -10.919324, 35.001648 ], [ -10.915379, 34.992925 ], [ -10.911217, 34.984217 ], [ -10.908645, 34.97889 ], [ -10.907106, 34.975505 ], [ -10.903175, 34.966781 ], [ -10.899018, 34.958071 ], [ -10.894929, 34.949864 ], [ -10.894697, 34.949373 ], [ -10.890764, 34.940648 ], [ -10.886624, 34.931937 ], [ -10.882255, 34.923241 ], [ -10.88126, 34.921206 ], [ -10.878163, 34.914526 ], [ -10.874007, 34.905816 ], [ -10.869627, 34.897119 ], [ -10.867666, 34.89321 ], [ -10.865384, 34.888414 ], [ -10.861193, 34.879705 ], [ -10.856769, 34.871011 ], [ -10.854148, 34.86589 ], [ -10.852403, 34.862313 ], [ -10.848165, 34.853607 ], [ -10.843707, 34.844914 ], [ -10.840698, 34.839171 ], [ -10.839225, 34.836223 ], [ -10.834918, 34.82752 ], [ -10.830401, 34.818831 ], [ -10.827311, 34.813001 ], [ -10.825861, 34.810143 ], [ -10.821479, 34.801445 ], [ -10.816859, 34.792762 ], [ -10.813989, 34.787403 ], [ -10.812271, 34.784076 ], [ -10.80779, 34.775383 ], [ -10.803099, 34.766704 ], [ -10.800729, 34.762366 ], [ -10.798448, 34.758022 ], [ -10.793855, 34.749336 ], [ -10.789065, 34.740662 ], [ -10.787529, 34.73786 ], [ -10.784406, 34.731979 ], [ -10.779695, 34.7233 ], [ -10.774778, 34.714634 ], [ -10.774393, 34.71394 ], [ -10.770094, 34.705952 ], [ -10.76525, 34.697281 ], [ -10.761303, 34.690407 ], [ -10.760304, 34.688615 ], [ -10.755483, 34.679942 ], [ -10.750502, 34.671278 ], [ -10.748272, 34.667417 ], [ -10.745562, 34.662612 ], [ -10.740607, 34.653946 ], [ -10.735465, 34.645292 ], [ -10.735306, 34.645021 ], [ -10.730493, 34.636627 ], [ -10.72538, 34.627971 ], [ -10.722377, 34.622951 ], [ -10.720241, 34.619315 ], [ -10.715114, 34.610659 ], [ -10.709832, 34.602013 ], [ -10.709514, 34.601487 ], [ -10.704677, 34.593358 ], [ -10.699381, 34.584712 ], [ -10.696689, 34.580359 ], [ -10.69407, 34.576066 ], [ -10.688725, 34.567422 ], [ -10.683924, 34.559794 ], [ -10.683294, 34.558783 ], [ -10.677921, 34.550141 ], [ -10.67241, 34.541507 ], [ -10.671202, 34.539627 ], [ -10.666912, 34.532871 ], [ -10.661355, 34.524239 ], [ -10.658527, 34.519887 ], [ -10.655764, 34.515609 ], [ -10.650125, 34.506982 ], [ -10.645902, 34.500611 ], [ -10.644417, 34.498358 ], [ -10.638696, 34.489735 ], [ -10.633319, 34.481726 ], [ -10.63291, 34.481116 ], [ -10.627091, 34.472499 ], [ -10.621213, 34.463884 ], [ -10.620781, 34.463254 ], [ -10.615297, 34.455272 ], [ -10.609321, 34.446664 ], [ -10.608286, 34.445192 ], [ -10.603274, 34.438059 ], [ -10.597206, 34.429455 ], [ -10.595833, 34.427524 ], [ -10.591067, 34.420855 ], [ -10.584883, 34.412258 ], [ -10.583423, 34.410256 ], [ -10.578601, 34.403666 ], [ -10.572324, 34.395074 ], [ -10.571051, 34.393351 ], [ -10.565932, 34.386488 ], [ -10.55954, 34.377902 ], [ -10.558718, 34.37682 ], [ -10.553007, 34.369325 ], [ -10.546502, 34.360745 ], [ -10.546423, 34.360642 ], [ -10.539829, 34.352175 ], [ -10.534171, 34.344885 ], [ -10.533167, 34.343604 ], [ -10.526365, 34.335041 ], [ -10.521955, 34.329473 ], [ -10.519551, 34.326479 ], [ -10.512635, 34.317922 ], [ -10.509774, 34.314395 ], [ -10.505641, 34.309369 ], [ -10.498623, 34.300818 ], [ -10.497626, 34.299626 ], [ -10.491407, 34.292278 ], [ -10.485515, 34.285234 ], [ -10.484241, 34.283735 ], [ -10.476889, 34.275202 ], [ -10.473443, 34.271217 ], [ -10.469462, 34.266674 ], [ -10.462048, 34.258144 ], [ -10.461394, 34.257406 ], [ -10.454375, 34.24963 ], [ -10.449389, 34.24405 ], [ -10.446718, 34.241114 ], [ -10.438957, 34.232603 ], [ -10.437408, 34.230922 ], [ -10.43101, 34.224104 ], [ -10.425463, 34.21815 ], [ -10.423054, 34.215604 ], [ -10.414996, 34.20711 ], [ -10.413541, 34.205592 ], [ -10.406742, 34.198627 ], [ -10.401652, 34.193366 ], [ -10.398482, 34.190144 ], [ -10.390178, 34.181663 ], [ -10.389777, 34.18126 ], [ -10.381599, 34.173198 ], [ -10.377942, 34.169572 ], [ -10.372992, 34.164733 ], [ -10.366118, 34.157967 ], [ -10.364364, 34.15627 ], [ -10.355588, 34.147814 ], [ -10.354319, 34.146606 ], [ -10.346623, 34.139369 ], [ -10.342546, 34.13551 ], [ -10.337623, 34.130926 ], [ -10.330786, 34.124522 ], [ -10.328576, 34.122484 ], [ -10.319445, 34.114047 ], [ -10.319042, 34.11368 ], [ -10.310065, 34.105623 ], [ -10.307328, 34.103157 ], [ -10.300624, 34.097203 ], [ -10.295628, 34.092753 ], [ -10.29112, 34.088785 ], [ -10.28394, 34.08245 ], [ -10.281551, 34.080371 ], [ -10.272265, 34.072265 ], [ -10.271911, 34.07196 ], [ -10.262052, 34.06356 ], [ -10.260615, 34.062338 ], [ -10.252083, 34.055167 ], [ -10.24898, 34.052555 ], [ -10.242039, 34.046777 ], [ -10.237358, 34.042886 ], [ -10.231898, 34.038392 ], [ -10.225748, 34.033331 ], [ -10.221673, 34.03001 ], [ -10.214151, 34.023887 ], [ -10.211359, 34.021633 ], [ -10.202566, 34.014558 ], [ -10.200939, 34.013261 ], [ -10.190993, 34.005346 ], [ -10.19042, 34.004894 ], [ -10.179771, 33.996534 ], [ -10.179435, 33.996272 ], [ -10.16898, 33.988181 ], [ -10.167891, 33.98734 ], [ -10.158085, 33.979832 ], [ -10.156359, 33.978515 ], [ -10.147094, 33.971488 ], [ -10.144838, 33.969786 ], [ -10.135995, 33.96315 ], [ -10.133327, 33.961156 ], [ -10.124794, 33.954816 ], [ -10.121827, 33.95262 ], [ -10.113494, 33.946487 ], [ -10.110336, 33.944176 ], [ -10.102081, 33.938163 ], [ -10.098856, 33.935826 ], [ -10.09056, 33.929844 ], [ -10.087386, 33.927566 ], [ -10.07894, 33.921529 ], [ -10.075925, 33.919389 ], [ -10.067205, 33.91322 ], [ -10.064473, 33.911299 ], [ -10.055365, 33.904916 ], [ -10.053028, 33.903268 ], [ -10.043444, 33.896615 ], [ -10.041596, 33.895355 ], [ -10.031372, 33.888321 ], [ -10.03017, 33.887499 ], [ -10.019213, 33.880031 ], [ -10.018753, 33.879719 ], [ -10.007345, 33.872027 ], [ -10.006927, 33.871747 ], [ -9.995947, 33.86443 ], [ -9.994502, 33.863469 ], [ -9.984557, 33.8569 ], [ -9.981977, 33.855195 ], [ -9.973173, 33.849431 ], [ -9.969341, 33.846927 ], [ -9.961798, 33.84203 ], [ -9.956599, 33.838663 ], [ -9.950429, 33.834693 ], [ -9.943762, 33.830403 ], [ -9.939066, 33.827405 ], [ -9.930814, 33.822147 ], [ -9.927711, 33.820183 ], [ -9.917765, 33.813896 ], [ -9.916362, 33.813015 ], [ -9.90502, 33.805911 ], [ -9.904601, 33.805649 ], [ -9.893688, 33.798899 ], [ -9.891276, 33.79741 ], [ -9.882362, 33.791943 ], [ -9.877846, 33.789176 ], [ -9.871041, 33.785032 ], [ -9.864328, 33.780944 ], [ -9.859725, 33.778161 ], [ -9.850704, 33.772717 ], [ -9.848416, 33.771345 ], [ -9.837113, 33.76458 ], [ -9.836969, 33.764494 ], [ -9.825817, 33.757897 ], [ -9.823081, 33.756278 ], [ -9.814527, 33.751254 ], [ -9.809086, 33.748066 ], [ -9.803243, 33.74466 ], [ -9.794989, 33.739858 ], [ -9.791963, 33.738102 ], [ -9.780798, 33.731653 ], [ -9.780688, 33.731591 ], [ -9.769421, 33.725149 ], [ -9.766449, 33.723456 ], [ -9.758159, 33.71875 ], [ -9.751995, 33.715262 ], [ -9.746901, 33.712387 ], [ -9.737443, 33.707071 ], [ -9.735648, 33.706067 ], [ -9.724402, 33.699799 ], [ -9.722757, 33.698886 ], [ -9.713159, 33.693572 ], [ -9.707963, 33.690705 ], [ -9.701922, 33.687382 ], [ -9.693038, 33.682529 ], [ -9.69069, 33.681247 ], [ -9.679463, 33.675151 ], [ -9.677996, 33.674357 ], [ -9.66824, 33.669087 ], [ -9.662851, 33.666189 ], [ -9.657021, 33.663056 ], [ -9.647564, 33.658027 ], [ -9.645809, 33.657093 ], [ -9.6346, 33.651147 ], [ -9.632174, 33.649868 ], [ -9.623396, 33.645242 ], [ -9.616666, 33.641713 ], [ -9.612195, 33.63936 ], [ -9.601002, 33.633566 ], [ -9.600998, 33.633564 ], [ -9.589808, 33.62774 ], [ -9.585287, 33.625416 ], [ -9.578621, 33.621977 ], [ -9.56939, 33.617275 ], [ -9.567439, 33.616277 ], [ -9.55626, 33.610581 ], [ -9.553403, 33.609137 ], [ -9.545084, 33.60491 ], [ -9.537283, 33.601003 ], [ -9.533914, 33.599304 ], [ -9.522748, 33.593728 ], [ -9.521032, 33.592874 ], [ -9.511583, 33.588141 ], [ -9.50469, 33.584748 ], [ -9.500425, 33.582634 ], [ -9.489272, 33.577174 ], [ -9.488162, 33.576629 ], [ -9.478116, 33.571658 ], [ -9.471605, 33.568509 ], [ -9.466969, 33.566245 ], [ -9.455828, 33.560887 ], [ -9.454815, 33.560399 ], [ -9.444683, 33.555465 ], [ -9.438012, 33.552287 ], [ -9.433547, 33.550137 ], [ -9.422416, 33.544862 ], [ -9.420985, 33.544184 ], [ -9.411282, 33.53953 ], [ -9.403913, 33.53608 ], [ -9.400158, 33.534303 ], [ -9.389035, 33.529086 ], [ -9.38667, 33.527983 ], [ -9.377912, 33.52384 ], [ -9.369308, 33.51989 ], [ -9.366799, 33.518721 ], [ -9.355684, 33.513556 ], [ -9.351851, 33.511799 ], [ -9.344572, 33.508409 ], [ -9.334169, 33.503716 ], [ -9.33347, 33.503396 ], [ -9.322361, 33.498249 ], [ -9.316536, 33.495629 ], [ -9.311261, 33.493216 ], [ -9.300167, 33.488258 ], [ -9.298598, 33.487554 ], [ -9.289069, 33.48321 ], [ -9.28056, 33.479481 ], [ -9.277983, 33.478331 ], [ -9.266895, 33.47339 ], [ -9.262365, 33.471414 ], [ -9.255812, 33.468501 ], [ -9.244739, 33.463744 ], [ -9.243865, 33.463358 ], [ -9.233656, 33.458837 ], [ -9.225316, 33.455303 ], [ -9.222589, 33.454123 ], [ -9.211518, 33.449344 ], [ -9.20656, 33.447255 ], [ -9.200453, 33.444625 ], [ -9.189396, 33.440007 ], [ -9.187509, 33.439218 ], [ -9.178333, 33.43529 ], [ -9.168257, 33.431188 ], [ -9.167287, 33.430784 ], [ -9.15623, 33.426115 ], [ -9.148915, 33.42316 ], [ -9.145186, 33.421615 ], [ -9.134141, 33.417087 ], [ -9.129281, 33.415142 ], [ -9.1231, 33.412605 ], [ -9.112067, 33.408212 ], [ -9.109357, 33.407136 ], [ -9.10103, 33.403743 ], [ -9.090008, 33.399477 ], [ -9.08915, 33.39914 ], [ -9.078974, 33.395035 ], [ -9.068742, 33.39115 ], [ -9.06796, 33.390845 ], [ -9.056933, 33.386468 ], [ -9.048124, 33.383167 ], [ -9.045923, 33.382319 ], [ -9.034906, 33.378045 ], [ -9.027201, 33.375195 ], [ -9.023901, 33.373939 ], [ -9.012892, 33.369763 ], [ -9.005958, 33.367235 ], [ -9.001893, 33.365709 ], [ -8.990892, 33.361617 ], [ -8.984393, 33.359286 ], [ -8.979899, 33.357625 ], [ -8.968906, 33.353613 ], [ -8.962487, 33.35135 ], [ -8.95792, 33.349689 ], [ -8.946933, 33.345747 ], [ -8.940228, 33.343427 ], [ -8.935954, 33.341901 ], [ -8.924973, 33.33802 ], [ -8.917588, 33.335517 ], [ -8.914002, 33.334264 ], [ -8.903027, 33.330439 ], [ -8.894528, 33.327623 ], [ -8.892064, 33.32678 ], [ -8.881094, 33.323001 ], [ -8.871029, 33.319746 ], [ -8.87014, 33.31945 ], [ -8.859174, 33.315716 ], [ -8.848226, 33.312229 ], [ -8.847151, 33.311881 ], [ -8.837269, 33.30858 ], [ -8.826325, 33.305129 ], [ -8.822838, 33.304032 ], [ -8.815377, 33.301611 ], [ -8.804436, 33.298176 ], [ -8.797968, 33.296204 ], [ -8.7935, 33.294798 ], [ -8.782562, 33.291386 ], [ -8.772432, 33.288402 ], [ -8.771637, 33.288161 ], [ -8.760702, 33.284773 ], [ -8.74978, 33.281578 ], [ -8.746473, 33.280613 ], [ -8.738856, 33.278325 ], [ -8.727938, 33.275155 ], [ -8.719756, 33.272854 ], [ -8.717026, 33.272065 ], [ -8.706109, 33.268899 ], [ -8.695204, 33.265897 ], [ -8.692377, 33.265119 ], [ -8.684296, 33.262844 ], [ -8.673393, 33.259851 ], [ -8.664173, 33.257416 ], [ -8.662497, 33.256962 ], [ -8.651597, 33.253989 ], [ -8.640707, 33.251163 ], [ -8.635179, 33.249742 ], [ -8.629817, 33.248334 ], [ -8.618928, 33.245514 ], [ -8.608047, 33.242806 ], [ -8.605214, 33.242104 ], [ -8.597166, 33.240084 ], [ -8.586288, 33.237399 ], [ -8.575416, 33.234806 ], [ -8.574161, 33.234508 ], [ -8.564543, 33.23218 ], [ -8.553676, 33.229649 ], [ -8.542813, 33.227156 ], [ -8.541931, 33.226956 ], [ -8.53195, 33.224663 ], [ -8.521091, 33.222229 ], [ -8.510237, 33.21986 ], [ -8.508361, 33.219454 ], [ -8.499384, 33.217497 ], [ -8.488534, 33.215181 ], [ -8.477688, 33.212924 ], [ -8.473233, 33.212012 ], [ -8.466846, 33.21071 ], [ -8.456005, 33.20852 ], [ -8.445168, 33.206374 ], [ -8.436236, 33.204642 ], [ -8.434334, 33.204273 ], [ -8.423505, 33.20224 ], [ -8.412677, 33.200219 ], [ -8.401851, 33.198225 ], [ -8.397019, 33.197357 ], [ -8.391029, 33.196291 ], [ -8.38021, 33.194406 ], [ -8.369395, 33.19256 ], [ -8.35858, 33.190733 ], [ -8.355164, 33.190172 ], [ -8.347771, 33.188973 ], [ -8.336965, 33.187275 ], [ -8.326161, 33.185605 ], [ -8.315359, 33.183939 ], [ -8.309878, 33.18312 ], [ -8.30456, 33.182343 ], [ -8.293766, 33.180809 ], [ -8.282975, 33.17932 ], [ -8.272184, 33.17784 ], [ -8.261395, 33.176384 ], [ -8.26023, 33.176235 ], [ -8.250613, 33.17503 ], [ -8.239836, 33.173754 ], [ -8.229058, 33.172468 ], [ -8.218282, 33.171203 ], [ -8.207507, 33.169962 ], [ -8.204168, 33.169599 ], [ -8.196739, 33.168828 ], [ -8.185975, 33.167753 ], [ -8.175212, 33.166703 ], [ -8.164451, 33.16568 ], [ -8.153692, 33.164686 ], [ -8.142935, 33.163719 ], [ -8.138402, 33.163339 ], [ -8.132183, 33.162843 ], [ -8.121437, 33.162061 ], [ -8.110692, 33.161294 ], [ -8.099948, 33.160557 ], [ -8.089207, 33.159854 ], [ -8.078468, 33.159184 ], [ -8.067731, 33.15855 ], [ -8.056996, 33.157951 ], [ -8.053987, 33.157804 ], [ -8.046267, 33.157456 ], [ -8.035542, 33.157026 ], [ -8.024819, 33.156635 ], [ -8.014098, 33.156282 ], [ -8.00338, 33.155969 ], [ -7.992665, 33.155716 ], [ -7.981951, 33.155485 ], [ -7.97124, 33.155299 ], [ -7.960531, 33.155158 ], [ -7.949825, 33.155065 ], [ -7.939122, 33.155019 ], [ -7.928421, 33.155021 ], [ -7.917723, 33.155072 ], [ -7.907028, 33.155181 ], [ -7.896337, 33.155351 ], [ -7.885647, 33.155562 ], [ -7.884262, 33.155593 ], [ -7.874959, 33.155806 ], [ -7.864272, 33.156065 ], [ -7.853586, 33.15634 ], [ -7.842901, 33.156638 ], [ -7.832217, 33.156962 ], [ -7.821535, 33.157319 ], [ -7.810854, 33.157701 ], [ -7.800174, 33.158112 ], [ -7.789496, 33.15855 ], [ -7.778818, 33.159004 ], [ -7.768143, 33.159503 ], [ -7.757471, 33.160064 ], [ -7.746799, 33.16064 ], [ -7.736128, 33.16123 ], [ -7.7316, 33.1615 ], [ -7.725459, 33.161859 ], [ -7.714794, 33.162581 ], [ -7.704137, 33.163436 ], [ -7.693488, 33.164459 ], [ -7.682829, 33.165294 ], [ -7.672158, 33.16591 ], [ -7.661489, 33.166572 ], [ -7.650834, 33.167485 ], [ -7.640188, 33.16859 ], [ -7.629534, 33.16955 ], [ -7.618882, 33.170557 ], [ -7.608234, 33.171647 ], [ -7.59759, 33.172801 ], [ -7.586948, 33.174021 ], [ -7.576309, 33.175297 ], [ -7.565674, 33.176652 ], [ -7.565072, 33.176732 ], [ -7.555046, 33.178143 ], [ -7.544449, 33.180257 ], [ -7.533941, 33.184108 ], [ -7.52337, 33.186755 ], [ -7.512697, 33.18741 ], [ -7.502016, 33.187933 ], [ -7.491331, 33.188373 ], [ -7.491009, 33.188434 ], [ -7.480955, 33.194876 ], [ -7.470358, 33.197071 ], [ -7.459706, 33.198187 ], [ -7.449028, 33.198796 ], [ -7.445977, 33.199056 ], [ -7.438445, 33.201298 ], [ -7.428024, 33.207026 ], [ -7.417393, 33.208593 ], [ -7.406719, 33.209326 ], [ -7.405964, 33.209485 ], [ -7.396306, 33.21527 ], [ -7.385753, 33.21845 ], [ -7.375093, 33.21949 ], [ -7.374757, 33.219591 ], [ -7.364728, 33.226474 ], [ -7.35414, 33.228991 ], [ -7.352685, 33.229369 ], [ -7.343706, 33.234639 ], [ -7.333191, 33.238665 ], [ -7.332053, 33.239094 ], [ -7.322728, 33.243775 ], [ -7.312251, 33.248625 ], [ -7.311969, 33.248796 ], [ -7.301979, 33.257678 ], [ -7.301057, 33.258178 ], [ -7.291581, 33.264203 ], [ -7.283902, 33.267775 ], [ -7.281484, 33.276861 ], [ -7.281482, 33.276865 ], [ -7.271223, 33.286218 ], [ -7.27166, 33.295207 ], [ -7.271659, 33.295237 ], [ -7.261427, 33.304562 ], [ -7.261832, 33.313552 ], [ -7.262272, 33.32254 ], [ -7.262268, 33.322547 ], [ -7.252133, 33.331891 ], [ -7.252703, 33.340875 ], [ -7.253501, 33.349851 ], [ -7.253681, 33.358848 ], [ -7.253808, 33.367847 ], [ -7.25397, 33.372398 ], [ -7.254127, 33.37684 ], [ -7.253722, 33.385857 ], [ -7.25021, 33.394981 ], [ -7.244657, 33.401539 ], [ -7.244224, 33.40419 ], [ -7.235835, 33.41348 ], [ -7.234569, 33.414858 ], [ -7.225717, 33.42283 ], [ -7.224267, 33.423821 ], [ -7.213739, 33.428178 ], [ -7.203731, 33.432581 ], [ -7.20322, 33.432727 ], [ -7.192515, 33.433452 ], [ -7.181877, 33.435565 ], [ -7.171081, 33.434392 ], [ -7.16034, 33.434376 ], [ -7.149609, 33.43456 ], [ -7.141683, 33.434673 ], [ -7.138863, 33.434434 ], [ -7.127839, 33.42845 ], [ -7.117036, 33.427102 ], [ -7.106287, 33.426902 ], [ -7.105987, 33.426858 ], [ -7.095273, 33.421066 ], [ -7.084438, 33.419009 ], [ -7.073696, 33.418934 ], [ -7.073655, 33.418921 ], [ -7.062596, 33.411176 ], [ -7.051837, 33.410727 ], [ -7.051527, 33.410643 ], [ -7.040757, 33.403327 ], [ -7.029978, 33.402425 ], [ -7.029714, 33.40235 ], [ -7.018895, 33.394907 ], [ -7.008121, 33.394085 ], [ -7.008015, 33.39405 ], [ -6.997024, 33.386193 ], [ -6.98627, 33.385778 ], [ -6.986198, 33.385749 ], [ -6.975298, 33.380585 ], [ -6.966297, 33.377383 ], [ -6.96422, 33.373012 ], [ -6.953403, 33.371178 ], [ -6.948232, 33.368955 ], [ -6.942223, 33.361285 ], [ -6.931455, 33.360485 ], [ -6.931451, 33.360484 ], [ -6.920346, 33.352093 ], [ -6.918319, 33.351894 ], [ -6.909409, 33.347495 ], [ -6.898505, 33.343589 ], [ -6.898195, 33.343524 ], [ -6.887463, 33.336591 ], [ -6.876672, 33.3352 ], [ -6.876647, 33.335194 ], [ -6.865766, 33.331212 ], [ -6.854877, 33.327574 ], [ -6.852652, 33.326937 ], [ -6.844047, 33.32526 ], [ -6.833146, 33.321322 ], [ -6.826395, 33.318744 ], [ -6.822243, 33.317306 ], [ -6.811355, 33.313612 ], [ -6.802743, 33.310466 ], [ -6.800458, 33.309707 ], [ -6.789586, 33.306328 ], [ -6.778695, 33.302527 ], [ -6.777742, 33.302224 ], [ -6.767835, 33.299387 ], [ -6.756964, 33.295997 ], [ -6.750741, 33.294038 ], [ -6.746098, 33.292715 ], [ -6.735246, 33.28972 ], [ -6.724381, 33.286425 ], [ -6.722445, 33.285884 ], [ -6.71354, 33.283642 ], [ -6.702695, 33.280783 ], [ -6.692123, 33.277784 ], [ -6.691842, 33.277711 ], [ -6.681016, 33.275246 ], [ -6.670181, 33.272584 ], [ -6.659342, 33.269777 ], [ -6.659232, 33.269751 ], [ -6.648524, 33.267481 ], [ -6.637703, 33.265093 ], [ -6.626877, 33.262586 ], [ -6.623265, 33.2618 ], [ -6.616064, 33.260352 ], [ -6.605255, 33.258237 ], [ -6.594441, 33.255971 ], [ -6.584328, 33.253924 ], [ -6.583632, 33.253791 ], [ -6.572832, 33.25186 ], [ -6.562033, 33.249923 ], [ -6.551235, 33.247999 ], [ -6.540744, 33.246167 ], [ -6.540439, 33.246116 ], [ -6.529653, 33.244476 ], [ -6.518869, 33.24287 ], [ -6.508087, 33.241304 ], [ -6.497307, 33.239777 ], [ -6.48891, 33.238627 ], [ -6.486529, 33.238316 ], [ -6.475758, 33.237001 ], [ -6.464989, 33.235721 ], [ -6.45422, 33.234471 ], [ -6.443454, 33.233264 ], [ -6.43269, 33.232088 ], [ -6.425877, 33.231375 ], [ -6.421928, 33.230981 ], [ -6.41117, 33.22997 ], [ -6.400414, 33.22899 ], [ -6.389659, 33.22805 ], [ -6.378905, 33.227127 ], [ -6.368153, 33.226235 ], [ -6.357401, 33.225369 ], [ -6.346651, 33.224532 ], [ -6.346595, 33.224528 ], [ -6.335905, 33.223804 ], [ -6.325161, 33.223103 ], [ -6.314417, 33.222425 ], [ -6.303674, 33.221763 ], [ -6.292933, 33.221126 ], [ -6.282192, 33.220524 ], [ -6.271454, 33.219979 ], [ -6.260716, 33.219445 ], [ -6.24998, 33.218941 ], [ -6.239244, 33.218458 ], [ -6.237829, 33.218402 ], [ -6.228512, 33.218061 ], [ -6.217781, 33.217696 ], [ -6.207051, 33.217353 ], [ -6.196321, 33.217026 ], [ -6.185593, 33.216736 ], [ -6.174863, 33.216404 ], [ -6.164134, 33.216089 ], [ -6.153405, 33.215791 ], [ -6.142677, 33.215512 ], [ -6.131951, 33.215268 ], [ -6.121225, 33.215046 ], [ -6.1105, 33.214838 ], [ -6.099775, 33.214648 ], [ -6.089051, 33.214474 ], [ -6.078328, 33.214317 ], [ -6.067605, 33.214177 ], [ -6.056883, 33.214051 ], [ -6.054731, 33.214028 ], [ -6.046161, 33.213938 ], [ -6.035439, 33.213838 ], [ -6.024718, 33.213746 ], [ -6.013997, 33.213665 ], [ -6.003276, 33.21359 ], [ -5.992556, 33.213519 ], [ -5.981835, 33.213452 ], [ -5.971115, 33.213392 ], [ -5.960395, 33.213338 ], [ -5.949675, 33.213292 ], [ -5.938956, 33.213254 ], [ -5.928236, 33.213226 ], [ -5.917516, 33.21318 ], [ -5.906795, 33.213099 ], [ -5.896073, 33.212996 ], [ -5.885351, 33.212886 ], [ -5.874629, 33.212779 ], [ -5.863908, 33.212689 ], [ -5.853187, 33.212627 ], [ -5.842468, 33.212607 ], [ -5.83175, 33.212639 ], [ -5.821035, 33.212735 ], [ -5.810322, 33.212908 ], [ -5.799611, 33.213159 ], [ -5.788894, 33.213227 ], [ -5.778166, 33.212929 ], [ -5.767417, 33.211973 ], [ -5.766209, 33.211773 ], [ -5.756663, 33.210871 ], [ -5.745906, 33.209648 ], [ -5.735145, 33.208274 ], [ -5.724381, 33.206804 ], [ -5.713616, 33.205295 ], [ -5.705086, 33.204108 ], [ -5.702852, 33.203805 ], [ -5.692091, 33.202404 ], [ -5.681334, 33.20112 ], [ -5.670582, 33.200003 ], [ -5.659837, 33.199102 ], [ -5.6491, 33.198464 ], [ -5.638373, 33.198139 ], [ -5.627656, 33.198171 ], [ -5.616951, 33.198606 ], [ -5.60626, 33.199485 ], [ -5.595582, 33.200853 ], [ -5.58492, 33.202748 ], [ -5.574273, 33.20521 ] ] } },
{ "type": "Feature", "properties": { "fid": 35, "ID": 34, "Intensidad": 12.0 }, "geometry": { "type": "LineString", "coordinates": [ [ -4.731889, 32.874504 ], [ -4.731976, 32.879009 ], [ -4.731725, 32.879184 ], [ -4.726386, 32.879299 ] ] } },
{ "type": "Feature", "properties": { "fid": 36, "ID": 35, "Intensidad": 11.5 }, "geometry": { "type": "LineString", "coordinates": [ [ -7.448126, 32.325259 ], [ -7.442601, 32.325901 ], [ -7.437613, 32.327129 ], [ -7.427051, 32.328002 ], [ -7.416748, 32.334211 ], [ -7.406185, 32.33509 ], [ -7.395615, 32.335814 ], [ -7.38504, 32.336461 ], [ -7.374463, 32.337058 ], [ -7.363858, 32.337097 ], [ -7.353292, 32.337936 ], [ -7.347778, 32.338214 ], [ -7.342736, 32.338979 ], [ -7.332374, 32.344097 ], [ -7.321874, 32.346356 ], [ -7.31132, 32.347491 ], [ -7.300754, 32.348371 ], [ -7.290178, 32.349039 ], [ -7.287288, 32.349292 ], [ -7.279625, 32.350202 ], [ -7.269321, 32.356664 ], [ -7.258807, 32.358704 ], [ -7.253301, 32.359449 ], [ -7.248294, 32.360755 ], [ -7.237963, 32.366726 ], [ -7.23272, 32.369146 ], [ -7.227605, 32.372145 ], [ -7.217418, 32.378664 ], [ -7.217302, 32.378762 ], [ -7.20827, 32.387975 ], [ -7.207194, 32.389619 ], [ -7.202715, 32.397165 ], [ -7.197318, 32.405527 ], [ -7.190031, 32.406592 ], [ -7.187654, 32.415675 ], [ -7.187616, 32.424681 ], [ -7.187621, 32.425374 ], [ -7.186673, 32.433717 ], [ -7.182137, 32.442872 ], [ -7.180578, 32.451928 ], [ -7.179971, 32.460953 ], [ -7.179877, 32.46996 ], [ -7.180019, 32.47896 ], [ -7.180577, 32.487946 ], [ -7.181145, 32.496931 ], [ -7.181702, 32.505917 ], [ -7.183103, 32.514874 ], [ -7.184923, 32.523818 ], [ -7.187379, 32.53274 ], [ -7.19018, 32.541651 ], [ -7.192362, 32.550583 ], [ -7.193743, 32.559541 ], [ -7.194029, 32.563337 ], [ -7.194352, 32.568524 ], [ -7.195962, 32.577475 ], [ -7.20013, 32.58634 ], [ -7.203785, 32.595221 ], [ -7.205627, 32.604164 ], [ -7.206724, 32.613131 ], [ -7.207345, 32.622114 ], [ -7.20783, 32.630995 ], [ -7.207836, 32.631102 ], [ -7.207842, 32.631243 ], [ -7.208226, 32.640093 ], [ -7.208018, 32.649104 ], [ -7.204152, 32.658238 ], [ -7.202221, 32.667307 ], [ -7.199883, 32.676389 ], [ -7.199362, 32.677423 ], [ -7.194617, 32.68557 ], [ -7.189357, 32.691168 ], [ -7.184849, 32.694901 ], [ -7.179033, 32.698131 ], [ -7.168596, 32.702704 ], [ -7.158895, 32.70477 ], [ -7.158047, 32.704905 ], [ -7.147438, 32.705808 ], [ -7.136774, 32.705533 ], [ -7.136376, 32.705516 ], [ -7.125994, 32.70273 ], [ -7.115178, 32.699147 ], [ -7.104522, 32.699041 ], [ -7.093824, 32.698004 ], [ -7.093447, 32.697922 ], [ -7.082862, 32.691181 ], [ -7.072152, 32.689851 ], [ -7.070628, 32.689661 ], [ -7.061276, 32.684848 ], [ -7.050481, 32.681642 ], [ -7.048181, 32.681384 ], [ -7.039633, 32.677217 ], [ -7.028806, 32.673237 ], [ -7.027774, 32.673037 ], [ -7.01803, 32.670385 ], [ -7.007134, 32.664834 ], [ -7.006743, 32.664706 ], [ -6.99614, 32.657054 ], [ -6.985466, 32.656441 ], [ -6.98534, 32.656384 ], [ -6.974447, 32.648027 ], [ -6.973384, 32.647758 ], [ -6.963494, 32.641062 ], [ -6.952779, 32.639458 ], [ -6.952669, 32.639408 ], [ -6.941768, 32.631097 ], [ -6.940624, 32.630782 ], [ -6.930809, 32.623897 ], [ -6.921368, 32.62238 ], [ -6.920072, 32.621737 ], [ -6.909135, 32.613757 ], [ -6.909081, 32.613733 ], [ -6.898139, 32.606807 ], [ -6.88934, 32.605366 ], [ -6.887401, 32.604563 ], [ -6.876584, 32.600459 ], [ -6.866168, 32.597077 ], [ -6.865753, 32.596022 ], [ -6.854804, 32.58882 ], [ -6.846636, 32.588672 ], [ -6.84413, 32.587987 ], [ -6.833173, 32.580526 ], [ -6.823056, 32.580387 ], [ -6.822525, 32.580285 ], [ -6.811568, 32.572759 ], [ -6.800905, 32.572155 ], [ -6.797735, 32.57215 ], [ -6.790185, 32.570188 ], [ -6.779307, 32.564442 ], [ -6.768673, 32.564499 ], [ -6.764667, 32.56414 ], [ -6.758003, 32.563699 ], [ -6.747253, 32.560971 ], [ -6.736539, 32.559097 ], [ -6.725806, 32.556742 ], [ -6.723856, 32.556351 ], [ -6.715088, 32.554762 ], [ -6.704374, 32.552851 ], [ -6.693662, 32.550979 ], [ -6.68295, 32.549117 ], [ -6.679901, 32.54864 ], [ -6.672252, 32.547572 ], [ -6.661562, 32.546196 ], [ -6.650872, 32.544849 ], [ -6.640183, 32.543505 ], [ -6.629494, 32.542141 ], [ -6.621783, 32.541323 ], [ -6.618814, 32.541031 ], [ -6.608146, 32.54018 ], [ -6.597479, 32.539371 ], [ -6.586814, 32.538597 ], [ -6.576151, 32.537876 ], [ -6.565491, 32.537227 ], [ -6.554833, 32.536614 ], [ -6.544177, 32.536065 ], [ -6.533524, 32.535588 ], [ -6.522874, 32.535172 ], [ -6.522063, 32.535152 ], [ -6.512232, 32.534981 ], [ -6.501594, 32.534873 ], [ -6.490957, 32.534811 ], [ -6.480323, 32.534812 ], [ -6.469691, 32.534874 ], [ -6.459061, 32.534986 ], [ -6.448433, 32.535162 ], [ -6.437808, 32.535397 ], [ -6.427184, 32.535682 ], [ -6.416562, 32.536026 ], [ -6.405942, 32.536427 ], [ -6.395324, 32.53687 ], [ -6.384708, 32.537373 ], [ -6.374094, 32.537925 ], [ -6.36348, 32.538497 ], [ -6.352869, 32.539162 ], [ -6.342259, 32.539845 ], [ -6.337451, 32.540193 ], [ -6.331653, 32.540651 ], [ -6.321051, 32.541556 ], [ -6.31045, 32.542512 ], [ -6.29985, 32.543503 ], [ -6.289248, 32.54442 ], [ -6.278653, 32.545556 ], [ -6.268055, 32.546644 ], [ -6.257459, 32.547756 ], [ -6.246863, 32.548887 ], [ -6.236267, 32.550042 ], [ -6.225672, 32.551221 ], [ -6.215407, 32.552385 ], [ -6.215078, 32.552426 ], [ -6.204491, 32.553852 ], [ -6.193904, 32.555298 ], [ -6.183318, 32.556756 ], [ -6.172731, 32.558218 ], [ -6.162142, 32.559621 ], [ -6.151554, 32.561092 ], [ -6.140968, 32.562608 ], [ -6.135594, 32.563412 ], [ -6.130384, 32.564198 ], [ -6.119802, 32.565837 ], [ -6.10922, 32.567515 ], [ -6.098639, 32.569227 ], [ -6.088059, 32.57097 ], [ -6.077479, 32.572746 ], [ -6.069912, 32.574043 ], [ -6.0669, 32.57456 ], [ -6.056322, 32.576407 ], [ -6.045744, 32.578284 ], [ -6.035167, 32.58019 ], [ -6.02459, 32.582131 ], [ -6.014015, 32.584105 ], [ -6.012191, 32.584451 ], [ -6.003439, 32.586108 ], [ -5.992864, 32.588142 ], [ -5.98229, 32.59021 ], [ -5.971716, 32.592306 ], [ -5.961142, 32.594418 ], [ -5.959704, 32.594708 ], [ -5.950568, 32.59654 ], [ -5.939995, 32.59871 ], [ -5.929423, 32.600916 ], [ -5.918851, 32.603158 ], [ -5.910951, 32.604858 ], [ -5.908279, 32.605424 ], [ -5.897707, 32.607678 ], [ -5.887135, 32.609983 ], [ -5.876564, 32.612335 ], [ -5.865995, 32.614733 ], [ -5.865158, 32.614921 ], [ -5.855421, 32.617035 ], [ -5.84485, 32.619405 ], [ -5.83428, 32.621855 ], [ -5.823712, 32.624403 ], [ -5.821566, 32.624918 ], [ -5.813141, 32.626861 ], [ -5.802572, 32.629378 ], [ -5.792005, 32.63201 ], [ -5.781441, 32.63476 ], [ -5.781166, 32.63483 ], [ -5.770869, 32.637265 ], [ -5.760303, 32.639957 ], [ -5.749741, 32.642831 ], [ -5.743084, 32.644678 ], [ -5.739178, 32.645691 ], [ -5.72861, 32.648415 ], [ -5.718048, 32.651373 ], [ -5.707763, 32.654456 ], [ -5.707492, 32.654532 ], [ -5.696925, 32.657343 ], [ -5.686364, 32.660389 ], [ -5.67581, 32.663712 ], [ -5.674237, 32.664185 ], [ -5.665247, 32.666728 ], [ -5.654688, 32.669912 ], [ -5.644136, 32.673375 ], [ -5.64263, 32.673865 ], [ -5.633577, 32.676611 ], [ -5.62302, 32.679977 ], [ -5.61269, 32.683503 ], [ -5.61247, 32.683575 ], [ -5.601912, 32.686932 ], [ -5.591361, 32.690581 ], [ -5.584128, 32.693106 ], [ -5.58081, 32.694232 ], [ -5.570256, 32.697848 ], [ -5.559705, 32.701552 ], [ -5.556781, 32.702677 ], [ -5.549153, 32.705292 ], [ -5.538604, 32.709159 ], [ -5.530905, 32.712212 ], [ -5.528061, 32.713241 ], [ -5.517516, 32.717314 ], [ -5.506973, 32.721519 ], [ -5.506464, 32.721714 ], [ -5.496422, 32.725418 ], [ -5.485883, 32.729829 ], [ -5.482901, 32.731194 ], [ -5.475346, 32.734325 ], [ -5.464803, 32.738661 ], [ -5.460117, 32.740654 ], [ -5.454263, 32.743126 ], [ -5.443727, 32.747785 ], [ -5.438691, 32.750084 ], [ -5.433193, 32.752566 ], [ -5.422656, 32.757271 ], [ -5.417829, 32.759499 ], [ -5.41212, 32.762054 ], [ -5.401593, 32.767203 ], [ -5.397819, 32.768895 ], [ -5.391061, 32.772244 ], [ -5.380527, 32.777225 ], [ -5.378545, 32.778273 ], [ -5.370009, 32.782863 ], [ -5.35957, 32.787643 ], [ -5.359468, 32.787695 ], [ -5.348953, 32.793534 ], [ -5.342302, 32.796978 ], [ -5.338429, 32.79911 ], [ -5.327905, 32.804731 ], [ -5.324923, 32.806313 ], [ -5.31739, 32.810744 ], [ -5.30789, 32.815639 ], [ -5.30686, 32.816226 ], [ -5.296352, 32.822609 ], [ -5.292217, 32.824939 ], [ -5.28584, 32.828894 ], [ -5.276252, 32.834241 ], [ -5.275317, 32.834812 ], [ -5.264814, 32.841596 ], [ -5.261656, 32.843517 ], [ -5.254311, 32.848414 ], [ -5.247197, 32.852789 ], [ -5.243798, 32.854923 ], [ -5.233287, 32.861541 ], [ -5.232469, 32.862064 ], [ -5.222786, 32.868636 ], [ -5.218855, 32.871317 ], [ -5.212287, 32.87587 ], [ -5.205681, 32.880561 ], [ -5.201791, 32.883328 ], [ -5.192929, 32.889797 ], [ -5.191299, 32.890992 ], [ -5.18081, 32.898854 ], [ -5.180588, 32.899024 ], [ -5.170324, 32.906928 ], [ -5.168657, 32.908243 ], [ -5.159842, 32.915241 ], [ -5.157112, 32.917454 ], [ -5.149364, 32.923777 ], [ -5.145907, 32.926658 ], [ -5.13889, 32.932601 ], [ -5.135209, 32.935853 ], [ -5.128427, 32.941936 ], [ -5.125049, 32.945037 ], [ -5.117969, 32.951587 ], [ -5.115118, 32.954217 ], [ -5.107503, 32.960988 ], [ -5.104829, 32.963403 ], [ -5.09704, 32.970596 ], [ -5.09491, 32.972581 ], [ -5.086586, 32.98072 ], [ -5.085555, 32.981749 ], [ -5.07655, 32.99091 ], [ -5.076142, 32.991334 ], [ -5.067866, 33.000066 ], [ -5.065708, 33.002505 ], [ -5.059772, 33.009211 ], [ -5.055287, 33.014333 ], [ -5.051908, 33.018352 ], [ -5.04486, 33.026057 ], [ -5.043635, 33.027499 ], [ -5.03594, 33.036637 ], [ -5.034446, 33.038422 ], [ -5.028888, 33.045763 ], [ -5.024045, 33.051506 ], [ -5.021482, 33.054895 ], [ -5.01392, 33.064028 ], [ -5.013637, 33.06438 ], [ -5.007581, 33.073142 ], [ -5.003262, 33.078849 ], [ -5.000901, 33.082261 ], [ -4.994379, 33.091377 ], [ -4.992887, 33.093502 ], [ -4.988465, 33.100483 ], [ -4.982526, 33.108907 ], [ -4.982087, 33.109596 ], [ -4.976602, 33.118694 ], [ -4.972189, 33.12553 ], [ -4.970818, 33.127798 ], [ -4.965619, 33.136891 ], [ -4.961867, 33.142981 ], [ -4.960068, 33.14599 ], [ -4.955045, 33.155081 ], [ -4.951566, 33.161563 ], [ -4.950221, 33.164168 ], [ -4.94534, 33.173255 ], [ -4.941293, 33.181619 ], [ -4.940938, 33.182336 ], [ -4.936476, 33.191417 ], [ -4.932304, 33.200493 ], [ -4.93105, 33.203244 ], [ -4.928083, 33.20957 ], [ -4.924187, 33.218642 ], [ -4.920855, 33.227323 ], [ -4.920685, 33.227707 ], [ -4.916746, 33.236779 ], [ -4.913423, 33.245842 ], [ -4.910697, 33.253284 ], [ -4.909995, 33.254906 ], [ -4.905466, 33.263987 ], [ -4.901713, 33.273056 ], [ -4.900455, 33.275662 ], [ -4.896688, 33.282144 ], [ -4.892252, 33.291223 ], [ -4.890157, 33.295646 ], [ -4.88738, 33.300309 ], [ -4.882398, 33.309396 ], [ -4.879816, 33.313853 ], [ -4.876793, 33.318492 ], [ -4.87129, 33.327586 ], [ -4.869439, 33.330565 ], [ -4.864906, 33.336694 ], [ -4.85971, 33.345783 ], [ -4.859046, 33.346753 ], [ -4.852251, 33.354906 ], [ -4.8486, 33.36056 ], [ -4.845849, 33.364013 ], [ -4.839224, 33.373122 ], [ -4.838154, 33.374509 ], [ -4.830974, 33.382256 ], [ -4.827665, 33.386572 ], [ -4.823299, 33.39138 ], [ -4.817193, 33.399624 ], [ -4.816401, 33.400493 ], [ -4.807701, 33.409631 ], [ -4.806678, 33.41073 ], [ -4.798346, 33.418779 ], [ -4.796146, 33.421082 ], [ -4.788874, 33.427927 ], [ -4.785605, 33.431174 ], [ -4.779219, 33.437078 ], [ -4.775057, 33.441034 ], [ -4.769113, 33.446234 ], [ -4.764497, 33.450409 ], [ -4.758821, 33.455391 ], [ -4.753929, 33.459506 ], [ -4.747876, 33.464558 ], [ -4.743351, 33.468228 ], [ -4.736672, 33.473727 ], [ -4.732766, 33.476678 ], [ -4.724968, 33.482902 ], [ -4.722175, 33.484941 ], [ -4.713067, 33.492078 ], [ -4.711581, 33.493149 ], [ -4.701106, 33.501255 ], [ -4.700985, 33.501339 ], [ -4.690346, 33.507439 ], [ -4.685991, 33.510473 ], [ -4.679718, 33.514197 ], [ -4.671937, 33.519675 ], [ -4.669097, 33.521358 ], [ -4.6585, 33.528867 ], [ -4.65848, 33.52888 ], [ -4.647815, 33.533951 ], [ -4.641314, 33.538108 ], [ -4.637172, 33.54025 ], [ -4.626542, 33.54731 ], [ -4.626533, 33.547314 ], [ -4.615864, 33.551875 ], [ -4.608068, 33.556567 ], [ -4.605212, 33.557948 ], [ -4.594546, 33.563335 ], [ -4.589974, 33.565813 ], [ -4.583874, 33.568443 ], [ -4.573214, 33.574267 ], [ -4.571568, 33.575059 ], [ -4.562526, 33.578671 ], [ -4.552133, 33.584316 ], [ -4.551862, 33.584432 ], [ -4.541159, 33.588103 ], [ -4.530812, 33.593594 ], [ -4.53049, 33.59375 ], [ -4.519783, 33.597316 ], [ -4.509104, 33.602522 ], [ -4.508215, 33.602883 ], [ -4.498393, 33.605989 ], [ -4.4877, 33.610511 ], [ -4.483622, 33.612192 ], [ -4.476997, 33.6145 ], [ -4.466291, 33.618399 ], [ -4.458629, 33.621501 ], [ -4.455587, 33.622485 ], [ -4.444876, 33.626236 ], [ -4.434169, 33.630224 ], [ -4.432411, 33.630819 ], [ -4.423449, 33.633535 ], [ -4.41273, 33.636932 ], [ -4.403477, 33.640163 ], [ -4.402015, 33.64064 ], [ -4.391289, 33.643719 ], [ -4.380566, 33.646987 ], [ -4.372487, 33.649523 ], [ -4.369842, 33.65028 ], [ -4.359111, 33.653189 ], [ -4.348381, 33.656233 ], [ -4.339253, 33.658899 ], [ -4.337651, 33.659332 ], [ -4.326914, 33.661981 ], [ -4.31618, 33.664882 ], [ -4.305444, 33.667685 ], [ -4.303007, 33.668298 ], [ -4.294703, 33.670249 ], [ -4.283961, 33.672759 ], [ -4.273221, 33.675412 ], [ -4.26358, 33.67772 ], [ -4.262478, 33.677966 ], [ -4.251731, 33.68025 ], [ -4.240983, 33.682557 ], [ -4.230236, 33.684899 ], [ -4.219919, 33.687171 ], [ -4.219488, 33.687261 ], [ -4.208735, 33.68934 ], [ -4.197982, 33.691422 ], [ -4.187229, 33.693511 ], [ -4.176475, 33.695627 ], [ -4.171044, 33.696655 ], [ -4.165719, 33.69762 ], [ -4.154962, 33.699496 ], [ -4.144203, 33.701353 ], [ -4.133444, 33.703195 ], [ -4.122684, 33.705059 ], [ -4.115783, 33.706179 ], [ -4.111923, 33.706801 ], [ -4.10116, 33.708471 ], [ -4.090396, 33.710108 ], [ -4.079632, 33.711715 ], [ -4.068867, 33.713304 ], [ -4.0581, 33.714833 ], [ -4.051398, 33.715756 ], [ -4.047333, 33.716313 ], [ -4.036565, 33.717747 ], [ -4.025796, 33.719144 ], [ -4.015027, 33.720578 ], [ -4.004256, 33.721896 ], [ -3.993485, 33.72317 ], [ -3.982712, 33.7244 ], [ -3.973628, 33.725406 ], [ -3.971939, 33.725596 ], [ -3.961166, 33.726808 ], [ -3.950392, 33.727972 ], [ -3.939617, 33.72909 ], [ -3.928841, 33.730165 ], [ -3.918065, 33.7312 ], [ -3.907288, 33.73221 ], [ -3.896511, 33.733204 ], [ -3.885732, 33.734109 ], [ -3.874953, 33.734973 ], [ -3.87243, 33.735175 ], [ -3.864174, 33.735867 ], [ -3.853395, 33.736755 ], [ -3.842615, 33.73763 ], [ -3.831835, 33.738441 ], [ -3.821054, 33.739211 ], [ -3.810272, 33.739942 ], [ -3.79949, 33.740638 ], [ -3.788707, 33.741265 ], [ -3.777924, 33.74197 ], [ -3.76714, 33.742498 ], [ -3.756355, 33.743 ], [ -3.74557, 33.743515 ], [ -3.734786, 33.744078 ], [ -3.724002, 33.744724 ], [ -3.716669, 33.745189 ], [ -3.713219, 33.745436 ], [ -3.702436, 33.746298 ], [ -3.691654, 33.747181 ], [ -3.680871, 33.748089 ], [ -3.670089, 33.749024 ], [ -3.659306, 33.750035 ], [ -3.648523, 33.750992 ], [ -3.63774, 33.751957 ], [ -3.626957, 33.752929 ], [ -3.616174, 33.75391 ], [ -3.606756, 33.754791 ], [ -3.60539, 33.754939 ], [ -3.594609, 33.756293 ], [ -3.583827, 33.757625 ], [ -3.573045, 33.758937 ], [ -3.562262, 33.760231 ], [ -3.551478, 33.761509 ], [ -3.540695, 33.762785 ], [ -3.529911, 33.763999 ], [ -3.528695, 33.764162 ], [ -3.519129, 33.765658 ], [ -3.508346, 33.767298 ], [ -3.497563, 33.768885 ], [ -3.486779, 33.770424 ], [ -3.475994, 33.771916 ], [ -3.465209, 33.773333 ], [ -3.464574, 33.773433 ], [ -3.454426, 33.775298 ], [ -3.443643, 33.77718 ], [ -3.432858, 33.778969 ], [ -3.422073, 33.780677 ], [ -3.411286, 33.782288 ], [ -3.409237, 33.782642 ], [ -3.400502, 33.784405 ], [ -3.389717, 33.786514 ], [ -3.37893, 33.788487 ], [ -3.368143, 33.790338 ], [ -3.359411, 33.791809 ], [ -3.357356, 33.792216 ], [ -3.34657, 33.794635 ], [ -3.335783, 33.796858 ], [ -3.324994, 33.798913 ], [ -3.314205, 33.800821 ], [ -3.313608, 33.800947 ], [ -3.303417, 33.803439 ], [ -3.292629, 33.805869 ], [ -3.281839, 33.808077 ], [ -3.271537, 33.810059 ], [ -3.271048, 33.810169 ], [ -3.260258, 33.812976 ], [ -3.249467, 33.815511 ], [ -3.238675, 33.817817 ], [ -3.232523, 33.819151 ], [ -3.227883, 33.820322 ], [ -3.217091, 33.823186 ], [ -3.206298, 33.825745 ], [ -3.195503, 33.828052 ], [ -3.194798, 33.828229 ], [ -3.18471, 33.831164 ], [ -3.173915, 33.833975 ], [ -3.163119, 33.836477 ], [ -3.159899, 33.837292 ], [ -3.152323, 33.839509 ], [ -3.141526, 33.842526 ], [ -3.130728, 33.845197 ], [ -3.126295, 33.846344 ], [ -3.11993, 33.848175 ], [ -3.109132, 33.851431 ], [ -3.098332, 33.854223 ], [ -3.094054, 33.855385 ], [ -3.087532, 33.857422 ], [ -3.076731, 33.860702 ], [ -3.065929, 33.863574 ], [ -3.062955, 33.864417 ], [ -3.055126, 33.866973 ], [ -3.044323, 33.870317 ], [ -3.033518, 33.87321 ], [ -3.032767, 33.873442 ], [ -3.022714, 33.876964 ], [ -3.011908, 33.880263 ], [ -3.004292, 33.882458 ], [ -3.001101, 33.883512 ], [ -2.990293, 33.887262 ], [ -2.979485, 33.890484 ], [ -2.976385, 33.891469 ], [ -2.968676, 33.894239 ], [ -2.957865, 33.897838 ], [ -2.949192, 33.900473 ], [ -2.947054, 33.901212 ], [ -2.936242, 33.905099 ], [ -2.925429, 33.90862 ], [ -2.922915, 33.909472 ], [ -2.914615, 33.912623 ], [ -2.9038, 33.916352 ], [ -2.897432, 33.918466 ], [ -2.892984, 33.920128 ], [ -2.882167, 33.924177 ], [ -2.872052, 33.927454 ], [ -2.871349, 33.927711 ], [ -2.860529, 33.932069 ], [ -2.849709, 33.935757 ], [ -2.847859, 33.936439 ], [ -2.838887, 33.940112 ], [ -2.828065, 33.944023 ], [ -2.824264, 33.94542 ], [ -2.817241, 33.948292 ], [ -2.806417, 33.952395 ], [ -2.801011, 33.954397 ], [ -2.795591, 33.956613 ], [ -2.784764, 33.960912 ], [ -2.778201, 33.963371 ], [ -2.773936, 33.965136 ], [ -2.763106, 33.969589 ], [ -2.755828, 33.972341 ], [ -2.752276, 33.973819 ], [ -2.741443, 33.978336 ], [ -2.733808, 33.981307 ], [ -2.730611, 33.982633 ], [ -2.719776, 33.987197 ], [ -2.7122, 33.990271 ], [ -2.708941, 33.991637 ], [ -2.698104, 33.996223 ], [ -2.690973, 33.999232 ], [ -2.687266, 34.000814 ], [ -2.676426, 34.005496 ], [ -2.670227, 34.00819 ], [ -2.665585, 34.010221 ], [ -2.654743, 34.01499 ], [ -2.649867, 34.017146 ], [ -2.643899, 34.019802 ], [ -2.633054, 34.024647 ], [ -2.629835, 34.0261 ], [ -2.622207, 34.029583 ], [ -2.611359, 34.034489 ], [ -2.610147, 34.035051 ], [ -2.600509, 34.039622 ], [ -2.590779, 34.044 ], [ -2.589658, 34.044532 ], [ -2.578805, 34.04981 ], [ -2.571881, 34.052948 ], [ -2.567951, 34.054853 ], [ -2.557096, 34.060009 ], [ -2.55306, 34.061893 ], [ -2.546238, 34.065286 ], [ -2.535381, 34.070283 ], [ -2.534236, 34.070836 ], [ -2.524519, 34.07582 ], [ -2.516028, 34.079777 ], [ -2.513658, 34.080956 ], [ -2.502795, 34.086405 ], [ -2.498029, 34.088717 ], [ -2.491929, 34.091844 ], [ -2.481064, 34.097085 ], [ -2.479931, 34.097654 ], [ -2.470194, 34.10281 ], [ -2.462477, 34.106591 ], [ -2.459325, 34.108224 ], [ -2.448453, 34.113809 ], [ -2.445053, 34.115525 ], [ -2.43758, 34.119503 ], [ -2.427656, 34.124457 ], [ -2.426706, 34.124956 ], [ -2.415828, 34.130827 ], [ -2.410874, 34.13339 ], [ -2.404949, 34.1366 ], [ -2.394071, 34.142155 ], [ -2.393761, 34.142319 ], [ -2.383187, 34.148193 ], [ -2.377403, 34.151249 ], [ -2.372303, 34.154053 ], [ -2.361419, 34.159793 ], [ -2.360719, 34.160175 ], [ -2.350529, 34.165954 ], [ -2.344699, 34.169102 ], [ -2.33964, 34.171944 ], [ -2.32875, 34.177799 ], [ -2.32834, 34.178026 ], [ -2.317856, 34.184057 ], [ -2.312636, 34.186951 ], [ -2.30696, 34.1902 ], [ -2.296656, 34.195872 ], [ -2.296065, 34.196209 ], [ -2.285164, 34.202561 ], [ -2.281229, 34.204794 ], [ -2.274263, 34.208879 ], [ -2.265693, 34.213714 ], [ -2.263361, 34.215071 ], [ -2.252456, 34.221411 ], [ -2.250359, 34.222633 ], [ -2.241548, 34.227912 ], [ -2.235282, 34.231551 ], [ -2.230639, 34.234327 ], [ -2.220026, 34.240467 ], [ -2.219729, 34.240644 ], [ -2.208815, 34.247302 ], [ -2.205293, 34.249384 ], [ -2.197899, 34.253894 ], [ -2.190508, 34.258299 ], [ -2.186982, 34.260452 ], [ -2.176064, 34.266982 ], [ -2.175688, 34.267212 ], [ -2.165141, 34.273815 ], [ -2.161364, 34.276126 ], [ -2.154216, 34.2806 ], [ -2.146915, 34.285038 ], [ -2.143291, 34.287298 ], [ -2.132468, 34.293948 ], [ -2.132364, 34.294013 ], [ -2.121433, 34.300977 ], [ -2.118441, 34.30286 ], [ -2.110499, 34.307946 ], [ -2.104435, 34.311769 ], [ -2.099564, 34.314896 ], [ -2.090408, 34.320677 ], [ -2.088628, 34.321807 ], [ -2.077689, 34.328834 ], [ -2.076526, 34.329585 ], [ -2.066746, 34.335989 ], [ -2.062884, 34.338493 ], [ -2.055801, 34.34315 ], [ -2.049269, 34.347399 ], [ -2.044855, 34.350312 ], [ -2.035673, 34.356304 ], [ -2.033907, 34.357474 ], [ -2.022956, 34.364699 ], [ -2.022184, 34.365208 ], [ -2.012001, 34.372057 ], [ -2.008924, 34.374113 ], [ -2.001045, 34.379437 ], [ -1.995712, 34.383017 ], [ -1.990086, 34.386837 ], [ -1.982548, 34.391919 ], [ -1.979125, 34.394252 ], [ -1.969421, 34.400821 ], [ -1.968163, 34.401667 ], [ -1.957197, 34.409181 ], [ -1.956418, 34.409721 ], [ -1.946228, 34.416797 ], [ -1.943589, 34.418623 ], [ -1.935256, 34.424439 ], [ -1.930821, 34.427523 ], [ -1.924282, 34.432109 ], [ -1.918107, 34.436422 ], [ -1.913306, 34.439805 ], [ -1.905444, 34.44532 ], [ -1.902328, 34.447527 ], [ -1.892836, 34.454218 ], [ -1.891347, 34.455277 ], [ -1.880363, 34.463074 ], [ -1.880306, 34.463115 ], [ -1.869376, 34.470986 ], [ -1.867949, 34.472012 ], [ -1.858386, 34.478935 ], [ -1.855656, 34.480908 ], [ -1.847394, 34.486918 ], [ -1.843407, 34.489804 ], [ -1.836399, 34.494921 ], [ -1.831216, 34.498699 ], [ -1.825402, 34.502958 ], [ -1.819071, 34.507593 ], [ -1.814402, 34.511031 ], [ -1.806995, 34.516487 ], [ -1.803399, 34.519153 ], [ -1.795012, 34.52538 ], [ -1.792393, 34.527339 ], [ -1.783141, 34.534273 ], [ -1.781384, 34.535601 ], [ -1.771394, 34.543166 ], [ -1.770371, 34.543945 ], [ -1.75976, 34.552059 ], [ -1.759355, 34.55237 ], [ -1.748336, 34.560874 ], [ -1.748235, 34.560952 ], [ -1.737313, 34.569467 ], [ -1.736829, 34.569846 ], [ -1.726287, 34.578138 ], [ -1.725523, 34.578739 ], [ -1.715257, 34.586878 ], [ -1.714311, 34.587632 ], [ -1.704224, 34.595699 ], [ -1.703195, 34.596525 ], [ -1.693187, 34.6046 ], [ -1.692178, 34.605418 ], [ -1.682146, 34.613582 ], [ -1.681254, 34.614311 ], [ -1.671102, 34.622642 ], [ -1.67042, 34.623204 ], [ -1.660054, 34.631782 ], [ -1.659673, 34.632097 ], [ -1.649022, 34.64099 ], [ -1.649002, 34.641007 ], [ -1.638484, 34.649883 ], [ -1.637946, 34.650338 ], [ -1.628033, 34.658776 ], [ -1.626886, 34.659755 ], [ -1.61767, 34.66767 ], [ -1.615822, 34.669261 ], [ -1.607379, 34.676563 ], [ -1.604754, 34.678844 ], [ -1.597186, 34.685456 ], [ -1.593682, 34.688526 ], [ -1.587075, 34.69435 ], [ -1.582606, 34.6983 ], [ -1.577046, 34.703243 ], [ -1.571526, 34.708164 ], [ -1.567096, 34.712137 ], [ -1.560441, 34.718118 ], [ -1.55722, 34.721031 ], [ -1.549353, 34.728161 ], [ -1.547408, 34.729924 ], [ -1.53826, 34.738286 ], [ -1.537681, 34.738818 ], [ -1.528066, 34.747713 ], [ -1.527161, 34.748552 ], [ -1.518539, 34.756607 ], [ -1.516059, 34.758929 ], [ -1.509081, 34.765502 ], [ -1.504951, 34.7694 ], [ -1.499671, 34.774396 ], [ -1.493839, 34.779957 ], [ -1.490357, 34.783291 ], [ -1.482723, 34.790615 ], [ -1.481096, 34.792186 ], [ -1.471916, 34.801081 ], [ -1.471601, 34.801388 ], [ -1.462847, 34.809977 ], [ -1.460474, 34.812309 ], [ -1.453838, 34.818873 ], [ -1.449342, 34.823326 ], [ -1.444866, 34.827768 ], [ -1.438205, 34.83443 ], [ -1.435981, 34.836664 ], [ -1.427153, 34.84556 ], [ -1.427063, 34.845651 ], [ -1.41844, 34.854457 ], [ -1.415915, 34.85704 ], [ -1.409781, 34.863354 ], [ -1.404761, 34.868529 ], [ -1.401173, 34.872251 ], [ -1.393603, 34.880116 ], [ -1.392605, 34.881148 ], [ -1.384139, 34.890045 ], [ -1.382439, 34.89184 ], [ -1.375744, 34.898943 ], [ -1.371269, 34.903708 ], [ -1.367406, 34.907841 ], [ -1.360093, 34.915697 ], [ -1.359126, 34.916739 ], [ -1.350924, 34.925638 ], [ -1.34891, 34.927832 ], [ -1.342772, 34.934537 ], [ -1.337722, 34.940094 ], [ -1.334694, 34.943436 ], [ -1.326665, 34.952335 ], [ -1.326528, 34.952488 ], [ -1.318719, 34.961235 ], [ -1.315327, 34.965049 ], [ -1.310823, 34.970135 ], [ -1.30412, 34.977736 ], [ -1.302979, 34.979035 ], [ -1.295198, 34.987936 ], [ -1.292906, 34.990579 ], [ -1.287487, 34.996836 ], [ -1.281686, 35.00357 ], [ -1.279825, 35.005738 ], [ -1.272226, 35.014639 ], [ -1.270458, 35.016721 ], [ -1.264687, 35.023541 ], [ -1.259224, 35.03003 ], [ -1.257198, 35.032443 ], [ -1.24977, 35.041345 ], [ -1.247982, 35.043504 ], [ -1.242395, 35.050248 ], [ -1.236733, 35.057129 ], [ -1.235075, 35.059151 ], [ -1.227816, 35.068054 ], [ -1.225476, 35.070939 ], [ -1.22061, 35.076958 ], [ -1.214212, 35.084917 ], [ -1.213455, 35.085862 ], [ -1.206358, 35.094767 ], [ -1.20294, 35.099085 ], [ -1.199307, 35.103671 ], [ -1.192312, 35.112576 ], [ -1.19166, 35.11341 ], [ -1.185373, 35.121482 ], [ -1.180372, 35.12794 ], [ -1.178482, 35.130387 ], [ -1.171648, 35.139294 ], [ -1.169075, 35.142663 ], [ -1.16486, 35.1482 ], [ -1.158121, 35.157107 ], [ -1.15777, 35.157574 ], [ -1.151434, 35.166014 ], [ -1.146456, 35.172688 ], [ -1.144794, 35.174921 ], [ -1.13821, 35.183829 ], [ -1.135133, 35.188016 ], [ -1.131671, 35.192737 ], [ -1.125182, 35.201646 ], [ -1.1238, 35.203553 ], [ -1.118741, 35.210555 ], [ -1.112458, 35.219302 ], [ -1.112342, 35.219464 ], [ -1.105995, 35.228374 ], [ -1.101107, 35.235283 ], [ -1.099694, 35.237284 ], [ -1.093443, 35.246195 ], [ -1.089745, 35.251497 ], [ -1.087235, 35.255105 ], [ -1.081075, 35.264017 ], [ -1.078373, 35.267946 ], [ -1.074957, 35.272928 ], [ -1.068881, 35.28184 ], [ -1.066991, 35.28463 ], [ -1.062851, 35.290752 ], [ -1.056873, 35.299665 ], [ -1.055598, 35.301575 ], [ -1.050933, 35.308578 ], [ -1.045041, 35.317491 ], [ -1.044193, 35.318781 ], [ -1.039188, 35.326405 ], [ -1.033384, 35.33532 ], [ -1.032777, 35.336257 ], [ -1.027617, 35.344234 ], [ -1.021895, 35.353149 ], [ -1.021349, 35.354004 ], [ -1.016213, 35.362064 ], [ -1.010575, 35.37098 ], [ -1.009909, 35.372039 ], [ -1.004977, 35.379896 ], [ -0.999422, 35.388813 ], [ -0.998457, 35.39037 ], [ -0.993904, 35.39773 ], [ -0.988433, 35.406647 ], [ -0.986991, 35.409008 ], [ -0.982998, 35.415565 ], [ -0.977604, 35.424483 ], [ -0.975512, 35.427961 ], [ -0.972249, 35.433402 ], [ -0.966936, 35.442321 ], [ -0.96402, 35.447242 ], [ -0.961657, 35.45124 ], [ -0.956422, 35.46016 ], [ -0.952513, 35.466861 ], [ -0.951221, 35.46908 ], [ -0.946066, 35.478 ], [ -0.940991, 35.486824 ], [ -0.940935, 35.486921 ], [ -0.93586, 35.495842 ], [ -0.930809, 35.504764 ], [ -0.929453, 35.507174 ], [ -0.925802, 35.513686 ], [ -0.920831, 35.522609 ], [ -0.9179, 35.527897 ], [ -0.915893, 35.531532 ], [ -0.911, 35.540455 ], [ -0.906331, 35.548997 ], [ -0.906123, 35.549379 ], [ -0.901309, 35.558303 ], [ -0.896513, 35.567227 ], [ -0.894744, 35.570538 ], [ -0.891758, 35.576152 ], [ -0.887042, 35.585078 ], [ -0.883139, 35.592492 ], [ -0.882349, 35.594003 ], [ -0.877718, 35.60293 ], [ -0.873091, 35.611856 ], [ -0.871516, 35.614914 ], [ -0.868514, 35.620783 ], [ -0.863972, 35.62971 ], [ -0.859874, 35.637774 ], [ -0.859438, 35.638638 ], [ -0.85498, 35.647566 ], [ -0.850528, 35.656495 ], [ -0.848211, 35.661167 ], [ -0.846119, 35.665424 ], [ -0.841755, 35.674353 ], [ -0.837385, 35.683283 ], [ -0.836527, 35.685051 ], [ -0.833086, 35.692213 ], [ -0.828811, 35.701144 ], [ -0.824822, 35.709463 ], [ -0.824531, 35.710074 ], [ -0.820345, 35.719006 ], [ -0.816164, 35.727938 ], [ -0.813092, 35.734491 ], [ -0.811989, 35.73687 ], [ -0.807899, 35.745803 ], [ -0.803796, 35.754735 ], [ -0.801339, 35.760102 ], [ -0.799724, 35.763669 ], [ -0.795721, 35.772603 ], [ -0.791709, 35.781537 ], [ -0.78956, 35.786345 ], [ -0.787736, 35.790471 ], [ -0.783835, 35.799407 ], [ -0.779908, 35.808342 ], [ -0.777754, 35.813264 ], [ -0.776022, 35.817278 ], [ -0.772207, 35.826214 ], [ -0.768373, 35.835151 ], [ -0.765919, 35.840884 ], [ -0.764568, 35.844087 ], [ -0.760845, 35.853025 ], [ -0.757107, 35.861963 ], [ -0.754055, 35.869253 ], [ -0.753378, 35.870901 ], [ -0.749757, 35.87984 ], [ -0.746116, 35.888779 ], [ -0.742449, 35.897718 ], [ -0.742159, 35.898438 ], [ -0.738908, 35.906658 ], [ -0.735367, 35.915599 ], [ -0.731805, 35.924539 ], [ -0.730228, 35.928531 ], [ -0.728308, 35.93348 ], [ -0.72488, 35.942422 ], [ -0.721421, 35.951364 ], [ -0.718263, 35.959467 ], [ -0.717943, 35.960305 ], [ -0.714613, 35.969249 ], [ -0.711263, 35.978192 ], [ -0.707887, 35.987134 ], [ -0.706256, 35.99149 ], [ -0.704573, 35.996078 ], [ -0.701335, 36.005023 ], [ -0.698104, 36.013968 ], [ -0.694802, 36.022912 ], [ -0.694208, 36.024557 ], [ -0.691647, 36.031858 ], [ -0.688508, 36.040805 ], [ -0.685335, 36.049751 ], [ -0.682123, 36.058696 ], [ -0.682118, 36.058712 ], [ -0.6791, 36.067644 ], [ -0.676059, 36.076592 ], [ -0.672981, 36.085539 ], [ -0.669976, 36.094204 ], [ -0.669881, 36.094486 ], [ -0.666976, 36.103436 ], [ -0.664038, 36.112386 ], [ -0.661065, 36.121335 ], [ -0.658053, 36.130283 ], [ -0.657781, 36.131115 ], [ -0.655222, 36.139234 ], [ -0.652395, 36.148185 ], [ -0.649542, 36.157136 ], [ -0.646649, 36.166086 ], [ -0.645526, 36.169615 ], [ -0.643865, 36.175038 ], [ -0.641156, 36.183992 ], [ -0.638414, 36.192944 ], [ -0.635637, 36.201896 ], [ -0.633212, 36.20964 ], [ -0.632848, 36.210848 ], [ -0.630261, 36.219803 ], [ -0.627646, 36.228758 ], [ -0.625018, 36.237712 ], [ -0.622332, 36.246666 ], [ -0.620821, 36.251754 ], [ -0.619721, 36.25562 ], [ -0.617241, 36.264578 ], [ -0.61473, 36.273534 ], [ -0.612189, 36.28249 ], [ -0.609612, 36.291445 ], [ -0.608353, 36.295897 ], [ -0.607133, 36.300402 ], [ -0.604737, 36.30936 ], [ -0.602389, 36.31832 ], [ -0.599964, 36.327278 ], [ -0.597505, 36.336235 ], [ -0.595795, 36.342472 ], [ -0.595085, 36.345192 ], [ -0.592841, 36.354154 ], [ -0.590573, 36.363114 ], [ -0.588278, 36.372074 ], [ -0.585955, 36.381034 ], [ -0.583601, 36.389993 ], [ -0.583133, 36.391862 ], [ -0.581439, 36.398955 ], [ -0.579309, 36.407918 ], [ -0.577152, 36.416881 ], [ -0.574967, 36.425843 ], [ -0.572756, 36.434804 ], [ -0.570514, 36.443765 ], [ -0.570354, 36.44444 ], [ -0.568496, 36.45273 ], [ -0.566494, 36.461696 ], [ -0.564525, 36.470662 ], [ -0.562471, 36.479626 ], [ -0.560382, 36.488589 ], [ -0.558256, 36.497552 ], [ -0.557425, 36.501162 ], [ -0.556273, 36.506518 ], [ -0.554409, 36.515486 ], [ -0.552529, 36.524453 ], [ -0.550634, 36.53342 ], [ -0.548724, 36.542387 ], [ -0.546817, 36.551354 ], [ -0.544859, 36.56032 ], [ -0.544316, 36.56293 ], [ -0.543088, 36.569289 ], [ -0.541404, 36.578261 ], [ -0.539707, 36.587232 ], [ -0.538, 36.596203 ], [ -0.536285, 36.605173 ], [ -0.534563, 36.614143 ], [ -0.532787, 36.623113 ], [ -0.531107, 36.632084 ], [ -0.530912, 36.633162 ], [ -0.529598, 36.641059 ], [ -0.52813, 36.650034 ], [ -0.526658, 36.659009 ], [ -0.525189, 36.667985 ], [ -0.523724, 36.67696 ], [ -0.522264, 36.685936 ], [ -0.520811, 36.694911 ], [ -0.519385, 36.703887 ], [ -0.517941, 36.712863 ], [ -0.51698, 36.718935 ], [ -0.516559, 36.72184 ], [ -0.515371, 36.730821 ], [ -0.514197, 36.739803 ], [ -0.513041, 36.748784 ], [ -0.511906, 36.757766 ], [ -0.510794, 36.766749 ], [ -0.509725, 36.775732 ], [ -0.508649, 36.784715 ], [ -0.507592, 36.793699 ], [ -0.506558, 36.802683 ], [ -0.505551, 36.811667 ], [ -0.504575, 36.820653 ], [ -0.503633, 36.829639 ], [ -0.502698, 36.838625 ], [ -0.50188, 36.847613 ], [ -0.501469, 36.85213 ], [ -0.501093, 36.856602 ], [ -0.500418, 36.865594 ], [ -0.499779, 36.874586 ], [ -0.499179, 36.883579 ], [ -0.498622, 36.892573 ], [ -0.498113, 36.901567 ], [ -0.49765, 36.910563 ], [ -0.497208, 36.91956 ], [ -0.496804, 36.928557 ], [ -0.496444, 36.937554 ], [ -0.496132, 36.946553 ], [ -0.495873, 36.955553 ], [ -0.495672, 36.964555 ], [ -0.495547, 36.973558 ], [ -0.495421, 36.98256 ], [ -0.495337, 36.991564 ], [ -0.495301, 37.000569 ], [ -0.495315, 37.009575 ], [ -0.495387, 37.018581 ], [ -0.495517, 37.02759 ], [ -0.495611, 37.031227 ], [ -0.495802, 37.036601 ], [ -0.496214, 37.045615 ], [ -0.496669, 37.05463 ], [ -0.497172, 37.063646 ], [ -0.497728, 37.072663 ], [ -0.498342, 37.081682 ], [ -0.499038, 37.090702 ], [ -0.499739, 37.099722 ], [ -0.500466, 37.108742 ], [ -0.501224, 37.117764 ], [ -0.502018, 37.126786 ], [ -0.502851, 37.135809 ], [ -0.503288, 37.139668 ], [ -0.504005, 37.144838 ], [ -0.505399, 37.153873 ], [ -0.50677, 37.162907 ], [ -0.508129, 37.171941 ], [ -0.509487, 37.180975 ], [ -0.510855, 37.190009 ], [ -0.512214, 37.199043 ], [ -0.512537, 37.200711 ], [ -0.514193, 37.208089 ], [ -0.516207, 37.217137 ], [ -0.518137, 37.226183 ], [ -0.520001, 37.235227 ], [ -0.521818, 37.24427 ], [ -0.522304, 37.246277 ], [ -0.524328, 37.253328 ], [ -0.526898, 37.262387 ], [ -0.529279, 37.271442 ], [ -0.531511, 37.280494 ], [ -0.532357, 37.283446 ], [ -0.534457, 37.28956 ], [ -0.537628, 37.298631 ], [ -0.540404, 37.307694 ], [ -0.542602, 37.314954 ], [ -0.543259, 37.316759 ], [ -0.546999, 37.325842 ], [ -0.550352, 37.334916 ], [ -0.552986, 37.342443 ], [ -0.553621, 37.343989 ], [ -0.557932, 37.353083 ], [ -0.561568, 37.362163 ], [ -0.563481, 37.366719 ], [ -0.565749, 37.371255 ], [ -0.570313, 37.380354 ], [ -0.574048, 37.388977 ], [ -0.574282, 37.38944 ], [ -0.579698, 37.398557 ], [ -0.583992, 37.40765 ], [ -0.584695, 37.408905 ], [ -0.589483, 37.416767 ], [ -0.59473, 37.425879 ], [ -0.595407, 37.426994 ], [ -0.601103, 37.435014 ], [ -0.606158, 37.443999 ], [ -0.606241, 37.444123 ], [ -0.612825, 37.453261 ], [ -0.616976, 37.459036 ], [ -0.619863, 37.462408 ], [ -0.626387, 37.471545 ], [ -0.627819, 37.473421 ], [ -0.634209, 37.480707 ], [ -0.638713, 37.486307 ], [ -0.641854, 37.489865 ], [ -0.649079, 37.499014 ], [ -0.649598, 37.499597 ], [ -0.658183, 37.5082 ], [ -0.660555, 37.510715 ], [ -0.667429, 37.517388 ], [ -0.671535, 37.521195 ], [ -0.677396, 37.52659 ], [ -0.682522, 37.531542 ], [ -0.687247, 37.535788 ], [ -0.693529, 37.54133 ], [ -0.698019, 37.545004 ], [ -0.704578, 37.549858 ], [ -0.709919, 37.554241 ], [ -0.715624, 37.558558 ], [ -0.721973, 37.563479 ], [ -0.726688, 37.56675 ], [ -0.734951, 37.572734 ], [ -0.73777, 37.574423 ], [ -0.747917, 37.581988 ], [ -0.748839, 37.582582 ], [ -0.759977, 37.588544 ], [ -0.764493, 37.591308 ], [ -0.771122, 37.594332 ], [ -0.78054, 37.600616 ], [ -0.782228, 37.601501 ], [ -0.793399, 37.60651 ], [ -0.799563, 37.609978 ], [ -0.804557, 37.612054 ], [ -0.81571, 37.61778 ], [ -0.819923, 37.619361 ], [ -0.826918, 37.621726 ], [ -0.838095, 37.626742 ], [ -0.842791, 37.628787 ], [ -0.849302, 37.630793 ], [ -0.860527, 37.634237 ], [ -0.868711, 37.638263 ], [ -0.87171, 37.639192 ], [ -0.882964, 37.641715 ], [ -0.894179, 37.645652 ], [ -0.900345, 37.647836 ], [ -0.905417, 37.648806 ], [ -0.916686, 37.650864 ], [ -0.927931, 37.653853 ], [ -0.937937, 37.657505 ], [ -0.93915, 37.65778 ], [ -0.950443, 37.65906 ], [ -0.961726, 37.660743 ], [ -0.972998, 37.662813 ], [ -0.984256, 37.665451 ], [ -0.992864, 37.667458 ], [ -0.995523, 37.667795 ], [ -1.006828, 37.668725 ], [ -1.018133, 37.669667 ], [ -1.029439, 37.670619 ], [ -1.040744, 37.671581 ], [ -1.052045, 37.672699 ], [ -1.063352, 37.673648 ], [ -1.07466, 37.674522 ], [ -1.085971, 37.675329 ], [ -1.097282, 37.676097 ], [ -1.108598, 37.676725 ], [ -1.119923, 37.676982 ], [ -1.131253, 37.677062 ], [ -1.142586, 37.677015 ], [ -1.15392, 37.676893 ], [ -1.165258, 37.676663 ], [ -1.1766, 37.67623 ], [ -1.187945, 37.675705 ], [ -1.19929, 37.675144 ], [ -1.210634, 37.674598 ], [ -1.22197, 37.67441 ], [ -1.233317, 37.673781 ], [ -1.244664, 37.673092 ], [ -1.256012, 37.672392 ], [ -1.265022, 37.671777 ], [ -1.267363, 37.671542 ], [ -1.278718, 37.670503 ], [ -1.290081, 37.6691 ], [ -1.301445, 37.667649 ], [ -1.312809, 37.666201 ], [ -1.324169, 37.664874 ], [ -1.335272, 37.663784 ], [ -1.335524, 37.663755 ], [ -1.346877, 37.662733 ], [ -1.358229, 37.661697 ], [ -1.369585, 37.660529 ], [ -1.38094, 37.65936 ], [ -1.392293, 37.658252 ], [ -1.403644, 37.657212 ], [ -1.414994, 37.656262 ], [ -1.418684, 37.655926 ], [ -1.426341, 37.655395 ], [ -1.437685, 37.654686 ], [ -1.449028, 37.654001 ], [ -1.460372, 37.65325 ], [ -1.471702, 37.653168 ], [ -1.483044, 37.652542 ], [ -1.494385, 37.651888 ], [ -1.505726, 37.651275 ], [ -1.51706, 37.650989 ], [ -1.528397, 37.650531 ], [ -1.539735, 37.650033 ], [ -1.551072, 37.649587 ], [ -1.562408, 37.649197 ], [ -1.573734, 37.649279 ], [ -1.585062, 37.649304 ], [ -1.596388, 37.649445 ], [ -1.607712, 37.649635 ], [ -1.619026, 37.650438 ], [ -1.630339, 37.651241 ], [ -1.641651, 37.652138 ], [ -1.65296, 37.653235 ], [ -1.664267, 37.654485 ], [ -1.675575, 37.655658 ], [ -1.686885, 37.656714 ], [ -1.698207, 37.657165 ], [ -1.709502, 37.659146 ], [ -1.720477, 37.659586 ], [ -1.720823, 37.659643 ], [ -1.732051, 37.665674 ], [ -1.743346, 37.667774 ], [ -1.754667, 37.668387 ], [ -1.765987, 37.669044 ], [ -1.766114, 37.669079 ], [ -1.777199, 37.676374 ], [ -1.788507, 37.677854 ], [ -1.791366, 37.678346 ], [ -1.799763, 37.682641 ], [ -1.811031, 37.686685 ], [ -1.814227, 37.687585 ], [ -1.822281, 37.692052 ], [ -1.833551, 37.69619 ], [ -1.834588, 37.696794 ], [ -1.844756, 37.704585 ], [ -1.847394, 37.705926 ], [ -1.856005, 37.71032 ], [ -1.862061, 37.715075 ], [ -1.867185, 37.720657 ], [ -1.870455, 37.724162 ], [ -1.878356, 37.731805 ], [ -1.879764, 37.733257 ], [ -1.886146, 37.742324 ], [ -1.889447, 37.748591 ], [ -1.891084, 37.751377 ], [ -1.894619, 37.760416 ], [ -1.898591, 37.76946 ], [ -1.900387, 37.775833 ], [ -1.900998, 37.778489 ], [ -1.901005, 37.787495 ], [ -1.901547, 37.796506 ], [ -1.903484, 37.80553 ], [ -1.901301, 37.814516 ], [ -1.900916, 37.823519 ], [ -1.902782, 37.832542 ], [ -1.899912, 37.841522 ], [ -1.899735, 37.850526 ], [ -1.899248, 37.85259 ], [ -1.89374, 37.859476 ], [ -1.890019, 37.868447 ], [ -1.888446, 37.877438 ], [ -1.88759, 37.886436 ], [ -1.887368, 37.887182 ], [ -1.881816, 37.895388 ], [ -1.877697, 37.904355 ], [ -1.875991, 37.913344 ], [ -1.875588, 37.914446 ], [ -1.872169, 37.922314 ], [ -1.867323, 37.931273 ], [ -1.864012, 37.940247 ], [ -1.863817, 37.940598 ], [ -1.857588, 37.949191 ], [ -1.853284, 37.958155 ], [ -1.852139, 37.960204 ], [ -1.84715, 37.967101 ], [ -1.842191, 37.976058 ], [ -1.840467, 37.979019 ], [ -1.835993, 37.985003 ], [ -1.830497, 37.993954 ], [ -1.828807, 37.99668 ], [ -1.823903, 38.002895 ], [ -1.818436, 38.011846 ], [ -1.817152, 38.013732 ], [ -1.811245, 38.020779 ], [ -1.80598, 38.029731 ], [ -1.805497, 38.030387 ], [ -1.798063, 38.038656 ], [ -1.793864, 38.045371 ], [ -1.792085, 38.047601 ], [ -1.7847, 38.056531 ], [ -1.782235, 38.059894 ], [ -1.777355, 38.06546 ], [ -1.771265, 38.074402 ], [ -1.770586, 38.075247 ], [ -1.762847, 38.08332 ], [ -1.758965, 38.088694 ], [ -1.755853, 38.092251 ], [ -1.748609, 38.10118 ], [ -1.74733, 38.102728 ], [ -1.740166, 38.110096 ], [ -1.735703, 38.115999 ], [ -1.732938, 38.119023 ], [ -1.725347, 38.127947 ], [ -1.724069, 38.129439 ], [ -1.716697, 38.136858 ], [ -1.712444, 38.14209 ], [ -1.708936, 38.145779 ], [ -1.701523, 38.154703 ], [ -1.700803, 38.155491 ], [ -1.692346, 38.163606 ], [ -1.689186, 38.167254 ], [ -1.684226, 38.172521 ], [ -1.677539, 38.180477 ], [ -1.676549, 38.18144 ], [ -1.667638, 38.190345 ], [ -1.665915, 38.192179 ], [ -1.65847, 38.199246 ], [ -1.654288, 38.20386 ], [ -1.649879, 38.208153 ], [ -1.642639, 38.216572 ], [ -1.642153, 38.217069 ], [ -1.632772, 38.225966 ], [ -1.631013, 38.227764 ], [ -1.623367, 38.234861 ], [ -1.619383, 38.239009 ], [ -1.614333, 38.24376 ], [ -1.607738, 38.250837 ], [ -1.605841, 38.252665 ], [ -1.596937, 38.261564 ], [ -1.596094, 38.262423 ], [ -1.587259, 38.270453 ], [ -1.584463, 38.273183 ], [ -1.577613, 38.279342 ], [ -1.572826, 38.28403 ], [ -1.568189, 38.288232 ], [ -1.561178, 38.295289 ], [ -1.559212, 38.297128 ], [ -1.550165, 38.306021 ], [ -1.549523, 38.306681 ], [ -1.540657, 38.314908 ], [ -1.537871, 38.317766 ], [ -1.531502, 38.323799 ], [ -1.526203, 38.32942 ], [ -1.522858, 38.332696 ], [ -1.514627, 38.341597 ], [ -1.514519, 38.341708 ], [ -1.505361, 38.350484 ], [ -1.502846, 38.353269 ], [ -1.496742, 38.359379 ], [ -1.491151, 38.365671 ], [ -1.488633, 38.36828 ], [ -1.480402, 38.377178 ], [ -1.47945, 38.378213 ], [ -1.471682, 38.38607 ], [ -1.467749, 38.390562 ], [ -1.463607, 38.394969 ], [ -1.456222, 38.403877 ], [ -1.456018, 38.404103 ], [ -1.447763, 38.412771 ], [ -1.444299, 38.416861 ], [ -1.439913, 38.421671 ], [ -1.432654, 38.430579 ], [ -1.432553, 38.430697 ], [ -1.424494, 38.439475 ], [ -1.420813, 38.444052 ], [ -1.417067, 38.448379 ], [ -1.410004, 38.457289 ], [ -1.409046, 38.458469 ], [ -1.402353, 38.466189 ], [ -1.397275, 38.472807 ], [ -1.3954, 38.475099 ], [ -1.388131, 38.484004 ], [ -1.385492, 38.48746 ], [ -1.381075, 38.492911 ], [ -1.374549, 38.501826 ], [ -1.373685, 38.502971 ], [ -1.36752, 38.510733 ], [ -1.36187, 38.518638 ], [ -1.361114, 38.519648 ], [ -1.354267, 38.528556 ], [ -1.350043, 38.534598 ], [ -1.347949, 38.537472 ], [ -1.341634, 38.546387 ], [ -1.338191, 38.551388 ], [ -1.33543, 38.555304 ], [ -1.329249, 38.56422 ], [ -1.326324, 38.568584 ], [ -1.323212, 38.573139 ], [ -1.317289, 38.582058 ], [ -1.314433, 38.586561 ], [ -1.31162, 38.590981 ], [ -1.305911, 38.599903 ], [ -1.302518, 38.605275 ], [ -1.300286, 38.608826 ], [ -1.294769, 38.61775 ], [ -1.290582, 38.624642 ], [ -1.289357, 38.626676 ], [ -1.284223, 38.635605 ], [ -1.278938, 38.644532 ], [ -1.278613, 38.645104 ], [ -1.273993, 38.653463 ], [ -1.268972, 38.662393 ], [ -1.26661, 38.666668 ], [ -1.264118, 38.671326 ], [ -1.259546, 38.680262 ], [ -1.254696, 38.689194 ], [ -1.254571, 38.689441 ], [ -1.250428, 38.698135 ], [ -1.245985, 38.707072 ], [ -1.24248, 38.713961 ], [ -1.241507, 38.716009 ], [ -1.237485, 38.724953 ], [ -1.23352, 38.733898 ], [ -1.23033, 38.740572 ], [ -1.229347, 38.742839 ], [ -1.225808, 38.751789 ], [ -1.222025, 38.760736 ], [ -1.218117, 38.769329 ], [ -1.217963, 38.769678 ], [ -1.214716, 38.778633 ], [ -1.211385, 38.787586 ], [ -1.207921, 38.796537 ], [ -1.205792, 38.802131 ], [ -1.204631, 38.805491 ], [ -1.201709, 38.81445 ], [ -1.199012, 38.823412 ], [ -1.19601, 38.83237 ], [ -1.193324, 38.8401 ], [ -1.192951, 38.841327 ], [ -1.190662, 38.850295 ], [ -1.188064, 38.859259 ], [ -1.185813, 38.868228 ], [ -1.183378, 38.877194 ], [ -1.180921, 38.88616 ], [ -1.180602, 38.8875 ], [ -1.179021, 38.895134 ], [ -1.177281, 38.904111 ], [ -1.175609, 38.913089 ], [ -1.173928, 38.922067 ], [ -1.172299, 38.931045 ], [ -1.170711, 38.940024 ], [ -1.169149, 38.949004 ], [ -1.167627, 38.957983 ], [ -1.167185, 38.961162 ], [ -1.166478, 38.966969 ], [ -1.165581, 38.975959 ], [ -1.164782, 38.98495 ], [ -1.164064, 38.993943 ], [ -1.163378, 39.002936 ], [ -1.162834, 39.011931 ], [ -1.162417, 39.020928 ], [ -1.162112, 39.029927 ], [ -1.161907, 39.038928 ], [ -1.161712, 39.047928 ], [ -1.161705, 39.056932 ], [ -1.161823, 39.065938 ], [ -1.162049, 39.074945 ], [ -1.162368, 39.083954 ], [ -1.162729, 39.092963 ], [ -1.163211, 39.101974 ], [ -1.163463, 39.105069 ], [ -1.16404, 39.110991 ], [ -1.165028, 39.12001 ], [ -1.1661, 39.129031 ], [ -1.167187, 39.138051 ], [ -1.168411, 39.147074 ], [ -1.169704, 39.156098 ], [ -1.17105, 39.165123 ], [ -1.172435, 39.174148 ], [ -1.17313, 39.178232 ], [ -1.174129, 39.183178 ], [ -1.176044, 39.192212 ], [ -1.177943, 39.201245 ], [ -1.179889, 39.210279 ], [ -1.181944, 39.219315 ], [ -1.18348, 39.225567 ], [ -1.184179, 39.228353 ], [ -1.18658, 39.237394 ], [ -1.189108, 39.246437 ], [ -1.191755, 39.255481 ], [ -1.194093, 39.263153 ], [ -1.194519, 39.264528 ], [ -1.197408, 39.273576 ], [ -1.200417, 39.282626 ], [ -1.203548, 39.291678 ], [ -1.204855, 39.295335 ], [ -1.206811, 39.300732 ], [ -1.210191, 39.309787 ], [ -1.213684, 39.318844 ], [ -1.215717, 39.323938 ], [ -1.217349, 39.327904 ], [ -1.221223, 39.336966 ], [ -1.225031, 39.346028 ], [ -1.226657, 39.349779 ], [ -1.229146, 39.355094 ], [ -1.233356, 39.364161 ], [ -1.237278, 39.373224 ], [ -1.237646, 39.373991 ], [ -1.241974, 39.382299 ], [ -1.246361, 39.391368 ], [ -1.248693, 39.396147 ], [ -1.250975, 39.400441 ], [ -1.255831, 39.409517 ], [ -1.259771, 39.417375 ], [ -1.260434, 39.41859 ], [ -1.265725, 39.427672 ], [ -1.27048, 39.436746 ], [ -1.270883, 39.437449 ], [ -1.276089, 39.445833 ], [ -1.281166, 39.454911 ], [ -1.282031, 39.456351 ], [ -1.286973, 39.464 ], [ -1.292282, 39.473081 ], [ -1.293202, 39.474552 ], [ -1.298357, 39.482174 ], [ -1.303871, 39.491258 ], [ -1.304395, 39.49206 ], [ -1.310246, 39.500354 ], [ -1.31561, 39.508865 ], [ -1.316002, 39.50944 ], [ -1.322613, 39.518539 ], [ -1.32685, 39.524875 ], [ -1.328841, 39.527632 ], [ -1.33543, 39.53673 ], [ -1.338104, 39.540516 ], [ -1.342144, 39.545829 ], [ -1.348592, 39.554924 ], [ -1.349367, 39.555955 ], [ -1.355855, 39.56403 ], [ -1.360656, 39.570537 ], [ -1.362709, 39.57313 ], [ -1.36988, 39.582234 ], [ -1.371954, 39.584889 ], [ -1.377334, 39.591342 ], [ -1.383263, 39.598983 ], [ -1.384472, 39.600445 ], [ -1.39215, 39.609554 ], [ -1.39459, 39.612507 ], [ -1.399991, 39.618666 ], [ -1.405924, 39.625916 ], [ -1.407546, 39.627773 ], [ -1.415496, 39.636885 ], [ -1.417271, 39.638915 ], [ -1.423781, 39.646 ], [ -1.428631, 39.651551 ], [ -1.431911, 39.655114 ], [ -1.43987, 39.664224 ], [ -1.439991, 39.664355 ], [ -1.448676, 39.673345 ], [ -1.451375, 39.676266 ], [ -1.457367, 39.682464 ], [ -1.462762, 39.688247 ], [ -1.466009, 39.691582 ], [ -1.474152, 39.700265 ], [ -1.474575, 39.700698 ], [ -1.483736, 39.709821 ], [ -1.485559, 39.711666 ], [ -1.493034, 39.718945 ], [ -1.496973, 39.722897 ], [ -1.502322, 39.728068 ], [ -1.508392, 39.734061 ], [ -1.511671, 39.737191 ], [ -1.519817, 39.745162 ], [ -1.521033, 39.746314 ], [ -1.530591, 39.755439 ], [ -1.531249, 39.756061 ], [ -1.54048, 39.764566 ], [ -1.542692, 39.766657 ], [ -1.550337, 39.773693 ], [ -1.554137, 39.777252 ], [ -1.560224, 39.782819 ], [ -1.565587, 39.787814 ], [ -1.570132, 39.791945 ], [ -1.577042, 39.798342 ], [ -1.580061, 39.80107 ], [ -1.5885, 39.808836 ], [ -1.590009, 39.810194 ], [ -1.599963, 39.81926 ], [ -1.600029, 39.819318 ], [ -1.610414, 39.828446 ], [ -1.611436, 39.829351 ], [ -1.620898, 39.837574 ], [ -1.622915, 39.839345 ], [ -1.631444, 39.846702 ], [ -1.634398, 39.849282 ], [ -1.642027, 39.85583 ], [ -1.645885, 39.859157 ], [ -1.652701, 39.864957 ], [ -1.657378, 39.868956 ], [ -1.663458, 39.874085 ], [ -1.668875, 39.878677 ], [ -1.674296, 39.883212 ], [ -1.680376, 39.888368 ], [ -1.685158, 39.892339 ], [ -1.691883, 39.897886 ], [ -1.696231, 39.901467 ], [ -1.703394, 39.90736 ], [ -1.70736, 39.910594 ], [ -1.71491, 39.916747 ], [ -1.718592, 39.919722 ], [ -1.726431, 39.926049 ], [ -1.72993, 39.92885 ], [ -1.737956, 39.935267 ], [ -1.741372, 39.937977 ], [ -1.749487, 39.944385 ], [ -1.752943, 39.947105 ], [ -1.761022, 39.953421 ], [ -1.764631, 39.956233 ], [ -1.772561, 39.962373 ], [ -1.776433, 39.965361 ], [ -1.784105, 39.971254 ], [ -1.788336, 39.974489 ], [ -1.795653, 39.980033 ], [ -1.800376, 39.983618 ], [ -1.807205, 39.988743 ], [ -1.812529, 39.992746 ], [ -1.818762, 39.997379 ], [ -1.824795, 40.001874 ], [ -1.830323, 40.005947 ], [ -1.837169, 40.011001 ], [ -1.841887, 40.014451 ], [ -1.849626, 40.020128 ], [ -1.853456, 40.022895 ], [ -1.862204, 40.029256 ], [ -1.865028, 40.031278 ], [ -1.874883, 40.038382 ], [ -1.876605, 40.039606 ], [ -1.887659, 40.047508 ], [ -1.888184, 40.047879 ], [ -1.89977, 40.055956 ], [ -1.900744, 40.056636 ], [ -1.911361, 40.063889 ], [ -1.91407, 40.065765 ], [ -1.922955, 40.071789 ], [ -1.927471, 40.074892 ], [ -1.934552, 40.079657 ], [ -1.940951, 40.084019 ], [ -1.946152, 40.087507 ], [ -1.954454, 40.093145 ], [ -1.957755, 40.095333 ], [ -1.968039, 40.102269 ], [ -1.969361, 40.10314 ], [ -1.980972, 40.11078 ], [ -1.981913, 40.111395 ], [ -1.992589, 40.118195 ], [ -1.996174, 40.120522 ], [ -2.004209, 40.12562 ], [ -2.010426, 40.129648 ], [ -2.015831, 40.133053 ], [ -2.024698, 40.138772 ], [ -2.027455, 40.140501 ], [ -2.038978, 40.147894 ], [ -2.039081, 40.147958 ], [ -2.050716, 40.155007 ], [ -2.05397, 40.15702 ], [ -2.062353, 40.162065 ], [ -2.068925, 40.166144 ], [ -2.073992, 40.169188 ], [ -2.083807, 40.175265 ], [ -2.085632, 40.176361 ], [ -2.097277, 40.183333 ], [ -2.099043, 40.184388 ], [ -2.108928, 40.190103 ], [ -2.114641, 40.193511 ], [ -2.12058, 40.196935 ], [ -2.130097, 40.202631 ], [ -2.132233, 40.203864 ], [ -2.143891, 40.210592 ], [ -2.145901, 40.211751 ], [ -2.155554, 40.21711 ], [ -2.162077, 40.220872 ], [ -2.167218, 40.22374 ], [ -2.177986, 40.229989 ], [ -2.178882, 40.230489 ], [ -2.190554, 40.236816 ], [ -2.194652, 40.239109 ], [ -2.202228, 40.243177 ], [ -2.211211, 40.248226 ], [ -2.213902, 40.24968 ], [ -2.225579, 40.256082 ], [ -2.22803, 40.257342 ], [ -2.237263, 40.262124 ], [ -2.245192, 40.266458 ], [ -2.248946, 40.268422 ], [ -2.260632, 40.27466 ], [ -2.262366, 40.275571 ], [ -2.272324, 40.280574 ], [ -2.280075, 40.284685 ], [ -2.284015, 40.28669 ], [ -2.295709, 40.292763 ], [ -2.297724, 40.293796 ], [ -2.307408, 40.298519 ], [ -2.31586, 40.302908 ], [ -2.319107, 40.304517 ], [ -2.33081, 40.310338 ], [ -2.334177, 40.312017 ], [ -2.342516, 40.315985 ], [ -2.352603, 40.321124 ], [ -2.354222, 40.321908 ], [ -2.365933, 40.327412 ], [ -2.371665, 40.330232 ], [ -2.377646, 40.333025 ], [ -2.389359, 40.338772 ], [ -2.390549, 40.339336 ], [ -2.401079, 40.344061 ], [ -2.41011, 40.34844 ], [ -2.412797, 40.349674 ], [ -2.42452, 40.354987 ], [ -2.429956, 40.357542 ], [ -2.436244, 40.360332 ], [ -2.447969, 40.365804 ], [ -2.449815, 40.366641 ], [ -2.4597, 40.370866 ], [ -2.47013, 40.375738 ], [ -2.471429, 40.376311 ], [ -2.483164, 40.381254 ], [ -2.49104, 40.384835 ], [ -2.494898, 40.386484 ], [ -2.506636, 40.391499 ], [ -2.512149, 40.393928 ], [ -2.518375, 40.396593 ], [ -2.530116, 40.401579 ], [ -2.533475, 40.403019 ], [ -2.541861, 40.406377 ], [ -2.553605, 40.411472 ], [ -2.555129, 40.412107 ], [ -2.565354, 40.416084 ], [ -2.577102, 40.421184 ], [ -2.577121, 40.421192 ], [ -2.588855, 40.425617 ], [ -2.599785, 40.430275 ], [ -2.600607, 40.430602 ], [ -2.612364, 40.434978 ], [ -2.622842, 40.439355 ], [ -2.62412, 40.439853 ], [ -2.63588, 40.444162 ], [ -2.646317, 40.448432 ], [ -2.64764, 40.448937 ], [ -2.659404, 40.453157 ], [ -2.670159, 40.457505 ], [ -2.671167, 40.457883 ], [ -2.682935, 40.461992 ], [ -2.694442, 40.466574 ], [ -2.694701, 40.46667 ], [ -2.706472, 40.470659 ], [ -2.718242, 40.475229 ], [ -2.719463, 40.47564 ], [ -2.730016, 40.47916 ], [ -2.74179, 40.483517 ], [ -2.74507, 40.484701 ], [ -2.753567, 40.487522 ], [ -2.765345, 40.491686 ], [ -2.771123, 40.493758 ], [ -2.777124, 40.495823 ], [ -2.788905, 40.499697 ], [ -2.797551, 40.50281 ], [ -2.800687, 40.503846 ], [ -2.812472, 40.507586 ], [ -2.824256, 40.511814 ], [ -2.824386, 40.511856 ], [ -2.836044, 40.515363 ], [ -2.847832, 40.519326 ], [ -2.852564, 40.520898 ], [ -2.859622, 40.523041 ], [ -2.871413, 40.526729 ], [ -2.880876, 40.529933 ], [ -2.883205, 40.530654 ], [ -2.895, 40.534075 ], [ -2.906795, 40.537914 ], [ -2.910154, 40.538962 ], [ -2.918591, 40.541358 ], [ -2.930389, 40.544884 ], [ -2.939995, 40.547984 ], [ -2.942188, 40.548628 ], [ -2.953989, 40.55185 ], [ -2.965791, 40.555446 ], [ -2.970949, 40.556998 ], [ -2.977593, 40.558869 ], [ -2.989398, 40.562066 ], [ -3.001203, 40.565701 ], [ -3.002273, 40.566004 ], [ -3.013009, 40.568744 ], [ -3.024817, 40.572 ], [ -3.034884, 40.575001 ], [ -3.036626, 40.575472 ], [ -3.048435, 40.578423 ], [ -3.060246, 40.581613 ], [ -3.068586, 40.583988 ], [ -3.072058, 40.584879 ], [ -3.083871, 40.58774 ], [ -3.095685, 40.590894 ], [ -3.103259, 40.592965 ], [ -3.107501, 40.594009 ], [ -3.119316, 40.596788 ], [ -3.131133, 40.59984 ], [ -3.139001, 40.60193 ], [ -3.142952, 40.60287 ], [ -3.15477, 40.605535 ], [ -3.16659, 40.608454 ], [ -3.175928, 40.610882 ], [ -3.178412, 40.611461 ], [ -3.190233, 40.613991 ], [ -3.202055, 40.616754 ], [ -3.21388, 40.619778 ], [ -3.214063, 40.61982 ], [ -3.225703, 40.622186 ], [ -3.237528, 40.624767 ], [ -3.249355, 40.627583 ], [ -3.2544, 40.62874 ], [ -3.261181, 40.630125 ], [ -3.273008, 40.632519 ], [ -3.284837, 40.635111 ], [ -3.295596, 40.637644 ], [ -3.296667, 40.637868 ], [ -3.308496, 40.640058 ], [ -3.320326, 40.642419 ], [ -3.332158, 40.644978 ], [ -3.339356, 40.646526 ], [ -3.34399, 40.647408 ], [ -3.355822, 40.649542 ], [ -3.367655, 40.651833 ], [ -3.37949, 40.654301 ], [ -3.384881, 40.655385 ], [ -3.391324, 40.656531 ], [ -3.403158, 40.658569 ], [ -3.414994, 40.660748 ], [ -3.426831, 40.663095 ], [ -3.432667, 40.664218 ], [ -3.438668, 40.665235 ], [ -3.450504, 40.66715 ], [ -3.462342, 40.669189 ], [ -3.474182, 40.671361 ], [ -3.483125, 40.67302 ], [ -3.486021, 40.673492 ], [ -3.497859, 40.67524 ], [ -3.509698, 40.677082 ], [ -3.521539, 40.67903 ], [ -3.533381, 40.681094 ], [ -3.537622, 40.681782 ], [ -3.545221, 40.682861 ], [ -3.557061, 40.684486 ], [ -3.568903, 40.686203 ], [ -3.580745, 40.688003 ], [ -3.592589, 40.689895 ], [ -3.596627, 40.690494 ], [ -3.604431, 40.691502 ], [ -3.616273, 40.692972 ], [ -3.628115, 40.694508 ], [ -3.639959, 40.696113 ], [ -3.651804, 40.697782 ], [ -3.661312, 40.699144 ], [ -3.66365, 40.699435 ], [ -3.675492, 40.700716 ], [ -3.687335, 40.702041 ], [ -3.699179, 40.703412 ], [ -3.711024, 40.704837 ], [ -3.72287, 40.706302 ], [ -3.733903, 40.707707 ], [ -3.734717, 40.707797 ], [ -3.74656, 40.708908 ], [ -3.758404, 40.710039 ], [ -3.770248, 40.711197 ], [ -3.782095, 40.712529 ], [ -3.79394, 40.713603 ], [ -3.805786, 40.714841 ], [ -3.817634, 40.716105 ], [ -3.81805, 40.716143 ], [ -3.829478, 40.717048 ], [ -3.841322, 40.71797 ], [ -3.853166, 40.718903 ], [ -3.865011, 40.719855 ], [ -3.876856, 40.720811 ], [ -3.888702, 40.721771 ], [ -3.900548, 40.722737 ], [ -3.912395, 40.723709 ], [ -3.920758, 40.724372 ], [ -3.924241, 40.724608 ], [ -3.936084, 40.72531 ], [ -3.947928, 40.725986 ], [ -3.959771, 40.726671 ], [ -3.971615, 40.727347 ], [ -3.983459, 40.728014 ], [ -3.995303, 40.728674 ], [ -4.007147, 40.729326 ], [ -4.018993, 40.730105 ], [ -4.030836, 40.730599 ], [ -4.04268, 40.731208 ], [ -4.054524, 40.731801 ], [ -4.062083, 40.732159 ], [ -4.066367, 40.732332 ], [ -4.078208, 40.732716 ], [ -4.090049, 40.733085 ], [ -4.10189, 40.733444 ], [ -4.113731, 40.733786 ], [ -4.125571, 40.734105 ], [ -4.137412, 40.734402 ], [ -4.149252, 40.734679 ], [ -4.161091, 40.734933 ], [ -4.172931, 40.735167 ], [ -4.18477, 40.735397 ], [ -4.196609, 40.735585 ], [ -4.208447, 40.735747 ], [ -4.220285, 40.735884 ], [ -4.232123, 40.735996 ], [ -4.24396, 40.736083 ], [ -4.255797, 40.736146 ], [ -4.267633, 40.736197 ], [ -4.279469, 40.736204 ], [ -4.291304, 40.736182 ], [ -4.303138, 40.736134 ], [ -4.314972, 40.736059 ], [ -4.326806, 40.735959 ], [ -4.338642, 40.73601 ], [ -4.350471, 40.735693 ], [ -4.362303, 40.735509 ], [ -4.374134, 40.735297 ], [ -4.385964, 40.73506 ], [ -4.397793, 40.734797 ], [ -4.409623, 40.73451 ], [ -4.421455, 40.734392 ], [ -4.433279, 40.733883 ], [ -4.445106, 40.73352 ], [ -4.456933, 40.733131 ], [ -4.468758, 40.732718 ], [ -4.480583, 40.732282 ], [ -4.492408, 40.731826 ], [ -4.504234, 40.731441 ], [ -4.516055, 40.730878 ], [ -4.527878, 40.730357 ], [ -4.5397, 40.729813 ], [ -4.551521, 40.729249 ], [ -4.563341, 40.728665 ], [ -4.575161, 40.728063 ], [ -4.586982, 40.727528 ], [ -4.598798, 40.726812 ], [ -4.610616, 40.726157 ], [ -4.6183, 40.7257 ], [ -4.622432, 40.725438 ], [ -4.634246, 40.724643 ], [ -4.646059, 40.723831 ], [ -4.657871, 40.723004 ], [ -4.669685, 40.722218 ], [ -4.681496, 40.72136 ], [ -4.693307, 40.720514 ], [ -4.705117, 40.71965 ], [ -4.716927, 40.718767 ], [ -4.728735, 40.717863 ], [ -4.740543, 40.716935 ], [ -4.752349, 40.71598 ], [ -4.764155, 40.714989 ], [ -4.770174, 40.714469 ], [ -4.775959, 40.713968 ], [ -4.787762, 40.712919 ], [ -4.799564, 40.711848 ], [ -4.811365, 40.710754 ], [ -4.823165, 40.709639 ], [ -4.834964, 40.708505 ], [ -4.846763, 40.707354 ], [ -4.85856, 40.706176 ], [ -4.870356, 40.704973 ], [ -4.882151, 40.703746 ], [ -4.882713, 40.703687 ], [ -4.893944, 40.702495 ], [ -4.905737, 40.701225 ], [ -4.917529, 40.699935 ], [ -4.92932, 40.69863 ], [ -4.941109, 40.697301 ], [ -4.952898, 40.695945 ], [ -4.964685, 40.694565 ], [ -4.976471, 40.693164 ], [ -4.976915, 40.69311 ], [ -4.988256, 40.691739 ], [ -5.00004, 40.690297 ], [ -5.011822, 40.688837 ], [ -5.023604, 40.68736 ], [ -5.035384, 40.685856 ], [ -5.047163, 40.684326 ], [ -5.058941, 40.682774 ], [ -5.059799, 40.682659 ], [ -5.070718, 40.681202 ], [ -5.082493, 40.679609 ], [ -5.094267, 40.677996 ], [ -5.106042, 40.676411 ], [ -5.117814, 40.674753 ], [ -5.129584, 40.67306 ], [ -5.13488, 40.672293 ], [ -5.141353, 40.671367 ], [ -5.153121, 40.669666 ], [ -5.164888, 40.667936 ], [ -5.176654, 40.666179 ], [ -5.188418, 40.664412 ], [ -5.20018, 40.662593 ], [ -5.204044, 40.661992 ], [ -5.211942, 40.660787 ], [ -5.223702, 40.658961 ], [ -5.235461, 40.657096 ], [ -5.247218, 40.655203 ], [ -5.258974, 40.65329 ], [ -5.26843, 40.651743 ], [ -5.270728, 40.651368 ], [ -5.282482, 40.649437 ], [ -5.294234, 40.647481 ], [ -5.305985, 40.645502 ], [ -5.317734, 40.643499 ], [ -5.329157, 40.641533 ], [ -5.329482, 40.641477 ], [ -5.341228, 40.63944 ], [ -5.352973, 40.637386 ], [ -5.364717, 40.635318 ], [ -5.37646, 40.633244 ], [ -5.386918, 40.631352 ], [ -5.3882, 40.631122 ], [ -5.399942, 40.629041 ], [ -5.411681, 40.62693 ], [ -5.423418, 40.624766 ], [ -5.435151, 40.622519 ], [ -5.441997, 40.621199 ], [ -5.446884, 40.620303 ], [ -5.458621, 40.618216 ], [ -5.470353, 40.616006 ], [ -5.48208, 40.613675 ], [ -5.493801, 40.611217 ], [ -5.494526, 40.611074 ], [ -5.505532, 40.609061 ], [ -5.517259, 40.606808 ], [ -5.528981, 40.604439 ], [ -5.540698, 40.601949 ], [ -5.545481, 40.600961 ], [ -5.55242, 40.599632 ], [ -5.564143, 40.597364 ], [ -5.57586, 40.594948 ], [ -5.58757, 40.592371 ], [ -5.594418, 40.59087 ], [ -5.599282, 40.589891 ], [ -5.611, 40.587562 ], [ -5.622711, 40.585086 ], [ -5.634415, 40.582452 ], [ -5.641757, 40.580796 ], [ -5.646121, 40.579892 ], [ -5.657833, 40.577524 ], [ -5.669538, 40.574975 ], [ -5.681233, 40.572226 ], [ -5.68763, 40.570736 ], [ -5.692934, 40.569614 ], [ -5.704639, 40.567155 ], [ -5.716336, 40.564513 ], [ -5.728022, 40.561627 ], [ -5.732269, 40.560688 ], [ -5.739723, 40.55911 ], [ -5.751421, 40.556577 ], [ -5.76311, 40.553807 ], [ -5.774786, 40.550776 ], [ -5.775276, 40.550661 ], [ -5.786484, 40.548304 ], [ -5.798174, 40.545629 ], [ -5.809852, 40.542708 ], [ -5.817972, 40.540626 ], [ -5.821529, 40.53981 ], [ -5.83322, 40.537245 ], [ -5.844899, 40.53441 ], [ -5.856563, 40.531261 ], [ -5.859154, 40.530613 ], [ -5.868247, 40.528594 ], [ -5.879925, 40.525835 ], [ -5.891591, 40.522782 ], [ -5.899673, 40.520602 ], [ -5.903255, 40.519742 ], [ -5.914937, 40.517111 ], [ -5.926602, 40.514138 ], [ -5.938249, 40.51077 ], [ -5.938873, 40.51061 ], [ -5.949928, 40.508137 ], [ -5.961592, 40.505218 ], [ -5.973239, 40.501921 ], [ -5.97806, 40.500605 ], [ -5.984901, 40.498971 ], [ -5.996565, 40.496106 ], [ -6.00821, 40.492843 ], [ -6.016101, 40.490618 ], [ -6.019858, 40.48967 ], [ -6.031521, 40.486852 ], [ -6.043165, 40.483643 ], [ -6.05315, 40.480643 ], [ -6.054798, 40.48021 ], [ -6.066458, 40.477402 ], [ -6.0781, 40.474213 ], [ -6.089452, 40.470677 ], [ -6.089722, 40.470604 ], [ -6.101381, 40.467832 ], [ -6.113019, 40.464641 ], [ -6.124631, 40.460913 ], [ -6.125344, 40.460711 ], [ -6.136282, 40.458035 ], [ -6.147915, 40.454798 ], [ -6.159523, 40.451048 ], [ -6.160555, 40.450753 ], [ -6.171168, 40.44813 ], [ -6.182799, 40.444926 ], [ -6.194405, 40.441211 ], [ -6.1961, 40.440774 ], [ -6.20605, 40.43835 ], [ -6.217681, 40.435221 ], [ -6.229288, 40.431598 ], [ -6.232164, 40.43077 ], [ -6.240923, 40.428605 ], [ -6.252554, 40.425533 ], [ -6.264161, 40.421987 ], [ -6.268417, 40.42075 ], [ -6.275789, 40.418909 ], [ -6.28742, 40.41591 ], [ -6.299027, 40.412452 ], [ -6.30492, 40.410711 ], [ -6.310646, 40.409258 ], [ -6.322277, 40.406332 ], [ -6.333886, 40.402976 ], [ -6.341599, 40.400655 ], [ -6.345495, 40.399646 ], [ -6.357128, 40.396806 ], [ -6.368739, 40.393556 ], [ -6.378407, 40.390584 ], [ -6.380337, 40.390076 ], [ -6.39197, 40.387311 ], [ -6.403583, 40.384179 ], [ -6.415172, 40.38059 ], [ -6.415535, 40.380492 ], [ -6.426805, 40.377879 ], [ -6.438421, 40.374865 ], [ -6.450014, 40.371424 ], [ -6.453805, 40.370354 ], [ -6.461631, 40.368459 ], [ -6.473249, 40.36555 ], [ -6.484848, 40.36229 ], [ -6.492119, 40.360202 ], [ -6.496451, 40.359116 ], [ -6.508073, 40.356335 ], [ -6.519676, 40.353223 ], [ -6.530403, 40.350039 ], [ -6.531263, 40.349815 ], [ -6.542885, 40.347085 ], [ -6.554492, 40.344111 ], [ -6.566083, 40.34084 ], [ -6.569863, 40.339826 ], [ -6.577694, 40.337958 ], [ -6.589306, 40.335127 ], [ -6.600902, 40.332018 ], [ -6.609599, 40.329592 ], [ -6.612495, 40.328871 ], [ -6.624109, 40.326126 ], [ -6.635711, 40.32318 ], [ -6.647298, 40.319989 ], [ -6.649865, 40.319327 ], [ -6.658908, 40.317222 ], [ -6.670515, 40.314428 ], [ -6.682108, 40.311408 ], [ -6.690964, 40.309021 ], [ -6.693699, 40.308352 ], [ -6.705309, 40.305664 ], [ -6.716909, 40.302813 ], [ -6.728497, 40.299773 ], [ -6.732825, 40.298677 ], [ -6.740099, 40.296992 ], [ -6.751705, 40.294299 ], [ -6.7633, 40.291429 ], [ -6.774883, 40.288364 ], [ -6.775137, 40.288302 ], [ -6.78649, 40.28576 ], [ -6.798091, 40.28305 ], [ -6.809684, 40.280212 ], [ -6.819041, 40.27786 ], [ -6.821273, 40.277338 ], [ -6.83288, 40.274776 ], [ -6.844475, 40.272029 ], [ -6.856067, 40.269252 ], [ -6.863907, 40.267369 ], [ -6.86766, 40.266515 ], [ -6.879264, 40.263965 ], [ -6.890862, 40.261336 ], [ -6.902454, 40.258621 ], [ -6.910147, 40.256814 ], [ -6.914046, 40.255933 ], [ -6.925648, 40.25341 ], [ -6.937246, 40.250848 ], [ -6.94884, 40.248246 ], [ -6.957978, 40.246186 ], [ -6.960435, 40.245652 ], [ -6.972036, 40.243182 ], [ -6.983635, 40.240698 ], [ -6.995232, 40.238203 ], [ -7.006828, 40.235693 ], [ -7.00791, 40.235466 ], [ -7.018431, 40.233311 ], [ -7.03003, 40.230894 ], [ -7.04163, 40.228504 ], [ -7.053231, 40.226125 ], [ -7.060632, 40.224626 ], [ -7.064832, 40.223785 ], [ -7.076437, 40.221504 ], [ -7.088041, 40.21924 ], [ -7.099641, 40.216911 ], [ -7.111247, 40.214697 ], [ -7.116879, 40.213637 ], [ -7.122853, 40.212504 ], [ -7.134461, 40.210334 ], [ -7.146068, 40.208178 ], [ -7.157677, 40.206068 ], [ -7.16929, 40.204026 ], [ -7.17863, 40.202421 ], [ -7.180904, 40.202023 ], [ -7.192517, 40.200004 ], [ -7.204129, 40.197998 ], [ -7.215747, 40.196073 ], [ -7.227367, 40.194216 ], [ -7.238991, 40.192425 ], [ -7.249638, 40.190833 ], [ -7.250618, 40.19068 ], [ -7.262239, 40.188875 ], [ -7.273865, 40.187141 ], [ -7.285496, 40.185498 ], [ -7.297126, 40.183846 ], [ -7.308764, 40.182339 ], [ -7.320404, 40.180865 ], [ -7.33205, 40.179503 ], [ -7.343709, 40.178341 ], [ -7.344019, 40.178325 ], [ -7.355402, 40.177725 ], [ -7.367083, 40.176922 ], [ -7.378778, 40.176346 ], [ -7.390508, 40.176298 ], [ -7.402189, 40.175512 ], [ -7.413877, 40.174835 ], [ -7.42559, 40.174544 ], [ -7.437282, 40.173924 ], [ -7.44897, 40.173264 ], [ -7.460684, 40.173 ], [ -7.472391, 40.172628 ], [ -7.484094, 40.172191 ], [ -7.495785, 40.171579 ], [ -7.507519, 40.171622 ], [ -7.519235, 40.171399 ], [ -7.530938, 40.170981 ], [ -7.532594, 40.171081 ], [ -7.542841, 40.17356 ], [ -7.55476, 40.17636 ], [ -7.566567, 40.177477 ], [ -7.578338, 40.178055 ], [ -7.579609, 40.178225 ], [ -7.590283, 40.181199 ], [ -7.60229, 40.185251 ], [ -7.607337, 40.186121 ], [ -7.614215, 40.188083 ], [ -7.626336, 40.193773 ], [ -7.627384, 40.194318 ], [ -7.638584, 40.201282 ], [ -7.640576, 40.202786 ], [ -7.650986, 40.211009 ], [ -7.651316, 40.211352 ], [ -7.656942, 40.220124 ], [ -7.66179, 40.228926 ], [ -7.664519, 40.237134 ], [ -7.664709, 40.237806 ], [ -7.665242, 40.246782 ], [ -7.665473, 40.251003 ], [ -7.665546, 40.255768 ], [ -7.666123, 40.260442 ], [ -7.666496, 40.264727 ], [ -7.667593, 40.273681 ], [ -7.668909, 40.282626 ], [ -7.670748, 40.291549 ], [ -7.679646, 40.300186 ], [ -7.681183, 40.30839 ], [ -7.681248, 40.309119 ], [ -7.684872, 40.31797 ], [ -7.694014, 40.326596 ], [ -7.694218, 40.326846 ], [ -7.700392, 40.335335 ], [ -7.705884, 40.344109 ], [ -7.707313, 40.346055 ], [ -7.712754, 40.352826 ], [ -7.719324, 40.361555 ], [ -7.720234, 40.362651 ], [ -7.727321, 40.370226 ], [ -7.73299, 40.376801 ], [ -7.735018, 40.378908 ], [ -7.743629, 40.387552 ], [ -7.745656, 40.389604 ], [ -7.753007, 40.396163 ], [ -7.758242, 40.401185 ], [ -7.762407, 40.404773 ], [ -7.77081, 40.412456 ], [ -7.771924, 40.413378 ], [ -7.782493, 40.421937 ], [ -7.7833, 40.42257 ], [ -7.793969, 40.430459 ], [ -7.795729, 40.431755 ], [ -7.805815, 40.438963 ], [ -7.808137, 40.440613 ], [ -7.818066, 40.447449 ], [ -7.82052, 40.449082 ], [ -7.830798, 40.455914 ], [ -7.832886, 40.45725 ], [ -7.843855, 40.464364 ], [ -7.84524, 40.465223 ], [ -7.857247, 40.472798 ], [ -7.857583, 40.472994 ], [ -7.86985, 40.479688 ], [ -7.87241, 40.481156 ], [ -7.882099, 40.486086 ], [ -7.888104, 40.489489 ], [ -7.894362, 40.492643 ], [ -7.903539, 40.49783 ], [ -7.90664, 40.499383 ], [ -7.918658, 40.506184 ], [ -7.918936, 40.506323 ], [ -7.931102, 40.511472 ], [ -7.936867, 40.514402 ], [ -7.943314, 40.517207 ], [ -7.953729, 40.522676 ], [ -7.95557, 40.523508 ], [ -7.967754, 40.528817 ], [ -7.972154, 40.53088 ], [ -7.979921, 40.533868 ], [ -7.990459, 40.539086 ], [ -7.992157, 40.539809 ], [ -8.0043, 40.544494 ], [ -8.010396, 40.547218 ], [ -8.016466, 40.549448 ], [ -8.028695, 40.555216 ], [ -8.029151, 40.555398 ], [ -8.040784, 40.559104 ], [ -8.050559, 40.563459 ], [ -8.052977, 40.564356 ], [ -8.065091, 40.568526 ], [ -8.072266, 40.571502 ], [ -8.077248, 40.573245 ], [ -8.089393, 40.577792 ], [ -8.093995, 40.57954 ], [ -8.101507, 40.581896 ], [ -8.113671, 40.586643 ], [ -8.116215, 40.587552 ], [ -8.12575, 40.590266 ], [ -8.137921, 40.595065 ], [ -8.139269, 40.595523 ], [ -8.149981, 40.598397 ], [ -8.16215, 40.603115 ], [ -8.163177, 40.603451 ], [ -8.17421, 40.606416 ], [ -8.186353, 40.610776 ], [ -8.18809, 40.611328 ], [ -8.19842, 40.61413 ], [ -8.210544, 40.618197 ], [ -8.213657, 40.61917 ], [ -8.222624, 40.621684 ], [ -8.234726, 40.625435 ], [ -8.239762, 40.626982 ], [ -8.246807, 40.628908 ], [ -8.258883, 40.632288 ], [ -8.266819, 40.634744 ], [ -8.270986, 40.636015 ], [ -8.283053, 40.639251 ], [ -8.294321, 40.642479 ], [ -8.295138, 40.642706 ], [ -8.307194, 40.645792 ], [ -8.319262, 40.649001 ], [ -8.323597, 40.650126 ], [ -8.331321, 40.65208 ], [ -8.343374, 40.655076 ], [ -8.353817, 40.657721 ], [ -8.355431, 40.658115 ], [ -8.36747, 40.660911 ], [ -8.379524, 40.663878 ], [ -8.385364, 40.665246 ], [ -8.391566, 40.666679 ], [ -8.403602, 40.669402 ], [ -8.415641, 40.672147 ], [ -8.418173, 40.672703 ], [ -8.427672, 40.674791 ], [ -8.439701, 40.677388 ], [ -8.451728, 40.679951 ], [ -8.452365, 40.680084 ], [ -8.463753, 40.682487 ], [ -8.475774, 40.684951 ], [ -8.48779, 40.687349 ], [ -8.487985, 40.687387 ], [ -8.499809, 40.689775 ], [ -8.511822, 40.692116 ], [ -8.523829, 40.69437 ], [ -8.525096, 40.694608 ], [ -8.535841, 40.696684 ], [ -8.547848, 40.698915 ], [ -8.559846, 40.701049 ], [ -8.563761, 40.701741 ], [ -8.571848, 40.703207 ], [ -8.583851, 40.705369 ], [ -8.595844, 40.707407 ], [ -8.60416, 40.708776 ], [ -8.607835, 40.709405 ], [ -8.619831, 40.711464 ], [ -8.631822, 40.713455 ], [ -8.643803, 40.715308 ], [ -8.646358, 40.715709 ], [ -8.655792, 40.717261 ], [ -8.667778, 40.719166 ], [ -8.679758, 40.720993 ], [ -8.690533, 40.722528 ], [ -8.69173, 40.722709 ], [ -8.703715, 40.72459 ], [ -8.715689, 40.72632 ], [ -8.727662, 40.728039 ], [ -8.736616, 40.729235 ], [ -8.739628, 40.729666 ], [ -8.751606, 40.731427 ], [ -8.763576, 40.733079 ], [ -8.775537, 40.734629 ], [ -8.785011, 40.735807 ], [ -8.787495, 40.736138 ], [ -8.799466, 40.737792 ], [ -8.811428, 40.739341 ], [ -8.823383, 40.740801 ], [ -8.835332, 40.742177 ], [ -8.835823, 40.742235 ], [ -8.84729, 40.743661 ], [ -8.859242, 40.745069 ], [ -8.871193, 40.746459 ], [ -8.883143, 40.747836 ], [ -8.889135, 40.748513 ], [ -8.895092, 40.74919 ], [ -8.90704, 40.750525 ], [ -8.918986, 40.751839 ], [ -8.93093, 40.753126 ], [ -8.942872, 40.754388 ], [ -8.945157, 40.754625 ], [ -8.954813, 40.755634 ], [ -8.966753, 40.756859 ], [ -8.978691, 40.758062 ], [ -8.990628, 40.759243 ], [ -9.002563, 40.760398 ], [ -9.004192, 40.760553 ], [ -9.014497, 40.761539 ], [ -9.026429, 40.762661 ], [ -9.03836, 40.763762 ], [ -9.05029, 40.764841 ], [ -9.062217, 40.765899 ], [ -9.066535, 40.766275 ], [ -9.074144, 40.766943 ], [ -9.08607, 40.767969 ], [ -9.097994, 40.768975 ], [ -9.109916, 40.76996 ], [ -9.121837, 40.770926 ], [ -9.132481, 40.771771 ], [ -9.133757, 40.771873 ], [ -9.145676, 40.772809 ], [ -9.157593, 40.773725 ], [ -9.169509, 40.774624 ], [ -9.181423, 40.775504 ], [ -9.193337, 40.776373 ], [ -9.20243, 40.777013 ], [ -9.205249, 40.777219 ], [ -9.217166, 40.778117 ], [ -9.229083, 40.779008 ], [ -9.240996, 40.77986 ], [ -9.2529, 40.780611 ], [ -9.264797, 40.781285 ], [ -9.276694, 40.781951 ], [ -9.276907, 40.781964 ], [ -9.2886, 40.782714 ], [ -9.3005, 40.783416 ], [ -9.3124, 40.784113 ], [ -9.3243, 40.784802 ], [ -9.336198, 40.785476 ], [ -9.348095, 40.786133 ], [ -9.35648, 40.786584 ], [ -9.35999, 40.786775 ], [ -9.371887, 40.787425 ], [ -9.383785, 40.78809 ], [ -9.395683, 40.788748 ], [ -9.407578, 40.789375 ], [ -9.419468, 40.78995 ], [ -9.431349, 40.790429 ], [ -9.44169, 40.790833 ], [ -9.44323, 40.790903 ], [ -9.455121, 40.791486 ], [ -9.467007, 40.792007 ], [ -9.478888, 40.792486 ], [ -9.490769, 40.792956 ], [ -9.502651, 40.793438 ], [ -9.514532, 40.793904 ], [ -9.526412, 40.794358 ], [ -9.533737, 40.794629 ], [ -9.53829, 40.794799 ], [ -9.550168, 40.795231 ], [ -9.562047, 40.795678 ], [ -9.573927, 40.796126 ], [ -9.585805, 40.796561 ], [ -9.597681, 40.796969 ], [ -9.609553, 40.797337 ], [ -9.621417, 40.797622 ], [ -9.63328, 40.797899 ], [ -9.633494, 40.797905 ], [ -9.645152, 40.798271 ], [ -9.657021, 40.798601 ], [ -9.668886, 40.798897 ], [ -9.680749, 40.799172 ], [ -9.692613, 40.799461 ], [ -9.704477, 40.799738 ], [ -9.716339, 40.800003 ], [ -9.7282, 40.800257 ], [ -9.74006, 40.8005 ], [ -9.742555, 40.800548 ], [ -9.751919, 40.800734 ], [ -9.763778, 40.800958 ], [ -9.775635, 40.801172 ], [ -9.787491, 40.801375 ], [ -9.799346, 40.801566 ], [ -9.8112, 40.801745 ], [ -9.823052, 40.801912 ], [ -9.834904, 40.802069 ], [ -9.846755, 40.802219 ], [ -9.858605, 40.802358 ], [ -9.863007, 40.802406 ], [ -9.870453, 40.802488 ], [ -9.882301, 40.802609 ], [ -9.894149, 40.802732 ], [ -9.905998, 40.802861 ], [ -9.917846, 40.80298 ], [ -9.929691, 40.803074 ], [ -9.941531, 40.803124 ], [ -9.953365, 40.803114 ], [ -9.965194, 40.803053 ], [ -9.977018, 40.80295 ], [ -9.988838, 40.802805 ], [ -10.000653, 40.802618 ], [ -10.012044, 40.802393 ], [ -10.012464, 40.802385 ], [ -10.024269, 40.802108 ], [ -10.03607, 40.801789 ], [ -10.047866, 40.801429 ], [ -10.059658, 40.801028 ], [ -10.071445, 40.800583 ], [ -10.083227, 40.800094 ], [ -10.095004, 40.799559 ], [ -10.106776, 40.798978 ], [ -10.118542, 40.798354 ], [ -10.130304, 40.797688 ], [ -10.142061, 40.796977 ], [ -10.153814, 40.796226 ], [ -10.16556, 40.795422 ], [ -10.177301, 40.79457 ], [ -10.189037, 40.793676 ], [ -10.200767, 40.79274 ], [ -10.212493, 40.791762 ], [ -10.224212, 40.79072 ], [ -10.235927, 40.789647 ], [ -10.247637, 40.788534 ], [ -10.259342, 40.787378 ], [ -10.2683, 40.786453 ], [ -10.27104, 40.786167 ], [ -10.282731, 40.784896 ], [ -10.294418, 40.783583 ], [ -10.306097, 40.782215 ], [ -10.317771, 40.7808 ], [ -10.32944, 40.779339 ], [ -10.341103, 40.777836 ], [ -10.352761, 40.776292 ], [ -10.364414, 40.774715 ], [ -10.376061, 40.773078 ], [ -10.387702, 40.7714 ], [ -10.399338, 40.769683 ], [ -10.406093, 40.768653 ], [ -10.410966, 40.767898 ], [ -10.422586, 40.766043 ], [ -10.434199, 40.764137 ], [ -10.445806, 40.762185 ], [ -10.457408, 40.760194 ], [ -10.469006, 40.758168 ], [ -10.480598, 40.756106 ], [ -10.491616, 40.75411 ], [ -10.492186, 40.754004 ], [ -10.503758, 40.751778 ], [ -10.515325, 40.749509 ], [ -10.526888, 40.74721 ], [ -10.538446, 40.744879 ], [ -10.549998, 40.742501 ], [ -10.558494, 40.740734 ], [ -10.561544, 40.74008 ], [ -10.573073, 40.737518 ], [ -10.584599, 40.734937 ], [ -10.596123, 40.73234 ], [ -10.607644, 40.729732 ], [ -10.615268, 40.72799 ], [ -10.619157, 40.727058 ], [ -10.630652, 40.724241 ], [ -10.642144, 40.721406 ], [ -10.653633, 40.718555 ], [ -10.665121, 40.715702 ], [ -10.66524, 40.715672 ], [ -10.676587, 40.712663 ], [ -10.68805, 40.709609 ], [ -10.69951, 40.706541 ], [ -10.710138, 40.703674 ], [ -10.710965, 40.703445 ], [ -10.722399, 40.700172 ], [ -10.733835, 40.696926 ], [ -10.745267, 40.693653 ], [ -10.751213, 40.691916 ], [ -10.756686, 40.690283 ], [ -10.768092, 40.686816 ], [ -10.779497, 40.683343 ], [ -10.789314, 40.680346 ], [ -10.790898, 40.679848 ], [ -10.802283, 40.676226 ], [ -10.813663, 40.672577 ], [ -10.824942, 40.668932 ], [ -10.825039, 40.668901 ], [ -10.836396, 40.665076 ], [ -10.84775, 40.661235 ], [ -10.8584, 40.657656 ], [ -10.859105, 40.657414 ], [ -10.870442, 40.653455 ], [ -10.881772, 40.649446 ], [ -10.889983, 40.646499 ], [ -10.893093, 40.645377 ], [ -10.904404, 40.641226 ], [ -10.915712, 40.63707 ], [ -10.920079, 40.635436 ], [ -10.927008, 40.632824 ], [ -10.938295, 40.628512 ], [ -10.948728, 40.624466 ], [ -10.949572, 40.624138 ], [ -10.96084, 40.61969 ], [ -10.972103, 40.615217 ], [ -10.97619, 40.613571 ], [ -10.983356, 40.610671 ], [ -10.994598, 40.606051 ], [ -11.002485, 40.602751 ], [ -11.005829, 40.601355 ], [ -11.017053, 40.596604 ], [ -11.027813, 40.591993 ], [ -11.028268, 40.591796 ], [ -11.039477, 40.586956 ], [ -11.050669, 40.581988 ], [ -11.052219, 40.581294 ], [ -11.061858, 40.577006 ], [ -11.073032, 40.571913 ], [ -11.075827, 40.570646 ], [ -11.084203, 40.566813 ], [ -11.095359, 40.561601 ], [ -11.09865, 40.560049 ], [ -11.10651, 40.556362 ], [ -11.117644, 40.550997 ], [ -11.120707, 40.549502 ], [ -11.128773, 40.545609 ], [ -11.13989, 40.54013 ], [ -11.142202, 40.53899 ], [ -11.151005, 40.534654 ], [ -11.162094, 40.528981 ], [ -11.162983, 40.528526 ], [ -11.173189, 40.523378 ], [ -11.183243, 40.518094 ], [ -11.184258, 40.517569 ], [ -11.195339, 40.511878 ], [ -11.203139, 40.507686 ], [ -11.206391, 40.505966 ], [ -11.21744, 40.500039 ], [ -11.222372, 40.497321 ], [ -11.228476, 40.494033 ], [ -11.23949, 40.487852 ], [ -11.241046, 40.486994 ], [ -11.250519, 40.481817 ], [ -11.259431, 40.476684 ], [ -11.261512, 40.475507 ], [ -11.272511, 40.469257 ], [ -11.27737, 40.466404 ], [ -11.283494, 40.462898 ], [ -11.294445, 40.4563 ], [ -11.294673, 40.456167 ], [ -11.305424, 40.449945 ], [ -11.312038, 40.445923 ], [ -11.31637, 40.443336 ], [ -11.327293, 40.436556 ], [ -11.32862, 40.435733 ], [ -11.338234, 40.429944 ], [ -11.345138, 40.425546 ], [ -11.349138, 40.423054 ], [ -11.360033, 40.416106 ], [ -11.361155, 40.415393 ], [ -11.370945, 40.409314 ], [ -11.377141, 40.40524 ], [ -11.381821, 40.402246 ], [ -11.392342, 40.395142 ], [ -11.392663, 40.394931 ], [ -11.403535, 40.387865 ], [ -11.40781, 40.385023 ], [ -11.414389, 40.380682 ], [ -11.422673, 40.374947 ], [ -11.425208, 40.373231 ], [ -11.436013, 40.365692 ], [ -11.437151, 40.364896 ], [ -11.446838, 40.358334 ], [ -11.451844, 40.354828 ], [ -11.45764, 40.350805 ], [ -11.465927, 40.344804 ], [ -11.468409, 40.343043 ], [ -11.479155, 40.335108 ], [ -11.479565, 40.334811 ], [ -11.489937, 40.327476 ], [ -11.493537, 40.324791 ], [ -11.500687, 40.319619 ], [ -11.507151, 40.314796 ], [ -11.511419, 40.311633 ], [ -11.520263, 40.304837 ], [ -11.522122, 40.303437 ], [ -11.532803, 40.295093 ], [ -11.533053, 40.294901 ], [ -11.543518, 40.287033 ], [ -11.54618, 40.284938 ], [ -11.554206, 40.278777 ], [ -11.559047, 40.274993 ], [ -11.564881, 40.270439 ], [ -11.571534, 40.265075 ], [ -11.575528, 40.261905 ], [ -11.583731, 40.255178 ], [ -11.586154, 40.253226 ], [ -11.595685, 40.245298 ], [ -11.596754, 40.244365 ], [ -11.607355, 40.235531 ], [ -11.60748, 40.235428 ], [ -11.617969, 40.226822 ], [ -11.619491, 40.225541 ], [ -11.628565, 40.217985 ], [ -11.63127, 40.21567 ], [ -11.639141, 40.209022 ], [ -11.642836, 40.205814 ], [ -11.649698, 40.199926 ], [ -11.654268, 40.195968 ], [ -11.660244, 40.190766 ], [ -11.66548, 40.186136 ], [ -11.67077, 40.181472 ], [ -11.676525, 40.176317 ], [ -11.681279, 40.172073 ], [ -11.68742, 40.166508 ], [ -11.691774, 40.162577 ], [ -11.698215, 40.156705 ], [ -11.702255, 40.153002 ], [ -11.708863, 40.146913 ], [ -11.712722, 40.143334 ], [ -11.719375, 40.13713 ], [ -11.723173, 40.133567 ], [ -11.729756, 40.127356 ], [ -11.733609, 40.123704 ], [ -11.740013, 40.117591 ], [ -11.744027, 40.113731 ], [ -11.750219, 40.107828 ], [ -11.754437, 40.103709 ], [ -11.760224, 40.098081 ], [ -11.764824, 40.093535 ], [ -11.770105, 40.088342 ], [ -11.775195, 40.083267 ], [ -11.779896, 40.078609 ], [ -11.785557, 40.072942 ], [ -11.789693, 40.068874 ], [ -11.795913, 40.0626 ], [ -11.799384, 40.059148 ], [ -11.806256, 40.052176 ], [ -11.809001, 40.049426 ], [ -11.816585, 40.041674 ], [ -11.81853, 40.03971 ], [ -11.826901, 40.03109 ], [ -11.827901, 40.030006 ], [ -11.8372, 40.020404 ], [ -11.837313, 40.020298 ], [ -11.846934, 40.010573 ], [ -11.847528, 40.00996 ], [ -11.856507, 40.000851 ], [ -11.857846, 39.999461 ], [ -11.865997, 39.991134 ], [ -11.868151, 39.988883 ], [ -11.875429, 39.981422 ], [ -11.878443, 39.978238 ], [ -11.88476, 39.971717 ], [ -11.88872, 39.967496 ], [ -11.893979, 39.962019 ], [ -11.898979, 39.95664 ], [ -11.90308, 39.95233 ], [ -11.909219, 39.945661 ], [ -11.912056, 39.94265 ], [ -11.919438, 39.934545 ], [ -11.920912, 39.932979 ], [ -11.929619, 39.923319 ], [ -11.929637, 39.9233 ], [ -11.938824, 39.91362 ], [ -11.939886, 39.91246 ], [ -11.947911, 39.903929 ], [ -11.950116, 39.901497 ], [ -11.956865, 39.894248 ], [ -11.960323, 39.890387 ], [ -11.965725, 39.884573 ], [ -11.970511, 39.879152 ], [ -11.97439, 39.874913 ], [ -11.980667, 39.867703 ], [ -11.982866, 39.865268 ], [ -11.99079, 39.856019 ], [ -11.991129, 39.855638 ], [ -11.999911, 39.845968 ], [ -12.000966, 39.844767 ], [ -12.008709, 39.836295 ], [ -12.011136, 39.833493 ], [ -12.017315, 39.826637 ], [ -12.021274, 39.821997 ], [ -12.02572, 39.816994 ], [ -12.031375, 39.810249 ], [ -12.033895, 39.807369 ], [ -12.041434, 39.798203 ], [ -12.041815, 39.797763 ], [ -12.050336, 39.78811 ], [ -12.051557, 39.786668 ], [ -12.058819, 39.778459 ], [ -12.061664, 39.77504 ], [ -12.067078, 39.768825 ], [ -12.07173, 39.763123 ], [ -12.075077, 39.759211 ], [ -12.081745, 39.750845 ], [ -12.082784, 39.74962 ], [ -12.090848, 39.74 ], [ -12.091794, 39.73885 ], [ -12.099137, 39.730361 ], [ -12.101858, 39.726986 ], [ -12.107159, 39.720744 ], [ -12.11187, 39.714759 ], [ -12.114884, 39.711149 ], [ -12.121817, 39.702067 ], [ -12.122209, 39.701586 ], [ -12.130313, 39.691961 ], [ -12.131847, 39.690028 ], [ -12.1383, 39.682344 ], [ -12.141844, 39.67776 ], [ -12.145951, 39.672753 ], [ -12.151771, 39.664998 ], [ -12.153222, 39.663193 ], [ -12.160753, 39.653611 ], [ -12.161714, 39.652376 ], [ -12.168645, 39.644 ], [ -12.171684, 39.639977 ], [ -12.176167, 39.634419 ], [ -12.181574, 39.627011 ], [ -12.183248, 39.624871 ], [ -12.190535, 39.615308 ], [ -12.191466, 39.614079 ], [ -12.198256, 39.605709 ], [ -12.201392, 39.601432 ], [ -12.20556, 39.596143 ], [ -12.211224, 39.588105 ], [ -12.212356, 39.586617 ], [ -12.219683, 39.577048 ], [ -12.221099, 39.575123 ], [ -12.227144, 39.567469 ], [ -12.230959, 39.562062 ], [ -12.234119, 39.557928 ], [ -12.240614, 39.548425 ], [ -12.24072, 39.548279 ], [ -12.248149, 39.538838 ], [ -12.250595, 39.535371 ], [ -12.255226, 39.529288 ], [ -12.260357, 39.52165 ], [ -12.261727, 39.519783 ], [ -12.268687, 39.510242 ], [ -12.270146, 39.508156 ], [ -12.275807, 39.500687 ], [ -12.279913, 39.494525 ], [ -12.282345, 39.491179 ], [ -12.28881, 39.481676 ], [ -12.289624, 39.480501 ], [ -12.295929, 39.47212 ], [ -12.299384, 39.466867 ], [ -12.302449, 39.462613 ], [ -12.308598, 39.453134 ], [ -12.309041, 39.452487 ], [ -12.315643, 39.443584 ], [ -12.318779, 39.438743 ], [ -12.322081, 39.434082 ], [ -12.32803, 39.424619 ], [ -12.32839, 39.424082 ], [ -12.334971, 39.415076 ], [ -12.338094, 39.410135 ], [ -12.341258, 39.405585 ], [ -12.347144, 39.396127 ], [ -12.347677, 39.395314 ], [ -12.353906, 39.386598 ], [ -12.357327, 39.381025 ], [ -12.359977, 39.377124 ], [ -12.365922, 39.36766 ], [ -12.366893, 39.366131 ], [ -12.37246, 39.358148 ], [ -12.376472, 39.351362 ], [ -12.378219, 39.348699 ], [ -12.384326, 39.339221 ], [ -12.386027, 39.336441 ], [ -12.390567, 39.329732 ], [ -12.395504, 39.32097 ], [ -12.395916, 39.320315 ], [ -12.40235, 39.310811 ], [ -12.405066, 39.30616 ], [ -12.408185, 39.301354 ], [ -12.413669, 39.291926 ], [ -12.414513, 39.290521 ], [ -12.419892, 39.282437 ], [ -12.423975, 39.27502 ], [ -12.425208, 39.273023 ], [ -12.431175, 39.263555 ], [ -12.433439, 39.259564 ], [ -12.436886, 39.254107 ], [ -12.442094, 39.244701 ], [ -12.442813, 39.243462 ], [ -12.448126, 39.235227 ], [ -12.452199, 39.227486 ], [ -12.45318, 39.225832 ], [ -12.459022, 39.216374 ], [ -12.461595, 39.211606 ], [ -12.46441, 39.206952 ], [ -12.469618, 39.197544 ], [ -12.470914, 39.195185 ], [ -12.475272, 39.1881 ], [ -12.479994, 39.178733 ], [ -12.480179, 39.1784 ], [ -12.485849, 39.169272 ], [ -12.489492, 39.161987 ], [ -12.490675, 39.159895 ], [ -12.496156, 39.150464 ], [ -12.498766, 39.145321 ], [ -12.501204, 39.141069 ], [ -12.50627, 39.131673 ], [ -12.50799, 39.128313 ], [ -12.511478, 39.122264 ], [ -12.516183, 39.112897 ], [ -12.517167, 39.110987 ], [ -12.521512, 39.103478 ], [ -12.52593, 39.094134 ], [ -12.526306, 39.093405 ], [ -12.531349, 39.084707 ], [ -12.53542, 39.075675 ], [ -12.535573, 39.075379 ], [ -12.540995, 39.065952 ], [ -12.544549, 39.058079 ], [ -12.5453, 39.056617 ], [ -12.550462, 39.047211 ], [ -12.553629, 39.040146 ], [ -12.554794, 39.037874 ], [ -12.559779, 39.028482 ], [ -12.562671, 39.021973 ], [ -12.564107, 39.019145 ], [ -12.568928, 39.009767 ], [ -12.571671, 39.003509 ], [ -12.573218, 39.000432 ], [ -12.577945, 38.991061 ], [ -12.580633, 38.984803 ], [ -12.582146, 38.981734 ], [ -12.586802, 38.972369 ], [ -12.589555, 38.965827 ], [ -12.59089, 38.963051 ], [ -12.595506, 38.953689 ], [ -12.598429, 38.946529 ], [ -12.599439, 38.944384 ], [ -12.604065, 38.935021 ], [ -12.607258, 38.926927 ], [ -12.607803, 38.925732 ], [ -12.612451, 38.916367 ], [ -12.616005, 38.907093 ], [ -12.61604, 38.907012 ], [ -12.620686, 38.897725 ], [ -12.624299, 38.888446 ], [ -12.62483, 38.887187 ], [ -12.628735, 38.879098 ], [ -12.632291, 38.869823 ], [ -12.63354, 38.866797 ], [ -12.636577, 38.860488 ], [ -12.640402, 38.851191 ], [ -12.64224, 38.846369 ], [ -12.644213, 38.841895 ], [ -12.648189, 38.832585 ], [ -12.650834, 38.825192 ], [ -12.65161, 38.823322 ], [ -12.655772, 38.813997 ], [ -12.659018, 38.804748 ], [ -12.659393, 38.803782 ], [ -12.663133, 38.795426 ], [ -12.666559, 38.786162 ], [ -12.667942, 38.782334 ], [ -12.670231, 38.776877 ], [ -12.673871, 38.767595 ], [ -12.676371, 38.760029 ], [ -12.67702, 38.758354 ], [ -12.680945, 38.749048 ], [ -12.684031, 38.739812 ], [ -12.684788, 38.737671 ], [ -12.687721, 38.730526 ], [ -12.691056, 38.721269 ], [ -12.693127, 38.71477 ], [ -12.694155, 38.712032 ], [ -12.697806, 38.702748 ], [ -12.700702, 38.693528 ], [ -12.701403, 38.691436 ], [ -12.704207, 38.684257 ], [ -12.707393, 38.675013 ], [ -12.709596, 38.667525 ], [ -12.7102, 38.6658 ], [ -12.713748, 38.656525 ], [ -12.716583, 38.64731 ], [ -12.717762, 38.643438 ], [ -12.719688, 38.638072 ], [ -12.72279, 38.628835 ], [ -12.725408, 38.619638 ], [ -12.725793, 38.618396 ], [ -12.72871, 38.610384 ], [ -12.731601, 38.601164 ], [ -12.73376, 38.592912 ], [ -12.734052, 38.591981 ], [ -12.737348, 38.582727 ], [ -12.740031, 38.573524 ], [ -12.741693, 38.56721 ], [ -12.742601, 38.564332 ], [ -12.745694, 38.555095 ], [ -12.748198, 38.545907 ], [ -12.749526, 38.540804 ], [ -12.750794, 38.536712 ], [ -12.75371, 38.52749 ], [ -12.756083, 38.518314 ], [ -12.757254, 38.513653 ], [ -12.758624, 38.509123 ], [ -12.761416, 38.499912 ], [ -12.763681, 38.490744 ], [ -12.764876, 38.485753 ], [ -12.766081, 38.481566 ], [ -12.768783, 38.472362 ], [ -12.770994, 38.463199 ], [ -12.77237, 38.456946 ], [ -12.77315, 38.454041 ], [ -12.775794, 38.444842 ], [ -12.777974, 38.435682 ], [ -12.779692, 38.4269 ], [ -12.779776, 38.426553 ], [ -12.782429, 38.417354 ], [ -12.784599, 38.408194 ], [ -12.786311, 38.399074 ], [ -12.78694, 38.396336 ], [ -12.788595, 38.389905 ], [ -12.790805, 38.380743 ], [ -12.792615, 38.371614 ], [ -12.79393, 38.363907 ], [ -12.794232, 38.362501 ], [ -12.796509, 38.353333 ], [ -12.798385, 38.344199 ], [ -12.79992, 38.335093 ], [ -12.800733, 38.330128 ], [ -12.801596, 38.325976 ], [ -12.803582, 38.316833 ], [ -12.805208, 38.307719 ], [ -12.806535, 38.298632 ], [ -12.807208, 38.293956 ], [ -12.808034, 38.289529 ], [ -12.809806, 38.280404 ], [ -12.811238, 38.271307 ], [ -12.812416, 38.262232 ], [ -12.81325, 38.25462 ], [ -12.813466, 38.253168 ], [ -12.815085, 38.244056 ], [ -12.816402, 38.234969 ], [ -12.817467, 38.225903 ], [ -12.818313, 38.216856 ], [ -12.818783, 38.211548 ], [ -12.819251, 38.207802 ], [ -12.820486, 38.198722 ], [ -12.821478, 38.189663 ], [ -12.822259, 38.180621 ], [ -12.822843, 38.171597 ], [ -12.823256, 38.162587 ], [ -12.823338, 38.161265 ], [ -12.824077, 38.153542 ], [ -12.824827, 38.144503 ], [ -12.825377, 38.135482 ], [ -12.825748, 38.126475 ], [ -12.825974, 38.117481 ], [ -12.826054, 38.108499 ], [ -12.825995, 38.099529 ], [ -12.825992, 38.096931 ], [ -12.826142, 38.090542 ], [ -12.826312, 38.081552 ], [ -12.826329, 38.072576 ], [ -12.826192, 38.063612 ], [ -12.825963, 38.054657 ], [ -12.825604, 38.045712 ], [ -12.825078, 38.036782 ], [ -12.824, 38.027898 ], [ -12.818175, 38.019414 ], [ -12.819805, 38.010302 ], [ -12.819192, 38.001379 ], [ -12.816869, 37.9926 ], [ -12.813351, 37.983922 ], [ -12.812481, 37.97502 ], [ -12.810784, 37.966188 ], [ -12.809103, 37.957355 ], [ -12.807891, 37.948482 ], [ -12.806249, 37.939646 ], [ -12.804655, 37.930805 ], [ -12.803297, 37.921945 ], [ -12.801607, 37.913112 ], [ -12.800423, 37.904237 ], [ -12.799033, 37.89538 ], [ -12.798217, 37.890482 ], [ -12.796995, 37.886576 ], [ -12.79232, 37.877994 ], [ -12.786407, 37.869516 ], [ -12.783767, 37.860763 ], [ -12.782159, 37.851924 ], [ -12.780631, 37.843077 ], [ -12.780533, 37.842867 ], [ -12.77205, 37.834822 ], [ -12.768254, 37.826165 ], [ -12.765996, 37.81738 ], [ -12.765732, 37.816704 ], [ -12.759436, 37.808954 ], [ -12.753761, 37.800454 ], [ -12.751745, 37.791648 ], [ -12.750919, 37.790353 ], [ -12.74288, 37.783414 ], [ -12.740133, 37.774669 ], [ -12.736985, 37.770548 ], [ -12.733201, 37.766272 ], [ -12.726531, 37.757854 ], [ -12.723547, 37.754434 ], [ -12.718721, 37.74953 ], [ -12.711245, 37.741177 ], [ -12.71038, 37.740317 ], [ -12.702296, 37.732947 ], [ -12.697515, 37.728457 ], [ -12.692828, 37.724758 ], [ -12.684771, 37.71748 ], [ -12.683458, 37.716561 ], [ -12.673262, 37.708431 ], [ -12.67218, 37.707644 ], [ -12.661605, 37.700421 ], [ -12.659769, 37.699145 ], [ -12.648945, 37.692493 ], [ -12.647487, 37.691612 ], [ -12.635869, 37.684597 ], [ -12.635229, 37.684242 ], [ -12.623371, 37.679924 ], [ -12.615662, 37.677287 ], [ -12.611354, 37.674371 ], [ -12.600608, 37.66955 ], [ -12.599316, 37.668642 ], [ -12.587523, 37.661649 ], [ -12.587113, 37.661629 ], [ -12.574805, 37.653784 ], [ -12.574771, 37.653719 ], [ -12.562517, 37.646078 ], [ -12.562002, 37.645789 ], [ -12.550273, 37.638691 ], [ -12.548988, 37.637878 ], [ -12.537986, 37.630946 ], [ -12.536556, 37.629917 ], [ -12.525622, 37.622583 ], [ -12.524586, 37.621918 ], [ -12.513272, 37.614309 ], [ -12.512736, 37.613907 ], [ -12.500919, 37.605988 ], [ -12.500805, 37.605901 ], [ -12.490608, 37.597754 ], [ -12.488321, 37.59573 ], [ -12.481888, 37.589485 ], [ -12.475543, 37.58404 ], [ -12.472725, 37.581252 ], [ -12.462944, 37.573711 ], [ -12.462347, 37.573116 ], [ -12.451427, 37.565023 ], [ -12.450373, 37.563576 ], [ -12.444691, 37.556591 ], [ -12.437253, 37.549101 ], [ -12.436538, 37.548273 ], [ -12.426031, 37.540144 ], [ -12.42467, 37.538806 ], [ -12.418386, 37.531784 ], [ -12.411472, 37.523628 ], [ -12.411262, 37.523381 ], [ -12.404139, 37.514977 ], [ -12.398355, 37.509042 ], [ -12.396418, 37.506621 ], [ -12.389937, 37.498165 ], [ -12.385032, 37.492783 ], [ -12.382815, 37.48976 ], [ -12.37665, 37.481278 ], [ -12.371579, 37.47544 ], [ -12.369804, 37.472849 ], [ -12.364267, 37.464316 ], [ -12.357996, 37.457003 ], [ -12.357254, 37.4559 ], [ -12.352492, 37.447305 ], [ -12.345977, 37.438848 ], [ -12.344121, 37.436174 ], [ -12.341016, 37.430268 ], [ -12.335922, 37.421697 ], [ -12.330097, 37.414088 ], [ -12.32959, 37.413225 ], [ -12.325608, 37.404566 ], [ -12.320581, 37.39599 ], [ -12.315707, 37.388995 ], [ -12.314903, 37.387465 ], [ -12.311197, 37.378783 ], [ -12.306654, 37.370167 ], [ -12.301089, 37.361975 ], [ -12.300921, 37.361646 ], [ -12.297666, 37.352928 ], [ -12.293843, 37.344255 ], [ -12.289176, 37.335648 ], [ -12.285832, 37.329699 ], [ -12.284717, 37.327025 ], [ -12.281633, 37.318292 ], [ -12.278062, 37.309599 ], [ -12.273876, 37.300953 ], [ -12.270146, 37.293838 ], [ -12.269553, 37.292319 ], [ -12.266805, 37.283559 ], [ -12.263796, 37.27482 ], [ -12.260436, 37.266109 ], [ -12.256552, 37.257439 ], [ -12.253609, 37.250921 ], [ -12.252878, 37.248753 ], [ -12.250479, 37.239965 ], [ -12.247856, 37.231196 ], [ -12.245051, 37.22244 ], [ -12.242032, 37.213701 ], [ -12.238673, 37.204989 ], [ -12.235837, 37.197763 ], [ -12.235393, 37.196271 ], [ -12.233315, 37.187458 ], [ -12.230706, 37.178687 ], [ -12.228842, 37.169857 ], [ -12.226504, 37.161064 ], [ -12.22412, 37.152275 ], [ -12.221536, 37.143501 ], [ -12.218893, 37.134732 ], [ -12.216159, 37.12597 ], [ -12.215505, 37.123416 ], [ -12.214205, 37.117147 ], [ -12.212435, 37.10831 ], [ -12.210688, 37.09947 ], [ -12.208978, 37.090628 ], [ -12.20714, 37.081796 ], [ -12.205343, 37.07296 ], [ -12.203628, 37.064118 ], [ -12.2019, 37.055277 ], [ -12.200081, 37.046443 ], [ -12.198357, 37.037602 ], [ -12.196733, 37.028752 ], [ -12.195116, 37.019903 ], [ -12.193453, 37.011056 ], [ -12.191886, 37.002203 ], [ -12.190403, 36.993342 ], [ -12.188928, 36.984481 ], [ -12.187489, 36.975617 ], [ -12.18614, 36.966747 ], [ -12.184856, 36.957871 ], [ -12.183603, 36.948992 ], [ -12.18242, 36.940108 ], [ -12.181323, 36.931218 ], [ -12.180279, 36.922323 ], [ -12.179097, 36.913439 ], [ -12.178103, 36.90454 ], [ -12.17719, 36.895635 ], [ -12.176339, 36.886726 ], [ -12.175516, 36.877814 ], [ -12.174725, 36.868899 ], [ -12.173977, 36.859982 ], [ -12.173296, 36.851059 ], [ -12.173326, 36.84208 ], [ -12.172724, 36.833151 ], [ -12.172223, 36.824214 ], [ -12.171865, 36.815266 ], [ -12.171486, 36.80632 ], [ -12.171075, 36.797376 ], [ -12.170721, 36.788428 ], [ -12.170417, 36.779476 ], [ -12.170061, 36.770527 ], [ -12.169734, 36.761577 ], [ -12.169463, 36.752622 ], [ -12.169172, 36.743669 ], [ -12.169148, 36.740713 ], [ -12.169372, 36.734678 ], [ -12.169863, 36.725664 ], [ -12.170318, 36.716653 ], [ -12.170669, 36.70765 ], [ -12.170979, 36.69865 ], [ -12.171394, 36.689643 ], [ -12.172636, 36.68057 ], [ -12.171858, 36.671655 ], [ -12.171897, 36.67063 ], [ -12.174564, 36.66247 ], [ -12.178015, 36.653226 ], [ -12.178891, 36.644182 ], [ -12.178415, 36.635244 ], [ -12.177592, 36.626333 ], [ -12.177303, 36.622707 ], [ -12.178049, 36.617322 ], [ -12.18378, 36.607901 ], [ -12.184734, 36.598851 ], [ -12.184152, 36.589921 ], [ -12.18342, 36.581003 ], [ -12.183435, 36.580864 ], [ -12.189624, 36.571546 ], [ -12.191193, 36.562448 ], [ -12.190149, 36.553554 ], [ -12.190156, 36.544579 ], [ -12.190205, 36.544383 ], [ -12.198202, 36.534978 ], [ -12.198759, 36.52596 ], [ -12.197954, 36.517047 ], [ -12.198029, 36.516762 ], [ -12.205911, 36.507453 ], [ -12.206544, 36.498429 ], [ -12.206523, 36.494784 ], [ -12.208488, 36.489303 ], [ -12.214878, 36.47983 ], [ -12.214654, 36.470873 ], [ -12.214747, 36.470569 ], [ -12.222563, 36.461282 ], [ -12.223393, 36.452243 ], [ -12.223591, 36.451576 ], [ -12.230704, 36.442698 ], [ -12.23226, 36.433602 ], [ -12.232482, 36.433015 ], [ -12.240143, 36.424012 ], [ -12.241264, 36.41495 ], [ -12.241399, 36.414696 ], [ -12.250385, 36.405263 ], [ -12.251096, 36.402922 ], [ -12.255967, 36.395853 ], [ -12.259981, 36.386565 ], [ -12.260202, 36.386242 ], [ -12.269228, 36.376867 ], [ -12.27002, 36.375535 ], [ -12.277682, 36.367231 ], [ -12.279722, 36.363873 ], [ -12.284675, 36.357709 ], [ -12.289327, 36.351431 ], [ -12.291275, 36.348217 ], [ -12.299055, 36.340038 ], [ -12.301221, 36.338463 ], [ -12.309164, 36.331846 ], [ -12.312703, 36.328587 ], [ -12.319316, 36.324023 ], [ -12.325674, 36.318593 ], [ -12.329466, 36.316202 ], [ -12.338575, 36.308603 ], [ -12.339557, 36.307903 ], [ -12.349558, 36.298878 ], [ -12.349764, 36.298747 ], [ -12.35949, 36.289305 ], [ -12.370174, 36.288162 ], [ -12.370427, 36.288075 ], [ -12.38038, 36.278703 ], [ -12.391047, 36.277537 ], [ -12.391314, 36.277464 ], [ -12.401398, 36.269211 ], [ -12.412212, 36.266999 ], [ -12.413483, 36.266784 ], [ -12.422936, 36.264052 ], [ -12.433745, 36.261808 ], [ -12.444363, 36.258004 ], [ -12.455054, 36.254807 ], [ -12.45565, 36.254455 ], [ -12.465159, 36.246801 ], [ -12.469052, 36.244413 ], [ -12.475337, 36.239415 ], [ -12.48424, 36.234226 ], [ -12.485656, 36.233202 ], [ -12.49568, 36.22458 ], [ -12.495947, 36.224317 ], [ -12.505548, 36.214701 ], [ -12.505663, 36.214566 ], [ -12.512061, 36.205081 ], [ -12.51477, 36.199556 ], [ -12.516479, 36.195755 ], [ -12.524282, 36.186804 ], [ -12.524646, 36.186127 ], [ -12.527075, 36.176961 ], [ -12.533123, 36.168595 ], [ -12.5335, 36.167473 ], [ -12.535083, 36.158374 ], [ -12.54186, 36.149557 ], [ -12.542089, 36.148839 ], [ -12.544131, 36.139703 ], [ -12.544247, 36.130723 ], [ -12.549606, 36.122437 ], [ -12.549783, 36.121306 ], [ -12.549076, 36.112391 ], [ -12.549831, 36.103359 ], [ -12.554632, 36.094002 ], [ -12.556721, 36.090192 ], [ -12.55721, 36.084823 ], [ -12.555599, 36.075981 ], [ -12.55496, 36.067062 ], [ -12.55524, 36.058068 ], [ -12.556982, 36.048957 ], [ -12.561747, 36.04086 ], [ -12.561809, 36.039597 ], [ -12.560665, 36.030718 ], [ -12.559699, 36.021825 ], [ -12.558898, 36.012918 ], [ -12.557897, 36.004028 ], [ -12.558181, 35.995034 ], [ -12.55996, 35.98592 ], [ -12.560886, 35.976875 ], [ -12.561115, 35.967885 ], [ -12.560573, 35.958958 ], [ -12.55995, 35.950037 ], [ -12.559237, 35.941124 ], [ -12.558448, 35.932217 ], [ -12.557577, 35.923316 ], [ -12.556638, 35.91442 ], [ -12.555613, 35.905532 ], [ -12.554511, 35.89665 ], [ -12.553353, 35.887772 ], [ -12.552023, 35.878908 ], [ -12.55039, 35.870069 ], [ -12.547937, 35.861295 ], [ -12.54798, 35.852321 ], [ -12.546264, 35.843488 ], [ -12.545217, 35.834601 ], [ -12.54371, 35.825751 ], [ -12.542065, 35.816912 ], [ -12.540309, 35.808082 ], [ -12.538476, 35.799259 ], [ -12.536865, 35.790417 ], [ -12.535112, 35.781587 ], [ -12.533263, 35.772764 ], [ -12.53133, 35.763948 ], [ -12.529406, 35.755132 ], [ -12.527556, 35.746309 ], [ -12.525542, 35.737499 ], [ -12.524439, 35.732808 ], [ -12.5235, 35.728692 ], [ -12.521462, 35.719884 ], [ -12.519313, 35.711085 ], [ -12.51803, 35.702217 ], [ -12.515989, 35.69341 ], [ -12.513811, 35.684613 ], [ -12.511495, 35.675827 ], [ -12.509042, 35.667052 ], [ -12.506453, 35.658288 ], [ -12.503685, 35.649538 ], [ -12.503283, 35.648059 ], [ -12.501593, 35.640734 ], [ -12.499496, 35.631931 ], [ -12.497286, 35.623136 ], [ -12.494951, 35.614351 ], [ -12.492232, 35.605597 ], [ -12.489829, 35.596818 ], [ -12.486981, 35.588074 ], [ -12.484154, 35.57978 ], [ -12.484028, 35.579338 ], [ -12.481841, 35.570541 ], [ -12.479534, 35.561754 ], [ -12.476892, 35.552993 ], [ -12.474467, 35.544215 ], [ -12.471659, 35.535467 ], [ -12.468614, 35.526738 ], [ -12.466009, 35.51942 ], [ -12.46559, 35.518007 ], [ -12.46326, 35.509221 ], [ -12.460784, 35.500447 ], [ -12.458134, 35.491686 ], [ -12.455289, 35.48294 ], [ -12.452191, 35.474215 ], [ -12.448794, 35.465513 ], [ -12.44859, 35.464887 ], [ -12.446366, 35.456734 ], [ -12.443813, 35.447965 ], [ -12.440763, 35.439236 ], [ -12.4381, 35.430475 ], [ -12.43487, 35.42176 ], [ -12.431567, 35.413451 ], [ -12.431438, 35.41306 ], [ -12.428936, 35.404286 ], [ -12.426255, 35.395527 ], [ -12.42336, 35.386785 ], [ -12.420198, 35.378063 ], [ -12.416739, 35.369365 ], [ -12.414856, 35.364413 ], [ -12.413656, 35.360637 ], [ -12.410997, 35.351875 ], [ -12.408125, 35.34313 ], [ -12.404998, 35.334405 ], [ -12.401564, 35.325704 ], [ -12.398523, 35.318386 ], [ -12.398047, 35.31701 ], [ -12.395372, 35.308249 ], [ -12.392484, 35.299505 ], [ -12.389339, 35.290781 ], [ -12.385878, 35.282082 ], [ -12.382404, 35.273985 ], [ -12.382195, 35.273399 ], [ -12.379472, 35.264642 ], [ -12.376512, 35.255903 ], [ -12.373309, 35.247183 ], [ -12.369777, 35.238488 ], [ -12.366449, 35.230784 ], [ -12.366094, 35.229805 ], [ -12.363302, 35.221053 ], [ -12.360273, 35.212319 ], [ -12.35696, 35.203606 ], [ -12.353299, 35.194921 ], [ -12.350649, 35.18874 ], [ -12.349745, 35.186228 ], [ -12.346855, 35.177482 ], [ -12.343708, 35.168757 ], [ -12.34025, 35.160055 ], [ -12.336405, 35.151384 ], [ -12.335022, 35.147999 ], [ -12.333185, 35.142663 ], [ -12.330156, 35.133928 ], [ -12.326829, 35.125216 ], [ -12.323159, 35.11653 ], [ -12.319568, 35.108593 ], [ -12.319286, 35.10786 ], [ -12.31634, 35.099118 ], [ -12.313135, 35.090396 ], [ -12.309616, 35.081698 ], [ -12.305711, 35.073029 ], [ -12.304151, 35.069342 ], [ -12.302349, 35.064319 ], [ -12.299219, 35.05559 ], [ -12.295787, 35.046885 ], [ -12.292039, 35.038204 ], [ -12.288876, 35.03116 ], [ -12.288249, 35.029526 ], [ -12.2852, 35.020791 ], [ -12.281868, 35.012077 ], [ -12.278179, 35.003391 ], [ -12.274047, 34.994739 ], [ -12.273735, 34.993992 ], [ -12.27076, 34.986021 ], [ -12.267496, 34.977302 ], [ -12.263748, 34.96862 ], [ -12.259533, 34.959973 ], [ -12.258769, 34.95821 ], [ -12.256185, 34.95126 ], [ -12.252707, 34.942557 ], [ -12.248831, 34.933884 ], [ -12.244464, 34.925248 ], [ -12.244029, 34.924272 ], [ -12.241077, 34.916537 ], [ -12.237404, 34.907848 ], [ -12.233359, 34.899187 ], [ -12.229426, 34.891419 ], [ -12.229043, 34.890547 ], [ -12.225582, 34.881841 ], [ -12.221732, 34.873165 ], [ -12.217401, 34.864525 ], [ -12.214956, 34.85961 ], [ -12.213345, 34.855864 ], [ -12.209641, 34.847177 ], [ -12.205478, 34.838524 ], [ -12.200821, 34.829908 ], [ -12.20071, 34.829675 ], [ -12.197199, 34.821213 ], [ -12.193176, 34.812549 ], [ -12.188624, 34.803925 ], [ -12.186479, 34.79975 ], [ -12.184475, 34.79527 ], [ -12.180524, 34.786599 ], [ -12.17607, 34.777967 ], [ -12.172431, 34.771362 ], [ -12.171464, 34.769346 ], [ -12.167554, 34.760672 ], [ -12.16314, 34.752036 ], [ -12.158498, 34.743891 ], [ -12.15827, 34.743434 ], [ -12.154351, 34.73476 ], [ -12.149925, 34.726125 ], [ -12.144857, 34.717537 ], [ -12.144659, 34.717158 ], [ -12.140873, 34.708868 ], [ -12.136388, 34.700236 ], [ -12.131265, 34.691652 ], [ -12.130887, 34.690941 ], [ -12.127162, 34.682991 ], [ -12.122597, 34.674364 ], [ -12.117373, 34.665787 ], [ -12.11721, 34.665488 ], [ -12.113213, 34.657129 ], [ -12.108512, 34.648512 ], [ -12.103603, 34.640572 ], [ -12.103258, 34.639937 ], [ -12.09898, 34.631287 ], [ -12.094096, 34.622683 ], [ -12.090051, 34.616064 ], [ -12.088984, 34.614096 ], [ -12.084513, 34.60546 ], [ -12.079364, 34.596875 ], [ -12.076589, 34.592293 ], [ -12.074437, 34.588273 ], [ -12.069721, 34.579655 ], [ -12.064266, 34.571093 ], [ -12.063229, 34.569362 ], [ -12.059584, 34.562472 ], [ -12.054557, 34.553876 ], [ -12.049904, 34.546678 ], [ -12.049116, 34.545311 ], [ -12.044427, 34.53669 ], [ -12.038993, 34.528124 ], [ -12.036629, 34.524367 ], [ -12.033924, 34.51953 ], [ -12.02886, 34.510936 ], [ -12.023464, 34.502994 ], [ -12.023102, 34.502394 ], [ -12.018317, 34.493778 ], [ -12.012767, 34.485219 ], [ -12.01028, 34.481374 ], [ -12.007533, 34.476636 ], [ -12.002276, 34.468055 ], [ -11.997205, 34.460676 ], [ -11.996487, 34.459513 ], [ -11.991478, 34.450913 ], [ -11.985633, 34.442374 ], [ -11.984154, 34.440141 ], [ -11.980401, 34.43379 ], [ -11.974818, 34.425231 ], [ -11.971141, 34.419884 ], [ -11.969151, 34.416678 ], [ -11.963767, 34.408104 ], [ -11.958216, 34.400373 ], [ -11.957702, 34.39958 ], [ -11.952491, 34.390992 ], [ -11.94636, 34.382472 ], [ -11.945304, 34.380924 ], [ -11.941009, 34.373894 ], [ -11.935045, 34.365361 ], [ -11.932415, 34.361622 ], [ -11.929348, 34.356808 ], [ -11.923529, 34.348264 ], [ -11.919588, 34.342833 ], [ -11.917548, 34.339731 ], [ -11.911829, 34.331178 ], [ -11.906813, 34.324465 ], [ -11.905593, 34.322663 ], [ -11.899954, 34.314104 ], [ -11.89408, 34.306444 ], [ -11.893497, 34.305604 ], [ -11.887905, 34.297041 ], [ -11.881378, 34.28865 ], [ -11.881308, 34.288551 ], [ -11.875726, 34.279986 ], [ -11.869046, 34.271501 ], [ -11.868701, 34.271025 ], [ -11.8634, 34.26294 ], [ -11.856714, 34.254455 ], [ -11.856045, 34.25355 ], [ -11.850948, 34.245902 ], [ -11.844195, 34.23742 ], [ -11.843429, 34.236393 ], [ -11.83833, 34.228874 ], [ -11.831492, 34.220397 ], [ -11.830851, 34.219545 ], [ -11.825595, 34.211853 ], [ -11.818625, 34.203385 ], [ -11.818308, 34.202968 ], [ -11.81271, 34.19484 ], [ -11.805786, 34.18654 ], [ -11.805654, 34.186378 ], [ -11.799665, 34.177838 ], [ -11.793275, 34.170172 ], [ -11.792662, 34.169371 ], [ -11.78648, 34.160844 ], [ -11.780794, 34.15403 ], [ -11.779526, 34.152373 ], [ -11.773119, 34.143861 ], [ -11.768345, 34.138146 ], [ -11.766235, 34.135384 ], [ -11.759575, 34.126889 ], [ -11.755928, 34.122521 ], [ -11.752803, 34.118403 ], [ -11.745825, 34.109931 ], [ -11.743546, 34.107176 ], [ -11.739201, 34.101432 ], [ -11.731803, 34.092989 ], [ -11.731214, 34.092271 ], [ -11.72539, 34.084475 ], [ -11.718858, 34.077087 ], [ -11.718001, 34.07603 ], [ -11.711348, 34.067532 ], [ -11.706522, 34.06204 ], [ -11.704142, 34.059073 ], [ -11.69703, 34.050606 ], [ -11.694228, 34.047364 ], [ -11.690073, 34.042128 ], [ -11.682374, 34.033703 ], [ -11.681998, 34.033261 ], [ -11.675731, 34.025202 ], [ -11.669714, 34.018587 ], [ -11.668187, 34.016764 ], [ -11.661067, 34.008295 ], [ -11.657475, 34.004297 ], [ -11.653809, 33.999836 ], [ -11.646007, 33.991415 ], [ -11.645301, 33.99061 ], [ -11.639102, 33.98293 ], [ -11.633086, 33.976471 ], [ -11.631388, 33.974501 ], [ -11.623988, 33.96605 ], [ -11.620911, 33.962685 ], [ -11.616625, 33.957595 ], [ -11.608798, 33.949473 ], [ -11.608547, 33.949191 ], [ -11.601448, 33.940716 ], [ -11.596625, 33.93562 ], [ -11.593721, 33.932286 ], [ -11.58573, 33.923873 ], [ -11.584539, 33.922579 ], [ -11.578448, 33.91541 ], [ -11.572422, 33.909192 ], [ -11.570449, 33.906996 ], [ -11.56258, 33.898573 ], [ -11.56035, 33.896219 ], [ -11.555032, 33.890127 ], [ -11.548292, 33.883339 ], [ -11.546758, 33.881731 ], [ -11.538992, 33.873299 ], [ -11.536237, 33.870444 ], [ -11.53124, 33.864865 ], [ -11.524219, 33.857886 ], [ -11.522892, 33.856472 ], [ -11.514939, 33.848051 ], [ -11.512198, 33.845256 ], [ -11.507078, 33.839622 ], [ -11.500208, 33.832894 ], [ -11.498629, 33.831234 ], [ -11.49047, 33.822826 ], [ -11.488225, 33.820567 ], [ -11.482548, 33.8144 ], [ -11.47625, 33.808282 ], [ -11.474063, 33.806012 ], [ -11.465492, 33.79763 ], [ -11.464324, 33.796461 ], [ -11.457591, 33.7892 ], [ -11.452354, 33.78415 ], [ -11.449122, 33.780809 ], [ -11.440476, 33.772729 ], [ -11.440195, 33.772449 ], [ -11.432164, 33.764027 ], [ -11.428524, 33.760528 ], [ -11.423772, 33.755629 ], [ -11.416639, 33.74897 ], [ -11.414918, 33.747261 ], [ -11.406136, 33.738888 ], [ -11.404773, 33.737575 ], [ -11.397899, 33.730477 ], [ -11.392873, 33.725787 ], [ -11.389171, 33.722099 ], [ -11.381046, 33.714718 ], [ -11.380042, 33.713747 ], [ -11.37137, 33.705364 ], [ -11.36919, 33.703319 ], [ -11.362839, 33.69697 ], [ -11.357341, 33.691947 ], [ -11.353891, 33.688603 ], [ -11.345552, 33.681159 ], [ -11.344599, 33.68026 ], [ -11.335687, 33.671889 ], [ -11.333739, 33.670099 ], [ -11.327005, 33.663503 ], [ -11.321921, 33.658946 ], [ -11.317925, 33.655142 ], [ -11.310166, 33.648418 ], [ -11.308435, 33.646808 ], [ -11.299109, 33.638463 ], [ -11.298409, 33.637827 ], [ -11.290363, 33.630077 ], [ -11.286607, 33.626741 ], [ -11.281252, 33.621715 ], [ -11.274856, 33.616151 ], [ -11.271828, 33.613374 ], [ -11.263145, 33.60595 ], [ -11.262143, 33.605049 ], [ -11.252706, 33.596707 ], [ -11.251431, 33.595682 ], [ -11.243403, 33.588354 ], [ -11.23967, 33.584889 ], [ -11.234275, 33.579989 ], [ -11.227961, 33.574612 ], [ -11.224646, 33.571657 ], [ -11.216285, 33.564641 ], [ -11.214799, 33.563339 ], [ -11.204794, 33.55503 ], [ -11.204632, 33.55489 ], [ -11.195535, 33.54667 ], [ -11.192917, 33.544454 ], [ -11.186034, 33.538326 ], [ -11.181232, 33.534303 ], [ -11.1763, 33.529996 ], [ -11.169576, 33.52443 ], [ -11.166373, 33.521678 ], [ -11.157945, 33.514789 ], [ -11.156272, 33.513371 ], [ -11.146334, 33.505333 ], [ -11.146022, 33.505072 ], [ -11.136186, 33.496745 ], [ -11.134692, 33.495512 ], [ -11.126456, 33.48841 ], [ -11.123046, 33.485633 ], [ -11.116521, 33.480088 ], [ -11.111423, 33.475951 ], [ -11.106427, 33.471775 ], [ -11.099821, 33.466477 ], [ -11.096184, 33.463471 ], [ -11.088237, 33.457158 ], [ -11.085811, 33.455175 ], [ -11.076668, 33.447976 ], [ -11.075322, 33.446885 ], [ -11.065112, 33.438912 ], [ -11.064726, 33.438601 ], [ -11.054355, 33.430302 ], [ -11.053541, 33.429652 ], [ -11.044189, 33.421987 ], [ -11.041957, 33.420224 ], [ -11.03387, 33.413682 ], [ -11.030391, 33.410958 ], [ -11.023434, 33.405384 ], [ -11.018838, 33.401816 ], [ -11.012889, 33.397091 ], [ -11.007299, 33.392785 ], [ -11.002244, 33.388804 ], [ -10.995771, 33.383854 ], [ -10.991507, 33.380522 ], [ -10.984254, 33.375015 ], [ -10.98068, 33.372244 ], [ -10.972743, 33.366216 ], [ -10.969814, 33.363968 ], [ -10.961243, 33.357504 ], [ -10.958872, 33.355695 ], [ -10.949751, 33.348855 ], [ -10.947866, 33.347426 ], [ -10.938267, 33.340271 ], [ -10.936792, 33.33916 ], [ -10.926791, 33.331742 ], [ -10.925662, 33.330896 ], [ -10.915322, 33.323269 ], [ -10.914472, 33.322635 ], [ -10.903856, 33.314811 ], [ -10.903264, 33.314374 ], [ -10.892397, 33.306392 ], [ -10.892018, 33.306114 ], [ -10.880944, 33.298021 ], [ -10.880718, 33.297856 ], [ -10.869498, 33.289695 ], [ -10.869368, 33.2896 ], [ -10.858057, 33.281413 ], [ -10.857966, 33.281346 ], [ -10.846623, 33.273172 ], [ -10.846516, 33.273094 ], [ -10.835193, 33.264954 ], [ -10.835038, 33.264843 ], [ -10.823767, 33.256748 ], [ -10.823546, 33.256591 ], [ -10.812346, 33.248589 ], [ -10.811997, 33.248342 ], [ -10.800932, 33.240471 ], [ -10.800398, 33.240094 ], [ -10.789524, 33.2324 ], [ -10.788738, 33.231849 ], [ -10.778122, 33.22437 ], [ -10.777027, 33.223606 ], [ -10.766726, 33.216386 ], [ -10.765254, 33.215366 ], [ -10.755332, 33.208399 ], [ -10.753477, 33.207124 ], [ -10.743946, 33.200474 ], [ -10.741622, 33.198886 ], [ -10.732567, 33.192602 ], [ -10.729694, 33.190652 ], [ -10.721195, 33.184791 ], [ -10.717682, 33.182421 ], [ -10.70983, 33.177037 ], [ -10.705589, 33.174194 ], [ -10.698472, 33.169344 ], [ -10.693404, 33.165971 ], [ -10.68712, 33.161683 ], [ -10.681138, 33.157752 ], [ -10.675778, 33.154125 ], [ -10.668737, 33.149539 ], [ -10.664447, 33.14666 ], [ -10.65619, 33.141335 ], [ -10.653126, 33.139296 ], [ -10.64348, 33.133138 ], [ -10.641817, 33.132043 ], [ -10.630637, 33.124949 ], [ -10.630517, 33.124871 ], [ -10.619183, 33.117283 ], [ -10.618324, 33.116725 ], [ -10.607853, 33.109715 ], [ -10.605964, 33.108503 ], [ -10.596532, 33.102233 ], [ -10.593466, 33.100288 ], [ -10.585222, 33.094856 ], [ -10.580801, 33.092082 ], [ -10.573923, 33.087593 ], [ -10.567949, 33.083886 ], [ -10.562638, 33.080453 ], [ -10.554886, 33.0757 ], [ -10.551365, 33.073446 ], [ -10.541595, 33.067528 ], [ -10.540107, 33.066579 ], [ -10.52884, 33.059602 ], [ -10.528432, 33.059345 ], [ -10.51754, 33.052202 ], [ -10.515813, 33.051129 ], [ -10.506251, 33.044913 ], [ -10.50301, 33.042921 ], [ -10.494974, 33.03775 ], [ -10.489987, 33.034726 ], [ -10.483711, 33.030729 ], [ -10.476708, 33.026544 ], [ -10.472465, 33.023876 ], [ -10.463115, 33.01838 ], [ -10.461236, 33.017209 ], [ -10.450003, 33.010478 ], [ -10.449567, 33.010211 ], [ -10.438729, 33.003234 ], [ -10.436687, 33.002001 ], [ -10.427469, 32.996131 ], [ -10.423554, 32.993804 ], [ -10.416224, 32.989197 ], [ -10.410107, 32.985624 ], [ -10.404998, 32.982458 ], [ -10.396275, 32.977466 ], [ -10.393793, 32.975954 ], [ -10.382595, 32.969514 ], [ -10.382265, 32.969316 ], [ -10.371342, 32.962389 ], [ -10.36917, 32.96111 ], [ -10.360105, 32.955438 ], [ -10.355746, 32.952922 ], [ -10.348887, 32.9487 ], [ -10.341901, 32.944757 ], [ -10.337693, 32.942214 ], [ -10.327512, 32.936623 ], [ -10.326525, 32.93604 ], [ -10.31531, 32.929273 ], [ -10.313733, 32.928451 ], [ -10.304106, 32.922611 ], [ -10.300306, 32.920256 ], [ -10.292886, 32.915742 ], [ -10.28628, 32.912095 ], [ -10.281709, 32.909373 ], [ -10.271604, 32.90397 ], [ -10.270564, 32.903366 ], [ -10.259366, 32.896704 ], [ -10.257762, 32.895794 ], [ -10.248165, 32.889976 ], [ -10.2439, 32.887618 ], [ -10.236987, 32.883515 ], [ -10.229435, 32.879475 ], [ -10.225838, 32.87739 ], [ -10.21471, 32.871497 ], [ -10.214466, 32.87136 ], [ -10.203512, 32.864739 ], [ -10.200659, 32.863175 ], [ -10.192339, 32.858256 ], [ -10.186243, 32.855023 ], [ -10.181195, 32.852117 ], [ -10.170991, 32.846918 ], [ -10.170088, 32.846415 ], [ -10.158922, 32.83995 ], [ -10.156708, 32.838755 ], [ -10.147759, 32.833525 ], [ -10.142169, 32.830605 ], [ -10.136627, 32.827448 ], [ -10.126738, 32.822504 ], [ -10.125533, 32.821841 ], [ -10.114384, 32.81552 ], [ -10.112181, 32.81435 ], [ -10.103238, 32.809209 ], [ -10.097366, 32.80621 ], [ -10.092124, 32.803292 ], [ -10.081507, 32.798127 ], [ -10.081052, 32.797887 ], [ -10.069907, 32.79153 ], [ -10.066888, 32.789971 ], [ -10.058781, 32.78541 ], [ -10.05158, 32.781853 ], [ -10.047693, 32.779745 ], [ -10.036615, 32.774189 ], [ -10.035789, 32.773759 ], [ -10.025485, 32.767951 ], [ -10.020806, 32.765618 ], [ -10.014389, 32.76213 ], [ -10.004661, 32.75754 ], [ -10.003338, 32.756854 ], [ -9.992231, 32.750865 ], [ -9.989322, 32.749414 ], [ -9.981132, 32.744951 ], [ -9.973453, 32.741316 ], [ -9.970075, 32.739554 ], [ -9.95901, 32.734036 ], [ -9.957386, 32.733227 ], [ -9.947913, 32.728094 ], [ -9.941617, 32.725119 ], [ -9.936858, 32.722669 ], [ -9.925823, 32.71748 ], [ -9.924965, 32.717058 ], [ -9.914731, 32.711547 ], [ -9.909163, 32.708947 ], [ -9.90368, 32.706124 ], [ -9.892663, 32.70112 ], [ -9.892205, 32.700897 ], [ -9.88158, 32.69525 ], [ -9.876237, 32.692791 ], [ -9.870539, 32.689907 ], [ -9.859534, 32.68502 ], [ -9.858975, 32.684753 ], [ -9.848463, 32.679252 ], [ -9.842701, 32.676659 ], [ -9.837436, 32.674038 ], [ -9.826432, 32.669108 ], [ -9.825385, 32.668619 ], [ -9.815377, 32.663494 ], [ -9.808634, 32.660545 ], [ -9.804369, 32.658484 ], [ -9.793364, 32.653495 ], [ -9.791188, 32.652507 ], [ -9.782328, 32.648083 ], [ -9.773748, 32.644466 ], [ -9.771344, 32.643338 ], [ -9.760324, 32.638105 ], [ -9.75645, 32.636415 ], [ -9.749314, 32.632976 ], [ -9.738353, 32.628497 ], [ -9.738168, 32.628414 ], [ -9.727322, 32.623073 ], [ -9.720807, 32.62036 ], [ -9.716343, 32.618314 ], [ -9.705362, 32.613513 ], [ -9.702637, 32.612347 ], [ -9.694361, 32.608438 ], [ -9.683946, 32.604359 ], [ -9.683419, 32.604128 ], [ -9.672408, 32.598892 ], [ -9.666041, 32.596326 ], [ -9.661445, 32.594273 ], [ -9.650483, 32.58965 ], [ -9.647291, 32.588335 ], [ -9.639504, 32.58479 ], [ -9.628573, 32.580565 ], [ -9.628093, 32.580365 ], [ -9.617584, 32.575534 ], [ -9.60928, 32.572371 ], [ -9.606651, 32.571257 ], [ -9.595685, 32.566514 ], [ -9.590199, 32.564388 ], [ -9.584752, 32.562205 ], [ -9.573806, 32.557705 ], [ -9.570551, 32.556432 ], [ -9.562854, 32.553107 ], [ -9.55194, 32.549014 ], [ -9.5506, 32.548488 ], [ -9.540984, 32.544328 ], [ -9.530325, 32.540558 ], [ -9.530089, 32.540465 ], [ -9.519131, 32.535739 ], [ -9.510297, 32.532611 ], [ -9.508233, 32.531809 ], [ -9.497296, 32.527329 ], [ -9.489824, 32.524684 ], [ -9.486395, 32.523336 ], [ -9.475472, 32.519028 ], [ -9.469042, 32.516769 ], [ -9.464573, 32.515029 ], [ -9.453663, 32.510884 ], [ -9.447881, 32.508869 ], [ -9.442769, 32.506926 ], [ -9.431869, 32.502886 ], [ -9.426355, 32.500985 ], [ -9.420976, 32.498933 ], [ -9.410083, 32.494959 ], [ -9.404593, 32.493109 ], [ -9.399199, 32.4911 ], [ -9.388314, 32.487221 ], [ -9.382292, 32.485256 ], [ -9.377444, 32.48354 ], [ -9.366567, 32.479737 ], [ -9.359203, 32.477438 ], [ -9.355711, 32.476231 ], [ -9.344835, 32.472433 ], [ -9.335427, 32.469651 ], [ -9.333999, 32.469182 ], [ -9.323124, 32.465365 ], [ -9.312297, 32.462219 ], [ -9.311209, 32.461881 ], [ -9.301435, 32.458568 ], [ -9.290603, 32.455343 ], [ -9.286443, 32.454133 ], [ -9.279763, 32.451987 ], [ -9.268928, 32.448686 ], [ -9.260584, 32.446435 ], [ -9.258115, 32.445697 ], [ -9.247275, 32.442298 ], [ -9.236471, 32.439427 ], [ -9.234069, 32.438764 ], [ -9.225645, 32.436214 ], [ -9.214833, 32.433204 ], [ -9.206586, 32.431134 ], [ -9.204038, 32.430426 ], [ -9.193218, 32.427271 ], [ -9.182428, 32.424554 ], [ -9.178357, 32.423535 ], [ -9.171628, 32.421676 ], [ -9.16083, 32.418821 ], [ -9.150057, 32.416319 ], [ -9.148745, 32.415997 ], [ -9.139257, 32.41342 ], [ -9.128474, 32.410759 ], [ -9.118064, 32.408504 ], [ -9.117714, 32.408419 ], [ -9.10692, 32.405584 ], [ -9.09615, 32.403093 ], [ -9.086279, 32.401056 ], [ -9.085398, 32.400855 ], [ -9.074616, 32.398171 ], [ -9.063855, 32.395789 ], [ -9.053113, 32.393677 ], [ -9.05307, 32.393668 ], [ -9.042341, 32.391125 ], [ -9.031588, 32.388831 ], [ -9.020852, 32.386801 ], [ -9.018519, 32.386335 ], [ -9.010098, 32.384488 ], [ -8.99935, 32.382255 ], [ -8.988618, 32.38025 ], [ -8.982077, 32.379082 ], [ -8.977886, 32.378247 ], [ -8.96714, 32.376038 ], [ -8.956411, 32.374059 ], [ -8.945695, 32.372285 ], [ -8.94359, 32.371915 ], [ -8.934962, 32.370245 ], [ -8.924234, 32.36827 ], [ -8.913518, 32.366479 ], [ -8.902813, 32.364858 ], [ -8.902745, 32.364847 ], [ -8.892087, 32.362894 ], [ -8.881371, 32.361085 ], [ -8.870667, 32.359449 ], [ -8.859973, 32.357969 ], [ -8.859405, 32.357881 ], [ -8.849257, 32.356156 ], [ -8.83855, 32.354463 ], [ -8.827853, 32.352917 ], [ -8.817165, 32.351511 ], [ -8.813451, 32.35102 ], [ -8.806469, 32.349982 ], [ -8.795771, 32.348409 ], [ -8.785087, 32.347057 ], [ -8.774405, 32.345728 ], [ -8.763734, 32.344572 ], [ -8.7621, 32.344389 ], [ -8.753052, 32.343237 ], [ -8.742372, 32.341931 ], [ -8.7317, 32.340744 ], [ -8.721034, 32.339662 ], [ -8.710375, 32.33868 ], [ -8.703528, 32.338064 ], [ -8.699717, 32.337703 ], [ -8.689045, 32.336506 ], [ -8.678381, 32.335448 ], [ -8.667724, 32.334485 ], [ -8.657073, 32.333608 ], [ -8.646426, 32.332811 ], [ -8.636096, 32.332109 ], [ -8.635784, 32.332084 ], [ -8.625129, 32.331137 ], [ -8.614476, 32.330241 ], [ -8.603829, 32.329418 ], [ -8.593186, 32.32867 ], [ -8.582547, 32.327988 ], [ -8.571912, 32.32737 ], [ -8.561281, 32.326809 ], [ -8.557502, 32.32661 ], [ -8.550645, 32.32617 ], [ -8.540004, 32.325448 ], [ -8.529367, 32.324788 ], [ -8.518734, 32.324184 ], [ -8.508103, 32.323632 ], [ -8.497475, 32.323119 ], [ -8.486851, 32.322659 ], [ -8.476229, 32.322243 ], [ -8.465609, 32.32187 ], [ -8.462694, 32.321765 ], [ -8.454985, 32.321414 ], [ -8.444357, 32.320898 ], [ -8.433732, 32.320429 ], [ -8.42311, 32.320009 ], [ -8.41249, 32.319632 ], [ -8.401873, 32.319299 ], [ -8.391259, 32.319006 ], [ -8.380647, 32.318758 ], [ -8.370037, 32.318549 ], [ -8.35943, 32.318376 ], [ -8.348824, 32.318236 ], [ -8.338221, 32.318127 ], [ -8.337912, 32.318123 ], [ -8.327612, 32.317934 ], [ -8.317001, 32.317711 ], [ -8.306392, 32.317516 ], [ -8.295785, 32.317344 ], [ -8.285178, 32.317192 ], [ -8.274573, 32.317057 ], [ -8.263969, 32.316953 ], [ -8.253366, 32.316862 ], [ -8.242764, 32.316792 ], [ -8.232163, 32.316742 ], [ -8.221563, 32.316712 ], [ -8.210964, 32.3167 ], [ -8.200366, 32.316705 ], [ -8.189769, 32.316727 ], [ -8.179173, 32.316764 ], [ -8.168577, 32.316814 ], [ -8.157982, 32.316878 ], [ -8.150566, 32.316931 ], [ -8.147387, 32.316939 ], [ -8.136787, 32.31692 ], [ -8.126188, 32.316904 ], [ -8.115592, 32.316963 ], [ -8.104991, 32.316921 ], [ -8.094389, 32.316863 ], [ -8.083784, 32.316768 ], [ -8.073178, 32.316644 ], [ -8.062571, 32.316501 ], [ -8.051963, 32.316347 ], [ -8.041355, 32.316194 ], [ -8.030748, 32.316049 ], [ -8.020142, 32.315921 ], [ -8.009537, 32.315821 ], [ -7.998934, 32.315756 ], [ -7.988333, 32.315739 ], [ -7.977735, 32.315775 ], [ -7.967141, 32.315878 ], [ -7.956551, 32.316052 ], [ -7.945965, 32.31631 ], [ -7.935384, 32.316661 ], [ -7.924808, 32.317112 ], [ -7.914238, 32.317671 ], [ -7.903674, 32.318347 ], [ -7.893117, 32.319147 ], [ -7.882601, 32.320731 ], [ -7.872015, 32.320994 ], [ -7.861604, 32.324545 ], [ -7.851183, 32.327924 ], [ -7.840609, 32.328447 ], [ -7.830013, 32.328568 ], [ -7.8194, 32.328374 ], [ -7.808771, 32.327861 ], [ -7.798127, 32.327079 ], [ -7.787472, 32.326078 ], [ -7.776807, 32.324894 ], [ -7.766135, 32.323555 ], [ -7.763416, 32.323176 ], [ -7.75551, 32.323117 ], [ -7.7449, 32.322976 ], [ -7.734288, 32.322775 ], [ -7.723672, 32.322513 ], [ -7.713053, 32.322199 ], [ -7.702432, 32.321834 ], [ -7.691809, 32.321423 ], [ -7.681183, 32.320971 ], [ -7.670555, 32.320481 ], [ -7.659926, 32.319958 ], [ -7.649296, 32.319407 ], [ -7.638664, 32.318836 ], [ -7.63862, 32.318833 ], [ -7.628051, 32.318627 ], [ -7.61744, 32.31846 ], [ -7.606832, 32.318337 ], [ -7.596225, 32.318265 ], [ -7.585622, 32.31825 ], [ -7.575022, 32.318296 ], [ -7.564425, 32.318409 ], [ -7.553831, 32.318593 ], [ -7.543241, 32.318854 ], [ -7.532655, 32.319194 ], [ -7.522073, 32.319619 ], [ -7.511496, 32.320133 ], [ -7.500922, 32.320738 ], [ -7.490354, 32.321441 ], [ -7.479789, 32.322241 ], [ -7.46923, 32.323142 ], [ -7.458676, 32.324148 ], [ -7.448126, 32.325259 ] ] } },
{ "type": "Feature", "properties": { "fid": 37, "ID": 36, "Intensidad": 12.0 }, "geometry": { "type": "LineString", "coordinates": [ [ -7.189519, 31.744775 ], [ -7.189171, 31.749289 ], [ -7.18851, 31.750301 ], [ -7.183248, 31.750474 ] ] } },
{ "type": "Feature", "properties": { "fid": 38, "ID": 37, "Intensidad": 12.0 }, "geometry": { "type": "LineString", "coordinates": [ [ -7.429667, 31.502546 ], [ -7.429875, 31.507041 ], [ -7.429868, 31.507045 ], [ -7.419804, 31.516393 ], [ -7.419799, 31.516397 ], [ -7.409732, 31.525745 ], [ -7.409728, 31.525749 ], [ -7.399658, 31.535096 ], [ -7.399654, 31.5351 ], [ -7.389583, 31.544447 ], [ -7.389579, 31.544449 ], [ -7.379504, 31.553797 ], [ -7.379502, 31.553799 ], [ -7.369425, 31.563147 ], [ -7.369423, 31.563148 ], [ -7.359344, 31.572496 ], [ -7.359342, 31.572498 ], [ -7.349261, 31.581844 ], [ -7.349259, 31.581847 ], [ -7.339177, 31.591191 ], [ -7.339174, 31.591198 ], [ -7.329094, 31.600538 ], [ -7.329087, 31.600556 ], [ -7.319018, 31.609884 ], [ -7.319004, 31.610047 ], [ -7.309095, 31.619224 ], [ -7.309322, 31.62822 ], [ -7.309321, 31.628221 ], [ -7.299228, 31.637566 ], [ -7.299227, 31.637566 ], [ -7.289132, 31.64691 ], [ -7.289131, 31.646911 ], [ -7.279034, 31.656254 ], [ -7.279033, 31.656256 ], [ -7.268935, 31.665597 ], [ -7.268933, 31.66561 ], [ -7.258846, 31.674939 ], [ -7.260778, 31.683879 ], [ -7.259306, 31.685326 ], [ -7.251143, 31.693206 ], [ -7.249221, 31.69512 ], [ -7.239408, 31.702602 ], [ -7.239047, 31.702977 ], [ -7.228512, 31.702965 ], [ -7.218404, 31.712304 ], [ -7.218402, 31.712306 ], [ -7.208292, 31.721643 ], [ -7.210629, 31.730571 ], [ -7.208793, 31.732752 ], [ -7.199887, 31.739931 ], [ -7.198661, 31.741715 ], [ -7.193425, 31.742447 ] ] } },
{ "type": "Feature", "properties": { "fid": 39, "ID": 38, "Intensidad": 12.0 }, "geometry": { "type": "LineString", "coordinates": [ [ -7.439737, 31.493193 ], [ -7.43995, 31.497687 ], [ -7.439935, 31.497694 ], [ -7.434689, 31.497879 ] ] } }
]
}
