{
"type": "FeatureCollection",
"name": "Isolineas Guadalhorce",
"xy_coordinate_resolution": 1e-06,
"features": [
{ "type": "Feature", "properties": { "fid": 1, "ID": 0, "Intensidad": 12.0 }, "geometry": { "type": "LineString", "coordinates": [ [ -9.425701, 41.68754 ], [ -9.43167, 41.687207 ], [ -9.431676, 41.68721 ], [ -9.432123, 41.691683 ] ] } },
{ "type": "Feature", "properties": { "fid": 2, "ID": 1, "Intensidad": 12.0 }, "geometry": { "type": "LineString", "coordinates": [ [ -9.412871, 41.679263 ], [ -9.418839, 41.67893 ], [ -9.418844, 41.678933 ], [ -9.419293, 41.683406 ] ] } },
{ "type": "Feature", "properties": { "fid": 3, "ID": 2, "Intensidad": 12.0 }, "geometry": { "type": "LineString", "coordinates": [ [ -9.400044, 41.670984 ], [ -9.406012, 41.670652 ], [ -9.406017, 41.670655 ], [ -9.406464, 41.675128 ] ] } },
{ "type": "Feature", "properties": { "fid": 4, "ID": 3, "Intensidad": 12.0 }, "geometry": { "type": "LineString", "coordinates": [ [ -9.387221, 41.662703 ], [ -9.393188, 41.662372 ], [ -9.393193, 41.662375 ], [ -9.39364, 41.666849 ] ] } },
{ "type": "Feature", "properties": { "fid": 5, "ID": 4, "Intensidad": 12.0 }, "geometry": { "type": "LineString", "coordinates": [ [ -9.374401, 41.654422 ], [ -9.380368, 41.654091 ], [ -9.380373, 41.654094 ], [ -9.380819, 41.658567 ] ] } },
{ "type": "Feature", "properties": { "fid": 6, "ID": 5, "Intensidad": 12.0 }, "geometry": { "type": "LineString", "coordinates": [ [ -9.361585, 41.646137 ], [ -9.36755, 41.645807 ], [ -9.367555, 41.64581 ], [ -9.367999, 41.650284 ] ] } },
{ "type": "Feature", "properties": { "fid": 7, "ID": 6, "Intensidad": 12.0 }, "geometry": { "type": "LineString", "coordinates": [ [ -9.348771, 41.637849 ], [ -9.354736, 41.637518 ], [ -9.354741, 41.637526 ], [ -9.355185, 41.641999 ] ] } },
{ "type": "Feature", "properties": { "fid": 8, "ID": 7, "Intensidad": 12.0 }, "geometry": { "type": "LineString", "coordinates": [ [ -7.734724, 41.056187 ], [ -7.740652, 41.055942 ], [ -7.741849, 41.058645 ], [ -7.742207, 41.067631 ], [ -7.753996, 41.076057 ], [ -7.754027, 41.076142 ], [ -7.754075, 41.07716 ], [ -7.748129, 41.077178 ], [ -7.742468, 41.08112 ] ] } },
{ "type": "Feature", "properties": { "fid": 9, "ID": 8, "Intensidad": 12.0 }, "geometry": { "type": "LineString", "coordinates": [ [ -7.721775, 41.041433 ], [ -7.727702, 41.04119 ], [ -7.727706, 41.041228 ], [ -7.728028, 41.045714 ] ] } },
{ "type": "Feature", "properties": { "fid": 10, "ID": 9, "Intensidad": 12.0 }, "geometry": { "type": "LineString", "coordinates": [ [ -7.720157, 41.018833 ], [ -7.726082, 41.01859 ], [ -7.728447, 41.023197 ], [ -7.727005, 41.031476 ], [ -7.721079, 41.031719 ] ] } },
{ "type": "Feature", "properties": { "fid": 11, "ID": 10, "Intensidad": 12.0 }, "geometry": { "type": "LineString", "coordinates": [ [ -6.99835, 40.974381 ], [ -6.998079, 40.969889 ], [ -6.998097, 40.969886 ], [ -7.004024, 40.96968 ] ] } },
{ "type": "Feature", "properties": { "fid": 12, "ID": 11, "Intensidad": 12.0 }, "geometry": { "type": "LineString", "coordinates": [ [ -7.643064, 40.936608 ], [ -7.648982, 40.93637 ], [ -7.649127, 40.936428 ], [ -7.649443, 40.940916 ] ] } },
{ "type": "Feature", "properties": { "fid": 13, "ID": 12, "Intensidad": 12.0 }, "geometry": { "type": "LineString", "coordinates": [ [ -7.582629, 40.920973 ], [ -7.588545, 40.920717 ], [ -7.58918, 40.920834 ], [ -7.589491, 40.925322 ] ] } },
{ "type": "Feature", "properties": { "fid": 14, "ID": 13, "Intensidad": 12.0 }, "geometry": { "type": "LineString", "coordinates": [ [ -15.288993, 38.178543 ], [ -15.28824, 38.174142 ], [ -15.286738, 38.165341 ], [ -15.285203, 38.156542 ], [ -15.272618, 38.148962 ], [ -15.272604, 38.148919 ], [ -15.271103, 38.140117 ], [ -15.269512, 38.131324 ], [ -15.256988, 38.123774 ], [ -15.25697, 38.123693 ], [ -15.255471, 38.11489 ], [ -15.253302, 38.106159 ], [ -15.241442, 38.099002 ], [ -15.241347, 38.098463 ], [ -15.239849, 38.08966 ], [ -15.22723, 38.082041 ], [ -15.227227, 38.082033 ], [ -15.225737, 38.073229 ], [ -15.224238, 38.064426 ], [ -15.21163, 38.056807 ], [ -15.211626, 38.056796 ], [ -15.210139, 38.047992 ], [ -15.208636, 38.039189 ], [ -15.196043, 38.031573 ], [ -15.196038, 38.031556 ], [ -15.194554, 38.022751 ], [ -15.19303, 38.01395 ], [ -15.180471, 38.006347 ], [ -15.180463, 38.006311 ], [ -15.178981, 37.997506 ], [ -15.177331, 37.988718 ], [ -15.164926, 37.981202 ], [ -15.164901, 37.981063 ], [ -15.163421, 37.972257 ], [ -15.150827, 37.964622 ], [ -15.150825, 37.964617 ], [ -15.149351, 37.955811 ], [ -15.147872, 37.947005 ], [ -15.135287, 37.939369 ], [ -15.135285, 37.939362 ], [ -15.133813, 37.930555 ], [ -15.132333, 37.921749 ], [ -15.11976, 37.914113 ], [ -15.119757, 37.914103 ], [ -15.118289, 37.905295 ], [ -15.116801, 37.89649 ], [ -15.104247, 37.888859 ], [ -15.104242, 37.88884 ], [ -15.102777, 37.880032 ], [ -15.101248, 37.87123 ], [ -15.088751, 37.863628 ], [ -15.08874, 37.863574 ], [ -15.087277, 37.854765 ], [ -15.084858, 37.846056 ], [ -15.073379, 37.839067 ], [ -15.073251, 37.838303 ], [ -15.071789, 37.829494 ], [ -15.059231, 37.821843 ], [ -15.059229, 37.821839 ], [ -15.057774, 37.813029 ], [ -15.056313, 37.80422 ], [ -15.043764, 37.796568 ], [ -15.043762, 37.796562 ], [ -15.042309, 37.787751 ], [ -15.040846, 37.778942 ], [ -15.02831, 37.771292 ], [ -15.028307, 37.771281 ], [ -15.026858, 37.76247 ], [ -15.025378, 37.753662 ], [ -15.012871, 37.746023 ], [ -15.012865, 37.745996 ], [ -15.011418, 37.737184 ], [ -15.009795, 37.728391 ], [ -14.99746, 37.720851 ], [ -14.997436, 37.720707 ], [ -14.995991, 37.711895 ], [ -14.98346, 37.704231 ], [ -14.983459, 37.704228 ], [ -14.982019, 37.695415 ], [ -14.980575, 37.686603 ], [ -14.968053, 37.678937 ], [ -14.968051, 37.678932 ], [ -14.966614, 37.670119 ], [ -14.96517, 37.661307 ], [ -14.952658, 37.65364 ], [ -14.952656, 37.653633 ], [ -14.951222, 37.644819 ], [ -14.949772, 37.636007 ], [ -14.937277, 37.628345 ], [ -14.937273, 37.62833 ], [ -14.935842, 37.619516 ], [ -14.934349, 37.610708 ], [ -14.921913, 37.603075 ], [ -14.921903, 37.603024 ], [ -14.920474, 37.594209 ], [ -14.91338, 37.585975 ], [ -14.907276, 37.582225 ], [ -14.906545, 37.577713 ], [ -14.905119, 37.568898 ], [ -14.892624, 37.561218 ], [ -14.892623, 37.561215 ], [ -14.8912, 37.552399 ], [ -14.889774, 37.543584 ], [ -14.877289, 37.535903 ], [ -14.877287, 37.535898 ], [ -14.875866, 37.527082 ], [ -14.874439, 37.518266 ], [ -14.861966, 37.510587 ], [ -14.861962, 37.510577 ], [ -14.860545, 37.501761 ], [ -14.8591, 37.492947 ], [ -14.846658, 37.48528 ], [ -14.84665, 37.485253 ], [ -14.845232, 37.476436 ], [ -14.843533, 37.467648 ], [ -14.842691, 37.463253 ] ] } },
{ "type": "Feature", "properties": { "fid": 15, "ID": 14, "Intensidad": 12.0 }, "geometry": { "type": "LineString", "coordinates": [ [ -14.836942, 37.459708 ], [ -14.831393, 37.460161 ], [ -14.83133, 37.459927 ], [ -14.830626, 37.455518 ] ] } },
{ "type": "Feature", "properties": { "fid": 16, "ID": 15, "Intensidad": 12.0 }, "geometry": { "type": "LineString", "coordinates": [ [ -14.813356, 37.452819 ], [ -14.807823, 37.453372 ], [ -14.807772, 37.453356 ], [ -14.807069, 37.448947 ] ] } },
{ "type": "Feature", "properties": { "fid": 17, "ID": 16, "Intensidad": 12.0 }, "geometry": { "type": "LineString", "coordinates": [ [ -14.651446, 37.352588 ], [ -14.645918, 37.35314 ], [ -14.645915, 37.353137 ], [ -14.645224, 37.348725 ] ] } },
{ "type": "Feature", "properties": { "fid": 18, "ID": 17, "Intensidad": 12.0 }, "geometry": { "type": "LineString", "coordinates": [ [ -14.597589, 37.295219 ], [ -14.592064, 37.295768 ], [ -14.592061, 37.295764 ], [ -14.591375, 37.291351 ] ] } },
{ "type": "Feature", "properties": { "fid": 19, "ID": 18, "Intensidad": 12.0 }, "geometry": { "type": "LineString", "coordinates": [ [ -14.539751, 37.211474 ], [ -14.534232, 37.212019 ], [ -14.534147, 37.211876 ], [ -14.533473, 37.207462 ] ] } },
{ "type": "Feature", "properties": { "fid": 20, "ID": 19, "Intensidad": 10.5 }, "geometry": { "type": "LineString", "coordinates": [ [ -10.956131, 37.455728 ], [ -10.957183, 37.455602 ], [ -10.957192, 37.455656 ], [ -10.957189, 37.455662 ], [ -10.956131, 37.455728 ] ] } },
{ "type": "Feature", "properties": { "fid": 21, "ID": 20, "Intensidad": 12.0 }, "geometry": { "type": "LineString", "coordinates": [ [ -14.508206, 37.152133 ], [ -14.50269, 37.152676 ], [ -14.502488, 37.15226 ], [ -14.501831, 37.147844 ] ] } },
{ "type": "Feature", "properties": { "fid": 22, "ID": 21, "Intensidad": 10.5 }, "geometry": { "type": "LineString", "coordinates": [ [ -10.918827, 37.4129 ], [ -10.909708, 37.413926 ], [ -10.919808, 37.422162 ], [ -10.919848, 37.422231 ], [ -10.920785, 37.431155 ], [ -10.921718, 37.44008 ], [ -10.922748, 37.448998 ], [ -10.934791, 37.457098 ], [ -10.935856, 37.4571 ], [ -10.946854, 37.464495 ], [ -10.946951, 37.465337 ], [ -10.947898, 37.474261 ], [ -10.947895, 37.474263 ], [ -10.93765, 37.483942 ], [ -10.937647, 37.483943 ], [ -10.927399, 37.493622 ], [ -10.927397, 37.493625 ], [ -10.917147, 37.503301 ], [ -10.917144, 37.503311 ], [ -10.9069, 37.51298 ], [ -10.906986, 37.513907 ], [ -10.897793, 37.522581 ], [ -10.897601, 37.531582 ], [ -10.898529, 37.540507 ], [ -10.898527, 37.540551 ], [ -10.888314, 37.550182 ], [ -10.900337, 37.557593 ], [ -10.910798, 37.549784 ], [ -10.911732, 37.548605 ], [ -10.9177, 37.539215 ], [ -10.920676, 37.536517 ], [ -10.92556, 37.529697 ], [ -10.930801, 37.525602 ], [ -10.935379, 37.520045 ], [ -10.940799, 37.513518 ], [ -10.943181, 37.51053 ], [ -10.950285, 37.501061 ], [ -10.950717, 37.50072 ], [ -10.957135, 37.49161 ], [ -10.960475, 37.486447 ], [ -10.963112, 37.482217 ], [ -10.967362, 37.472941 ], [ -10.96993, 37.469375 ], [ -10.972534, 37.463603 ], [ -10.974838, 37.454459 ], [ -10.970718, 37.445752 ], [ -10.969876, 37.436821 ], [ -10.966261, 37.435013 ], [ -10.954852, 37.433732 ], [ -10.944002, 37.429587 ], [ -10.943109, 37.429304 ], [ -10.933943, 37.42128 ], [ -10.930583, 37.412519 ], [ -10.929992, 37.411918 ], [ -10.918827, 37.4129 ] ] } },
{ "type": "Feature", "properties": { "fid": 23, "ID": 22, "Intensidad": 10.5 }, "geometry": { "type": "LineString", "coordinates": [ [ -10.905661, 37.394967 ], [ -10.89786, 37.396748 ], [ -10.906482, 37.402739 ], [ -10.909139, 37.39599 ], [ -10.905661, 37.394967 ] ] } },
{ "type": "Feature", "properties": { "fid": 24, "ID": 23, "Intensidad": 10.5 }, "geometry": { "type": "LineString", "coordinates": [ [ -10.914948, 37.376257 ], [ -10.914683, 37.377641 ], [ -10.915237, 37.378994 ], [ -10.915296, 37.3776 ], [ -10.914948, 37.376257 ] ] } },
{ "type": "Feature", "properties": { "fid": 25, "ID": 24, "Intensidad": 12.0 }, "geometry": { "type": "LineString", "coordinates": [ [ -0.959789, 37.256668 ], [ -0.965423, 37.256765 ], [ -0.965427, 37.256765 ], [ -0.965305, 37.261267 ] ] } },
{ "type": "Feature", "properties": { "fid": 26, "ID": 25, "Intensidad": 10.5 }, "geometry": { "type": "LineString", "coordinates": [ [ -2.979256, 37.247218 ], [ -2.983373, 37.243794 ], [ -2.984466, 37.247219 ], [ -2.983371, 37.252331 ], [ -2.979256, 37.247218 ] ] } },
{ "type": "Feature", "properties": { "fid": 27, "ID": 26, "Intensidad": 10.5 }, "geometry": { "type": "LineString", "coordinates": [ [ -2.969213, 37.211175 ], [ -2.972113, 37.209606 ], [ -2.973188, 37.211176 ], [ -2.973517, 37.220187 ], [ -2.972731, 37.229197 ], [ -2.972105, 37.23177 ], [ -2.971, 37.229196 ], [ -2.968877, 37.220186 ], [ -2.969213, 37.211175 ] ] } },
{ "type": "Feature", "properties": { "fid": 28, "ID": 27, "Intensidad": 9.5 }, "geometry": { "type": "LineString", "coordinates": [ [ -2.578859, 37.012664 ], [ -2.573089, 37.021193 ], [ -2.578804, 37.022607 ], [ -2.580683, 37.02122 ], [ -2.578859, 37.012664 ] ] } },
{ "type": "Feature", "properties": { "fid": 29, "ID": 28, "Intensidad": 9.5 }, "geometry": { "type": "LineString", "coordinates": [ [ -2.590173, 36.998368 ], [ -2.585836, 37.003218 ], [ -2.59013, 37.00635 ], [ -2.592712, 37.003241 ], [ -2.590173, 36.998368 ] ] } },
{ "type": "Feature", "properties": { "fid": 30, "ID": 29, "Intensidad": 9.5 }, "geometry": { "type": "LineString", "coordinates": [ [ -2.601467, 36.987313 ], [ -2.59416, 36.994236 ], [ -2.601416, 36.997109 ], [ -2.604943, 36.994272 ], [ -2.601467, 36.987313 ] ] } },
{ "type": "Feature", "properties": { "fid": 31, "ID": 30, "Intensidad": 4.0 }, "geometry": { "type": "LineString", "coordinates": [ [ -4.743921, 36.846852 ], [ -4.7437, 36.846979 ], [ -4.732834, 36.852385 ], [ -4.724254, 36.856272 ], [ -4.721746, 36.857984 ], [ -4.710685, 36.864818 ], [ -4.709831, 36.86549 ], [ -4.699678, 36.874194 ], [ -4.699239, 36.874652 ], [ -4.695087, 36.883721 ], [ -4.688853, 36.891985 ], [ -4.688499, 36.892824 ], [ -4.682946, 36.901912 ], [ -4.678045, 36.910719 ], [ -4.677943, 36.910993 ], [ -4.67535, 36.920039 ], [ -4.672668, 36.929086 ], [ -4.671413, 36.938114 ], [ -4.672117, 36.947113 ], [ -4.674114, 36.956095 ], [ -4.677446, 36.965057 ], [ -4.67939, 36.972038 ], [ -4.680249, 36.974027 ], [ -4.686884, 36.982943 ], [ -4.690722, 36.991898 ], [ -4.691069, 36.992305 ], [ -4.70086, 37.000762 ], [ -4.702526, 37.002284 ], [ -4.713573, 37.009589 ], [ -4.713931, 37.009868 ], [ -4.724069, 37.018446 ], [ -4.725382, 37.019365 ], [ -4.73597, 37.027282 ], [ -4.73681, 37.027736 ], [ -4.748153, 37.032287 ], [ -4.756068, 37.035995 ], [ -4.759499, 37.036927 ], [ -4.770793, 37.03925 ], [ -4.782021, 37.038703 ], [ -4.793244, 37.037992 ], [ -4.804528, 37.03983 ], [ -4.815703, 37.037068 ], [ -4.826971, 37.038244 ], [ -4.838177, 37.03683 ], [ -4.849376, 37.035164 ], [ -4.851514, 37.034544 ], [ -4.860523, 37.031353 ], [ -4.871638, 37.02631 ], [ -4.874305, 37.025177 ], [ -4.882721, 37.020018 ], [ -4.889967, 37.015919 ], [ -4.893764, 37.012202 ], [ -4.89779, 37.006785 ], [ -4.904732, 37.001453 ], [ -4.907815, 36.997615 ], [ -4.912813, 36.988526 ], [ -4.915572, 36.98574 ], [ -4.918343, 36.979427 ], [ -4.921815, 36.970362 ], [ -4.926196, 36.961615 ], [ -4.926286, 36.96128 ], [ -4.926833, 36.952262 ], [ -4.926941, 36.943251 ], [ -4.925742, 36.934261 ], [ -4.926242, 36.925244 ], [ -4.925091, 36.917685 ], [ -4.924654, 36.91626 ], [ -4.917877, 36.907361 ], [ -4.914083, 36.898413 ], [ -4.913303, 36.895064 ], [ -4.912182, 36.889434 ], [ -4.90418, 36.880553 ], [ -4.90165, 36.877568 ], [ -4.895826, 36.871677 ], [ -4.890177, 36.867166 ], [ -4.88475, 36.862844 ], [ -4.878768, 36.859238 ], [ -4.868909, 36.854085 ], [ -4.867412, 36.853387 ], [ -4.856112, 36.849794 ], [ -4.846977, 36.845418 ], [ -4.844778, 36.844727 ], [ -4.833539, 36.843583 ], [ -4.822357, 36.844835 ], [ -4.811145, 36.844812 ], [ -4.799874, 36.842258 ], [ -4.788708, 36.844206 ], [ -4.777462, 36.842735 ], [ -4.76625, 36.84271 ], [ -4.755076, 36.844359 ], [ -4.743921, 36.846852 ] ] } },
{ "type": "Feature", "properties": { "fid": 32, "ID": 31, "Intensidad": 4.5 }, "geometry": { "type": "LineString", "coordinates": [ [ -4.809684, 36.782773 ], [ -4.809249, 36.782932 ], [ -4.798609, 36.788228 ], [ -4.787442, 36.789802 ], [ -4.776237, 36.789761 ], [ -4.765052, 36.790584 ], [ -4.753853, 36.790778 ], [ -4.74266, 36.791279 ], [ -4.731482, 36.792445 ], [ -4.727776, 36.793153 ], [ -4.720343, 36.795342 ], [ -4.709264, 36.801018 ], [ -4.703731, 36.80251 ], [ -4.69814, 36.804705 ], [ -4.687067, 36.810757 ], [ -4.684686, 36.811791 ], [ -4.676023, 36.818236 ], [ -4.672259, 36.820976 ], [ -4.664996, 36.826586 ], [ -4.66009, 36.830156 ], [ -4.653986, 36.835832 ], [ -4.649695, 36.839311 ], [ -4.642989, 36.845816 ], [ -4.640077, 36.848454 ], [ -4.632093, 36.857573 ], [ -4.632028, 36.857656 ], [ -4.625113, 36.866679 ], [ -4.621121, 36.872177 ], [ -4.61874, 36.875776 ], [ -4.614736, 36.88484 ], [ -4.611368, 36.893895 ], [ -4.610423, 36.896855 ], [ -4.608583, 36.902943 ], [ -4.606409, 36.911982 ], [ -4.604814, 36.921013 ], [ -4.603807, 36.930036 ], [ -4.603274, 36.939053 ], [ -4.603283, 36.948063 ], [ -4.603943, 36.957064 ], [ -4.605484, 36.966052 ], [ -4.607995, 36.975028 ], [ -4.610972, 36.983997 ], [ -4.612337, 36.987696 ], [ -4.614434, 36.99296 ], [ -4.618595, 37.001913 ], [ -4.623416, 37.010856 ], [ -4.624084, 37.011895 ], [ -4.629645, 37.019781 ], [ -4.635656, 37.027536 ], [ -4.636648, 37.028694 ], [ -4.645172, 37.037585 ], [ -4.647155, 37.039562 ], [ -4.654576, 37.046464 ], [ -4.658625, 37.050095 ], [ -4.664868, 37.055329 ], [ -4.670068, 37.059268 ], [ -4.677117, 37.064166 ], [ -4.681479, 37.066862 ], [ -4.691992, 37.072964 ], [ -4.69287, 37.073448 ], [ -4.70424, 37.079014 ], [ -4.710314, 37.081711 ], [ -4.715595, 37.083828 ], [ -4.72693, 37.087687 ], [ -4.735784, 37.09035 ], [ -4.738254, 37.091039 ], [ -4.749564, 37.093735 ], [ -4.760866, 37.096049 ], [ -4.772155, 37.097768 ], [ -4.781135, 37.098686 ], [ -4.78343, 37.0989 ], [ -4.794692, 37.099451 ], [ -4.805944, 37.099561 ], [ -4.817161, 37.098215 ], [ -4.817765, 37.09813 ], [ -4.82837, 37.096536 ], [ -4.839577, 37.094817 ], [ -4.850777, 37.092823 ], [ -4.861967, 37.090434 ], [ -4.870002, 37.088309 ], [ -4.87314, 37.087432 ], [ -4.884284, 37.083244 ], [ -4.895222, 37.078899 ], [ -4.895421, 37.078818 ], [ -4.906541, 37.07382 ], [ -4.915302, 37.069568 ], [ -4.917648, 37.068333 ], [ -4.928719, 37.061478 ], [ -4.930386, 37.060314 ], [ -4.939746, 37.052974 ], [ -4.941865, 37.051117 ], [ -4.950721, 37.042562 ], [ -4.951319, 37.041953 ], [ -4.959729, 37.032805 ], [ -4.961654, 37.030617 ], [ -4.967597, 37.023666 ], [ -4.972558, 37.017643 ], [ -4.974963, 37.014535 ], [ -4.981135, 37.005423 ], [ -4.983368, 37.001238 ], [ -4.985813, 36.996335 ], [ -4.989635, 36.987262 ], [ -4.992762, 36.978201 ], [ -4.993885, 36.973784 ], [ -4.994985, 36.969154 ], [ -4.996518, 36.960119 ], [ -4.997653, 36.951091 ], [ -4.998108, 36.942075 ], [ -4.997865, 36.933069 ], [ -4.997015, 36.924075 ], [ -4.995617, 36.915089 ], [ -4.993527, 36.906115 ], [ -4.991995, 36.901203 ], [ -4.990655, 36.897154 ], [ -4.986976, 36.888206 ], [ -4.982651, 36.879269 ], [ -4.98009, 36.874678 ], [ -4.977518, 36.870346 ], [ -4.971383, 36.861438 ], [ -4.968434, 36.857554 ], [ -4.964371, 36.852545 ], [ -4.956878, 36.844119 ], [ -4.956453, 36.843667 ], [ -4.947245, 36.834808 ], [ -4.94539, 36.833171 ], [ -4.936642, 36.825972 ], [ -4.933947, 36.823921 ], [ -4.924268, 36.817164 ], [ -4.922541, 36.81602 ], [ -4.91116, 36.809048 ], [ -4.909957, 36.808385 ], [ -4.899809, 36.8032 ], [ -4.892221, 36.799659 ], [ -4.888476, 36.798015 ], [ -4.877165, 36.793664 ], [ -4.869197, 36.791014 ], [ -4.865873, 36.790016 ], [ -4.854602, 36.787229 ], [ -4.843342, 36.784855 ], [ -4.832098, 36.783153 ], [ -4.829041, 36.782629 ], [ -4.820866, 36.781905 ], [ -4.809684, 36.782773 ] ] } },
{ "type": "Feature", "properties": { "fid": 33, "ID": 32, "Intensidad": 5.0 }, "geometry": { "type": "LineString", "coordinates": [ [ -4.819571, 36.727092 ], [ -4.814566, 36.728793 ], [ -4.80857, 36.73536 ], [ -4.807811, 36.737905 ], [ -4.808813, 36.745715 ], [ -4.809249, 36.746893 ], [ -4.808852, 36.747362 ], [ -4.804253, 36.755979 ], [ -4.798721, 36.765072 ], [ -4.798081, 36.765644 ], [ -4.787041, 36.772563 ], [ -4.776679, 36.774413 ], [ -4.775884, 36.774477 ], [ -4.76469, 36.774781 ], [ -4.753499, 36.775254 ], [ -4.742322, 36.77634 ], [ -4.731148, 36.777585 ], [ -4.72001, 36.780468 ], [ -4.708894, 36.784353 ], [ -4.708568, 36.784421 ], [ -4.697726, 36.785931 ], [ -4.686568, 36.788029 ], [ -4.675453, 36.792104 ], [ -4.667028, 36.79402 ], [ -4.664303, 36.794592 ], [ -4.653154, 36.797175 ], [ -4.642007, 36.799907 ], [ -4.630865, 36.802887 ], [ -4.628423, 36.803565 ], [ -4.619726, 36.806046 ], [ -4.608597, 36.809759 ], [ -4.598209, 36.812985 ], [ -4.597463, 36.813292 ], [ -4.586413, 36.820926 ], [ -4.584884, 36.822173 ], [ -4.57599, 36.831301 ], [ -4.575435, 36.832148 ], [ -4.569889, 36.840392 ], [ -4.564545, 36.847897 ], [ -4.563382, 36.849487 ], [ -4.558339, 36.858563 ], [ -4.554075, 36.867629 ], [ -4.553748, 36.868422 ], [ -4.549725, 36.876696 ], [ -4.546031, 36.885754 ], [ -4.544022, 36.89479 ], [ -4.543151, 36.899121 ], [ -4.542021, 36.903825 ], [ -4.539657, 36.912866 ], [ -4.538243, 36.921894 ], [ -4.537242, 36.930917 ], [ -4.536701, 36.939934 ], [ -4.537092, 36.948938 ], [ -4.538628, 36.957928 ], [ -4.539649, 36.966925 ], [ -4.542176, 36.975901 ], [ -4.54485, 36.983324 ], [ -4.545284, 36.984871 ], [ -4.547449, 36.993852 ], [ -4.550253, 37.002825 ], [ -4.554556, 37.011779 ], [ -4.556758, 37.016465 ], [ -4.558608, 37.020735 ], [ -4.562843, 37.029689 ], [ -4.568427, 37.037455 ], [ -4.569161, 37.038615 ], [ -4.574682, 37.047551 ], [ -4.580007, 37.053852 ], [ -4.581943, 37.056464 ], [ -4.589371, 37.065375 ], [ -4.591538, 37.067647 ], [ -4.597113, 37.07428 ], [ -4.603047, 37.080202 ], [ -4.606269, 37.083166 ], [ -4.614494, 37.089631 ], [ -4.617813, 37.092018 ], [ -4.625915, 37.097703 ], [ -4.63093, 37.100848 ], [ -4.637321, 37.104982 ], [ -4.645723, 37.109653 ], [ -4.648711, 37.111435 ], [ -4.660099, 37.117703 ], [ -4.661519, 37.118442 ], [ -4.671486, 37.12384 ], [ -4.679412, 37.127199 ], [ -4.682852, 37.128931 ], [ -4.694209, 37.133564 ], [ -4.702752, 37.135875 ], [ -4.705536, 37.136798 ], [ -4.716878, 37.140644 ], [ -4.728185, 37.142939 ], [ -4.739473, 37.144343 ], [ -4.739528, 37.144351 ], [ -4.75078, 37.14656 ], [ -4.762077, 37.148315 ], [ -4.773366, 37.149701 ], [ -4.784641, 37.150478 ], [ -4.795906, 37.150828 ], [ -4.807161, 37.150757 ], [ -4.818408, 37.150336 ], [ -4.82965, 37.149737 ], [ -4.840881, 37.148671 ], [ -4.852101, 37.14719 ], [ -4.863306, 37.145101 ], [ -4.873978, 37.1423 ], [ -4.87449, 37.142194 ], [ -4.885691, 37.139992 ], [ -4.896861, 37.136564 ], [ -4.90586, 37.132783 ], [ -4.908001, 37.13203 ], [ -4.919153, 37.128006 ], [ -4.92852, 37.123407 ], [ -4.930272, 37.122692 ], [ -4.941398, 37.117751 ], [ -4.947861, 37.114082 ], [ -4.952494, 37.111693 ], [ -4.96279, 37.104827 ], [ -4.963555, 37.104342 ], [ -4.974606, 37.096692 ], [ -4.976125, 37.095596 ], [ -4.985637, 37.088359 ], [ -4.987986, 37.086389 ], [ -4.996635, 37.078876 ], [ -4.998247, 37.077208 ], [ -5.007534, 37.068042 ], [ -5.007594, 37.06798 ], [ -5.016435, 37.058882 ], [ -5.018529, 37.056336 ], [ -5.024516, 37.049735 ], [ -5.0294, 37.042394 ], [ -5.030722, 37.04062 ], [ -5.037505, 37.031495 ], [ -5.040215, 37.026513 ], [ -5.042868, 37.022394 ], [ -5.047773, 37.0133 ], [ -5.050868, 37.00474 ], [ -5.051067, 37.004234 ], [ -5.055033, 36.995157 ], [ -5.057457, 36.986106 ], [ -5.059506, 36.977061 ], [ -5.060877, 36.968029 ], [ -5.061077, 36.966755 ], [ -5.062693, 36.958988 ], [ -5.063778, 36.94996 ], [ -5.063854, 36.94095 ], [ -5.063118, 36.931954 ], [ -5.062026, 36.922963 ], [ -5.060384, 36.913983 ], [ -5.059528, 36.909221 ], [ -5.05895, 36.904999 ], [ -5.057676, 36.896012 ], [ -5.055778, 36.887035 ], [ -5.052835, 36.878077 ], [ -5.047747, 36.869156 ], [ -5.04721, 36.86816 ], [ -5.043811, 36.860215 ], [ -5.038859, 36.85129 ], [ -5.035421, 36.846519 ], [ -5.032825, 36.842385 ], [ -5.025376, 36.833503 ], [ -5.023818, 36.831654 ], [ -5.018541, 36.82461 ], [ -5.012255, 36.818191 ], [ -5.010083, 36.815744 ], [ -5.000756, 36.806986 ], [ -5.000663, 36.806893 ], [ -4.992183, 36.798026 ], [ -4.98925, 36.795386 ], [ -4.982385, 36.789181 ], [ -4.977791, 36.785457 ], [ -4.971081, 36.780359 ], [ -4.966382, 36.777403 ], [ -4.956885, 36.771585 ], [ -4.954999, 36.77026 ], [ -4.943636, 36.763811 ], [ -4.941702, 36.762824 ], [ -4.932293, 36.758118 ], [ -4.922973, 36.754119 ], [ -4.920968, 36.753064 ], [ -4.909655, 36.748446 ], [ -4.900499, 36.74547 ], [ -4.898362, 36.744565 ], [ -4.887062, 36.740358 ], [ -4.875805, 36.737857 ], [ -4.870928, 36.73693 ], [ -4.86455, 36.735408 ], [ -4.853297, 36.733042 ], [ -4.842093, 36.732666 ], [ -4.830905, 36.732989 ], [ -4.824803, 36.728636 ], [ -4.819571, 36.727092 ] ] } },
{ "type": "Feature", "properties": { "fid": 34, "ID": 33, "Intensidad": 10.5 }, "geometry": { "type": "LineString", "coordinates": [ [ -10.781546, 36.407307 ], [ -10.780352, 36.415947 ], [ -10.782774, 36.419538 ], [ -10.783036, 36.415771 ], [ -10.781546, 36.407307 ] ] } },
{ "type": "Feature", "properties": { "fid": 35, "ID": 34, "Intensidad": 10.5 }, "geometry": { "type": "LineString", "coordinates": [ [ -10.748931, 36.414763 ], [ -10.745153, 36.41825 ], [ -10.749309, 36.418539 ], [ -10.750197, 36.41792 ], [ -10.748931, 36.414763 ] ] } },
{ "type": "Feature", "properties": { "fid": 36, "ID": 35, "Intensidad": 5.5 }, "geometry": { "type": "LineString", "coordinates": [ [ -4.828806, 36.644435 ], [ -4.822341, 36.647587 ], [ -4.817824, 36.652936 ], [ -4.816268, 36.656689 ], [ -4.813858, 36.665736 ], [ -4.810253, 36.6748 ], [ -4.807528, 36.683851 ], [ -4.807374, 36.684313 ], [ -4.805575, 36.692891 ], [ -4.804512, 36.701917 ], [ -4.799493, 36.711002 ], [ -4.796893, 36.71472 ], [ -4.791059, 36.720139 ], [ -4.785939, 36.725034 ], [ -4.774823, 36.728411 ], [ -4.763632, 36.728616 ], [ -4.753055, 36.729715 ], [ -4.752464, 36.729796 ], [ -4.741311, 36.731664 ], [ -4.730163, 36.733738 ], [ -4.719014, 36.735864 ], [ -4.707865, 36.737975 ], [ -4.701823, 36.739469 ], [ -4.696735, 36.74097 ], [ -4.685608, 36.744187 ], [ -4.674481, 36.74739 ], [ -4.669916, 36.748931 ], [ -4.663365, 36.751198 ], [ -4.652251, 36.755136 ], [ -4.643981, 36.758302 ], [ -4.641141, 36.759299 ], [ -4.630035, 36.763713 ], [ -4.621271, 36.767623 ], [ -4.618936, 36.76854 ], [ -4.607836, 36.773369 ], [ -4.600725, 36.776912 ], [ -4.596746, 36.778743 ], [ -4.585662, 36.784508 ], [ -4.582602, 36.786164 ], [ -4.574574, 36.790113 ], [ -4.565992, 36.795394 ], [ -4.563506, 36.796821 ], [ -4.552438, 36.803651 ], [ -4.550681, 36.804604 ], [ -4.541344, 36.809198 ], [ -4.53209, 36.813855 ], [ -4.530249, 36.814849 ], [ -4.519128, 36.81924 ], [ -4.507988, 36.822744 ], [ -4.505871, 36.8232 ], [ -4.496843, 36.826004 ], [ -4.485679, 36.828353 ], [ -4.47451, 36.830473 ], [ -4.469836, 36.832661 ], [ -4.463443, 36.838015 ], [ -4.459207, 36.841802 ], [ -4.452469, 36.850559 ], [ -4.452282, 36.850897 ], [ -4.450039, 36.859934 ], [ -4.446399, 36.868989 ], [ -4.443447, 36.878034 ], [ -4.441879, 36.883726 ], [ -4.440933, 36.887075 ], [ -4.438182, 36.896118 ], [ -4.436814, 36.905145 ], [ -4.435673, 36.914168 ], [ -4.434921, 36.923187 ], [ -4.434424, 36.932203 ], [ -4.434286, 36.941215 ], [ -4.434469, 36.950222 ], [ -4.43492, 36.959227 ], [ -4.435818, 36.968226 ], [ -4.437415, 36.977216 ], [ -4.438955, 36.986207 ], [ -4.441237, 36.99519 ], [ -4.444114, 37.004164 ], [ -4.444153, 37.004297 ], [ -4.446502, 37.013145 ], [ -4.449503, 37.022118 ], [ -4.452721, 37.031088 ], [ -4.456045, 37.038687 ], [ -4.456586, 37.040051 ], [ -4.460045, 37.049018 ], [ -4.464354, 37.057975 ], [ -4.467772, 37.0639 ], [ -4.469411, 37.066922 ], [ -4.474999, 37.075862 ], [ -4.479357, 37.081464 ], [ -4.481836, 37.084786 ], [ -4.488895, 37.093707 ], [ -4.49089, 37.096042 ], [ -4.49624, 37.102625 ], [ -4.502398, 37.109154 ], [ -4.504518, 37.111529 ], [ -4.51314, 37.120429 ], [ -4.513889, 37.121195 ], [ -4.52164, 37.12933 ], [ -4.525375, 37.132802 ], [ -4.531203, 37.138216 ], [ -4.536836, 37.143023 ], [ -4.541718, 37.147089 ], [ -4.54828, 37.152234 ], [ -4.553263, 37.155948 ], [ -4.55971, 37.160613 ], [ -4.565998, 37.16479 ], [ -4.571124, 37.168135 ], [ -4.580468, 37.173607 ], [ -4.582524, 37.17485 ], [ -4.593926, 37.181572 ], [ -4.595397, 37.182416 ], [ -4.60533, 37.188276 ], [ -4.610995, 37.191214 ], [ -4.61672, 37.194283 ], [ -4.628095, 37.199472 ], [ -4.629235, 37.199974 ], [ -4.639472, 37.204644 ], [ -4.650819, 37.208438 ], [ -4.651514, 37.208675 ], [ -4.662176, 37.212572 ], [ -4.673513, 37.215781 ], [ -4.67939, 37.217292 ], [ -4.684848, 37.218849 ], [ -4.696183, 37.221885 ], [ -4.707505, 37.224302 ], [ -4.715508, 37.225783 ], [ -4.718822, 37.226477 ], [ -4.730143, 37.228801 ], [ -4.741452, 37.230538 ], [ -4.75275, 37.231814 ], [ -4.764042, 37.232796 ], [ -4.775328, 37.233532 ], [ -4.781184, 37.233823 ], [ -4.786612, 37.234145 ], [ -4.797891, 37.234559 ], [ -4.809158, 37.234476 ], [ -4.820408, 37.233676 ], [ -4.826242, 37.233136 ], [ -4.831653, 37.232669 ], [ -4.842895, 37.231562 ], [ -4.854131, 37.23022 ], [ -4.865361, 37.228648 ], [ -4.876583, 37.226793 ], [ -4.887796, 37.224581 ], [ -4.894963, 37.223047 ], [ -4.899006, 37.222288 ], [ -4.910218, 37.220111 ], [ -4.921416, 37.217398 ], [ -4.932597, 37.214036 ], [ -4.934601, 37.213397 ], [ -4.943777, 37.210697 ], [ -4.954934, 37.206468 ], [ -4.960706, 37.203959 ], [ -4.966076, 37.201737 ], [ -4.977209, 37.196733 ], [ -4.981287, 37.194608 ], [ -4.98833, 37.191297 ], [ -4.999438, 37.185428 ], [ -4.999701, 37.18529 ], [ -5.010554, 37.179933 ], [ -5.017292, 37.175982 ], [ -5.021643, 37.173486 ], [ -5.032162, 37.166719 ], [ -5.032712, 37.166373 ], [ -5.043774, 37.159069 ], [ -5.046074, 37.157471 ], [ -5.054814, 37.151043 ], [ -5.058273, 37.148251 ], [ -5.065819, 37.141811 ], [ -5.068914, 37.139057 ], [ -5.076791, 37.131473 ], [ -5.078429, 37.129882 ], [ -5.087416, 37.120715 ], [ -5.08774, 37.120377 ], [ -5.096236, 37.111551 ], [ -5.098671, 37.108765 ], [ -5.104367, 37.102398 ], [ -5.109562, 37.095821 ], [ -5.111643, 37.09326 ], [ -5.118624, 37.084126 ], [ -5.120414, 37.081601 ], [ -5.125281, 37.074998 ], [ -5.130729, 37.065892 ], [ -5.131198, 37.065118 ], [ -5.136565, 37.056778 ], [ -5.141003, 37.047689 ], [ -5.141898, 37.045795 ], [ -5.145624, 37.038597 ], [ -5.149296, 37.029522 ], [ -5.152013, 37.020464 ], [ -5.152389, 37.01923 ], [ -5.155159, 37.011398 ], [ -5.157743, 37.002342 ], [ -5.159722, 36.993297 ], [ -5.161304, 36.98426 ], [ -5.162407, 36.976246 ], [ -5.16257, 36.975228 ], [ -5.164153, 36.96619 ], [ -5.165243, 36.957162 ], [ -5.165891, 36.948141 ], [ -5.166126, 36.939128 ], [ -5.165956, 36.930122 ], [ -5.165155, 36.921128 ], [ -5.164247, 36.912135 ], [ -5.162768, 36.903153 ], [ -5.160999, 36.894177 ], [ -5.15995, 36.889263 ], [ -5.159194, 36.885201 ], [ -5.157379, 36.876225 ], [ -5.155123, 36.867257 ], [ -5.152202, 36.858301 ], [ -5.148345, 36.849361 ], [ -5.147564, 36.84753 ], [ -5.14482, 36.840416 ], [ -5.140452, 36.831486 ], [ -5.13567, 36.823005 ], [ -5.135437, 36.822567 ], [ -5.13092, 36.813639 ], [ -5.124938, 36.804737 ], [ -5.123916, 36.803236 ], [ -5.118865, 36.795836 ], [ -5.112284, 36.787712 ], [ -5.111715, 36.786954 ], [ -5.104342, 36.778076 ], [ -5.1007, 36.773752 ], [ -5.096587, 36.769204 ], [ -5.089171, 36.761671 ], [ -5.087932, 36.760347 ], [ -5.079011, 36.751494 ], [ -5.077663, 36.750191 ], [ -5.070031, 36.742641 ], [ -5.066169, 36.739151 ], [ -5.06026, 36.733801 ], [ -5.054706, 36.729126 ], [ -5.049648, 36.724975 ], [ -5.043279, 36.720336 ], [ -5.037501, 36.716175 ], [ -5.031871, 36.712212 ], [ -5.02406, 36.707395 ], [ -5.020497, 36.70525 ], [ -5.009143, 36.699001 ], [ -5.008464, 36.69865 ], [ -4.997794, 36.692844 ], [ -4.991676, 36.689922 ], [ -4.986463, 36.687363 ], [ -4.975147, 36.682372 ], [ -4.972458, 36.681233 ], [ -4.963832, 36.677343 ], [ -4.952542, 36.673279 ], [ -4.950617, 36.672583 ], [ -4.941245, 36.668909 ], [ -4.929972, 36.665417 ], [ -4.924859, 36.663993 ], [ -4.918704, 36.662088 ], [ -4.907443, 36.658998 ], [ -4.896201, 36.656648 ], [ -4.890196, 36.655538 ], [ -4.884963, 36.654434 ], [ -4.873718, 36.651926 ], [ -4.862534, 36.651896 ], [ -4.85136, 36.652302 ], [ -4.843079, 36.647267 ], [ -4.840037, 36.646477 ], [ -4.828806, 36.644435 ] ] } },
{ "type": "Feature", "properties": { "fid": 37, "ID": 36, "Intensidad": 10.5 }, "geometry": { "type": "LineString", "coordinates": [ [ -10.759024, 36.404485 ], [ -10.757265, 36.408471 ], [ -10.759443, 36.408674 ], [ -10.760122, 36.408285 ], [ -10.759024, 36.404485 ] ] } },
{ "type": "Feature", "properties": { "fid": 38, "ID": 37, "Intensidad": 10.5 }, "geometry": { "type": "LineString", "coordinates": [ [ -10.6473, 36.399177 ], [ -10.638879, 36.407162 ], [ -10.648032, 36.406597 ], [ -10.657179, 36.405983 ], [ -10.6473, 36.399177 ] ] } },
{ "type": "Feature", "properties": { "fid": 39, "ID": 38, "Intensidad": 10.0 }, "geometry": { "type": "LineString", "coordinates": [ [ -9.595031, 36.451727 ], [ -9.595031, 36.451727 ], [ -9.595031, 36.451727 ], [ -9.595031, 36.451728 ], [ -9.595031, 36.451727 ] ] } },
{ "type": "Feature", "properties": { "fid": 40, "ID": 39, "Intensidad": 6.0 }, "geometry": { "type": "LineString", "coordinates": [ [ -4.826305, 36.538402 ], [ -4.824342, 36.539438 ], [ -4.81827, 36.54854 ], [ -4.81542, 36.550461 ], [ -4.81265, 36.557636 ], [ -4.813135, 36.566638 ], [ -4.81336, 36.575645 ], [ -4.813694, 36.58465 ], [ -4.814542, 36.593647 ], [ -4.815628, 36.60264 ], [ -4.812656, 36.611695 ], [ -4.805949, 36.620807 ], [ -4.805892, 36.620931 ], [ -4.803458, 36.629854 ], [ -4.800756, 36.638905 ], [ -4.799467, 36.647934 ], [ -4.795774, 36.657 ], [ -4.79556, 36.657393 ], [ -4.787301, 36.666137 ], [ -4.784695, 36.671261 ], [ -4.779751, 36.67526 ], [ -4.773684, 36.6789 ], [ -4.762513, 36.679606 ], [ -4.751321, 36.67944 ], [ -4.740161, 36.680662 ], [ -4.729016, 36.682604 ], [ -4.718058, 36.685176 ], [ -4.717886, 36.685209 ], [ -4.706736, 36.686963 ], [ -4.695598, 36.689291 ], [ -4.684476, 36.692379 ], [ -4.675986, 36.694786 ], [ -4.673352, 36.695416 ], [ -4.662234, 36.698768 ], [ -4.651122, 36.702406 ], [ -4.646541, 36.704207 ], [ -4.640014, 36.706368 ], [ -4.628929, 36.711427 ], [ -4.623535, 36.713533 ], [ -4.617824, 36.715584 ], [ -4.60674, 36.720829 ], [ -4.602596, 36.722827 ], [ -4.595647, 36.725694 ], [ -4.584578, 36.731826 ], [ -4.583906, 36.732087 ], [ -4.573475, 36.736359 ], [ -4.564442, 36.741354 ], [ -4.5624, 36.742366 ], [ -4.551315, 36.74795 ], [ -4.546882, 36.750594 ], [ -4.540239, 36.754027 ], [ -4.530506, 36.759816 ], [ -4.52917, 36.760555 ], [ -4.518089, 36.766616 ], [ -4.514088, 36.769036 ], [ -4.507008, 36.772724 ], [ -4.497743, 36.778253 ], [ -4.495931, 36.779166 ], [ -4.484822, 36.783998 ], [ -4.477347, 36.787518 ], [ -4.473716, 36.789084 ], [ -4.462626, 36.795114 ], [ -4.459518, 36.796748 ], [ -4.451514, 36.800031 ], [ -4.441335, 36.80598 ], [ -4.440428, 36.806398 ], [ -4.429295, 36.810381 ], [ -4.419298, 36.815255 ], [ -4.418187, 36.815753 ], [ -4.407064, 36.820432 ], [ -4.397704, 36.824521 ], [ -4.395943, 36.82523 ], [ -4.384792, 36.828467 ], [ -4.373644, 36.831979 ], [ -4.362455, 36.833168 ], [ -4.356342, 36.83401 ], [ -4.351278, 36.835096 ], [ -4.340153, 36.840001 ], [ -4.333708, 36.843277 ], [ -4.329063, 36.847046 ], [ -4.323743, 36.852398 ], [ -4.31805, 36.858701 ], [ -4.316026, 36.861494 ], [ -4.312123, 36.870547 ], [ -4.307864, 36.879604 ], [ -4.307243, 36.882589 ], [ -4.306352, 36.888631 ], [ -4.304979, 36.897656 ], [ -4.303692, 36.90668 ], [ -4.302747, 36.915701 ], [ -4.301072, 36.924729 ], [ -4.300915, 36.933741 ], [ -4.301033, 36.94275 ], [ -4.301258, 36.951757 ], [ -4.301727, 36.960762 ], [ -4.302883, 36.969759 ], [ -4.303383, 36.978764 ], [ -4.304594, 36.98776 ], [ -4.30617, 36.996753 ], [ -4.308014, 37.005743 ], [ -4.309458, 37.012139 ], [ -4.309948, 37.014731 ], [ -4.31192, 37.023719 ], [ -4.313873, 37.032707 ], [ -4.316508, 37.041688 ], [ -4.319959, 37.05066 ], [ -4.321438, 37.055005 ], [ -4.322944, 37.059636 ], [ -4.326161, 37.06861 ], [ -4.330266, 37.077574 ], [ -4.333176, 37.083237 ], [ -4.334661, 37.086534 ], [ -4.338825, 37.095497 ], [ -4.344091, 37.104447 ], [ -4.344821, 37.105776 ], [ -4.348616, 37.113405 ], [ -4.353954, 37.122354 ], [ -4.356437, 37.126245 ], [ -4.359467, 37.131301 ], [ -4.365396, 37.140242 ], [ -4.368009, 37.143884 ], [ -4.371625, 37.14918 ], [ -4.378812, 37.158106 ], [ -4.37954, 37.159013 ], [ -4.385668, 37.167036 ], [ -4.391054, 37.172921 ], [ -4.393743, 37.175951 ], [ -4.402532, 37.184695 ], [ -4.402689, 37.184855 ], [ -4.411452, 37.19376 ], [ -4.414008, 37.196146 ], [ -4.420924, 37.202657 ], [ -4.425469, 37.206636 ], [ -4.431087, 37.211544 ], [ -4.43692, 37.216388 ], [ -4.441849, 37.220423 ], [ -4.448363, 37.225572 ], [ -4.453186, 37.229293 ], [ -4.459799, 37.234278 ], [ -4.465178, 37.238155 ], [ -4.471228, 37.242472 ], [ -4.477956, 37.247006 ], [ -4.48265, 37.250183 ], [ -4.491751, 37.255842 ], [ -4.494062, 37.257269 ], [ -4.505472, 37.264122 ], [ -4.506405, 37.264666 ], [ -4.516883, 37.27096 ], [ -4.52161, 37.273481 ], [ -4.528285, 37.277209 ], [ -4.53907, 37.282264 ], [ -4.53967, 37.282561 ], [ -4.551067, 37.288405 ], [ -4.557374, 37.291034 ], [ -4.562445, 37.29326 ], [ -4.573822, 37.298014 ], [ -4.578615, 37.299762 ], [ -4.585194, 37.302411 ], [ -4.596558, 37.306397 ], [ -4.602961, 37.308443 ], [ -4.607918, 37.310162 ], [ -4.61928, 37.313944 ], [ -4.630623, 37.316784 ], [ -4.631648, 37.31706 ], [ -4.64198, 37.320271 ], [ -4.653326, 37.323175 ], [ -4.66466, 37.325457 ], [ -4.665311, 37.3256 ], [ -4.676008, 37.328385 ], [ -4.687346, 37.33086 ], [ -4.698673, 37.33277 ], [ -4.707361, 37.33401 ], [ -4.709996, 37.334467 ], [ -4.721328, 37.336563 ], [ -4.73265, 37.338166 ], [ -4.743963, 37.339405 ], [ -4.755269, 37.340286 ], [ -4.766571, 37.341024 ], [ -4.777867, 37.34147 ], [ -4.789159, 37.341757 ], [ -4.791185, 37.341779 ], [ -4.800448, 37.341935 ], [ -4.811733, 37.341895 ], [ -4.823011, 37.341583 ], [ -4.83193, 37.341155 ], [ -4.834283, 37.341056 ], [ -4.845553, 37.340449 ], [ -4.856817, 37.339597 ], [ -4.868076, 37.338527 ], [ -4.879325, 37.337104 ], [ -4.890569, 37.335508 ], [ -4.901802, 37.333478 ], [ -4.913023, 37.331004 ], [ -4.913841, 37.330849 ], [ -4.924257, 37.329049 ], [ -4.935476, 37.326563 ], [ -4.946692, 37.323972 ], [ -4.956546, 37.321142 ], [ -4.957892, 37.320804 ], [ -4.969105, 37.318138 ], [ -4.980299, 37.314831 ], [ -4.989548, 37.311583 ], [ -4.991478, 37.310969 ], [ -5.00267, 37.307613 ], [ -5.013833, 37.303244 ], [ -5.016738, 37.302114 ], [ -5.025004, 37.29922 ], [ -5.036154, 37.294447 ], [ -5.039886, 37.292708 ], [ -5.047301, 37.289609 ], [ -5.058429, 37.28416 ], [ -5.06007, 37.28335 ], [ -5.069565, 37.279022 ], [ -5.078637, 37.274017 ], [ -5.080673, 37.272957 ], [ -5.091782, 37.266975 ], [ -5.09568, 37.264707 ], [ -5.102881, 37.260706 ], [ -5.111173, 37.255424 ], [ -5.113958, 37.253711 ], [ -5.125018, 37.246187 ], [ -5.125048, 37.246167 ], [ -5.136081, 37.238808 ], [ -5.138701, 37.236912 ], [ -5.147123, 37.230802 ], [ -5.151021, 37.227681 ], [ -5.15813, 37.221661 ], [ -5.161717, 37.218477 ], [ -5.169102, 37.211387 ], [ -5.171258, 37.209294 ], [ -5.180001, 37.200125 ], [ -5.180042, 37.200081 ], [ -5.188852, 37.190953 ], [ -5.190973, 37.188566 ], [ -5.197205, 37.18179 ], [ -5.201869, 37.175988 ], [ -5.204707, 37.172642 ], [ -5.21188, 37.1635 ], [ -5.212733, 37.162431 ], [ -5.219592, 37.154347 ], [ -5.22359, 37.148747 ], [ -5.226328, 37.145212 ], [ -5.232974, 37.136079 ], [ -5.234414, 37.134063 ], [ -5.239992, 37.126938 ], [ -5.245217, 37.118818 ], [ -5.245929, 37.117817 ], [ -5.252764, 37.108679 ], [ -5.256012, 37.103444 ], [ -5.258692, 37.099557 ], [ -5.264568, 37.090437 ], [ -5.266757, 37.086564 ], [ -5.270025, 37.081324 ], [ -5.275054, 37.072219 ], [ -5.277409, 37.066707 ], [ -5.279079, 37.063133 ], [ -5.282715, 37.054055 ], [ -5.28552, 37.044992 ], [ -5.287621, 37.035943 ], [ -5.287718, 37.035577 ], [ -5.29024, 37.026884 ], [ -5.292244, 37.017837 ], [ -5.294137, 37.008792 ], [ -5.295558, 36.999756 ], [ -5.296787, 36.990723 ], [ -5.297445, 36.985395 ], [ -5.298006, 36.981691 ], [ -5.299331, 36.972657 ], [ -5.300296, 36.96363 ], [ -5.300804, 36.954611 ], [ -5.301341, 36.945592 ], [ -5.301439, 36.936582 ], [ -5.301276, 36.927576 ], [ -5.30083, 36.918576 ], [ -5.300079, 36.909582 ], [ -5.298976, 36.900595 ], [ -5.297299, 36.891618 ], [ -5.295953, 36.882636 ], [ -5.294102, 36.873979 ], [ -5.294041, 36.873664 ], [ -5.292468, 36.864686 ], [ -5.290453, 36.855716 ], [ -5.288302, 36.846748 ], [ -5.285305, 36.837797 ], [ -5.282055, 36.828851 ], [ -5.281501, 36.827386 ], [ -5.279019, 36.8199 ], [ -5.275438, 36.81096 ], [ -5.270801, 36.80204 ], [ -5.269459, 36.799136 ], [ -5.266722, 36.793109 ], [ -5.262071, 36.784189 ], [ -5.257604, 36.776973 ], [ -5.256659, 36.775283 ], [ -5.251784, 36.766366 ], [ -5.245843, 36.75779 ], [ -5.245642, 36.757473 ], [ -5.240353, 36.748564 ], [ -5.234139, 36.740369 ], [ -5.233647, 36.739681 ], [ -5.227602, 36.730786 ], [ -5.222487, 36.724517 ], [ -5.220401, 36.721911 ], [ -5.213136, 36.713038 ], [ -5.21089, 36.710464 ], [ -5.205597, 36.704168 ], [ -5.199332, 36.697614 ], [ -5.197231, 36.695314 ], [ -5.188125, 36.686473 ], [ -5.187819, 36.686171 ], [ -5.179282, 36.677626 ], [ -5.176314, 36.674928 ], [ -5.169629, 36.668793 ], [ -5.164841, 36.664698 ], [ -5.159292, 36.659972 ], [ -5.153391, 36.655202 ], [ -5.148278, 36.651162 ], [ -5.141964, 36.6464 ], [ -5.136518, 36.642364 ], [ -5.130549, 36.637949 ], [ -5.124013, 36.633578 ], [ -5.119157, 36.630259 ], [ -5.110783, 36.624804 ], [ -5.107778, 36.622934 ], [ -5.096417, 36.616213 ], [ -5.096166, 36.616053 ], [ -5.085053, 36.609308 ], [ -5.081319, 36.607304 ], [ -5.073707, 36.603025 ], [ -5.064399, 36.598589 ], [ -5.062386, 36.597574 ], [ -5.051061, 36.591927 ], [ -5.046429, 36.589889 ], [ -5.03975, 36.586727 ], [ -5.028454, 36.58205 ], [ -5.026447, 36.581221 ], [ -5.017151, 36.577075 ], [ -5.005874, 36.573041 ], [ -5.00462, 36.572581 ], [ -4.994587, 36.56857 ], [ -4.983325, 36.565026 ], [ -4.979803, 36.563986 ], [ -4.972064, 36.561452 ], [ -4.960812, 36.55825 ], [ -4.949579, 36.555723 ], [ -4.948614, 36.555491 ], [ -4.938333, 36.552683 ], [ -4.927104, 36.550244 ], [ -4.915883, 36.548146 ], [ -4.909586, 36.547112 ], [ -4.904666, 36.546165 ], [ -4.893447, 36.544071 ], [ -4.882299, 36.544899 ], [ -4.871128, 36.544802 ], [ -4.859898, 36.542208 ], [ -4.849017, 36.539057 ], [ -4.848655, 36.539036 ], [ -4.837464, 36.538046 ], [ -4.826305, 36.538402 ] ] } },
{ "type": "Feature", "properties": { "fid": 41, "ID": 40, "Intensidad": 12.0 }, "geometry": { "type": "LineString", "coordinates": [ [ -14.611698, 35.963417 ], [ -14.611043, 35.959004 ], [ -14.611144, 35.958292 ], [ -14.616557, 35.957653 ] ] } },
{ "type": "Feature", "properties": { "fid": 42, "ID": 41, "Intensidad": 6.5 }, "geometry": { "type": "LineString", "coordinates": [ [ -4.833973, 36.390021 ], [ -4.829058, 36.395205 ], [ -4.823154, 36.40402 ], [ -4.823054, 36.404307 ], [ -4.820723, 36.413353 ], [ -4.820648, 36.422364 ], [ -4.818413, 36.431408 ], [ -4.815492, 36.440463 ], [ -4.813029, 36.448006 ], [ -4.812859, 36.449513 ], [ -4.812289, 36.458531 ], [ -4.812257, 36.467542 ], [ -4.811442, 36.476564 ], [ -4.809593, 36.485603 ], [ -4.808686, 36.494626 ], [ -4.806375, 36.503671 ], [ -4.805751, 36.512691 ], [ -4.804048, 36.521727 ], [ -4.803635, 36.523927 ], [ -4.802608, 36.530758 ], [ -4.799693, 36.539812 ], [ -4.796765, 36.548866 ], [ -4.794853, 36.557905 ], [ -4.794001, 36.566928 ], [ -4.793529, 36.569797 ], [ -4.791126, 36.575981 ], [ -4.784729, 36.585087 ], [ -4.782808, 36.589406 ], [ -4.779233, 36.594179 ], [ -4.77185, 36.59888 ], [ -4.760742, 36.601875 ], [ -4.749596, 36.603201 ], [ -4.744606, 36.603701 ], [ -4.738446, 36.604392 ], [ -4.727299, 36.605756 ], [ -4.716166, 36.607768 ], [ -4.705028, 36.60954 ], [ -4.693905, 36.612023 ], [ -4.687403, 36.613535 ], [ -4.68278, 36.61447 ], [ -4.671649, 36.616681 ], [ -4.660526, 36.619292 ], [ -4.649419, 36.622693 ], [ -4.648013, 36.623097 ], [ -4.6383, 36.625543 ], [ -4.627198, 36.629251 ], [ -4.617842, 36.63252 ], [ -4.616098, 36.63311 ], [ -4.604991, 36.636708 ], [ -4.593907, 36.641442 ], [ -4.592773, 36.641868 ], [ -4.582807, 36.645492 ], [ -4.571726, 36.650522 ], [ -4.570345, 36.651176 ], [ -4.560637, 36.655203 ], [ -4.549836, 36.660455 ], [ -4.54956, 36.660589 ], [ -4.53847, 36.665364 ], [ -4.530164, 36.669719 ], [ -4.527397, 36.671076 ], [ -4.516318, 36.676612 ], [ -4.512192, 36.678959 ], [ -4.505246, 36.682503 ], [ -4.495014, 36.688186 ], [ -4.494176, 36.688673 ], [ -4.483097, 36.694428 ], [ -4.477938, 36.69741 ], [ -4.472027, 36.700713 ], [ -4.462303, 36.706613 ], [ -4.460962, 36.707376 ], [ -4.449889, 36.713736 ], [ -4.446476, 36.715817 ], [ -4.438817, 36.72025 ], [ -4.431365, 36.725009 ], [ -4.427752, 36.727207 ], [ -4.417194, 36.734189 ], [ -4.416691, 36.734508 ], [ -4.405619, 36.741331 ], [ -4.402296, 36.743376 ], [ -4.394546, 36.748211 ], [ -4.388197, 36.752551 ], [ -4.383481, 36.755624 ], [ -4.374776, 36.761717 ], [ -4.372417, 36.763241 ], [ -4.361455, 36.770881 ], [ -4.361353, 36.770942 ], [ -4.350262, 36.777233 ], [ -4.345987, 36.780067 ], [ -4.339177, 36.784041 ], [ -4.331348, 36.789242 ], [ -4.328093, 36.790921 ], [ -4.317295, 36.798409 ], [ -4.317019, 36.798567 ], [ -4.305903, 36.803845 ], [ -4.299766, 36.807612 ], [ -4.294801, 36.810047 ], [ -4.284174, 36.816791 ], [ -4.28371, 36.817052 ], [ -4.272579, 36.821692 ], [ -4.263381, 36.826024 ], [ -4.261455, 36.826881 ], [ -4.2503, 36.830289 ], [ -4.23915, 36.834053 ], [ -4.234554, 36.835338 ], [ -4.227988, 36.837111 ], [ -4.216822, 36.83995 ], [ -4.205651, 36.842587 ], [ -4.194461, 36.844021 ], [ -4.186882, 36.844833 ], [ -4.183282, 36.846204 ], [ -4.172079, 36.846817 ], [ -4.160923, 36.850592 ], [ -4.14976, 36.853944 ], [ -4.149252, 36.854213 ], [ -4.138662, 36.861815 ], [ -4.13702, 36.863341 ], [ -4.131527, 36.872404 ], [ -4.127718, 36.880203 ], [ -4.127221, 36.881455 ], [ -4.127477, 36.890463 ], [ -4.127106, 36.899477 ], [ -4.124652, 36.90851 ], [ -4.123847, 36.917528 ], [ -4.123719, 36.926539 ], [ -4.123774, 36.935549 ], [ -4.124029, 36.944557 ], [ -4.124426, 36.953563 ], [ -4.124942, 36.962569 ], [ -4.125603, 36.971572 ], [ -4.126347, 36.980576 ], [ -4.127244, 36.989577 ], [ -4.128312, 36.998577 ], [ -4.129582, 37.007575 ], [ -4.129598, 37.007681 ], [ -4.130932, 37.016572 ], [ -4.132407, 37.025568 ], [ -4.134073, 37.034562 ], [ -4.135995, 37.043554 ], [ -4.138156, 37.052543 ], [ -4.140611, 37.06153 ], [ -4.141695, 37.065184 ], [ -4.143171, 37.070515 ], [ -4.145775, 37.0795 ], [ -4.148747, 37.088481 ], [ -4.152278, 37.097457 ], [ -4.153476, 37.100516 ], [ -4.155632, 37.106434 ], [ -4.158985, 37.115411 ], [ -4.16296, 37.124382 ], [ -4.165163, 37.129056 ], [ -4.166983, 37.133352 ], [ -4.17095, 37.142323 ], [ -4.175804, 37.151285 ], [ -4.176791, 37.153143 ], [ -4.180146, 37.160252 ], [ -4.185133, 37.169212 ], [ -4.188382, 37.174426 ], [ -4.190469, 37.178168 ], [ -4.19587, 37.187123 ], [ -4.199934, 37.192811 ], [ -4.202058, 37.19607 ], [ -4.20838, 37.205016 ], [ -4.211456, 37.208963 ], [ -4.215225, 37.213955 ], [ -4.222685, 37.222888 ], [ -4.222953, 37.223217 ], [ -4.229431, 37.231828 ], [ -4.234453, 37.23745 ], [ -4.237212, 37.240757 ], [ -4.245631, 37.249678 ], [ -4.24593, 37.25001 ], [ -4.253189, 37.258608 ], [ -4.257419, 37.263001 ], [ -4.261532, 37.267529 ], [ -4.268891, 37.274837 ], [ -4.270442, 37.276443 ], [ -4.279565, 37.285354 ], [ -4.280357, 37.286035 ], [ -4.288711, 37.294265 ], [ -4.29183, 37.297463 ], [ -4.29785, 37.303174 ], [ -4.303291, 37.307993 ], [ -4.307847, 37.312074 ], [ -4.314745, 37.317925 ], [ -4.318337, 37.320967 ], [ -4.326193, 37.327355 ], [ -4.329308, 37.329853 ], [ -4.337637, 37.336349 ], [ -4.340773, 37.338733 ], [ -4.349076, 37.344943 ], [ -4.352786, 37.347606 ], [ -4.36051, 37.353112 ], [ -4.365495, 37.356469 ], [ -4.371937, 37.360817 ], [ -4.37911, 37.365321 ], [ -4.383359, 37.368035 ], [ -4.393828, 37.374157 ], [ -4.394772, 37.374725 ], [ -4.406191, 37.381592 ], [ -4.408685, 37.382991 ], [ -4.417608, 37.388188 ], [ -4.424643, 37.391809 ], [ -4.429014, 37.394175 ], [ -4.440416, 37.399821 ], [ -4.442015, 37.400607 ], [ -4.45182, 37.405483 ], [ -4.46046, 37.40939 ], [ -4.463218, 37.410798 ], [ -4.474617, 37.416039 ], [ -4.47979, 37.418159 ], [ -4.486011, 37.420926 ], [ -4.497398, 37.425444 ], [ -4.501221, 37.426898 ], [ -4.508789, 37.430066 ], [ -4.520173, 37.434229 ], [ -4.524102, 37.435614 ], [ -4.53156, 37.438521 ], [ -4.54294, 37.442435 ], [ -4.548884, 37.444301 ], [ -4.554319, 37.446201 ], [ -4.565696, 37.449847 ], [ -4.577029, 37.452937 ], [ -4.577063, 37.452947 ], [ -4.588444, 37.456636 ], [ -4.599809, 37.459561 ], [ -4.608759, 37.461518 ], [ -4.611167, 37.462119 ], [ -4.622533, 37.464973 ], [ -4.63389, 37.46741 ], [ -4.645237, 37.469347 ], [ -4.648906, 37.469974 ], [ -4.656589, 37.471503 ], [ -4.66794, 37.473571 ], [ -4.679283, 37.475262 ], [ -4.69062, 37.476656 ], [ -4.701952, 37.477802 ], [ -4.705669, 37.478177 ], [ -4.713287, 37.47911 ], [ -4.72462, 37.480241 ], [ -4.735953, 37.481415 ], [ -4.747278, 37.482213 ], [ -4.758598, 37.482804 ], [ -4.769914, 37.483209 ], [ -4.781227, 37.483452 ], [ -4.792536, 37.483545 ], [ -4.803841, 37.483494 ], [ -4.815143, 37.48331 ], [ -4.826442, 37.482994 ], [ -4.83773, 37.482222 ], [ -4.849029, 37.481957 ], [ -4.860318, 37.48123 ], [ -4.871596, 37.480116 ], [ -4.882881, 37.47927 ], [ -4.894154, 37.47797 ], [ -4.90542, 37.476426 ], [ -4.914787, 37.474972 ], [ -4.916682, 37.474721 ], [ -4.92795, 37.47329 ], [ -4.939212, 37.471617 ], [ -4.950465, 37.46966 ], [ -4.961709, 37.467342 ], [ -4.971528, 37.46503 ], [ -4.972945, 37.464741 ], [ -4.984192, 37.462615 ], [ -4.995428, 37.460091 ], [ -5.00665, 37.457086 ], [ -5.012906, 37.455324 ], [ -5.017872, 37.454096 ], [ -5.029096, 37.451221 ], [ -5.040303, 37.447736 ], [ -5.046365, 37.44574 ], [ -5.051508, 37.444235 ], [ -5.062713, 37.440779 ], [ -5.073894, 37.436472 ], [ -5.074544, 37.436241 ], [ -5.085093, 37.432869 ], [ -5.096268, 37.428421 ], [ -5.100307, 37.426777 ], [ -5.107446, 37.424144 ], [ -5.118609, 37.419397 ], [ -5.123165, 37.41736 ], [ -5.129771, 37.414658 ], [ -5.140917, 37.409401 ], [ -5.143904, 37.407978 ], [ -5.152069, 37.404398 ], [ -5.162869, 37.398624 ], [ -5.163192, 37.398463 ], [ -5.174334, 37.393219 ], [ -5.181426, 37.389275 ], [ -5.18545, 37.38717 ], [ -5.196551, 37.38064 ], [ -5.197871, 37.379962 ], [ -5.207665, 37.374616 ], [ -5.214029, 37.370652 ], [ -5.218754, 37.367829 ], [ -5.228486, 37.361372 ], [ -5.229826, 37.360509 ], [ -5.240894, 37.353142 ], [ -5.24239, 37.352101 ], [ -5.251948, 37.345379 ], [ -5.255252, 37.342848 ], [ -5.262976, 37.336812 ], [ -5.26686, 37.333618 ], [ -5.273982, 37.327595 ], [ -5.277671, 37.324402 ], [ -5.284967, 37.317776 ], [ -5.287793, 37.315199 ], [ -5.295929, 37.307309 ], [ -5.29729, 37.306006 ], [ -5.306485, 37.296819 ], [ -5.306875, 37.296427 ], [ -5.315849, 37.287628 ], [ -5.317819, 37.285549 ], [ -5.324795, 37.278444 ], [ -5.328741, 37.274074 ], [ -5.333291, 37.269269 ], [ -5.339636, 37.261811 ], [ -5.341032, 37.260108 ], [ -5.349275, 37.250937 ], [ -5.350525, 37.249483 ], [ -5.357537, 37.241764 ], [ -5.361405, 37.236985 ], [ -5.365204, 37.232603 ], [ -5.372135, 37.223456 ], [ -5.372245, 37.22332 ], [ -5.380054, 37.214289 ], [ -5.3831, 37.210228 ], [ -5.387198, 37.205137 ], [ -5.393551, 37.196001 ], [ -5.393899, 37.195527 ], [ -5.40074, 37.186847 ], [ -5.404693, 37.180762 ], [ -5.406858, 37.177715 ], [ -5.413043, 37.168581 ], [ -5.415439, 37.164618 ], [ -5.418833, 37.159454 ], [ -5.424172, 37.150337 ], [ -5.426122, 37.14665 ], [ -5.42929, 37.141224 ], [ -5.433932, 37.132121 ], [ -5.436691, 37.125273 ], [ -5.437713, 37.123035 ], [ -5.441939, 37.11394 ], [ -5.445186, 37.104865 ], [ -5.447089, 37.09877 ], [ -5.448188, 37.095795 ], [ -5.451621, 37.086715 ], [ -5.454231, 37.077653 ], [ -5.456499, 37.068598 ], [ -5.457261, 37.065466 ], [ -5.459017, 37.059538 ], [ -5.46152, 37.050478 ], [ -5.463568, 37.041427 ], [ -5.465239, 37.032384 ], [ -5.466631, 37.023347 ], [ -5.467056, 37.020762 ], [ -5.468391, 37.014302 ], [ -5.470144, 37.005257 ], [ -5.471594, 36.996219 ], [ -5.472799, 36.987185 ], [ -5.473765, 36.978157 ], [ -5.474554, 36.969132 ], [ -5.475155, 36.960111 ], [ -5.475584, 36.951094 ], [ -5.475814, 36.944366 ], [ -5.475927, 36.942079 ], [ -5.476289, 36.933063 ], [ -5.47639, 36.924052 ], [ -5.476207, 36.915048 ], [ -5.475746, 36.906049 ], [ -5.474968, 36.897057 ], [ -5.474043, 36.889574 ], [ -5.473881, 36.888071 ], [ -5.472809, 36.879085 ], [ -5.471325, 36.870108 ], [ -5.470013, 36.861127 ], [ -5.468238, 36.852155 ], [ -5.466145, 36.84319 ], [ -5.463681, 36.834233 ], [ -5.460781, 36.825284 ], [ -5.46076, 36.825215 ], [ -5.458536, 36.816322 ], [ -5.455926, 36.807368 ], [ -5.452862, 36.798423 ], [ -5.449166, 36.78949 ], [ -5.448344, 36.787268 ], [ -5.446071, 36.780546 ], [ -5.442748, 36.771605 ], [ -5.438628, 36.762681 ], [ -5.436206, 36.757712 ], [ -5.434519, 36.753757 ], [ -5.430547, 36.744829 ], [ -5.425472, 36.735924 ], [ -5.424245, 36.733454 ], [ -5.421045, 36.727006 ], [ -5.41618, 36.718096 ], [ -5.412381, 36.712064 ], [ -5.410764, 36.709197 ], [ -5.405377, 36.700298 ], [ -5.400602, 36.693172 ], [ -5.399569, 36.691406 ], [ -5.394055, 36.682508 ], [ -5.388866, 36.675486 ], [ -5.387607, 36.673629 ], [ -5.381637, 36.66474 ], [ -5.377172, 36.658969 ], [ -5.374966, 36.655864 ], [ -5.368254, 36.646989 ], [ -5.365517, 36.643576 ], [ -5.361245, 36.63812 ], [ -5.35391, 36.629576 ], [ -5.353668, 36.629261 ], [ -5.346627, 36.620391 ], [ -5.342309, 36.615671 ], [ -5.338708, 36.611538 ], [ -5.330765, 36.603487 ], [ -5.330014, 36.602699 ], [ -5.321425, 36.593858 ], [ -5.319238, 36.591763 ], [ -5.312344, 36.585025 ], [ -5.307739, 36.580847 ], [ -5.302701, 36.576203 ], [ -5.296264, 36.570616 ], [ -5.292567, 36.567389 ], [ -5.284807, 36.560924 ], [ -5.281985, 36.558583 ], [ -5.273367, 36.551681 ], [ -5.270964, 36.549785 ], [ -5.26194, 36.542832 ], [ -5.259494, 36.540993 ], [ -5.250528, 36.534351 ], [ -5.247528, 36.53221 ], [ -5.239128, 36.52624 ], [ -5.234976, 36.523437 ], [ -5.227742, 36.518531 ], [ -5.221651, 36.514677 ], [ -5.216372, 36.511281 ], [ -5.207291, 36.505934 ], [ -5.205022, 36.504693 ], [ -5.193671, 36.497985 ], [ -5.192284, 36.497202 ], [ -5.182324, 36.491356 ], [ -5.176792, 36.488476 ], [ -5.170995, 36.485299 ], [ -5.159687, 36.47992 ], [ -5.159423, 36.479782 ], [ -5.148365, 36.473979 ], [ -5.142153, 36.471084 ], [ -5.13706, 36.468625 ], [ -5.12577, 36.463743 ], [ -5.122549, 36.462425 ], [ -5.114483, 36.458897 ], [ -5.103213, 36.454669 ], [ -5.10086, 36.453799 ], [ -5.091938, 36.450156 ], [ -5.080683, 36.44638 ], [ -5.077107, 36.445206 ], [ -5.069423, 36.442375 ], [ -5.058174, 36.438744 ], [ -5.050724, 36.436652 ], [ -5.046934, 36.435434 ], [ -5.035687, 36.431777 ], [ -5.02446, 36.428898 ], [ -5.021608, 36.428139 ], [ -5.013223, 36.425568 ], [ -5.001995, 36.422557 ], [ -4.990784, 36.42018 ], [ -4.988637, 36.419683 ], [ -4.979566, 36.417476 ], [ -4.968347, 36.414732 ], [ -4.957149, 36.412785 ], [ -4.948379, 36.411337 ], [ -4.945953, 36.410924 ], [ -4.93475, 36.408729 ], [ -4.923564, 36.407217 ], [ -4.912377, 36.405627 ], [ -4.901251, 36.406538 ], [ -4.890053, 36.404483 ], [ -4.879096, 36.403438 ], [ -4.87888, 36.40342 ], [ -4.867643, 36.3997 ], [ -4.861746, 36.3947 ], [ -4.856302, 36.391566 ], [ -4.845042, 36.386743 ], [ -4.833973, 36.390021 ] ] } },
{ "type": "Feature", "properties": { "fid": 43, "ID": 42, "Intensidad": 7.0 }, "geometry": { "type": "LineString", "coordinates": [ [ -4.840477, 36.192664 ], [ -4.836815, 36.196861 ], [ -4.83255, 36.205937 ], [ -4.829863, 36.214319 ], [ -4.829734, 36.21499 ], [ -4.830026, 36.221327 ], [ -4.830445, 36.22399 ], [ -4.831929, 36.232977 ], [ -4.833121, 36.241969 ], [ -4.834101, 36.250964 ], [ -4.834842, 36.259963 ], [ -4.835276, 36.268967 ], [ -4.835005, 36.277981 ], [ -4.833782, 36.28701 ], [ -4.832324, 36.296043 ], [ -4.831797, 36.297166 ], [ -4.826904, 36.305136 ], [ -4.828565, 36.314121 ], [ -4.821182, 36.319447 ], [ -4.8196, 36.323268 ], [ -4.816851, 36.33232 ], [ -4.815507, 36.341351 ], [ -4.812806, 36.350402 ], [ -4.811992, 36.359425 ], [ -4.811342, 36.368445 ], [ -4.811199, 36.369211 ], [ -4.809236, 36.377487 ], [ -4.807082, 36.38653 ], [ -4.80263, 36.395607 ], [ -4.801133, 36.40464 ], [ -4.800953, 36.408127 ], [ -4.800247, 36.413663 ], [ -4.798707, 36.422697 ], [ -4.794154, 36.431775 ], [ -4.792017, 36.440817 ], [ -4.790757, 36.449604 ], [ -4.79066, 36.449848 ], [ -4.785332, 36.458938 ], [ -4.781354, 36.468007 ], [ -4.780097, 36.471217 ], [ -4.776252, 36.477094 ], [ -4.76961, 36.486202 ], [ -4.769292, 36.48672 ], [ -4.759416, 36.495363 ], [ -4.758352, 36.496438 ], [ -4.747324, 36.502408 ], [ -4.73902, 36.504672 ], [ -4.736231, 36.505509 ], [ -4.725071, 36.505598 ], [ -4.713927, 36.506475 ], [ -4.702789, 36.507598 ], [ -4.691656, 36.508991 ], [ -4.68053, 36.510684 ], [ -4.669411, 36.512751 ], [ -4.659808, 36.514811 ], [ -4.658297, 36.515094 ], [ -4.647175, 36.517114 ], [ -4.636059, 36.519409 ], [ -4.624956, 36.522347 ], [ -4.617105, 36.524408 ], [ -4.61385, 36.525207 ], [ -4.602739, 36.527872 ], [ -4.591641, 36.531179 ], [ -4.583426, 36.533871 ], [ -4.580546, 36.534707 ], [ -4.569445, 36.538005 ], [ -4.558361, 36.542163 ], [ -4.555423, 36.543249 ], [ -4.547269, 36.545965 ], [ -4.536189, 36.55048 ], [ -4.531092, 36.552575 ], [ -4.525104, 36.55477 ], [ -4.514028, 36.559592 ], [ -4.508823, 36.561869 ], [ -4.502949, 36.564327 ], [ -4.491879, 36.5696 ], [ -4.488707, 36.571132 ], [ -4.480803, 36.574645 ], [ -4.470195, 36.580372 ], [ -4.469743, 36.580599 ], [ -4.458667, 36.585828 ], [ -4.451834, 36.589608 ], [ -4.447604, 36.591794 ], [ -4.436547, 36.598208 ], [ -4.435422, 36.598817 ], [ -4.425479, 36.60406 ], [ -4.418938, 36.608025 ], [ -4.414421, 36.610599 ], [ -4.404053, 36.617211 ], [ -4.40337, 36.617652 ], [ -4.392308, 36.624168 ], [ -4.388791, 36.626401 ], [ -4.381249, 36.630954 ], [ -4.374269, 36.635579 ], [ -4.370195, 36.638137 ], [ -4.360499, 36.644748 ], [ -4.359144, 36.645636 ], [ -4.348092, 36.653154 ], [ -4.346817, 36.653914 ], [ -4.337029, 36.660241 ], [ -4.33293, 36.66308 ], [ -4.325972, 36.66771 ], [ -4.319598, 36.672239 ], [ -4.314917, 36.675451 ], [ -4.306673, 36.681392 ], [ -4.303863, 36.683357 ], [ -4.294063, 36.69054 ], [ -4.292809, 36.691437 ], [ -4.281755, 36.699619 ], [ -4.281673, 36.699685 ], [ -4.270693, 36.707521 ], [ -4.268748, 36.708834 ], [ -4.25963, 36.715448 ], [ -4.256232, 36.717977 ], [ -4.248565, 36.723418 ], [ -4.243555, 36.72712 ], [ -4.237498, 36.731391 ], [ -4.230779, 36.736263 ], [ -4.226429, 36.739346 ], [ -4.217994, 36.745405 ], [ -4.215354, 36.74713 ], [ -4.204998, 36.754548 ], [ -4.20428, 36.755044 ], [ -4.193189, 36.762052 ], [ -4.190533, 36.763704 ], [ -4.182093, 36.768854 ], [ -4.176108, 36.772858 ], [ -4.170994, 36.775614 ], [ -4.16161, 36.782011 ], [ -4.159903, 36.783024 ], [ -4.148796, 36.789481 ], [ -4.145661, 36.791176 ], [ -4.137673, 36.79501 ], [ -4.129067, 36.800345 ], [ -4.126563, 36.801534 ], [ -4.11544, 36.807322 ], [ -4.111095, 36.809524 ], [ -4.104301, 36.812015 ], [ -4.093175, 36.817822 ], [ -4.090013, 36.81873 ], [ -4.082013, 36.821129 ], [ -4.070864, 36.825459 ], [ -4.064422, 36.827972 ], [ -4.059712, 36.82963 ], [ -4.048548, 36.833039 ], [ -4.037389, 36.836919 ], [ -4.036262, 36.837231 ], [ -4.02622, 36.840091 ], [ -4.015054, 36.843576 ], [ -4.003875, 36.846184 ], [ -3.997256, 36.846575 ], [ -3.992673, 36.847061 ], [ -3.981486, 36.849122 ], [ -3.970332, 36.853806 ], [ -3.967536, 36.855832 ], [ -3.959254, 36.864659 ], [ -3.959036, 36.864911 ], [ -3.955136, 36.873953 ], [ -3.952285, 36.882986 ], [ -3.948373, 36.891736 ], [ -3.948308, 36.892028 ], [ -3.947449, 36.901045 ], [ -3.945083, 36.910075 ], [ -3.944211, 36.919092 ], [ -3.943317, 36.928109 ], [ -3.943199, 36.937121 ], [ -3.943029, 36.946132 ], [ -3.942854, 36.955144 ], [ -3.942712, 36.964155 ], [ -3.942587, 36.973167 ], [ -3.942556, 36.982177 ], [ -3.942179, 36.99119 ], [ -3.942661, 37.000197 ], [ -3.942794, 37.009206 ], [ -3.943025, 37.018214 ], [ -3.943271, 37.027223 ], [ -3.943069, 37.036234 ], [ -3.943936, 37.045238 ], [ -3.94433, 37.054245 ], [ -3.944826, 37.063251 ], [ -3.945308, 37.072257 ], [ -3.945161, 37.081268 ], [ -3.946426, 37.090268 ], [ -3.947009, 37.099274 ], [ -3.947651, 37.108279 ], [ -3.948243, 37.117284 ], [ -3.948351, 37.126293 ], [ -3.949763, 37.135292 ], [ -3.950631, 37.144295 ], [ -3.951574, 37.153297 ], [ -3.951634, 37.153651 ], [ -3.953675, 37.162291 ], [ -3.95588, 37.171283 ], [ -3.957987, 37.180276 ], [ -3.95999, 37.189269 ], [ -3.961969, 37.198263 ], [ -3.963551, 37.205539 ], [ -3.964099, 37.207256 ], [ -3.968168, 37.216233 ], [ -3.971366, 37.225216 ], [ -3.974306, 37.234202 ], [ -3.975215, 37.236431 ], [ -3.979024, 37.243173 ], [ -3.983661, 37.252144 ], [ -3.986782, 37.259197 ], [ -3.987945, 37.261119 ], [ -3.994266, 37.270075 ], [ -3.9983, 37.277663 ], [ -3.999206, 37.279044 ], [ -4.005919, 37.287997 ], [ -4.009804, 37.294687 ], [ -4.011429, 37.296959 ], [ -4.017975, 37.305913 ], [ -4.021319, 37.312069 ], [ -4.023303, 37.314877 ], [ -4.029997, 37.323828 ], [ -4.032811, 37.32744 ], [ -4.0369, 37.332778 ], [ -4.044291, 37.341587 ], [ -4.044395, 37.341721 ], [ -4.051555, 37.350668 ], [ -4.055774, 37.355654 ], [ -4.059119, 37.35961 ], [ -4.067241, 37.36826 ], [ -4.067498, 37.368544 ], [ -4.075413, 37.377482 ], [ -4.078713, 37.380915 ], [ -4.083836, 37.386414 ], [ -4.090175, 37.392702 ], [ -4.092771, 37.395342 ], [ -4.101631, 37.403771 ], [ -4.10214, 37.404264 ], [ -4.111376, 37.413187 ], [ -4.11309, 37.414777 ], [ -4.120885, 37.422107 ], [ -4.124545, 37.425373 ], [ -4.130828, 37.431022 ], [ -4.135997, 37.435475 ], [ -4.14116, 37.439932 ], [ -4.147445, 37.445173 ], [ -4.151847, 37.448838 ], [ -4.158891, 37.454513 ], [ -4.163014, 37.457738 ], [ -4.17033, 37.46328 ], [ -4.174904, 37.466629 ], [ -4.181766, 37.471591 ], [ -4.187434, 37.475514 ], [ -4.193197, 37.479501 ], [ -4.200667, 37.484389 ], [ -4.204625, 37.48701 ], [ -4.21468, 37.493255 ], [ -4.216048, 37.494121 ], [ -4.227473, 37.501243 ], [ -4.228879, 37.502118 ], [ -4.238901, 37.508384 ], [ -4.243355, 37.510975 ], [ -4.250326, 37.5152 ], [ -4.258703, 37.519822 ], [ -4.261746, 37.521592 ], [ -4.273167, 37.527911 ], [ -4.274523, 37.528661 ], [ -4.284594, 37.534533 ], [ -4.290226, 37.5375 ], [ -4.296017, 37.540745 ], [ -4.307353, 37.546321 ], [ -4.307431, 37.546362 ], [ -4.318859, 37.552684 ], [ -4.323978, 37.555145 ], [ -4.330278, 37.558396 ], [ -4.341689, 37.563534 ], [ -4.342563, 37.563944 ], [ -4.353112, 37.569241 ], [ -4.361456, 37.572736 ], [ -4.364521, 37.574152 ], [ -4.375937, 37.579298 ], [ -4.381485, 37.581513 ], [ -4.387348, 37.584092 ], [ -4.398756, 37.588661 ], [ -4.403027, 37.590268 ], [ -4.410165, 37.593245 ], [ -4.421569, 37.597442 ], [ -4.426058, 37.599 ], [ -4.432975, 37.601684 ], [ -4.444376, 37.605662 ], [ -4.450948, 37.607706 ], [ -4.455775, 37.609401 ], [ -4.467178, 37.613292 ], [ -4.478564, 37.616331 ], [ -4.478695, 37.61637 ], [ -4.489969, 37.620228 ], [ -4.501359, 37.62332 ], [ -4.508066, 37.625007 ], [ -4.512749, 37.626372 ], [ -4.524146, 37.629715 ], [ -4.535531, 37.632409 ], [ -4.540629, 37.633595 ], [ -4.54692, 37.635293 ], [ -4.558312, 37.638235 ], [ -4.569694, 37.640675 ], [ -4.57705, 37.642123 ], [ -4.581074, 37.643041 ], [ -4.592463, 37.645728 ], [ -4.60384, 37.647844 ], [ -4.615215, 37.649838 ], [ -4.619575, 37.650555 ], [ -4.626592, 37.651901 ], [ -4.63797, 37.653972 ], [ -4.649338, 37.655568 ], [ -4.660706, 37.657146 ], [ -4.672066, 37.658327 ], [ -4.676238, 37.658772 ], [ -4.683429, 37.659648 ], [ -4.694792, 37.660947 ], [ -4.70615, 37.66203 ], [ -4.717505, 37.662933 ], [ -4.728856, 37.663663 ], [ -4.740203, 37.664254 ], [ -4.751548, 37.664704 ], [ -4.76289, 37.665039 ], [ -4.774229, 37.665256 ], [ -4.785566, 37.665372 ], [ -4.796901, 37.665383 ], [ -4.808233, 37.665308 ], [ -4.819563, 37.665132 ], [ -4.830891, 37.664873 ], [ -4.842216, 37.664515 ], [ -4.853539, 37.664073 ], [ -4.864859, 37.663527 ], [ -4.876177, 37.662889 ], [ -4.887491, 37.662134 ], [ -4.898803, 37.661261 ], [ -4.91011, 37.660249 ], [ -4.921413, 37.659083 ], [ -4.93271, 37.657683 ], [ -4.944004, 37.656185 ], [ -4.954843, 37.654483 ], [ -4.95529, 37.654422 ], [ -4.966585, 37.653017 ], [ -4.977874, 37.651399 ], [ -4.989156, 37.64954 ], [ -5.00043, 37.647376 ], [ -5.011692, 37.644838 ], [ -5.013349, 37.64449 ], [ -5.022966, 37.642736 ], [ -5.034232, 37.640363 ], [ -5.045488, 37.637681 ], [ -5.055924, 37.634747 ], [ -5.056731, 37.634549 ], [ -5.06799, 37.632033 ], [ -5.079236, 37.629064 ], [ -5.090465, 37.625501 ], [ -5.091814, 37.625108 ], [ -5.10171, 37.622592 ], [ -5.112944, 37.619273 ], [ -5.12358, 37.615533 ], [ -5.124159, 37.615353 ], [ -5.135394, 37.612196 ], [ -5.14661, 37.608373 ], [ -5.153183, 37.605988 ], [ -5.15782, 37.604412 ], [ -5.16904, 37.600802 ], [ -5.179766, 37.596492 ], [ -5.180232, 37.59632 ], [ -5.191449, 37.592698 ], [ -5.202639, 37.588202 ], [ -5.20567, 37.587002 ], [ -5.213839, 37.584099 ], [ -5.225022, 37.579455 ], [ -5.229468, 37.577547 ], [ -5.236207, 37.574924 ], [ -5.247378, 37.569987 ], [ -5.251465, 37.568121 ], [ -5.258551, 37.565161 ], [ -5.269705, 37.559739 ], [ -5.271825, 37.558723 ], [ -5.280869, 37.554731 ], [ -5.290986, 37.549345 ], [ -5.292005, 37.548838 ], [ -5.303155, 37.543465 ], [ -5.309505, 37.539976 ], [ -5.314286, 37.537509 ], [ -5.325399, 37.531046 ], [ -5.326115, 37.530642 ], [ -5.336526, 37.525093 ], [ -5.342749, 37.521305 ], [ -5.34763, 37.518474 ], [ -5.357677, 37.512 ], [ -5.358717, 37.511355 ], [ -5.369801, 37.504229 ], [ -5.372358, 37.502699 ], [ -5.380882, 37.497053 ], [ -5.386156, 37.493413 ], [ -5.391952, 37.489629 ], [ -5.399519, 37.484134 ], [ -5.403003, 37.481642 ], [ -5.412003, 37.474872 ], [ -5.41404, 37.473325 ], [ -5.423957, 37.46562 ], [ -5.425068, 37.46477 ], [ -5.435526, 37.456374 ], [ -5.436083, 37.455924 ], [ -5.446745, 37.447134 ], [ -5.447088, 37.446841 ], [ -5.45763, 37.437901 ], [ -5.458083, 37.437516 ], [ -5.468225, 37.428672 ], [ -5.469066, 37.427918 ], [ -5.478538, 37.419448 ], [ -5.480037, 37.418062 ], [ -5.488544, 37.41023 ], [ -5.490995, 37.407872 ], [ -5.498224, 37.401018 ], [ -5.501938, 37.397336 ], [ -5.507639, 37.391811 ], [ -5.512868, 37.386484 ], [ -5.516753, 37.38261 ], [ -5.523779, 37.375169 ], [ -5.525484, 37.373416 ], [ -5.534084, 37.364224 ], [ -5.534678, 37.363588 ], [ -5.542903, 37.355027 ], [ -5.545575, 37.352029 ], [ -5.551276, 37.345839 ], [ -5.556442, 37.339714 ], [ -5.55911, 37.336662 ], [ -5.566604, 37.327492 ], [ -5.567281, 37.326664 ], [ -5.574384, 37.318315 ], [ -5.578109, 37.313385 ], [ -5.581449, 37.309153 ], [ -5.587991, 37.300003 ], [ -5.588886, 37.298739 ], [ -5.594766, 37.290847 ], [ -5.599622, 37.283018 ], [ -5.600487, 37.281713 ], [ -5.606634, 37.272571 ], [ -5.610311, 37.266067 ], [ -5.611918, 37.263446 ], [ -5.617466, 37.254316 ], [ -5.62094, 37.24751 ], [ -5.622241, 37.245203 ], [ -5.627452, 37.23608 ], [ -5.631501, 37.227138 ], [ -5.631581, 37.22698 ], [ -5.636676, 37.217859 ], [ -5.640716, 37.208761 ], [ -5.642024, 37.205855 ], [ -5.645137, 37.199655 ], [ -5.649295, 37.190554 ], [ -5.652456, 37.182115 ], [ -5.652722, 37.18147 ], [ -5.657149, 37.172363 ], [ -5.660699, 37.163276 ], [ -5.66284, 37.15718 ], [ -5.664061, 37.154192 ], [ -5.66789, 37.145099 ], [ -5.67099, 37.136021 ], [ -5.673103, 37.128994 ], [ -5.673825, 37.126949 ], [ -5.67725, 37.117864 ], [ -5.680064, 37.108793 ], [ -5.682399, 37.099732 ], [ -5.683213, 37.09664 ], [ -5.684912, 37.090668 ], [ -5.687675, 37.081597 ], [ -5.689858, 37.07254 ], [ -5.691684, 37.063491 ], [ -5.693019, 37.055947 ], [ -5.693328, 37.054446 ], [ -5.695399, 37.045391 ], [ -5.696984, 37.036347 ], [ -5.698524, 37.027305 ], [ -5.699671, 37.018271 ], [ -5.700584, 37.009242 ], [ -5.701294, 37.000218 ], [ -5.701828, 36.991198 ], [ -5.701912, 36.989728 ], [ -5.702476, 36.982176 ], [ -5.702989, 36.973156 ], [ -5.703326, 36.964141 ], [ -5.703473, 36.95513 ], [ -5.703475, 36.946122 ], [ -5.70331, 36.937118 ], [ -5.702817, 36.928121 ], [ -5.702564, 36.919119 ], [ -5.70198, 36.910124 ], [ -5.701257, 36.901133 ], [ -5.700391, 36.892145 ], [ -5.699376, 36.88316 ], [ -5.698205, 36.874178 ], [ -5.697696, 36.870279 ], [ -5.697123, 36.865195 ], [ -5.696068, 36.856211 ], [ -5.694882, 36.84723 ], [ -5.693567, 36.838252 ], [ -5.692079, 36.829278 ], [ -5.690417, 36.820307 ], [ -5.688433, 36.811344 ], [ -5.686386, 36.802382 ], [ -5.683929, 36.79343 ], [ -5.683771, 36.792731 ], [ -5.681986, 36.784466 ], [ -5.679797, 36.775507 ], [ -5.677307, 36.766555 ], [ -5.674416, 36.757612 ], [ -5.671055, 36.748679 ], [ -5.671037, 36.748628 ], [ -5.668347, 36.739732 ], [ -5.66519, 36.730794 ], [ -5.661476, 36.721869 ], [ -5.658706, 36.71573 ], [ -5.657595, 36.712948 ], [ -5.654068, 36.704018 ], [ -5.649793, 36.695106 ], [ -5.646589, 36.688748 ], [ -5.64541, 36.686195 ], [ -5.641344, 36.677277 ], [ -5.636435, 36.668377 ], [ -5.634593, 36.665049 ], [ -5.63183, 36.659471 ], [ -5.626974, 36.65057 ], [ -5.622684, 36.643687 ], [ -5.621555, 36.641681 ], [ -5.616523, 36.632783 ], [ -5.610846, 36.624221 ], [ -5.610659, 36.623904 ], [ -5.605621, 36.615006 ], [ -5.5993, 36.606135 ], [ -5.599048, 36.605754 ], [ -5.593949, 36.597243 ], [ -5.587294, 36.588442 ], [ -5.587252, 36.588381 ], [ -5.581548, 36.579496 ], [ -5.575571, 36.571903 ], [ -5.574648, 36.570637 ], [ -5.56832, 36.561765 ], [ -5.563885, 36.556309 ], [ -5.561316, 36.552907 ], [ -5.554055, 36.544054 ], [ -5.552242, 36.541877 ], [ -5.547065, 36.535195 ], [ -5.540623, 36.528038 ], [ -5.539196, 36.526354 ], [ -5.531514, 36.517509 ], [ -5.529027, 36.514785 ], [ -5.523747, 36.508665 ], [ -5.517457, 36.50219 ], [ -5.515277, 36.499835 ], [ -5.506439, 36.491012 ], [ -5.505919, 36.490482 ], [ -5.498104, 36.482178 ], [ -5.494385, 36.478796 ], [ -5.488907, 36.473362 ], [ -5.482865, 36.467445 ], [ -5.479656, 36.464546 ], [ -5.471377, 36.456975 ], [ -5.470135, 36.455734 ], [ -5.460185, 36.446931 ], [ -5.459898, 36.446675 ], [ -5.450461, 36.438122 ], [ -5.448421, 36.436371 ], [ -5.440277, 36.429322 ], [ -5.436966, 36.426649 ], [ -5.429564, 36.420531 ], [ -5.425522, 36.417207 ], [ -5.418629, 36.411745 ], [ -5.414096, 36.408239 ], [ -5.407131, 36.402968 ], [ -5.402684, 36.399659 ], [ -5.395094, 36.394201 ], [ -5.391287, 36.391484 ], [ -5.382399, 36.385446 ], [ -5.379911, 36.383899 ], [ -5.368888, 36.376705 ], [ -5.368541, 36.376453 ], [ -5.357174, 36.369023 ], [ -5.355458, 36.367962 ], [ -5.345817, 36.361852 ], [ -5.341342, 36.35923 ], [ -5.334473, 36.355068 ], [ -5.326198, 36.350517 ], [ -5.323146, 36.348764 ], [ -5.311824, 36.3426 ], [ -5.310367, 36.341815 ], [ -5.300499, 36.336237 ], [ -5.294271, 36.333116 ], [ -5.289191, 36.330413 ], [ -5.277897, 36.324984 ], [ -5.276791, 36.324441 ], [ -5.26659, 36.319098 ], [ -5.259182, 36.315765 ], [ -5.255305, 36.313883 ], [ -5.244024, 36.308761 ], [ -5.240268, 36.307112 ], [ -5.23274, 36.30349 ], [ -5.22148, 36.299003 ], [ -5.220204, 36.298477 ], [ -5.210206, 36.293992 ], [ -5.198962, 36.289975 ], [ -5.198677, 36.289865 ], [ -5.187698, 36.285217 ], [ -5.176465, 36.281503 ], [ -5.175823, 36.281274 ], [ -5.165213, 36.277099 ], [ -5.153987, 36.273561 ], [ -5.151319, 36.272708 ], [ -5.142751, 36.269647 ], [ -5.131529, 36.266174 ], [ -5.124319, 36.264181 ], [ -5.120313, 36.262927 ], [ -5.109091, 36.259411 ], [ -5.097889, 36.25657 ], [ -5.094485, 36.255697 ], [ -5.086683, 36.253607 ], [ -5.075472, 36.250389 ], [ -5.064281, 36.247885 ], [ -5.061637, 36.247258 ], [ -5.053078, 36.244922 ], [ -5.041881, 36.242164 ], [ -5.030697, 36.239847 ], [ -5.025924, 36.238859 ], [ -5.019508, 36.237318 ], [ -5.008317, 36.234702 ], [ -4.99714, 36.232622 ], [ -4.985967, 36.230641 ], [ -4.985374, 36.230528 ], [ -4.974784, 36.228261 ], [ -4.963606, 36.226031 ], [ -4.952435, 36.224076 ], [ -4.94128, 36.222757 ], [ -4.938229, 36.222292 ], [ -4.930119, 36.221147 ], [ -4.918954, 36.219408 ], [ -4.90785, 36.220131 ], [ -4.901415, 36.213872 ], [ -4.896539, 36.212269 ], [ -4.88529, 36.206908 ], [ -4.883333, 36.205148 ], [ -4.873996, 36.199602 ], [ -4.868105, 36.196376 ], [ -4.862731, 36.193451 ], [ -4.851533, 36.190054 ], [ -4.840477, 36.192664 ] ] } },
{ "type": "Feature", "properties": { "fid": 44, "ID": 43, "Intensidad": 10.5 }, "geometry": { "type": "LineString", "coordinates": [ [ -10.812362, 35.937986 ], [ -10.802744, 35.947176 ], [ -10.803153, 35.956135 ], [ -10.803134, 35.956421 ], [ -10.793353, 35.965762 ], [ -10.793929, 35.974711 ], [ -10.794787, 35.983641 ], [ -10.794782, 35.983747 ], [ -10.784796, 35.99328 ], [ -10.785576, 36.002216 ], [ -10.786002, 36.006788 ], [ -10.781067, 36.011497 ], [ -10.77639, 36.020788 ], [ -10.777226, 36.02972 ], [ -10.777237, 36.030033 ], [ -10.767477, 36.039343 ], [ -10.768016, 36.048294 ], [ -10.768874, 36.057225 ], [ -10.76887, 36.057333 ], [ -10.758876, 36.066863 ], [ -10.759651, 36.075799 ], [ -10.760509, 36.08473 ], [ -10.760509, 36.084733 ], [ -10.750453, 36.094372 ], [ -10.751288, 36.103304 ], [ -10.751304, 36.103651 ], [ -10.741572, 36.112923 ], [ -10.742067, 36.121878 ], [ -10.742924, 36.130809 ], [ -10.742922, 36.130921 ], [ -10.73292, 36.140446 ], [ -10.73369, 36.149383 ], [ -10.734557, 36.158314 ], [ -10.734552, 36.158368 ], [ -10.72448, 36.167955 ], [ -10.725314, 36.176888 ], [ -10.725337, 36.177295 ], [ -10.715661, 36.186502 ], [ -10.71608, 36.195462 ], [ -10.716937, 36.204393 ], [ -10.716936, 36.204512 ], [ -10.706931, 36.214029 ], [ -10.70769, 36.222967 ], [ -10.708557, 36.231898 ], [ -10.708553, 36.231952 ], [ -10.69847, 36.241539 ], [ -10.699302, 36.250472 ], [ -10.699334, 36.250964 ], [ -10.689744, 36.260078 ], [ -10.690056, 36.269045 ], [ -10.690912, 36.277977 ], [ -10.690913, 36.278104 ], [ -10.680905, 36.287612 ], [ -10.681654, 36.296551 ], [ -10.68252, 36.305482 ], [ -10.682516, 36.305538 ], [ -10.672423, 36.315122 ], [ -10.673253, 36.324056 ], [ -10.673297, 36.324678 ], [ -10.663844, 36.333651 ], [ -10.663995, 36.342629 ], [ -10.66485, 36.351561 ], [ -10.664852, 36.351698 ], [ -10.654843, 36.361195 ], [ -10.655579, 36.370135 ], [ -10.656447, 36.379067 ], [ -10.656442, 36.379124 ], [ -10.646339, 36.388706 ], [ -10.647192, 36.397639 ], [ -10.659076, 36.405825 ], [ -10.670023, 36.404063 ], [ -10.681064, 36.40327 ], [ -10.691821, 36.399607 ], [ -10.702658, 36.396768 ], [ -10.713496, 36.393943 ], [ -10.723234, 36.392716 ], [ -10.724479, 36.392577 ], [ -10.735415, 36.390755 ], [ -10.746072, 36.386132 ], [ -10.756742, 36.381661 ], [ -10.759115, 36.390376 ], [ -10.768762, 36.39069 ], [ -10.771154, 36.389589 ], [ -10.767825, 36.381333 ], [ -10.757092, 36.381521 ], [ -10.767573, 36.378812 ], [ -10.76814, 36.380799 ], [ -10.779122, 36.383132 ], [ -10.783454, 36.379796 ], [ -10.782714, 36.370857 ], [ -10.788718, 36.36798 ], [ -10.799223, 36.361915 ], [ -10.802821, 36.360551 ], [ -10.80987, 36.357286 ], [ -10.820343, 36.350934 ], [ -10.821561, 36.350331 ], [ -10.830762, 36.344065 ], [ -10.836863, 36.340336 ], [ -10.841221, 36.337606 ], [ -10.850974, 36.330417 ], [ -10.85156, 36.329984 ], [ -10.86175, 36.320901 ], [ -10.861955, 36.320705 ], [ -10.871149, 36.311109 ], [ -10.871767, 36.31013 ], [ -10.878319, 36.301648 ], [ -10.881561, 36.297186 ], [ -10.88476, 36.292234 ], [ -10.89124, 36.28314 ], [ -10.89143, 36.282805 ], [ -10.895339, 36.27356 ], [ -10.900495, 36.264935 ], [ -10.900767, 36.264213 ], [ -10.903989, 36.255012 ], [ -10.909671, 36.245992 ], [ -10.909797, 36.24564 ], [ -10.90981, 36.236653 ], [ -10.91159, 36.227549 ], [ -10.917238, 36.218187 ], [ -10.917699, 36.215773 ], [ -10.918523, 36.209116 ], [ -10.920247, 36.200015 ], [ -10.921135, 36.19097 ], [ -10.921732, 36.181944 ], [ -10.92206, 36.172937 ], [ -10.922029, 36.163953 ], [ -10.92182, 36.154981 ], [ -10.921546, 36.146014 ], [ -10.921441, 36.143268 ], [ -10.921175, 36.137053 ], [ -10.920679, 36.1281 ], [ -10.91985, 36.119169 ], [ -10.91867, 36.110262 ], [ -10.917249, 36.101371 ], [ -10.916448, 36.092438 ], [ -10.915448, 36.083519 ], [ -10.914626, 36.074588 ], [ -10.91421, 36.071682 ], [ -10.913176, 36.065699 ], [ -10.908989, 36.056991 ], [ -10.908662, 36.048027 ], [ -10.9035, 36.039384 ], [ -10.900894, 36.030571 ], [ -10.898893, 36.021718 ], [ -10.897335, 36.012836 ], [ -10.897178, 36.012385 ], [ -10.892814, 36.004149 ], [ -10.889153, 35.995406 ], [ -10.883765, 35.986777 ], [ -10.883513, 35.986401 ], [ -10.874972, 35.978372 ], [ -10.871033, 35.972174 ], [ -10.86899, 35.969781 ], [ -10.859209, 35.96144 ], [ -10.858876, 35.961139 ], [ -10.847038, 35.953265 ], [ -10.846981, 35.95326 ], [ -10.835172, 35.945095 ], [ -10.824195, 35.945862 ], [ -10.823665, 35.945805 ], [ -10.812362, 35.937986 ] ] } },
{ "type": "Feature", "properties": { "fid": 45, "ID": 44, "Intensidad": 12.0 }, "geometry": { "type": "LineString", "coordinates": [ [ -14.630985, 35.943612 ], [ -14.630332, 35.939199 ], [ -14.630338, 35.939189 ], [ -14.639872, 35.929306 ], [ -14.638568, 35.920479 ], [ -14.638571, 35.920475 ], [ -14.648108, 35.910585 ], [ -14.648108, 35.910562 ], [ -14.657621, 35.900694 ], [ -14.656335, 35.891866 ], [ -14.656337, 35.89186 ], [ -14.665866, 35.881972 ], [ -14.664559, 35.873146 ], [ -14.66456, 35.873143 ], [ -14.674089, 35.863253 ], [ -14.674089, 35.863225 ], [ -14.683589, 35.853362 ], [ -14.682308, 35.844533 ], [ -14.682309, 35.844529 ], [ -14.691832, 35.83464 ], [ -14.690523, 35.825814 ], [ -14.690524, 35.825812 ], [ -14.700046, 35.81592 ], [ -14.700044, 35.815887 ], [ -14.709529, 35.80603 ], [ -14.708255, 35.797202 ], [ -14.708256, 35.797196 ], [ -14.71777, 35.787308 ], [ -14.716461, 35.778483 ], [ -14.716462, 35.778481 ], [ -14.725976, 35.768589 ], [ -14.725973, 35.768547 ], [ -14.735443, 35.758699 ], [ -14.734177, 35.74987 ], [ -14.734178, 35.749864 ], [ -14.743683, 35.739976 ], [ -14.742375, 35.731152 ], [ -14.742376, 35.73115 ], [ -14.751881, 35.721257 ], [ -14.751876, 35.721206 ], [ -14.761327, 35.711368 ], [ -14.760074, 35.702539 ], [ -14.760074, 35.702533 ], [ -14.76957, 35.692645 ], [ -14.768263, 35.683822 ], [ -14.768263, 35.683819 ], [ -14.777761, 35.673927 ], [ -14.777754, 35.673862 ], [ -14.787183, 35.664039 ], [ -14.785945, 35.655209 ], [ -14.785946, 35.655201 ], [ -14.795432, 35.645314 ], [ -14.794126, 35.636492 ], [ -14.794126, 35.636488 ], [ -14.803615, 35.626596 ], [ -14.803607, 35.626512 ], [ -14.813006, 35.61671 ], [ -14.811791, 35.607879 ], [ -14.811792, 35.607869 ], [ -14.821269, 35.597984 ], [ -14.819963, 35.589162 ], [ -14.819964, 35.589158 ], [ -14.829444, 35.579267 ], [ -14.829433, 35.579155 ], [ -14.838795, 35.569384 ], [ -14.837612, 35.56055 ], [ -14.837613, 35.560538 ], [ -14.84708, 35.550655 ], [ -14.845776, 35.541834 ], [ -14.845777, 35.541828 ], [ -14.855248, 35.531938 ], [ -14.855232, 35.531783 ], [ -14.86454, 35.52206 ], [ -14.863408, 35.513221 ], [ -14.86341, 35.513205 ], [ -14.872864, 35.503327 ], [ -14.871562, 35.494506 ], [ -14.871565, 35.494495 ], [ -14.881022, 35.48461 ], [ -14.881, 35.484372 ], [ -14.886392, 35.483833 ] ] } },
{ "type": "Feature", "properties": { "fid": 46, "ID": 45, "Intensidad": 7.5 }, "geometry": { "type": "LineString", "coordinates": [ [ -4.8464, 35.970876 ], [ -4.844753, 35.971476 ], [ -4.835538, 35.980583 ], [ -4.835519, 35.980628 ], [ -4.834101, 35.989661 ], [ -4.831695, 35.998708 ], [ -4.828823, 36.007762 ], [ -4.825239, 36.014824 ], [ -4.825015, 36.016831 ], [ -4.824746, 36.025846 ], [ -4.824126, 36.034866 ], [ -4.821646, 36.043914 ], [ -4.821955, 36.05292 ], [ -4.820017, 36.06196 ], [ -4.816428, 36.071025 ], [ -4.815531, 36.075151 ], [ -4.815361, 36.080052 ], [ -4.815325, 36.089063 ], [ -4.815689, 36.098068 ], [ -4.813657, 36.107109 ], [ -4.813859, 36.116117 ], [ -4.813622, 36.125131 ], [ -4.81246, 36.134159 ], [ -4.809599, 36.143213 ], [ -4.807608, 36.152253 ], [ -4.806921, 36.161274 ], [ -4.806601, 36.169928 ], [ -4.806578, 36.17029 ], [ -4.805224, 36.179321 ], [ -4.803017, 36.188364 ], [ -4.802083, 36.197389 ], [ -4.801402, 36.20641 ], [ -4.801392, 36.21542 ], [ -4.799504, 36.224459 ], [ -4.798672, 36.233482 ], [ -4.798241, 36.242499 ], [ -4.79772, 36.251517 ], [ -4.797423, 36.254638 ], [ -4.795894, 36.260555 ], [ -4.79233, 36.269619 ], [ -4.790129, 36.278662 ], [ -4.788439, 36.287697 ], [ -4.787255, 36.296686 ], [ -4.787242, 36.296726 ], [ -4.781322, 36.305824 ], [ -4.778147, 36.314882 ], [ -4.776668, 36.320746 ], [ -4.774884, 36.323941 ], [ -4.768065, 36.333052 ], [ -4.76597, 36.340173 ], [ -4.765046, 36.342107 ], [ -4.756976, 36.351236 ], [ -4.755123, 36.35317 ], [ -4.748084, 36.360377 ], [ -4.744214, 36.363542 ], [ -4.733419, 36.369601 ], [ -4.73321, 36.369806 ], [ -4.722163, 36.374179 ], [ -4.711088, 36.377303 ], [ -4.699962, 36.378167 ], [ -4.688833, 36.378853 ], [ -4.683655, 36.379323 ], [ -4.67771, 36.379862 ], [ -4.666587, 36.380911 ], [ -4.65547, 36.382207 ], [ -4.644357, 36.383753 ], [ -4.63325, 36.385552 ], [ -4.622149, 36.387698 ], [ -4.614302, 36.389291 ], [ -4.611047, 36.389876 ], [ -4.599943, 36.391927 ], [ -4.588842, 36.394165 ], [ -4.577752, 36.396954 ], [ -4.570214, 36.39889 ], [ -4.566659, 36.399691 ], [ -4.555566, 36.402419 ], [ -4.544474, 36.4053 ], [ -4.534654, 36.408362 ], [ -4.533393, 36.408731 ], [ -4.522301, 36.411656 ], [ -4.511219, 36.415134 ], [ -4.503556, 36.417769 ], [ -4.50014, 36.418838 ], [ -4.489056, 36.422315 ], [ -4.477984, 36.426505 ], [ -4.476287, 36.42712 ], [ -4.466903, 36.430242 ], [ -4.455832, 36.434616 ], [ -4.451156, 36.436438 ], [ -4.444757, 36.438828 ], [ -4.433688, 36.443387 ], [ -4.428325, 36.445724 ], [ -4.422618, 36.448053 ], [ -4.411553, 36.45298 ], [ -4.40724, 36.454985 ], [ -4.400486, 36.457939 ], [ -4.389429, 36.463464 ], [ -4.387806, 36.464223 ], [ -4.378362, 36.468588 ], [ -4.369296, 36.473448 ], [ -4.367307, 36.474465 ], [ -4.356248, 36.480196 ], [ -4.351783, 36.482658 ], [ -4.345192, 36.486148 ], [ -4.335622, 36.491851 ], [ -4.334144, 36.492701 ], [ -4.323093, 36.49924 ], [ -4.320239, 36.501033 ], [ -4.312047, 36.506109 ], [ -4.305747, 36.510203 ], [ -4.301001, 36.513149 ], [ -4.292001, 36.519363 ], [ -4.289964, 36.520787 ], [ -4.279003, 36.528514 ], [ -4.278926, 36.528565 ], [ -4.267882, 36.536095 ], [ -4.26569, 36.537667 ], [ -4.25684, 36.543829 ], [ -4.252775, 36.546814 ], [ -4.245799, 36.551834 ], [ -4.240296, 36.555955 ], [ -4.234761, 36.560132 ], [ -4.228267, 36.56509 ], [ -4.22372, 36.568391 ], [ -4.216154, 36.574225 ], [ -4.21268, 36.576878 ], [ -4.204398, 36.583355 ], [ -4.20164, 36.585472 ], [ -4.192771, 36.592482 ], [ -4.190599, 36.594188 ], [ -4.181298, 36.601607 ], [ -4.179557, 36.60299 ], [ -4.16993, 36.61073 ], [ -4.168513, 36.611847 ], [ -4.158625, 36.619851 ], [ -4.157467, 36.620789 ], [ -4.147452, 36.62897 ], [ -4.146421, 36.629811 ], [ -4.136352, 36.638087 ], [ -4.135373, 36.638882 ], [ -4.125355, 36.647202 ], [ -4.124323, 36.648065 ], [ -4.114499, 36.656314 ], [ -4.113273, 36.657344 ], [ -4.10355, 36.665427 ], [ -4.102219, 36.666556 ], [ -4.092438, 36.67454 ], [ -4.091158, 36.675521 ], [ -4.081141, 36.683654 ], [ -4.080096, 36.68449 ], [ -4.069734, 36.692767 ], [ -4.069029, 36.693352 ], [ -4.058128, 36.701882 ], [ -4.057957, 36.702004 ], [ -4.046879, 36.710389 ], [ -4.046077, 36.710999 ], [ -4.035794, 36.718518 ], [ -4.033684, 36.720118 ], [ -4.024704, 36.726324 ], [ -4.020769, 36.72924 ], [ -4.013613, 36.734271 ], [ -4.007942, 36.738359 ], [ -4.002515, 36.741858 ], [ -3.994711, 36.747481 ], [ -3.991417, 36.749615 ], [ -3.981646, 36.7566 ], [ -3.980317, 36.75746 ], [ -3.969203, 36.764302 ], [ -3.96689, 36.765732 ], [ -3.95808, 36.770597 ], [ -3.951344, 36.774868 ], [ -3.946958, 36.777079 ], [ -3.936407, 36.783997 ], [ -3.935843, 36.784306 ], [ -3.924699, 36.78928 ], [ -3.917724, 36.793153 ], [ -3.913562, 36.79498 ], [ -3.902416, 36.800099 ], [ -3.897024, 36.802321 ], [ -3.891257, 36.804156 ], [ -3.8801, 36.808576 ], [ -3.875128, 36.811495 ], [ -3.868967, 36.815198 ], [ -3.861937, 36.820602 ], [ -3.857861, 36.824356 ], [ -3.852462, 36.829681 ], [ -3.846787, 36.836689 ], [ -3.84497, 36.838745 ], [ -3.838474, 36.847802 ], [ -3.835754, 36.853106 ], [ -3.833426, 36.856848 ], [ -3.828606, 36.865892 ], [ -3.825615, 36.874923 ], [ -3.824801, 36.87743 ], [ -3.82168, 36.883961 ], [ -3.818521, 36.892993 ], [ -3.816505, 36.902017 ], [ -3.815022, 36.911038 ], [ -3.814025, 36.918997 ], [ -3.813824, 36.920057 ], [ -3.811851, 36.929081 ], [ -3.810845, 36.938098 ], [ -3.809192, 36.94712 ], [ -3.808262, 36.956136 ], [ -3.807623, 36.965151 ], [ -3.807983, 36.974159 ], [ -3.808063, 36.983169 ], [ -3.807922, 36.99218 ], [ -3.807923, 37.00119 ], [ -3.808073, 37.0102 ], [ -3.80835, 37.019208 ], [ -3.808397, 37.028218 ], [ -3.808503, 37.037228 ], [ -3.808745, 37.046236 ], [ -3.809361, 37.055242 ], [ -3.809657, 37.06425 ], [ -3.810009, 37.073258 ], [ -3.810448, 37.082265 ], [ -3.811166, 37.091271 ], [ -3.811752, 37.100277 ], [ -3.812445, 37.109282 ], [ -3.813326, 37.118286 ], [ -3.81415, 37.127291 ], [ -3.815058, 37.136295 ], [ -3.816054, 37.145298 ], [ -3.816475, 37.1482 ], [ -3.817478, 37.154298 ], [ -3.819134, 37.163297 ], [ -3.821026, 37.172294 ], [ -3.823015, 37.18129 ], [ -3.825069, 37.190286 ], [ -3.827385, 37.19928 ], [ -3.828323, 37.202319 ], [ -3.83041, 37.208269 ], [ -3.834382, 37.217251 ], [ -3.836749, 37.226244 ], [ -3.83953, 37.235234 ], [ -3.839998, 37.239246 ], [ -3.840356, 37.244238 ], [ -3.840545, 37.253247 ], [ -3.840217, 37.258982 ], [ -3.83965, 37.262263 ], [ -3.832156, 37.271326 ], [ -3.82912, 37.27511 ], [ -3.8179, 37.28033 ], [ -3.808229, 37.280502 ], [ -3.806625, 37.280573 ], [ -3.795397, 37.285202 ], [ -3.784144, 37.287666 ], [ -3.772886, 37.289679 ], [ -3.772729, 37.289749 ], [ -3.761664, 37.295323 ], [ -3.755735, 37.298868 ], [ -3.750452, 37.302096 ], [ -3.743919, 37.307953 ], [ -3.739291, 37.314294 ], [ -3.737472, 37.317003 ], [ -3.734882, 37.326029 ], [ -3.735344, 37.335036 ], [ -3.73646, 37.344039 ], [ -3.739075, 37.353033 ], [ -3.739692, 37.355239 ], [ -3.741862, 37.362025 ], [ -3.749479, 37.370987 ], [ -3.750813, 37.379988 ], [ -3.751235, 37.380741 ], [ -3.760458, 37.388936 ], [ -3.762355, 37.397934 ], [ -3.762708, 37.398512 ], [ -3.770641, 37.40689 ], [ -3.773475, 37.415881 ], [ -3.774192, 37.416911 ], [ -3.781321, 37.424839 ], [ -3.785665, 37.433666 ], [ -3.785703, 37.43382 ], [ -3.791173, 37.442793 ], [ -3.797138, 37.44998 ], [ -3.798513, 37.451753 ], [ -3.805563, 37.460715 ], [ -3.808595, 37.464346 ], [ -3.812632, 37.469676 ], [ -3.820049, 37.477965 ], [ -3.820601, 37.478631 ], [ -3.827785, 37.48759 ], [ -3.831508, 37.491715 ], [ -3.835559, 37.496545 ], [ -3.842959, 37.504299 ], [ -3.844031, 37.505495 ], [ -3.852196, 37.514445 ], [ -3.854412, 37.516747 ], [ -3.860423, 37.523395 ], [ -3.865864, 37.528821 ], [ -3.869227, 37.53234 ], [ -3.87731, 37.540048 ], [ -3.878549, 37.541281 ], [ -3.887916, 37.55022 ], [ -3.888757, 37.551023 ], [ -3.89698, 37.559161 ], [ -3.900208, 37.562109 ], [ -3.906555, 37.568097 ], [ -3.911656, 37.572648 ], [ -3.916488, 37.57703 ], [ -3.923102, 37.58274 ], [ -3.926989, 37.585957 ], [ -3.934544, 37.592351 ], [ -3.937352, 37.594885 ], [ -3.945991, 37.601997 ], [ -3.948189, 37.603808 ], [ -3.957435, 37.611222 ], [ -3.959316, 37.612727 ], [ -3.968879, 37.620272 ], [ -3.970643, 37.621644 ], [ -3.980323, 37.629096 ], [ -3.982248, 37.630557 ], [ -3.991768, 37.637728 ], [ -3.99414, 37.639467 ], [ -4.003212, 37.646145 ], [ -4.00633, 37.648373 ], [ -4.014656, 37.654378 ], [ -4.018785, 37.657275 ], [ -4.026101, 37.662517 ], [ -4.031367, 37.666175 ], [ -4.037548, 37.67055 ], [ -4.04417, 37.675071 ], [ -4.048995, 37.678424 ], [ -4.05731, 37.683963 ], [ -4.060441, 37.686107 ], [ -4.070787, 37.692851 ], [ -4.071887, 37.693587 ], [ -4.083337, 37.701163 ], [ -4.084221, 37.701737 ], [ -4.09479, 37.708828 ], [ -4.097614, 37.710622 ], [ -4.106242, 37.716251 ], [ -4.111556, 37.719501 ], [ -4.117692, 37.723402 ], [ -4.126116, 37.728372 ], [ -4.129138, 37.730076 ], [ -4.140586, 37.736834 ], [ -4.141272, 37.737235 ], [ -4.152039, 37.743759 ], [ -4.156285, 37.746097 ], [ -4.163488, 37.750251 ], [ -4.172601, 37.754945 ], [ -4.174929, 37.756112 ], [ -4.186375, 37.762241 ], [ -4.189508, 37.763785 ], [ -4.197819, 37.76809 ], [ -4.208252, 37.772603 ], [ -4.209251, 37.773065 ], [ -4.220692, 37.778484 ], [ -4.227845, 37.781409 ], [ -4.232124, 37.783312 ], [ -4.243559, 37.788197 ], [ -4.248654, 37.790199 ], [ -4.254992, 37.792924 ], [ -4.266423, 37.797403 ], [ -4.270618, 37.798973 ], [ -4.277857, 37.801955 ], [ -4.289286, 37.806163 ], [ -4.293741, 37.80773 ], [ -4.300717, 37.810449 ], [ -4.312146, 37.814502 ], [ -4.31819, 37.816468 ], [ -4.323571, 37.818304 ], [ -4.335004, 37.822414 ], [ -4.344416, 37.82518 ], [ -4.346425, 37.825847 ], [ -4.357858, 37.829867 ], [ -4.369277, 37.833096 ], [ -4.371906, 37.833872 ], [ -4.380707, 37.836815 ], [ -4.392131, 37.840149 ], [ -4.402082, 37.842525 ], [ -4.403545, 37.842925 ], [ -4.41497, 37.846252 ], [ -4.426385, 37.84896 ], [ -4.437468, 37.851107 ], [ -4.437791, 37.85118 ], [ -4.449211, 37.854118 ], [ -4.460623, 37.856534 ], [ -4.472027, 37.858551 ], [ -4.478193, 37.859611 ], [ -4.483433, 37.860682 ], [ -4.494846, 37.863038 ], [ -4.506246, 37.864774 ], [ -4.517651, 37.866746 ], [ -4.527005, 37.867996 ], [ -4.529049, 37.86833 ], [ -4.540459, 37.870458 ], [ -4.551864, 37.872291 ], [ -4.563263, 37.873851 ], [ -4.574658, 37.875205 ], [ -4.584227, 37.876249 ], [ -4.586052, 37.876498 ], [ -4.597458, 37.87831 ], [ -4.60886, 37.87988 ], [ -4.620257, 37.881263 ], [ -4.631652, 37.88248 ], [ -4.643043, 37.883545 ], [ -4.652081, 37.884324 ], [ -4.654434, 37.884582 ], [ -4.665834, 37.886027 ], [ -4.677231, 37.887286 ], [ -4.688624, 37.888371 ], [ -4.700014, 37.889304 ], [ -4.711402, 37.89012 ], [ -4.722787, 37.890816 ], [ -4.734169, 37.891405 ], [ -4.74555, 37.891918 ], [ -4.746554, 37.891968 ], [ -4.756936, 37.89265 ], [ -4.768321, 37.893302 ], [ -4.779703, 37.893828 ], [ -4.791082, 37.894243 ], [ -4.802458, 37.894528 ], [ -4.813832, 37.894719 ], [ -4.825204, 37.894808 ], [ -4.836572, 37.894778 ], [ -4.847938, 37.894655 ], [ -4.859302, 37.894423 ], [ -4.870662, 37.894069 ], [ -4.882019, 37.893598 ], [ -4.893372, 37.892993 ], [ -4.904722, 37.892231 ], [ -4.916066, 37.891283 ], [ -4.927406, 37.890196 ], [ -4.938742, 37.888974 ], [ -4.938926, 37.888956 ], [ -4.950086, 37.888034 ], [ -4.961426, 37.886993 ], [ -4.972763, 37.885828 ], [ -4.984095, 37.884511 ], [ -4.995423, 37.88304 ], [ -5.006744, 37.881355 ], [ -5.018056, 37.879335 ], [ -5.023558, 37.878523 ], [ -5.029378, 37.877717 ], [ -5.040701, 37.876136 ], [ -5.052017, 37.874355 ], [ -5.063326, 37.872303 ], [ -5.074625, 37.869924 ], [ -5.081279, 37.868509 ], [ -5.085926, 37.86768 ], [ -5.097235, 37.865705 ], [ -5.108534, 37.863425 ], [ -5.119821, 37.860741 ], [ -5.127983, 37.858666 ], [ -5.131106, 37.857998 ], [ -5.142403, 37.855724 ], [ -5.153688, 37.853052 ], [ -5.164956, 37.849838 ], [ -5.168361, 37.848921 ], [ -5.176238, 37.847124 ], [ -5.187516, 37.844296 ], [ -5.198769, 37.840666 ], [ -5.203975, 37.839252 ], [ -5.21004, 37.837664 ], [ -5.221306, 37.834543 ], [ -5.232548, 37.830674 ], [ -5.2357, 37.829646 ], [ -5.243807, 37.827368 ], [ -5.255055, 37.823769 ], [ -5.264769, 37.820083 ], [ -5.266285, 37.81958 ], [ -5.277535, 37.816117 ], [ -5.288757, 37.811758 ], [ -5.291977, 37.810549 ], [ -5.299993, 37.8079 ], [ -5.311214, 37.803617 ], [ -5.317457, 37.801043 ], [ -5.322431, 37.799225 ], [ -5.333648, 37.794888 ], [ -5.34122, 37.791565 ], [ -5.344851, 37.790141 ], [ -5.356061, 37.785656 ], [ -5.363813, 37.782106 ], [ -5.367254, 37.780685 ], [ -5.378452, 37.77593 ], [ -5.385351, 37.772665 ], [ -5.389638, 37.770818 ], [ -5.400823, 37.765742 ], [ -5.406031, 37.763236 ], [ -5.412004, 37.760617 ], [ -5.423173, 37.75513 ], [ -5.425839, 37.753823 ], [ -5.434352, 37.750019 ], [ -5.444898, 37.744421 ], [ -5.445504, 37.744121 ], [ -5.456677, 37.738918 ], [ -5.463972, 37.735017 ], [ -5.467827, 37.733096 ], [ -5.478973, 37.727165 ], [ -5.481805, 37.725635 ], [ -5.490123, 37.721441 ], [ -5.499073, 37.716263 ], [ -5.501251, 37.715075 ], [ -5.512382, 37.708886 ], [ -5.515786, 37.7069 ], [ -5.523509, 37.702632 ], [ -5.531752, 37.697551 ], [ -5.534617, 37.695862 ], [ -5.545715, 37.688876 ], [ -5.546761, 37.68822 ], [ -5.556821, 37.68216 ], [ -5.561779, 37.678887 ], [ -5.567908, 37.674957 ], [ -5.575695, 37.669577 ], [ -5.578974, 37.667227 ], [ -5.588748, 37.660283 ], [ -5.590036, 37.659433 ], [ -5.601085, 37.651332 ], [ -5.601544, 37.650995 ], [ -5.612133, 37.64328 ], [ -5.614198, 37.641707 ], [ -5.623168, 37.634915 ], [ -5.626337, 37.63243 ], [ -5.63419, 37.626259 ], [ -5.638029, 37.623162 ], [ -5.645201, 37.617338 ], [ -5.64935, 37.613901 ], [ -5.656199, 37.608164 ], [ -5.660345, 37.604647 ], [ -5.667186, 37.598735 ], [ -5.671022, 37.595398 ], [ -5.678161, 37.589054 ], [ -5.681422, 37.586155 ], [ -5.689124, 37.579098 ], [ -5.691513, 37.576918 ], [ -5.700073, 37.568849 ], [ -5.701319, 37.567687 ], [ -5.710885, 37.55846 ], [ -5.711009, 37.558341 ], [ -5.720682, 37.549228 ], [ -5.721948, 37.547987 ], [ -5.730245, 37.54 ], [ -5.732874, 37.537336 ], [ -5.739475, 37.530779 ], [ -5.743779, 37.526207 ], [ -5.748271, 37.521567 ], [ -5.754658, 37.514463 ], [ -5.756616, 37.512365 ], [ -5.764798, 37.503167 ], [ -5.76552, 37.502354 ], [ -5.77327, 37.493961 ], [ -5.776379, 37.490266 ], [ -5.781238, 37.484767 ], [ -5.7872, 37.477223 ], [ -5.788572, 37.475587 ], [ -5.796201, 37.466399 ], [ -5.798014, 37.464087 ], [ -5.803735, 37.457214 ], [ -5.808798, 37.450257 ], [ -5.810533, 37.448045 ], [ -5.817576, 37.43887 ], [ -5.819566, 37.436117 ], [ -5.824564, 37.429696 ], [ -5.83029, 37.420914 ], [ -5.830553, 37.420546 ], [ -5.837443, 37.411373 ], [ -5.841018, 37.405903 ], [ -5.843701, 37.402216 ], [ -5.849799, 37.393062 ], [ -5.851709, 37.390047 ], [ -5.855983, 37.383906 ], [ -5.861444, 37.374766 ], [ -5.862362, 37.373279 ], [ -5.867583, 37.365611 ], [ -5.872668, 37.35648 ], [ -5.872988, 37.355953 ], [ -5.878789, 37.347324 ], [ -5.883594, 37.338204 ], [ -5.883596, 37.3382 ], [ -5.88959, 37.329047 ], [ -5.894177, 37.319979 ], [ -5.894206, 37.319927 ], [ -5.899953, 37.310779 ], [ -5.904439, 37.301662 ], [ -5.90473, 37.301118 ], [ -5.909849, 37.292522 ], [ -5.91425, 37.283406 ], [ -5.915245, 37.281393 ], [ -5.919174, 37.274278 ], [ -5.923538, 37.265163 ], [ -5.9257, 37.260266 ], [ -5.927793, 37.256051 ], [ -5.93217, 37.246936 ], [ -5.935691, 37.237841 ], [ -5.936065, 37.236941 ], [ -5.939923, 37.228729 ], [ -5.943489, 37.219633 ], [ -5.946315, 37.210814 ], [ -5.946411, 37.210554 ], [ -5.950089, 37.201455 ], [ -5.953066, 37.192374 ], [ -5.955477, 37.183307 ], [ -5.956383, 37.180189 ], [ -5.958282, 37.17423 ], [ -5.960999, 37.165155 ], [ -5.963275, 37.156091 ], [ -5.965185, 37.147036 ], [ -5.96616, 37.142329 ], [ -5.967245, 37.137977 ], [ -5.969517, 37.128913 ], [ -5.971471, 37.119857 ], [ -5.973125, 37.110808 ], [ -5.974542, 37.101766 ], [ -5.975552, 37.094821 ], [ -5.975932, 37.092724 ], [ -5.977768, 37.083671 ], [ -5.979362, 37.074623 ], [ -5.980734, 37.065582 ], [ -5.981924, 37.056545 ], [ -5.982971, 37.047511 ], [ -5.98389, 37.038481 ], [ -5.984391, 37.033474 ], [ -5.984911, 37.029448 ], [ -5.986135, 37.02041 ], [ -5.987171, 37.011377 ], [ -5.988039, 37.002348 ], [ -5.988751, 36.993323 ], [ -5.989333, 36.984301 ], [ -5.989592, 36.975287 ], [ -5.990125, 36.966267 ], [ -5.990358, 36.957254 ], [ -5.990481, 36.948243 ], [ -5.99052, 36.939235 ], [ -5.990453, 36.93023 ], [ -5.990296, 36.921226 ], [ -5.990049, 36.912225 ], [ -5.989659, 36.903228 ], [ -5.989261, 36.894231 ], [ -5.98872, 36.885237 ], [ -5.98807, 36.876246 ], [ -5.98732, 36.867258 ], [ -5.986437, 36.858272 ], [ -5.985439, 36.84929 ], [ -5.984296, 36.840312 ], [ -5.983013, 36.831336 ], [ -5.981582, 36.822365 ], [ -5.97998, 36.813398 ], [ -5.978186, 36.804435 ], [ -5.976174, 36.795478 ], [ -5.974912, 36.789974 ], [ -5.974226, 36.78652 ], [ -5.97247, 36.777556 ], [ -5.970517, 36.768598 ], [ -5.968351, 36.759644 ], [ -5.965924, 36.750697 ], [ -5.963178, 36.741758 ], [ -5.961662, 36.736769 ], [ -5.96061, 36.732815 ], [ -5.958238, 36.723866 ], [ -5.955582, 36.714925 ], [ -5.952577, 36.705992 ], [ -5.949149, 36.697069 ], [ -5.948925, 36.69642 ], [ -5.946442, 36.688129 ], [ -5.943451, 36.679195 ], [ -5.940033, 36.670272 ], [ -5.936425, 36.661917 ], [ -5.936213, 36.661359 ], [ -5.933029, 36.65243 ], [ -5.929644, 36.643505 ], [ -5.925538, 36.634598 ], [ -5.924086, 36.63137 ], [ -5.921845, 36.625681 ], [ -5.918099, 36.616766 ], [ -5.913673, 36.607866 ], [ -5.911887, 36.604252 ], [ -5.909579, 36.598959 ], [ -5.905439, 36.590052 ], [ -5.900479, 36.581165 ], [ -5.899799, 36.579856 ], [ -5.896296, 36.572259 ], [ -5.891547, 36.563366 ], [ -5.887777, 36.556993 ], [ -5.886447, 36.554482 ], [ -5.881797, 36.545587 ], [ -5.876098, 36.536717 ], [ -5.875841, 36.536281 ], [ -5.871373, 36.527823 ], [ -5.865652, 36.518952 ], [ -5.863938, 36.516274 ], [ -5.860358, 36.510071 ], [ -5.85449, 36.501204 ], [ -5.852094, 36.497688 ], [ -5.848788, 36.492332 ], [ -5.84263, 36.483471 ], [ -5.840296, 36.480201 ], [ -5.836669, 36.474605 ], [ -5.830131, 36.465752 ], [ -5.828535, 36.463571 ], [ -5.824074, 36.456888 ], [ -5.816984, 36.448047 ], [ -5.816811, 36.447815 ], [ -5.810906, 36.439183 ], [ -5.805092, 36.432099 ], [ -5.803756, 36.430343 ], [ -5.797024, 36.421492 ], [ -5.793415, 36.417382 ], [ -5.789683, 36.412656 ], [ -5.782197, 36.403823 ], [ -5.781765, 36.403308 ], [ -5.775262, 36.394976 ], [ -5.77012, 36.389249 ], [ -5.767497, 36.386148 ], [ -5.75938, 36.377327 ], [ -5.758522, 36.376378 ], [ -5.751792, 36.368494 ], [ -5.746923, 36.36341 ], [ -5.743522, 36.359676 ], [ -5.735368, 36.351535 ], [ -5.734727, 36.350869 ], [ -5.726308, 36.342053 ], [ -5.723813, 36.339589 ], [ -5.717619, 36.333243 ], [ -5.712281, 36.328191 ], [ -5.708453, 36.324442 ], [ -5.700773, 36.317389 ], [ -5.698926, 36.315649 ], [ -5.689284, 36.307063 ], [ -5.689064, 36.306863 ], [ -5.679487, 36.29807 ], [ -5.677793, 36.29658 ], [ -5.669641, 36.289281 ], [ -5.666317, 36.286437 ], [ -5.659452, 36.2805 ], [ -5.654857, 36.276676 ], [ -5.648938, 36.271725 ], [ -5.643411, 36.267239 ], [ -5.638136, 36.262955 ], [ -5.631976, 36.258071 ], [ -5.627046, 36.25419 ], [ -5.620559, 36.249328 ], [ -5.615473, 36.245435 ], [ -5.609141, 36.240487 ], [ -5.604012, 36.236676 ], [ -5.597738, 36.232042 ], [ -5.592031, 36.227928 ], [ -5.586346, 36.223824 ], [ -5.579716, 36.219185 ], [ -5.574963, 36.215838 ], [ -5.566997, 36.21045 ], [ -5.563592, 36.208118 ], [ -5.553783, 36.201724 ], [ -5.552232, 36.200693 ], [ -5.540878, 36.193384 ], [ -5.540283, 36.193002 ], [ -5.529522, 36.185941 ], [ -5.526825, 36.184278 ], [ -5.518181, 36.17889 ], [ -5.512593, 36.175569 ], [ -5.506846, 36.171955 ], [ -5.497805, 36.166869 ], [ -5.495528, 36.165531 ], [ -5.484212, 36.159075 ], [ -5.482604, 36.158176 ], [ -5.472894, 36.152496 ], [ -5.467195, 36.149486 ], [ -5.461591, 36.146356 ], [ -5.450382, 36.140822 ], [ -5.450307, 36.140782 ], [ -5.439004, 36.134511 ], [ -5.434184, 36.132143 ], [ -5.427718, 36.128753 ], [ -5.416453, 36.123606 ], [ -5.416228, 36.123497 ], [ -5.405173, 36.117946 ], [ -5.398409, 36.114846 ], [ -5.393903, 36.112528 ], [ -5.382644, 36.107455 ], [ -5.379788, 36.106208 ], [ -5.371382, 36.102227 ], [ -5.360146, 36.097813 ], [ -5.359633, 36.097597 ], [ -5.34889, 36.092675 ], [ -5.338807, 36.088996 ], [ -5.337664, 36.088533 ], [ -5.326421, 36.083744 ], [ -5.316844, 36.080413 ], [ -5.315203, 36.079782 ], [ -5.30397, 36.075257 ], [ -5.293365, 36.071855 ], [ -5.292765, 36.071637 ], [ -5.281538, 36.067226 ], [ -5.27034, 36.06381 ], [ -5.268911, 36.063311 ], [ -5.259124, 36.059688 ], [ -5.247927, 36.056241 ], [ -5.243023, 36.054789 ], [ -5.236728, 36.052662 ], [ -5.225531, 36.049114 ], [ -5.214603, 36.046307 ], [ -5.214354, 36.046233 ], [ -5.203153, 36.042486 ], [ -5.191973, 36.039471 ], [ -5.185462, 36.037832 ], [ -5.180795, 36.036471 ], [ -5.16961, 36.033194 ], [ -5.158442, 36.030524 ], [ -5.153681, 36.029398 ], [ -5.147269, 36.027633 ], [ -5.136096, 36.024689 ], [ -5.124939, 36.022348 ], [ -5.118853, 36.021008 ], [ -5.113777, 36.019771 ], [ -5.102612, 36.017048 ], [ -5.09146, 36.014793 ], [ -5.080318, 36.012892 ], [ -5.079259, 36.012691 ], [ -5.069162, 36.010453 ], [ -5.058014, 36.008295 ], [ -5.046876, 36.006491 ], [ -5.035745, 36.004971 ], [ -5.032284, 36.004487 ], [ -5.024609, 36.003192 ], [ -5.013477, 36.001581 ], [ -5.002346, 35.99997 ], [ -4.991225, 35.998769 ], [ -4.980107, 35.997635 ], [ -4.968993, 35.996696 ], [ -4.960599, 35.99667 ], [ -4.957902, 35.996645 ], [ -4.946807, 35.996463 ], [ -4.935723, 35.996686 ], [ -4.924618, 35.996064 ], [ -4.913517, 35.99564 ], [ -4.902398, 35.994406 ], [ -4.891293, 35.993766 ], [ -4.880145, 35.991333 ], [ -4.869004, 35.989132 ], [ -4.868542, 35.989129 ], [ -4.862141, 35.980218 ], [ -4.857642, 35.977505 ], [ -4.84734, 35.971436 ], [ -4.8464, 35.970876 ] ] } },
{ "type": "Feature", "properties": { "fid": 47, "ID": 46, "Intensidad": 7.5 }, "geometry": { "type": "LineString", "coordinates": [ [ -4.89893, 35.849544 ], [ -4.895291, 35.853549 ], [ -4.888091, 35.85926 ], [ -4.883987, 35.862738 ], [ -4.877203, 35.867017 ], [ -4.866227, 35.871123 ], [ -4.855179, 35.872144 ], [ -4.844079, 35.870985 ], [ -4.843661, 35.872375 ], [ -4.844125, 35.872956 ], [ -4.852647, 35.881247 ], [ -4.855508, 35.88626 ], [ -4.859436, 35.890153 ], [ -4.862623, 35.899114 ], [ -4.867041, 35.905782 ], [ -4.868641, 35.908031 ], [ -4.869104, 35.917035 ], [ -4.877136, 35.92592 ], [ -4.878635, 35.927616 ], [ -4.887027, 35.934776 ], [ -4.889968, 35.938224 ], [ -4.897044, 35.943628 ], [ -4.901291, 35.94828 ], [ -4.907801, 35.952469 ], [ -4.912589, 35.957179 ], [ -4.921006, 35.961268 ], [ -4.923829, 35.963598 ], [ -4.934891, 35.962627 ], [ -4.935605, 35.961034 ], [ -4.936235, 35.952013 ], [ -4.935777, 35.94301 ], [ -4.934871, 35.934014 ], [ -4.934025, 35.92712 ], [ -4.9337, 35.925022 ], [ -4.931994, 35.916039 ], [ -4.930182, 35.907058 ], [ -4.928296, 35.898077 ], [ -4.926378, 35.889098 ], [ -4.924483, 35.880117 ], [ -4.922515, 35.871138 ], [ -4.921484, 35.866696 ], [ -4.919444, 35.862177 ], [ -4.914797, 35.85324 ], [ -4.909899, 35.84534 ], [ -4.89893, 35.849544 ] ] } },
{ "type": "Feature", "properties": { "fid": 48, "ID": 47, "Intensidad": 9.0 }, "geometry": { "type": "LineString", "coordinates": [ [ -4.696725, 35.793441 ], [ -4.698424, 35.790871 ], [ -4.701309, 35.793376 ], [ -4.70968, 35.799952 ], [ -4.712077, 35.802234 ], [ -4.709762, 35.803794 ], [ -4.707799, 35.802295 ], [ -4.698511, 35.794981 ], [ -4.696725, 35.793441 ] ] } },
{ "type": "Feature", "properties": { "fid": 49, "ID": 48, "Intensidad": 9.0 }, "geometry": { "type": "LineString", "coordinates": [ [ -4.711996, 35.766191 ], [ -4.71999, 35.765018 ], [ -4.72202, 35.766048 ], [ -4.731158, 35.770057 ], [ -4.738338, 35.774824 ], [ -4.742424, 35.779561 ], [ -4.74533, 35.783734 ], [ -4.742565, 35.786023 ], [ -4.731915, 35.783928 ], [ -4.731454, 35.783746 ], [ -4.720234, 35.776343 ], [ -4.718683, 35.775107 ], [ -4.711996, 35.766191 ] ] } },
{ "type": "Feature", "properties": { "fid": 50, "ID": 49, "Intensidad": 8.0 }, "geometry": { "type": "LineString", "coordinates": [ [ -4.848498, 35.583639 ], [ -4.848365, 35.583951 ], [ -4.84851, 35.584128 ], [ -4.856859, 35.592831 ], [ -4.859838, 35.596884 ], [ -4.864711, 35.601721 ], [ -4.87119, 35.610532 ], [ -4.871297, 35.61063 ], [ -4.871199, 35.610906 ], [ -4.860291, 35.616456 ], [ -4.859072, 35.619831 ], [ -4.860457, 35.623623 ], [ -4.863012, 35.628781 ], [ -4.865643, 35.637751 ], [ -4.867683, 35.646731 ], [ -4.866787, 35.655756 ], [ -4.861275, 35.658899 ], [ -4.857545, 35.66491 ], [ -4.853682, 35.67398 ], [ -4.850728, 35.680379 ], [ -4.849477, 35.683056 ], [ -4.841785, 35.692185 ], [ -4.840395, 35.701217 ], [ -4.840171, 35.701664 ], [ -4.83897, 35.71025 ], [ -4.835534, 35.719314 ], [ -4.829756, 35.728413 ], [ -4.829745, 35.728942 ], [ -4.829859, 35.737422 ], [ -4.828908, 35.746447 ], [ -4.825914, 35.755504 ], [ -4.819468, 35.763024 ], [ -4.819147, 35.764617 ], [ -4.819516, 35.773623 ], [ -4.81977, 35.78263 ], [ -4.819567, 35.791644 ], [ -4.81487, 35.800726 ], [ -4.817686, 35.809694 ], [ -4.816278, 35.818727 ], [ -4.810578, 35.827824 ], [ -4.809994, 35.83285 ], [ -4.80961, 35.836849 ], [ -4.810012, 35.845854 ], [ -4.810259, 35.854861 ], [ -4.810375, 35.86387 ], [ -4.809722, 35.872891 ], [ -4.808358, 35.881922 ], [ -4.80803, 35.890938 ], [ -4.807958, 35.89995 ], [ -4.807176, 35.908973 ], [ -4.804443, 35.918024 ], [ -4.801858, 35.927074 ], [ -4.801319, 35.936093 ], [ -4.801347, 35.939774 ], [ -4.801374, 35.945103 ], [ -4.801043, 35.954119 ], [ -4.799891, 35.963147 ], [ -4.798201, 35.972183 ], [ -4.797737, 35.9812 ], [ -4.797541, 35.990214 ], [ -4.797091, 35.999232 ], [ -4.797371, 36.008238 ], [ -4.794183, 36.017296 ], [ -4.793223, 36.026321 ], [ -4.792828, 36.035338 ], [ -4.79273, 36.04435 ], [ -4.792653, 36.045377 ], [ -4.791179, 36.053384 ], [ -4.787906, 36.062444 ], [ -4.785623, 36.071488 ], [ -4.783884, 36.080525 ], [ -4.78276, 36.089552 ], [ -4.782577, 36.090646 ], [ -4.778949, 36.098619 ], [ -4.776421, 36.107667 ], [ -4.774127, 36.116712 ], [ -4.772191, 36.122589 ], [ -4.769516, 36.125791 ], [ -4.764122, 36.134881 ], [ -4.762803, 36.143911 ], [ -4.761606, 36.145965 ], [ -4.75484, 36.153038 ], [ -4.750821, 36.160657 ], [ -4.749208, 36.162131 ], [ -4.741323, 36.171257 ], [ -4.739974, 36.172712 ], [ -4.731002, 36.180417 ], [ -4.72908, 36.182797 ], [ -4.723204, 36.18954 ], [ -4.718198, 36.193527 ], [ -4.708113, 36.198767 ], [ -4.707206, 36.199343 ], [ -4.696205, 36.204794 ], [ -4.68946, 36.208043 ], [ -4.685186, 36.209525 ], [ -4.674112, 36.211698 ], [ -4.663061, 36.215027 ], [ -4.65195, 36.215513 ], [ -4.64084, 36.216025 ], [ -4.629907, 36.217879 ], [ -4.629757, 36.217901 ], [ -4.618664, 36.219302 ], [ -4.607574, 36.220883 ], [ -4.59649, 36.222766 ], [ -4.585412, 36.224967 ], [ -4.574341, 36.227541 ], [ -4.573865, 36.22764 ], [ -4.563258, 36.22956 ], [ -4.55218, 36.231883 ], [ -4.54111, 36.234612 ], [ -4.531733, 36.237198 ], [ -4.530044, 36.237604 ], [ -4.518967, 36.240098 ], [ -4.507899, 36.243055 ], [ -4.49684, 36.246577 ], [ -4.49657, 36.246654 ], [ -4.485767, 36.249338 ], [ -4.474702, 36.25263 ], [ -4.464804, 36.256058 ], [ -4.463646, 36.256417 ], [ -4.452575, 36.25951 ], [ -4.441517, 36.263303 ], [ -4.435584, 36.265423 ], [ -4.430457, 36.267037 ], [ -4.419397, 36.270852 ], [ -4.409156, 36.274748 ], [ -4.408342, 36.275036 ], [ -4.397276, 36.278622 ], [ -4.386224, 36.283105 ], [ -4.383762, 36.284056 ], [ -4.375161, 36.287006 ], [ -4.364108, 36.291514 ], [ -4.359683, 36.293343 ], [ -4.353049, 36.29578 ], [ -4.341995, 36.300424 ], [ -4.336596, 36.302614 ], [ -4.330935, 36.304777 ], [ -4.319877, 36.309357 ], [ -4.31417, 36.311874 ], [ -4.30882, 36.313996 ], [ -4.297763, 36.318747 ], [ -4.292488, 36.321121 ], [ -4.286704, 36.323481 ], [ -4.275648, 36.328475 ], [ -4.271609, 36.330356 ], [ -4.264588, 36.333345 ], [ -4.253536, 36.338712 ], [ -4.251702, 36.339577 ], [ -4.242474, 36.343603 ], [ -4.232433, 36.348788 ], [ -4.231423, 36.349276 ], [ -4.220362, 36.35444 ], [ -4.213672, 36.357991 ], [ -4.209309, 36.360184 ], [ -4.198258, 36.36613 ], [ -4.196324, 36.367177 ], [ -4.187202, 36.3719 ], [ -4.179526, 36.376355 ], [ -4.176153, 36.37825 ], [ -4.165109, 36.38498 ], [ -4.164232, 36.385516 ], [ -4.15406, 36.391591 ], [ -4.14936, 36.394671 ], [ -4.143019, 36.398827 ], [ -4.136, 36.40381 ], [ -4.131984, 36.406685 ], [ -4.123633, 36.412938 ], [ -4.120954, 36.414952 ], [ -4.111845, 36.422059 ], [ -4.109926, 36.423585 ], [ -4.100408, 36.431176 ], [ -4.098898, 36.432369 ], [ -4.089224, 36.44029 ], [ -4.087872, 36.441445 ], [ -4.078287, 36.4494 ], [ -4.076843, 36.450566 ], [ -4.06743, 36.458508 ], [ -4.065815, 36.459886 ], [ -4.05675, 36.467614 ], [ -4.054785, 36.469295 ], [ -4.046165, 36.476719 ], [ -4.043755, 36.478829 ], [ -4.035731, 36.48582 ], [ -4.032723, 36.488471 ], [ -4.025363, 36.494921 ], [ -4.021689, 36.498189 ], [ -4.0151, 36.50402 ], [ -4.010655, 36.508036 ], [ -4.004965, 36.513116 ], [ -3.999621, 36.518141 ], [ -3.995074, 36.52221 ], [ -3.98858, 36.527982 ], [ -3.984905, 36.531305 ], [ -3.977542, 36.538164 ], [ -3.975094, 36.540397 ], [ -3.966501, 36.548464 ], [ -3.965387, 36.549487 ], [ -3.95567, 36.558576 ], [ -3.955458, 36.558771 ], [ -3.945651, 36.567667 ], [ -3.944409, 36.568824 ], [ -3.935709, 36.576756 ], [ -3.933359, 36.57896 ], [ -3.925858, 36.585844 ], [ -3.922305, 36.589121 ], [ -3.916015, 36.594931 ], [ -3.911252, 36.599523 ], [ -3.906456, 36.604015 ], [ -3.900197, 36.610089 ], [ -3.896983, 36.613097 ], [ -3.889139, 36.620647 ], [ -3.887501, 36.622179 ], [ -3.878078, 36.631102 ], [ -3.877905, 36.631261 ], [ -3.867858, 36.640345 ], [ -3.867008, 36.641119 ], [ -3.857627, 36.64943 ], [ -3.855933, 36.650951 ], [ -3.847251, 36.658515 ], [ -3.844854, 36.660561 ], [ -3.836806, 36.6676 ], [ -3.833772, 36.670288 ], [ -3.826385, 36.676684 ], [ -3.822687, 36.679892 ], [ -3.815749, 36.685768 ], [ -3.811594, 36.689 ], [ -3.804559, 36.694855 ], [ -3.800499, 36.698256 ], [ -3.79365, 36.703939 ], [ -3.789401, 36.7074 ], [ -3.782524, 36.713023 ], [ -3.778298, 36.716326 ], [ -3.771033, 36.722109 ], [ -3.767191, 36.725076 ], [ -3.759309, 36.731195 ], [ -3.756079, 36.733644 ], [ -3.747411, 36.740281 ], [ -3.744964, 36.742046 ], [ -3.735039, 36.749369 ], [ -3.733844, 36.75027 ], [ -3.722715, 36.757761 ], [ -3.721649, 36.758461 ], [ -3.711576, 36.764448 ], [ -3.706606, 36.767563 ], [ -3.700436, 36.771184 ], [ -3.691159, 36.776664 ], [ -3.689292, 36.777698 ], [ -3.678134, 36.78289 ], [ -3.670709, 36.785792 ], [ -3.666969, 36.787348 ], [ -3.655817, 36.793585 ], [ -3.653849, 36.794896 ], [ -3.64468, 36.8017 ], [ -3.642012, 36.803972 ], [ -3.63356, 36.812257 ], [ -3.632835, 36.813031 ], [ -3.625753, 36.82208 ], [ -3.622471, 36.826963 ], [ -3.619805, 36.831121 ], [ -3.614969, 36.840157 ], [ -3.611431, 36.848394 ], [ -3.611092, 36.849188 ], [ -3.607546, 36.858217 ], [ -3.604882, 36.867241 ], [ -3.603043, 36.876261 ], [ -3.601575, 36.885279 ], [ -3.600575, 36.894112 ], [ -3.600552, 36.894295 ], [ -3.599646, 36.90331 ], [ -3.599148, 36.912323 ], [ -3.598984, 36.921334 ], [ -3.598792, 36.930346 ], [ -3.598542, 36.939358 ], [ -3.598324, 36.948369 ], [ -3.598053, 36.957381 ], [ -3.597728, 36.966393 ], [ -3.600594, 36.975389 ], [ -3.600256, 36.984401 ], [ -3.600434, 36.993411 ], [ -3.600527, 37.002421 ], [ -3.600505, 37.011431 ], [ -3.600371, 37.020443 ], [ -3.601613, 37.026213 ], [ -3.603442, 37.029437 ], [ -3.612907, 37.03296 ], [ -3.624188, 37.037861 ], [ -3.628103, 37.03832 ], [ -3.635439, 37.039048 ], [ -3.646693, 37.040499 ], [ -3.65798, 37.045683 ], [ -3.660565, 37.047154 ], [ -3.669284, 37.052735 ], [ -3.672648, 37.056096 ], [ -3.680632, 37.064345 ], [ -3.681113, 37.065058 ], [ -3.687213, 37.074033 ], [ -3.691725, 37.083017 ], [ -3.692054, 37.08379 ], [ -3.695233, 37.092007 ], [ -3.698309, 37.100999 ], [ -3.700969, 37.109994 ], [ -3.703456, 37.118989 ], [ -3.703635, 37.119776 ], [ -3.705329, 37.127988 ], [ -3.706947, 37.136989 ], [ -3.7084, 37.14599 ], [ -3.709692, 37.154993 ], [ -3.710852, 37.163996 ], [ -3.71207, 37.172999 ], [ -3.712673, 37.182005 ], [ -3.713172, 37.191012 ], [ -3.713438, 37.200021 ], [ -3.713258, 37.209032 ], [ -3.712696, 37.218045 ], [ -3.711803, 37.227061 ], [ -3.709243, 37.236086 ], [ -3.705922, 37.245116 ], [ -3.704822, 37.247627 ], [ -3.700913, 37.254156 ], [ -3.695009, 37.263201 ], [ -3.693703, 37.264355 ], [ -3.682488, 37.27109 ], [ -3.673866, 37.272333 ], [ -3.671226, 37.272589 ], [ -3.65997, 37.274918 ], [ -3.648711, 37.277022 ], [ -3.637455, 37.279449 ], [ -3.626194, 37.281396 ], [ -3.625474, 37.281608 ], [ -3.614952, 37.285782 ], [ -3.6037, 37.289134 ], [ -3.596201, 37.29077 ], [ -3.592444, 37.292037 ], [ -3.581208, 37.297569 ], [ -3.569945, 37.299851 ], [ -3.569799, 37.29991 ], [ -3.558718, 37.307092 ], [ -3.551364, 37.309007 ], [ -3.547466, 37.311118 ], [ -3.536227, 37.317205 ], [ -3.53452, 37.318094 ], [ -3.524998, 37.324929 ], [ -3.520978, 37.327165 ], [ -3.513766, 37.332584 ], [ -3.507495, 37.336233 ], [ -3.502532, 37.340365 ], [ -3.495631, 37.345293 ], [ -3.491301, 37.348872 ], [ -3.484658, 37.354349 ], [ -3.480074, 37.358347 ], [ -3.474775, 37.363399 ], [ -3.468851, 37.368947 ], [ -3.465195, 37.372447 ], [ -3.457622, 37.379237 ], [ -3.455341, 37.381495 ], [ -3.446394, 37.390105 ], [ -3.44599, 37.390541 ], [ -3.437884, 37.399581 ], [ -3.435174, 37.402885 ], [ -3.432563, 37.40861 ], [ -3.423958, 37.417039 ], [ -3.423516, 37.417653 ], [ -3.417153, 37.426685 ], [ -3.412753, 37.433852 ], [ -3.41196, 37.435713 ], [ -3.407892, 37.444737 ], [ -3.402612, 37.453765 ], [ -3.401585, 37.458806 ], [ -3.400981, 37.462781 ], [ -3.399822, 37.471794 ], [ -3.400609, 37.480801 ], [ -3.401731, 37.486082 ], [ -3.403009, 37.489803 ], [ -3.409286, 37.498791 ], [ -3.412792, 37.507789 ], [ -3.413164, 37.508662 ], [ -3.419466, 37.516775 ], [ -3.42408, 37.525768 ], [ -3.424579, 37.526854 ], [ -3.430359, 37.534755 ], [ -3.435408, 37.543746 ], [ -3.435998, 37.544862 ], [ -3.440776, 37.552736 ], [ -3.446422, 37.561725 ], [ -3.447425, 37.563209 ], [ -3.453644, 37.570707 ], [ -3.458843, 37.57914 ], [ -3.45926, 37.579695 ], [ -3.466977, 37.588674 ], [ -3.470255, 37.593412 ], [ -3.473751, 37.597656 ], [ -3.480395, 37.606639 ], [ -3.481676, 37.608395 ], [ -3.487958, 37.615618 ], [ -3.493099, 37.622881 ], [ -3.494527, 37.6246 ], [ -3.502263, 37.633577 ], [ -3.504518, 37.636284 ], [ -3.51038, 37.642551 ], [ -3.515941, 37.649441 ], [ -3.517845, 37.651528 ], [ -3.526032, 37.660502 ], [ -3.527362, 37.661933 ], [ -3.534945, 37.669471 ], [ -3.538782, 37.673724 ], [ -3.543474, 37.678441 ], [ -3.550206, 37.685576 ], [ -3.55206, 37.687411 ], [ -3.560938, 37.696378 ], [ -3.561632, 37.697091 ], [ -3.570413, 37.705342 ], [ -3.573055, 37.70789 ], [ -3.58, 37.714305 ], [ -3.584482, 37.718663 ], [ -3.589471, 37.723267 ], [ -3.595911, 37.729324 ], [ -3.599115, 37.732228 ], [ -3.607341, 37.739785 ], [ -3.608911, 37.741187 ], [ -3.618756, 37.750145 ], [ -3.618775, 37.750162 ], [ -3.629077, 37.7591 ], [ -3.630207, 37.760081 ], [ -3.639535, 37.768053 ], [ -3.641642, 37.769916 ], [ -3.649981, 37.777005 ], [ -3.653079, 37.779632 ], [ -3.66063, 37.785955 ], [ -3.664517, 37.789198 ], [ -3.671419, 37.794903 ], [ -3.675958, 37.798714 ], [ -3.682214, 37.80385 ], [ -3.687401, 37.808106 ], [ -3.693171, 37.812796 ], [ -3.698846, 37.817378 ], [ -3.70429, 37.821739 ], [ -3.710292, 37.826503 ], [ -3.715601, 37.83068 ], [ -3.721739, 37.835529 ], [ -3.727042, 37.839619 ], [ -3.733188, 37.844313 ], [ -3.738791, 37.848555 ], [ -3.744637, 37.852936 ], [ -3.750749, 37.857488 ], [ -3.756089, 37.861515 ], [ -3.762804, 37.86642 ], [ -3.767541, 37.869851 ], [ -3.775217, 37.875348 ], [ -3.778993, 37.878034 ], [ -3.787858, 37.884273 ], [ -3.790448, 37.886109 ], [ -3.800728, 37.893195 ], [ -3.801902, 37.894001 ], [ -3.813358, 37.901773 ], [ -3.813865, 37.902114 ], [ -3.824815, 37.909457 ], [ -3.827195, 37.91103 ], [ -3.836274, 37.917025 ], [ -3.840784, 37.919942 ], [ -3.847733, 37.924436 ], [ -3.854699, 37.928851 ], [ -3.859192, 37.931699 ], [ -3.868943, 37.937756 ], [ -3.870652, 37.938823 ], [ -3.882113, 37.945859 ], [ -3.883427, 37.946657 ], [ -3.893576, 37.952839 ], [ -3.898145, 37.955554 ], [ -3.905039, 37.959664 ], [ -3.913273, 37.964446 ], [ -3.916502, 37.966332 ], [ -3.927966, 37.972878 ], [ -3.928767, 37.973334 ], [ -3.939432, 37.979437 ], [ -3.944435, 37.982218 ], [ -3.950898, 37.985828 ], [ -3.960632, 37.991096 ], [ -3.962363, 37.992041 ], [ -3.973831, 37.998254 ], [ -3.977063, 37.999969 ], [ -3.985299, 38.004374 ], [ -3.993943, 38.008836 ], [ -3.996766, 38.010301 ], [ -4.008236, 38.016226 ], [ -4.011136, 38.017698 ], [ -4.019706, 38.02207 ], [ -4.028882, 38.026553 ], [ -4.031174, 38.027669 ], [ -4.042643, 38.033181 ], [ -4.047384, 38.035398 ], [ -4.054112, 38.038553 ], [ -4.065579, 38.04374 ], [ -4.066683, 38.044233 ], [ -4.077047, 38.048846 ], [ -4.086818, 38.053057 ], [ -4.088514, 38.053789 ], [ -4.099982, 38.058655 ], [ -4.107804, 38.06187 ], [ -4.111449, 38.063365 ], [ -4.122915, 38.067956 ], [ -4.129849, 38.070669 ], [ -4.134381, 38.072435 ], [ -4.145847, 38.076805 ], [ -4.152967, 38.079453 ], [ -4.157312, 38.08106 ], [ -4.168777, 38.085188 ], [ -4.177359, 38.088219 ], [ -4.180241, 38.089228 ], [ -4.191705, 38.093149 ], [ -4.203114, 38.096967 ], [ -4.203169, 38.096985 ], [ -4.214632, 38.100691 ], [ -4.226094, 38.104309 ], [ -4.230558, 38.105691 ], [ -4.237556, 38.107826 ], [ -4.249017, 38.111244 ], [ -4.259769, 38.11439 ], [ -4.260478, 38.114595 ], [ -4.271937, 38.117778 ], [ -4.283397, 38.120928 ], [ -4.291283, 38.123056 ], [ -4.294856, 38.124001 ], [ -4.306314, 38.126931 ], [ -4.317771, 38.129799 ], [ -4.325391, 38.131684 ], [ -4.329229, 38.132608 ], [ -4.340684, 38.135266 ], [ -4.35214, 38.137895 ], [ -4.362622, 38.140266 ], [ -4.363595, 38.140481 ], [ -4.375048, 38.142847 ], [ -4.3865, 38.145195 ], [ -4.397953, 38.147527 ], [ -4.40429, 38.148784 ], [ -4.409405, 38.14976 ], [ -4.420856, 38.151887 ], [ -4.432306, 38.153935 ], [ -4.443758, 38.156061 ], [ -4.450244, 38.157233 ], [ -4.455208, 38.158084 ], [ -4.466656, 38.159948 ], [ -4.478103, 38.161755 ], [ -4.489552, 38.163622 ], [ -4.501002, 38.165496 ], [ -4.501662, 38.165595 ], [ -4.512447, 38.167102 ], [ -4.523892, 38.168698 ], [ -4.535336, 38.170223 ], [ -4.546782, 38.171775 ], [ -4.558227, 38.173317 ], [ -4.562209, 38.173813 ], [ -4.569669, 38.174672 ], [ -4.581108, 38.175883 ], [ -4.592548, 38.177092 ], [ -4.603987, 38.178278 ], [ -4.615426, 38.179436 ], [ -4.626865, 38.180558 ], [ -4.638303, 38.181631 ], [ -4.639872, 38.181762 ], [ -4.649736, 38.182494 ], [ -4.661168, 38.183277 ], [ -4.672599, 38.184014 ], [ -4.684029, 38.184706 ], [ -4.695459, 38.185347 ], [ -4.706887, 38.185933 ], [ -4.718314, 38.186461 ], [ -4.729739, 38.186921 ], [ -4.741164, 38.187318 ], [ -4.752586, 38.187648 ], [ -4.764007, 38.18791 ], [ -4.775427, 38.188107 ], [ -4.786844, 38.188186 ], [ -4.798258, 38.188174 ], [ -4.809671, 38.188102 ], [ -4.821084, 38.188007 ], [ -4.832496, 38.18791 ], [ -4.834551, 38.187889 ], [ -4.843908, 38.187786 ], [ -4.855318, 38.187633 ], [ -4.866728, 38.187452 ], [ -4.878138, 38.187247 ], [ -4.888549, 38.187032 ], [ -4.889546, 38.187011 ], [ -4.900954, 38.186736 ], [ -4.91236, 38.186429 ], [ -4.923765, 38.186067 ], [ -4.935169, 38.185678 ], [ -4.946572, 38.185249 ], [ -4.957973, 38.18477 ], [ -4.969373, 38.184251 ], [ -4.980772, 38.183689 ], [ -4.992169, 38.183105 ], [ -5.003564, 38.182401 ], [ -5.014958, 38.181686 ], [ -5.026352, 38.18099 ], [ -5.03774, 38.180073 ], [ -5.049128, 38.179187 ], [ -5.060516, 38.178296 ], [ -5.071898, 38.177225 ], [ -5.08328, 38.176148 ], [ -5.09466, 38.174986 ], [ -5.099302, 38.174445 ], [ -5.106032, 38.173583 ], [ -5.117398, 38.172023 ], [ -5.128763, 38.170416 ], [ -5.140127, 38.168778 ], [ -5.151489, 38.167108 ], [ -5.16285, 38.165419 ], [ -5.17118, 38.16413 ], [ -5.174207, 38.163615 ], [ -5.185554, 38.161502 ], [ -5.196901, 38.159394 ], [ -5.208247, 38.157293 ], [ -5.219593, 38.155201 ], [ -5.225207, 38.154111 ], [ -5.230932, 38.152899 ], [ -5.242263, 38.150383 ], [ -5.253595, 38.147907 ], [ -5.264928, 38.145478 ], [ -5.270459, 38.144237 ], [ -5.276253, 38.142837 ], [ -5.287571, 38.139987 ], [ -5.298891, 38.137215 ], [ -5.310212, 38.134529 ], [ -5.310524, 38.134449 ], [ -5.321518, 38.131388 ], [ -5.332823, 38.128238 ], [ -5.344124, 38.125024 ], [ -5.344953, 38.124759 ], [ -5.355404, 38.121166 ], [ -5.366687, 38.117429 ], [ -5.373215, 38.115184 ], [ -5.377961, 38.113451 ], [ -5.389225, 38.109214 ], [ -5.398985, 38.105654 ], [ -5.400491, 38.105074 ], [ -5.41174, 38.100481 ], [ -5.422849, 38.096157 ], [ -5.422996, 38.096098 ], [ -5.434235, 38.091288 ], [ -5.445336, 38.086684 ], [ -5.445478, 38.086622 ], [ -5.456707, 38.081582 ], [ -5.466819, 38.077228 ], [ -5.467941, 38.076729 ], [ -5.479164, 38.071591 ], [ -5.487485, 38.067785 ], [ -5.490384, 38.066434 ], [ -5.5016, 38.061171 ], [ -5.50761, 38.05835 ], [ -5.512812, 38.055863 ], [ -5.524019, 38.050451 ], [ -5.527148, 38.048925 ], [ -5.535221, 38.044956 ], [ -5.546267, 38.039505 ], [ -5.546421, 38.039429 ], [ -5.557617, 38.033839 ], [ -5.564985, 38.030091 ], [ -5.568807, 38.028147 ], [ -5.579994, 38.022402 ], [ -5.583313, 38.020683 ], [ -5.591178, 38.016635 ], [ -5.601392, 38.011277 ], [ -5.602357, 38.010771 ], [ -5.613535, 38.004903 ], [ -5.619211, 38.001874 ], [ -5.624707, 37.998945 ], [ -5.635874, 37.992881 ], [ -5.636607, 37.992479 ], [ -5.647038, 37.986794 ], [ -5.653721, 37.983087 ], [ -5.658196, 37.980605 ], [ -5.669349, 37.974322 ], [ -5.670441, 37.973702 ], [ -5.680499, 37.968008 ], [ -5.686889, 37.96432 ], [ -5.691643, 37.961576 ], [ -5.702781, 37.955035 ], [ -5.702932, 37.954946 ], [ -5.713916, 37.948469 ], [ -5.718717, 37.945575 ], [ -5.725045, 37.941771 ], [ -5.734145, 37.936211 ], [ -5.736167, 37.934972 ], [ -5.747285, 37.928092 ], [ -5.749268, 37.926851 ], [ -5.758397, 37.921129 ], [ -5.76409, 37.917497 ], [ -5.769502, 37.914041 ], [ -5.778581, 37.908149 ], [ -5.780601, 37.906834 ], [ -5.791694, 37.899521 ], [ -5.792767, 37.898807 ], [ -5.802781, 37.892118 ], [ -5.806681, 37.889469 ], [ -5.813861, 37.884576 ], [ -5.820284, 37.880137 ], [ -5.824933, 37.876906 ], [ -5.833576, 37.870811 ], [ -5.835998, 37.869093 ], [ -5.846566, 37.861491 ], [ -5.847055, 37.861137 ], [ -5.858105, 37.853062 ], [ -5.859302, 37.852176 ], [ -5.869147, 37.844838 ], [ -5.871752, 37.842866 ], [ -5.880179, 37.836442 ], [ -5.883913, 37.833562 ], [ -5.891203, 37.82789 ], [ -5.895806, 37.824264 ], [ -5.902218, 37.819162 ], [ -5.90741, 37.814971 ], [ -5.913222, 37.810227 ], [ -5.918719, 37.805685 ], [ -5.924216, 37.801099 ], [ -5.929791, 37.796404 ], [ -5.935201, 37.791811 ], [ -5.94068, 37.787126 ], [ -5.946177, 37.782392 ], [ -5.951409, 37.777851 ], [ -5.957146, 37.772829 ], [ -5.961957, 37.76858 ], [ -5.968105, 37.763097 ], [ -5.972309, 37.759312 ], [ -5.979054, 37.753194 ], [ -5.98249, 37.750049 ], [ -5.989993, 37.743118 ], [ -5.992492, 37.740789 ], [ -6.000921, 37.732845 ], [ -6.0023, 37.731533 ], [ -6.011839, 37.722383 ], [ -6.011946, 37.72228 ], [ -6.021381, 37.713032 ], [ -6.022744, 37.71168 ], [ -6.030624, 37.703788 ], [ -6.033637, 37.700746 ], [ -6.039702, 37.694548 ], [ -6.044517, 37.68958 ], [ -6.048601, 37.685312 ], [ -6.055383, 37.678158 ], [ -6.05733, 37.676079 ], [ -6.065893, 37.666851 ], [ -6.066235, 37.666476 ], [ -6.074208, 37.657628 ], [ -6.077069, 37.654421 ], [ -6.082362, 37.648409 ], [ -6.087887, 37.642084 ], [ -6.090375, 37.639193 ], [ -6.098213, 37.629981 ], [ -6.098688, 37.629412 ], [ -6.10579, 37.620775 ], [ -6.109466, 37.616273 ], [ -6.11324, 37.611572 ], [ -6.120226, 37.602793 ], [ -6.120555, 37.602373 ], [ -6.127573, 37.59318 ], [ -6.130958, 37.588718 ], [ -6.134482, 37.583991 ], [ -6.141289, 37.574803 ], [ -6.14167, 37.574279 ], [ -6.147831, 37.565623 ], [ -6.152353, 37.559254 ], [ -6.15432, 37.556443 ], [ -6.160618, 37.547269 ], [ -6.163012, 37.543742 ], [ -6.166775, 37.538097 ], [ -6.172852, 37.528928 ], [ -6.173645, 37.527708 ], [ -6.178708, 37.519764 ], [ -6.184247, 37.511071 ], [ -6.184541, 37.510601 ], [ -6.190124, 37.501444 ], [ -6.194816, 37.493761 ], [ -6.195702, 37.492287 ], [ -6.201063, 37.483135 ], [ -6.205353, 37.475791 ], [ -6.206389, 37.473984 ], [ -6.211536, 37.464838 ], [ -6.215854, 37.457116 ], [ -6.216636, 37.455693 ], [ -6.22155, 37.446553 ], [ -6.226317, 37.437667 ], [ -6.226451, 37.437413 ], [ -6.231157, 37.428278 ], [ -6.235827, 37.419144 ], [ -6.236737, 37.417328 ], [ -6.240359, 37.410014 ], [ -6.244817, 37.400885 ], [ -6.247113, 37.3961 ], [ -6.249171, 37.39176 ], [ -6.253421, 37.382636 ], [ -6.257442, 37.373899 ], [ -6.257617, 37.373515 ], [ -6.261682, 37.364396 ], [ -6.265681, 37.35528 ], [ -6.267715, 37.350558 ], [ -6.269588, 37.346166 ], [ -6.273402, 37.337054 ], [ -6.277142, 37.327944 ], [ -6.277929, 37.325986 ], [ -6.280777, 37.318837 ], [ -6.284328, 37.309732 ], [ -6.287801, 37.30063 ], [ -6.288071, 37.299905 ], [ -6.291166, 37.29153 ], [ -6.29445, 37.282432 ], [ -6.297649, 37.273337 ], [ -6.298125, 37.27195 ], [ -6.300743, 37.264245 ], [ -6.303753, 37.255154 ], [ -6.306677, 37.246067 ], [ -6.308069, 37.241628 ], [ -6.309507, 37.236981 ], [ -6.312234, 37.227899 ], [ -6.314879, 37.218819 ], [ -6.317451, 37.20974 ], [ -6.317869, 37.208208 ], [ -6.319896, 37.200666 ], [ -6.322253, 37.191593 ], [ -6.324522, 37.182523 ], [ -6.326728, 37.173455 ], [ -6.327465, 37.170284 ], [ -6.328808, 37.164391 ], [ -6.330773, 37.155329 ], [ -6.332667, 37.14627 ], [ -6.334482, 37.137212 ], [ -6.336216, 37.128157 ], [ -6.336739, 37.125238 ], [ -6.337812, 37.119106 ], [ -6.339301, 37.110058 ], [ -6.340711, 37.101012 ], [ -6.342044, 37.091968 ], [ -6.343306, 37.082926 ], [ -6.344489, 37.073887 ], [ -6.345398, 37.066417 ], [ -6.345584, 37.06485 ], [ -6.346554, 37.055816 ], [ -6.347445, 37.046784 ], [ -6.348256, 37.037755 ], [ -6.348996, 37.028728 ], [ -6.349649, 37.019703 ], [ -6.35022, 37.010681 ], [ -6.350718, 37.001661 ], [ -6.351127, 36.992643 ], [ -6.351455, 36.983627 ], [ -6.351701, 36.974614 ], [ -6.351867, 36.965603 ], [ -6.351924, 36.959247 ], [ -6.351945, 36.956594 ], [ -6.351932, 36.947588 ], [ -6.351842, 36.938585 ], [ -6.351672, 36.929583 ], [ -6.351421, 36.920584 ], [ -6.351093, 36.911587 ], [ -6.350688, 36.902592 ], [ -6.350202, 36.893599 ], [ -6.349637, 36.884609 ], [ -6.348998, 36.87562 ], [ -6.348284, 36.866634 ], [ -6.34749, 36.85765 ], [ -6.347466, 36.857413 ], [ -6.346601, 36.848669 ], [ -6.345623, 36.83969 ], [ -6.344554, 36.830713 ], [ -6.343399, 36.821739 ], [ -6.342166, 36.812768 ], [ -6.340841, 36.803798 ], [ -6.33943, 36.794831 ], [ -6.337935, 36.785867 ], [ -6.336366, 36.776904 ], [ -6.334703, 36.767945 ], [ -6.332956, 36.758987 ], [ -6.331722, 36.752929 ], [ -6.331128, 36.750032 ], [ -6.329211, 36.741079 ], [ -6.32721, 36.732128 ], [ -6.325128, 36.72318 ], [ -6.322964, 36.714234 ], [ -6.320718, 36.70529 ], [ -6.318388, 36.696348 ], [ -6.318033, 36.695027 ], [ -6.315977, 36.687409 ], [ -6.313484, 36.678471 ], [ -6.310911, 36.669536 ], [ -6.308257, 36.660603 ], [ -6.305524, 36.651673 ], [ -6.304906, 36.649706 ], [ -6.302707, 36.642744 ], [ -6.299811, 36.633818 ], [ -6.296836, 36.624893 ], [ -6.293787, 36.615971 ], [ -6.292082, 36.611101 ], [ -6.290655, 36.607051 ], [ -6.28744, 36.598133 ], [ -6.284149, 36.589217 ], [ -6.280792, 36.580302 ], [ -6.279456, 36.576832 ], [ -6.277346, 36.57139 ], [ -6.273814, 36.562481 ], [ -6.270205, 36.553573 ], [ -6.266976, 36.545749 ], [ -6.266526, 36.544667 ], [ -6.262736, 36.535764 ], [ -6.258873, 36.526862 ], [ -6.254939, 36.517963 ], [ -6.254616, 36.517248 ], [ -6.250881, 36.509067 ], [ -6.24675, 36.500172 ], [ -6.242551, 36.491279 ], [ -6.242354, 36.490872 ], [ -6.238211, 36.48239 ], [ -6.233804, 36.473503 ], [ -6.230177, 36.466307 ], [ -6.229314, 36.464617 ], [ -6.224685, 36.455735 ], [ -6.219997, 36.446855 ], [ -6.21807, 36.44327 ], [ -6.215186, 36.437978 ], [ -6.210265, 36.429103 ], [ -6.206026, 36.421551 ], [ -6.205275, 36.42023 ], [ -6.20013, 36.411361 ], [ -6.194918, 36.402493 ], [ -6.194038, 36.401025 ], [ -6.189547, 36.39363 ], [ -6.184106, 36.384768 ], [ -6.182099, 36.38156 ], [ -6.178515, 36.375909 ], [ -6.172824, 36.367053 ], [ -6.170206, 36.363038 ], [ -6.16701, 36.3582 ], [ -6.161106, 36.349349 ], [ -6.158348, 36.345265 ], [ -6.15509, 36.340501 ], [ -6.148979, 36.331655 ], [ -6.146523, 36.328148 ], [ -6.142735, 36.322812 ], [ -6.136413, 36.31397 ], [ -6.134728, 36.311649 ], [ -6.129934, 36.305133 ], [ -6.123399, 36.296296 ], [ -6.12296, 36.295715 ], [ -6.116663, 36.287465 ], [ -6.111221, 36.280363 ], [ -6.109881, 36.278634 ], [ -6.102916, 36.269807 ], [ -6.099506, 36.26552 ], [ -6.095849, 36.260983 ], [ -6.088685, 36.252161 ], [ -6.087813, 36.251106 ], [ -6.081319, 36.243343 ], [ -6.076145, 36.237189 ], [ -6.073876, 36.234527 ], [ -6.066282, 36.225714 ], [ -6.064495, 36.223668 ], [ -6.058515, 36.216905 ], [ -6.052866, 36.210557 ], [ -6.050649, 36.208098 ], [ -6.042627, 36.199295 ], [ -6.041255, 36.197811 ], [ -6.034413, 36.190495 ], [ -6.029663, 36.185453 ], [ -6.026081, 36.181699 ], [ -6.018086, 36.173387 ], [ -6.017616, 36.172905 ], [ -6.008928, 36.164115 ], [ -6.006528, 36.161711 ], [ -6.000086, 36.155329 ], [ -5.994983, 36.150307 ], [ -5.991113, 36.146546 ], [ -5.983451, 36.139159 ], [ -5.981989, 36.137766 ], [ -5.972689, 36.128989 ], [ -5.971933, 36.128283 ], [ -5.963189, 36.120216 ], [ -5.960429, 36.117694 ], [ -5.953522, 36.111447 ], [ -5.948937, 36.107334 ], [ -5.943691, 36.102681 ], [ -5.937457, 36.097204 ], [ -5.933677, 36.093918 ], [ -5.925987, 36.087285 ], [ -5.923493, 36.085159 ], [ -5.914529, 36.077599 ], [ -5.913098, 36.076404 ], [ -5.903081, 36.068116 ], [ -5.902515, 36.067653 ], [ -5.891728, 36.058905 ], [ -5.891644, 36.058837 ], [ -5.88072, 36.050162 ], [ -5.880216, 36.049766 ], [ -5.869502, 36.041423 ], [ -5.868799, 36.04088 ], [ -5.858068, 36.032687 ], [ -5.85739, 36.032175 ], [ -5.846411, 36.023956 ], [ -5.84599, 36.023644 ], [ -5.834599, 36.015283 ], [ -5.834525, 36.015229 ], [ -5.823216, 36.007099 ], [ -5.822386, 36.006507 ], [ -5.811842, 35.999076 ], [ -5.809999, 35.99779 ], [ -5.800475, 35.991209 ], [ -5.797361, 35.989076 ], [ -5.789116, 35.983492 ], [ -5.784467, 35.980368 ], [ -5.777764, 35.975912 ], [ -5.771318, 35.971664 ], [ -5.766419, 35.968469 ], [ -5.757902, 35.962964 ], [ -5.755081, 35.961163 ], [ -5.744207, 35.954269 ], [ -5.74375, 35.953983 ], [ -5.732426, 35.946979 ], [ -5.730148, 35.945581 ], [ -5.721109, 35.940106 ], [ -5.715774, 35.936899 ], [ -5.709798, 35.933349 ], [ -5.701092, 35.928221 ], [ -5.698493, 35.926711 ], [ -5.687194, 35.920201 ], [ -5.686049, 35.91955 ], [ -5.675903, 35.913856 ], [ -5.670571, 35.910886 ], [ -5.664617, 35.907614 ], [ -5.654759, 35.902228 ], [ -5.653335, 35.901461 ], [ -5.642061, 35.895475 ], [ -5.638452, 35.893578 ], [ -5.630793, 35.889609 ], [ -5.62173, 35.884935 ], [ -5.619529, 35.883817 ], [ -5.608271, 35.878171 ], [ -5.604482, 35.876302 ], [ -5.597019, 35.872659 ], [ -5.586764, 35.867675 ], [ -5.58577, 35.867199 ], [ -5.574529, 35.861924 ], [ -5.568388, 35.85906 ], [ -5.563292, 35.856721 ], [ -5.552059, 35.85161 ], [ -5.549483, 35.850454 ], [ -5.540831, 35.846632 ], [ -5.530002, 35.841856 ], [ -5.529607, 35.841685 ], [ -5.518389, 35.83692 ], [ -5.509787, 35.833271 ], [ -5.507173, 35.83218 ], [ -5.495963, 35.827581 ], [ -5.488884, 35.824696 ], [ -5.484757, 35.823042 ], [ -5.473555, 35.818616 ], [ -5.467214, 35.816134 ], [ -5.462356, 35.814263 ], [ -5.451162, 35.810017 ], [ -5.444693, 35.807584 ], [ -5.439972, 35.80584 ], [ -5.428786, 35.801772 ], [ -5.421237, 35.799049 ], [ -5.417602, 35.797762 ], [ -5.406424, 35.793879 ], [ -5.396755, 35.79053 ], [ -5.395247, 35.790015 ], [ -5.384077, 35.786321 ], [ -5.372907, 35.782627 ], [ -5.371055, 35.78203 ], [ -5.361743, 35.77907 ], [ -5.350581, 35.775588 ], [ -5.343996, 35.773551 ], [ -5.339423, 35.772166 ], [ -5.328268, 35.768859 ], [ -5.317115, 35.765559 ], [ -5.315498, 35.765093 ], [ -5.305967, 35.76241 ], [ -5.294822, 35.75932 ], [ -5.285051, 35.756666 ], [ -5.283679, 35.756302 ], [ -5.272543, 35.75347 ], [ -5.261409, 35.750682 ], [ -5.251658, 35.748285 ], [ -5.250277, 35.747954 ], [ -5.23915, 35.745397 ], [ -5.228026, 35.742888 ], [ -5.216904, 35.740423 ], [ -5.214727, 35.739961 ], [ -5.205786, 35.738105 ], [ -5.194671, 35.735861 ], [ -5.183558, 35.733659 ], [ -5.173446, 35.731704 ], [ -5.172446, 35.731515 ], [ -5.16134, 35.729511 ], [ -5.150235, 35.727572 ], [ -5.139133, 35.725712 ], [ -5.128034, 35.723936 ], [ -5.125502, 35.72355 ], [ -5.116939, 35.722275 ], [ -5.105845, 35.72067 ], [ -5.094753, 35.719107 ], [ -5.083662, 35.717587 ], [ -5.072573, 35.716106 ], [ -5.068182, 35.715539 ], [ -5.061486, 35.714694 ], [ -5.050401, 35.713348 ], [ -5.039308, 35.711694 ], [ -5.028208, 35.709739 ], [ -5.017107, 35.707718 ], [ -5.0152, 35.707427 ], [ -5.00602, 35.70622 ], [ -4.994953, 35.705521 ], [ -4.98392, 35.706178 ], [ -4.972828, 35.704435 ], [ -4.961659, 35.699586 ], [ -4.961339, 35.699307 ], [ -4.950445, 35.692764 ], [ -4.945689, 35.69055 ], [ -4.939165, 35.683197 ], [ -4.935745, 35.681699 ], [ -4.939055, 35.678633 ], [ -4.949981, 35.673738 ], [ -4.950502, 35.67245 ], [ -4.949812, 35.666761 ], [ -4.949435, 35.663457 ], [ -4.947783, 35.654472 ], [ -4.945825, 35.645493 ], [ -4.943675, 35.636517 ], [ -4.941403, 35.627543 ], [ -4.939047, 35.61857 ], [ -4.937464, 35.612788 ], [ -4.936258, 35.609603 ], [ -4.932412, 35.600654 ], [ -4.928076, 35.591713 ], [ -4.925822, 35.587536 ], [ -4.919098, 35.582845 ], [ -4.914622, 35.580567 ], [ -4.903622, 35.581904 ], [ -4.899526, 35.583155 ], [ -4.892657, 35.584768 ], [ -4.881666, 35.586579 ], [ -4.870639, 35.586838 ], [ -4.85958, 35.585754 ], [ -4.850373, 35.58392 ], [ -4.848498, 35.583639 ] ] } },
{ "type": "Feature", "properties": { "fid": 51, "ID": 50, "Intensidad": 9.5 }, "geometry": { "type": "LineString", "coordinates": [ [ -4.5779, 35.488668 ], [ -4.581809, 35.487279 ], [ -4.591595, 35.488488 ], [ -4.592854, 35.48854 ], [ -4.603901, 35.489863 ], [ -4.614994, 35.493482 ], [ -4.621302, 35.497104 ], [ -4.62613, 35.499203 ], [ -4.634547, 35.505937 ], [ -4.637313, 35.507123 ], [ -4.645875, 35.514794 ], [ -4.648515, 35.515886 ], [ -4.658504, 35.523633 ], [ -4.65971, 35.524205 ], [ -4.670871, 35.530767 ], [ -4.672295, 35.532454 ], [ -4.682036, 35.537437 ], [ -4.686447, 35.541268 ], [ -4.69324, 35.545869 ], [ -4.699467, 35.550097 ], [ -4.70451, 35.55727 ], [ -4.713876, 35.558904 ], [ -4.704592, 35.561136 ], [ -4.693535, 35.559885 ], [ -4.682554, 35.562214 ], [ -4.676639, 35.56844 ], [ -4.682368, 35.577371 ], [ -4.682888, 35.578186 ], [ -4.68719, 35.586315 ], [ -4.683135, 35.589986 ], [ -4.672039, 35.58702 ], [ -4.669872, 35.586557 ], [ -4.660946, 35.584136 ], [ -4.649843, 35.580736 ], [ -4.642926, 35.577915 ], [ -4.638709, 35.575807 ], [ -4.628711, 35.569097 ], [ -4.627522, 35.568147 ], [ -4.619403, 35.560211 ], [ -4.616262, 35.556745 ], [ -4.612003, 35.551298 ], [ -4.605377, 35.542375 ], [ -4.604932, 35.541658 ], [ -4.60002, 35.533435 ], [ -4.594969, 35.52449 ], [ -4.593494, 35.520926 ], [ -4.591079, 35.51553 ], [ -4.588928, 35.506546 ], [ -4.58224, 35.497623 ], [ -4.581965, 35.495261 ], [ -4.5779, 35.488668 ] ] } },
{ "type": "Feature", "properties": { "fid": 52, "ID": 51, "Intensidad": 9.5 }, "geometry": { "type": "LineString", "coordinates": [ [ -4.713241, 35.47781 ], [ -4.713835, 35.477138 ], [ -4.714485, 35.477792 ], [ -4.713856, 35.478117 ], [ -4.713241, 35.47781 ] ] } },
{ "type": "Feature", "properties": { "fid": 53, "ID": 52, "Intensidad": 9.5 }, "geometry": { "type": "LineString", "coordinates": [ [ -4.632379, 35.46992 ], [ -4.636477, 35.465939 ], [ -4.647532, 35.46779 ], [ -4.65347, 35.469632 ], [ -4.658597, 35.470107 ], [ -4.669684, 35.473426 ], [ -4.675792, 35.478336 ], [ -4.680832, 35.479684 ], [ -4.691985, 35.486078 ], [ -4.692951, 35.487108 ], [ -4.703111, 35.491116 ], [ -4.710051, 35.495878 ], [ -4.714333, 35.50059 ], [ -4.725402, 35.50278 ], [ -4.727458, 35.504642 ], [ -4.725547, 35.509583 ], [ -4.714566, 35.511567 ], [ -4.703589, 35.513746 ], [ -4.696599, 35.514091 ], [ -4.695742, 35.523115 ], [ -4.692803, 35.525035 ], [ -4.688462, 35.523217 ], [ -4.68164, 35.518458 ], [ -4.674179, 35.514405 ], [ -4.670455, 35.510699 ], [ -4.664095, 35.505533 ], [ -4.659159, 35.497441 ], [ -4.658554, 35.496598 ], [ -4.65098, 35.48769 ], [ -4.647881, 35.484903 ], [ -4.641831, 35.478803 ], [ -4.636629, 35.473414 ], [ -4.632379, 35.46992 ] ] } },
{ "type": "Feature", "properties": { "fid": 54, "ID": 53, "Intensidad": 8.5 }, "geometry": { "type": "LineString", "coordinates": [ [ -4.87659, 35.368537 ], [ -4.873452, 35.376304 ], [ -4.868628, 35.38539 ], [ -4.866097, 35.390716 ], [ -4.862426, 35.394497 ], [ -4.855307, 35.400123 ], [ -4.852448, 35.403662 ], [ -4.844532, 35.410374 ], [ -4.843044, 35.412817 ], [ -4.841079, 35.421859 ], [ -4.835112, 35.430961 ], [ -4.834131, 35.437175 ], [ -4.833983, 35.43999 ], [ -4.832929, 35.449017 ], [ -4.829522, 35.45808 ], [ -4.82379, 35.466964 ], [ -4.823737, 35.467179 ], [ -4.821813, 35.47622 ], [ -4.823178, 35.48521 ], [ -4.822186, 35.494237 ], [ -4.819759, 35.503285 ], [ -4.813786, 35.512058 ], [ -4.813737, 35.512387 ], [ -4.813867, 35.521396 ], [ -4.813786, 35.530409 ], [ -4.813809, 35.53942 ], [ -4.81228, 35.548454 ], [ -4.810245, 35.557496 ], [ -4.807411, 35.566549 ], [ -4.805321, 35.575592 ], [ -4.804337, 35.582318 ], [ -4.804132, 35.584621 ], [ -4.803544, 35.593641 ], [ -4.802929, 35.602662 ], [ -4.801944, 35.611688 ], [ -4.800582, 35.620719 ], [ -4.799758, 35.629743 ], [ -4.799398, 35.638759 ], [ -4.798993, 35.647776 ], [ -4.798049, 35.656802 ], [ -4.797095, 35.665827 ], [ -4.796863, 35.674842 ], [ -4.79676, 35.683854 ], [ -4.796353, 35.692872 ], [ -4.795864, 35.696787 ], [ -4.795124, 35.701901 ], [ -4.794249, 35.710925 ], [ -4.794179, 35.719937 ], [ -4.794233, 35.728948 ], [ -4.793955, 35.737963 ], [ -4.793052, 35.746987 ], [ -4.791684, 35.756019 ], [ -4.791208, 35.765037 ], [ -4.791237, 35.774048 ], [ -4.791333, 35.783057 ], [ -4.791231, 35.79207 ], [ -4.790668, 35.801089 ], [ -4.789371, 35.810119 ], [ -4.788222, 35.819147 ], [ -4.787657, 35.823848 ], [ -4.786439, 35.828185 ], [ -4.783203, 35.837244 ], [ -4.782839, 35.84626 ], [ -4.779804, 35.855316 ], [ -4.778873, 35.864341 ], [ -4.77769, 35.873115 ], [ -4.777557, 35.873371 ], [ -4.770868, 35.882481 ], [ -4.769004, 35.891519 ], [ -4.768458, 35.900538 ], [ -4.767288, 35.903296 ], [ -4.761207, 35.909656 ], [ -4.757458, 35.918722 ], [ -4.756622, 35.92193 ], [ -4.752943, 35.927798 ], [ -4.748327, 35.936877 ], [ -4.745948, 35.940361 ], [ -4.739141, 35.946021 ], [ -4.735155, 35.95364 ], [ -4.734121, 35.955105 ], [ -4.726797, 35.964221 ], [ -4.724352, 35.966545 ], [ -4.71529, 35.973397 ], [ -4.713442, 35.974744 ], [ -4.70252, 35.982427 ], [ -4.7021, 35.982596 ], [ -4.691549, 35.987906 ], [ -4.683217, 35.991873 ], [ -4.680581, 35.993647 ], [ -4.669618, 35.999653 ], [ -4.664635, 36.001143 ], [ -4.658596, 36.002949 ], [ -4.647539, 36.004649 ], [ -4.636494, 36.006888 ], [ -4.625434, 36.008452 ], [ -4.614358, 36.009267 ], [ -4.60329, 36.010467 ], [ -4.599428, 36.011042 ], [ -4.592228, 36.011975 ], [ -4.581163, 36.013389 ], [ -4.570102, 36.01498 ], [ -4.559046, 36.0169 ], [ -4.547992, 36.018894 ], [ -4.538474, 36.02085 ], [ -4.536941, 36.021122 ], [ -4.525882, 36.022961 ], [ -4.514828, 36.025048 ], [ -4.503778, 36.027438 ], [ -4.492736, 36.030213 ], [ -4.491675, 36.030453 ], [ -4.481681, 36.032399 ], [ -4.470631, 36.034854 ], [ -4.459587, 36.037684 ], [ -4.4513, 36.039959 ], [ -4.448544, 36.040623 ], [ -4.437495, 36.043303 ], [ -4.42645, 36.046181 ], [ -4.416004, 36.049393 ], [ -4.415412, 36.049554 ], [ -4.404363, 36.052312 ], [ -4.393321, 36.055523 ], [ -4.383467, 36.058784 ], [ -4.382285, 36.059133 ], [ -4.371237, 36.062159 ], [ -4.360198, 36.065711 ], [ -4.353095, 36.068142 ], [ -4.34916, 36.069404 ], [ -4.338116, 36.072749 ], [ -4.327081, 36.076763 ], [ -4.325032, 36.077466 ], [ -4.316037, 36.080252 ], [ -4.304999, 36.08414 ], [ -4.29803, 36.086773 ], [ -4.293961, 36.088169 ], [ -4.282919, 36.091976 ], [ -4.272669, 36.096057 ], [ -4.271885, 36.096344 ], [ -4.260841, 36.100184 ], [ -4.249809, 36.104813 ], [ -4.248518, 36.105322 ], [ -4.238767, 36.108909 ], [ -4.227734, 36.113694 ], [ -4.225658, 36.114569 ], [ -4.216694, 36.118064 ], [ -4.205663, 36.123124 ], [ -4.204067, 36.123799 ], [ -4.194623, 36.127674 ], [ -4.183628, 36.133015 ], [ -4.183593, 36.13303 ], [ -4.172554, 36.137771 ], [ -4.16366, 36.142221 ], [ -4.161523, 36.143223 ], [ -4.150487, 36.148421 ], [ -4.144629, 36.151416 ], [ -4.139453, 36.153902 ], [ -4.128424, 36.159744 ], [ -4.126784, 36.160597 ], [ -4.117386, 36.165181 ], [ -4.109116, 36.169773 ], [ -4.106356, 36.171225 ], [ -4.095325, 36.177276 ], [ -4.092366, 36.178938 ], [ -4.084289, 36.183195 ], [ -4.076009, 36.188098 ], [ -4.07326, 36.189649 ], [ -4.06223, 36.196222 ], [ -4.060504, 36.197248 ], [ -4.051194, 36.202495 ], [ -4.044947, 36.206396 ], [ -4.040163, 36.209221 ], [ -4.030395, 36.215533 ], [ -4.029134, 36.21632 ], [ -4.018103, 36.223316 ], [ -4.01602, 36.224667 ], [ -4.007068, 36.230229 ], [ -4.001757, 36.233799 ], [ -3.996036, 36.237508 ], [ -3.988196, 36.242923 ], [ -3.985005, 36.245071 ], [ -3.97521, 36.252041 ], [ -3.973976, 36.252897 ], [ -3.962946, 36.260866 ], [ -3.962541, 36.261155 ], [ -3.951911, 36.268613 ], [ -3.949654, 36.270269 ], [ -3.940877, 36.276628 ], [ -3.937222, 36.279379 ], [ -3.929844, 36.284849 ], [ -3.925386, 36.288482 ], [ -3.918813, 36.293483 ], [ -3.913205, 36.297587 ], [ -3.907775, 36.30177 ], [ -3.901513, 36.306687 ], [ -3.89674, 36.310425 ], [ -3.890022, 36.315784 ], [ -3.885705, 36.319387 ], [ -3.878965, 36.324878 ], [ -3.874667, 36.328262 ], [ -3.867779, 36.333971 ], [ -3.86363, 36.337442 ], [ -3.856952, 36.34306 ], [ -3.852592, 36.346763 ], [ -3.846285, 36.352147 ], [ -3.841552, 36.356187 ], [ -3.835641, 36.361233 ], [ -3.83051, 36.365646 ], [ -3.825113, 36.370318 ], [ -3.819467, 36.375242 ], [ -3.814729, 36.3794 ], [ -3.808423, 36.384981 ], [ -3.804493, 36.388481 ], [ -3.797377, 36.394868 ], [ -3.794397, 36.39756 ], [ -3.78633, 36.4049 ], [ -3.784433, 36.406637 ], [ -3.775282, 36.415079 ], [ -3.774599, 36.415712 ], [ -3.76489, 36.424786 ], [ -3.764232, 36.425406 ], [ -3.7553, 36.433858 ], [ -3.753181, 36.435882 ], [ -3.745835, 36.442929 ], [ -3.742128, 36.446514 ], [ -3.73649, 36.451998 ], [ -3.731074, 36.457284 ], [ -3.727172, 36.461067 ], [ -3.720017, 36.468172 ], [ -3.718003, 36.470133 ], [ -3.709091, 36.479198 ], [ -3.70896, 36.479327 ], [ -3.699919, 36.488263 ], [ -3.697899, 36.490315 ], [ -3.690915, 36.497327 ], [ -3.686837, 36.501648 ], [ -3.682218, 36.506388 ], [ -3.675776, 36.513405 ], [ -3.673833, 36.515447 ], [ -3.66544, 36.524505 ], [ -3.664712, 36.525264 ], [ -3.65669, 36.533564 ], [ -3.653644, 36.536961 ], [ -3.648372, 36.542621 ], [ -3.642578, 36.549345 ], [ -3.640463, 36.551675 ], [ -3.632428, 36.560729 ], [ -3.631509, 36.561777 ], [ -3.623887, 36.569785 ], [ -3.620429, 36.573372 ], [ -3.61517, 36.578841 ], [ -3.609349, 36.585246 ], [ -3.606808, 36.587895 ], [ -3.598524, 36.596948 ], [ -3.598266, 36.597233 ], [ -3.589526, 36.606004 ], [ -3.587172, 36.608259 ], [ -3.580309, 36.61506 ], [ -3.576076, 36.619432 ], [ -3.57131, 36.624115 ], [ -3.564977, 36.630563 ], [ -3.562311, 36.633169 ], [ -3.553874, 36.641538 ], [ -3.553165, 36.642222 ], [ -3.54367, 36.651277 ], [ -3.542764, 36.652129 ], [ -3.533851, 36.660332 ], [ -3.531649, 36.662266 ], [ -3.523437, 36.66939 ], [ -3.520528, 36.672029 ], [ -3.513163, 36.678445 ], [ -3.509404, 36.681737 ], [ -3.50265, 36.687501 ], [ -3.498275, 36.691185 ], [ -3.491763, 36.696558 ], [ -3.487142, 36.700288 ], [ -3.480409, 36.705615 ], [ -3.476004, 36.709029 ], [ -3.468608, 36.714673 ], [ -3.464861, 36.71737 ], [ -3.456081, 36.723732 ], [ -3.453713, 36.725395 ], [ -3.442746, 36.732794 ], [ -3.44256, 36.732917 ], [ -3.431398, 36.739094 ], [ -3.425915, 36.741866 ], [ -3.420231, 36.744683 ], [ -3.410237, 36.750932 ], [ -3.40907, 36.751754 ], [ -3.398707, 36.759982 ], [ -3.397916, 36.760711 ], [ -3.389498, 36.769023 ], [ -3.386773, 36.772149 ], [ -3.38186, 36.778059 ], [ -3.375642, 36.786935 ], [ -3.375536, 36.78709 ], [ -3.3699, 36.796118 ], [ -3.365527, 36.805143 ], [ -3.364535, 36.807493 ], [ -3.361595, 36.814166 ], [ -3.358043, 36.823187 ], [ -3.355441, 36.832206 ], [ -3.353479, 36.840678 ], [ -3.353333, 36.841223 ], [ -3.351045, 36.85024 ], [ -3.349316, 36.859256 ], [ -3.348097, 36.86827 ], [ -3.346879, 36.877285 ], [ -3.346177, 36.886297 ], [ -3.345718, 36.895309 ], [ -3.345276, 36.904321 ], [ -3.344956, 36.913333 ], [ -3.344933, 36.922344 ], [ -3.345856, 36.931352 ], [ -3.346711, 36.94036 ], [ -3.347414, 36.949368 ], [ -3.34952, 36.958373 ], [ -3.352356, 36.967375 ], [ -3.3541, 36.975138 ], [ -3.354463, 36.976379 ], [ -3.358938, 36.985376 ], [ -3.362284, 36.994377 ], [ -3.365462, 37.002079 ], [ -3.366264, 37.003375 ], [ -3.374518, 37.01236 ], [ -3.376767, 37.016167 ], [ -3.380202, 37.021352 ], [ -3.388067, 37.028297 ], [ -3.390093, 37.030331 ], [ -3.399354, 37.037086 ], [ -3.402573, 37.039299 ], [ -3.410627, 37.043083 ], [ -3.421349, 37.048245 ], [ -3.421899, 37.048465 ], [ -3.433153, 37.05032 ], [ -3.44442, 37.054351 ], [ -3.453703, 37.057136 ], [ -3.455683, 37.057538 ], [ -3.466929, 37.057855 ], [ -3.47818, 37.058799 ], [ -3.489441, 37.061383 ], [ -3.500705, 37.064305 ], [ -3.504743, 37.06594 ], [ -3.511979, 37.068541 ], [ -3.523256, 37.072965 ], [ -3.52706, 37.074853 ], [ -3.534544, 37.078932 ], [ -3.542493, 37.083794 ], [ -3.545844, 37.086219 ], [ -3.553812, 37.092752 ], [ -3.557164, 37.095929 ], [ -3.562999, 37.101719 ], [ -3.56851, 37.108823 ], [ -3.569942, 37.110696 ], [ -3.575883, 37.119678 ], [ -3.579913, 37.128644 ], [ -3.579924, 37.128668 ], [ -3.583423, 37.137661 ], [ -3.58609, 37.146658 ], [ -3.588036, 37.155659 ], [ -3.589368, 37.164662 ], [ -3.590153, 37.173669 ], [ -3.590628, 37.182677 ], [ -3.591024, 37.191685 ], [ -3.591104, 37.200694 ], [ -3.590883, 37.209706 ], [ -3.590387, 37.218718 ], [ -3.587891, 37.227741 ], [ -3.585978, 37.23676 ], [ -3.582187, 37.245789 ], [ -3.580832, 37.248736 ], [ -3.577301, 37.254823 ], [ -3.570406, 37.263867 ], [ -3.569677, 37.26439 ], [ -3.558447, 37.270482 ], [ -3.54971, 37.272975 ], [ -3.547192, 37.273392 ], [ -3.535922, 37.274256 ], [ -3.524656, 37.275817 ], [ -3.513397, 37.278441 ], [ -3.502141, 37.281574 ], [ -3.49985, 37.282206 ], [ -3.490884, 37.284691 ], [ -3.479625, 37.287794 ], [ -3.468367, 37.291122 ], [ -3.467729, 37.291347 ], [ -3.457116, 37.295712 ], [ -3.445857, 37.299258 ], [ -3.442161, 37.300455 ], [ -3.434603, 37.303773 ], [ -3.423345, 37.3079 ], [ -3.417914, 37.309553 ], [ -3.412086, 37.312161 ], [ -3.400825, 37.316154 ], [ -3.394527, 37.318644 ], [ -3.389571, 37.321783 ], [ -3.378312, 37.326711 ], [ -3.376004, 37.327714 ], [ -3.367058, 37.332917 ], [ -3.357156, 37.336782 ], [ -3.355794, 37.337538 ], [ -3.34454, 37.344486 ], [ -3.342043, 37.345837 ], [ -3.333285, 37.351713 ], [ -3.327611, 37.354888 ], [ -3.322027, 37.358731 ], [ -3.312588, 37.363939 ], [ -3.310764, 37.365215 ], [ -3.299504, 37.372747 ], [ -3.299136, 37.372983 ], [ -3.288245, 37.381374 ], [ -3.287334, 37.382023 ], [ -3.276986, 37.390386 ], [ -3.276203, 37.391059 ], [ -3.265725, 37.399686 ], [ -3.265173, 37.400094 ], [ -3.254461, 37.409069 ], [ -3.254393, 37.409128 ], [ -3.246423, 37.418155 ], [ -3.243206, 37.421996 ], [ -3.239516, 37.427179 ], [ -3.231949, 37.435625 ], [ -3.231461, 37.436205 ], [ -3.227415, 37.445222 ], [ -3.222381, 37.454242 ], [ -3.220714, 37.457944 ], [ -3.218948, 37.463258 ], [ -3.21503, 37.472275 ], [ -3.213186, 37.481288 ], [ -3.211475, 37.490301 ], [ -3.209634, 37.499314 ], [ -3.209529, 37.50057 ], [ -3.208882, 37.508325 ], [ -3.208427, 37.517336 ], [ -3.208344, 37.526346 ], [ -3.208871, 37.535355 ], [ -3.209651, 37.544132 ], [ -3.20967, 37.544363 ], [ -3.210498, 37.553371 ], [ -3.211743, 37.562379 ], [ -3.213408, 37.571385 ], [ -3.214514, 37.580393 ], [ -3.216907, 37.589398 ], [ -3.219879, 37.598402 ], [ -3.22114, 37.602513 ], [ -3.222314, 37.607408 ], [ -3.224521, 37.616413 ], [ -3.227186, 37.625417 ], [ -3.230708, 37.63442 ], [ -3.232584, 37.640167 ], [ -3.233578, 37.643424 ], [ -3.23627, 37.652428 ], [ -3.239487, 37.661431 ], [ -3.243448, 37.670433 ], [ -3.244019, 37.671926 ], [ -3.246532, 37.679436 ], [ -3.249924, 37.688438 ], [ -3.25391, 37.697439 ], [ -3.255456, 37.701018 ], [ -3.257562, 37.706441 ], [ -3.261229, 37.715442 ], [ -3.26542, 37.724442 ], [ -3.266892, 37.72761 ], [ -3.269388, 37.733443 ], [ -3.273357, 37.742443 ], [ -3.277836, 37.751442 ], [ -3.27833, 37.752488 ], [ -3.28181, 37.760442 ], [ -3.286253, 37.769441 ], [ -3.289772, 37.776338 ], [ -3.290793, 37.778439 ], [ -3.295112, 37.787437 ], [ -3.299827, 37.796435 ], [ -3.301217, 37.799108 ], [ -3.30442, 37.805432 ], [ -3.309143, 37.814429 ], [ -3.312665, 37.82095 ], [ -3.313968, 37.823426 ], [ -3.318718, 37.832422 ], [ -3.323745, 37.841418 ], [ -3.324117, 37.842101 ], [ -3.328654, 37.850414 ], [ -3.333689, 37.859409 ], [ -3.335573, 37.862765 ], [ -3.338719, 37.868404 ], [ -3.343865, 37.877398 ], [ -3.347033, 37.882791 ], [ -3.349201, 37.886391 ], [ -3.354617, 37.895384 ], [ -3.358494, 37.901797 ], [ -3.360079, 37.904377 ], [ -3.365709, 37.913369 ], [ -3.369957, 37.920115 ], [ -3.371437, 37.92236 ], [ -3.377309, 37.93135 ], [ -3.381422, 37.937626 ], [ -3.383247, 37.94034 ], [ -3.389399, 37.949329 ], [ -3.392889, 37.954412 ], [ -3.39571, 37.958317 ], [ -3.40212, 37.967304 ], [ -3.404356, 37.970411 ], [ -3.408764, 37.97629 ], [ -3.415317, 37.985276 ], [ -3.415826, 37.985941 ], [ -3.42252, 37.99426 ], [ -3.427296, 38.000595 ], [ -3.429422, 38.003244 ], [ -3.436713, 38.012226 ], [ -3.438767, 38.014718 ], [ -3.44433, 38.021206 ], [ -3.450239, 38.028221 ], [ -3.451995, 38.030186 ], [ -3.45997, 38.039164 ], [ -3.461711, 38.041083 ], [ -3.468359, 38.04814 ], [ -3.473183, 38.053464 ], [ -3.476701, 38.057115 ], [ -3.484657, 38.065341 ], [ -3.485404, 38.066088 ], [ -3.49458, 38.075059 ], [ -3.49613, 38.076597 ], [ -3.504076, 38.084027 ], [ -3.507602, 38.087297 ], [ -3.513934, 38.092994 ], [ -3.519075, 38.097523 ], [ -3.524246, 38.101957 ], [ -3.530547, 38.10726 ], [ -3.535044, 38.110917 ], [ -3.542019, 38.116452 ], [ -3.546427, 38.119873 ], [ -3.55349, 38.125266 ], [ -3.558192, 38.128827 ], [ -3.564964, 38.134049 ], [ -3.570004, 38.137779 ], [ -3.576438, 38.142479 ], [ -3.582342, 38.146727 ], [ -3.587913, 38.15071 ], [ -3.595014, 38.155672 ], [ -3.599389, 38.158712 ], [ -3.608047, 38.164614 ], [ -3.610865, 38.166504 ], [ -3.621443, 38.173553 ], [ -3.622343, 38.174178 ], [ -3.633821, 38.181646 ], [ -3.635142, 38.182488 ], [ -3.645301, 38.188967 ], [ -3.64926, 38.191419 ], [ -3.656781, 38.196115 ], [ -3.663832, 38.200346 ], [ -3.668261, 38.203016 ], [ -3.678988, 38.209268 ], [ -3.679742, 38.209731 ], [ -3.691226, 38.216504 ], [ -3.694217, 38.218188 ], [ -3.702709, 38.223071 ], [ -3.710149, 38.227101 ], [ -3.714193, 38.229411 ], [ -3.725675, 38.235474 ], [ -3.726684, 38.236008 ], [ -3.737162, 38.241778 ], [ -3.743374, 38.244912 ], [ -3.748647, 38.247689 ], [ -3.760131, 38.25332 ], [ -3.761111, 38.253807 ], [ -3.77162, 38.259286 ], [ -3.77891, 38.262699 ], [ -3.783105, 38.264707 ], [ -3.794594, 38.270257 ], [ -3.797476, 38.271582 ], [ -3.806084, 38.275824 ], [ -3.817087, 38.280456 ], [ -3.817568, 38.280673 ], [ -3.829061, 38.286227 ], [ -3.836713, 38.289326 ], [ -3.840548, 38.291026 ], [ -3.852038, 38.295994 ], [ -3.857626, 38.298183 ], [ -3.863527, 38.300735 ], [ -3.875016, 38.305334 ], [ -3.87955, 38.307029 ], [ -3.886506, 38.309927 ], [ -3.897994, 38.314249 ], [ -3.902497, 38.315863 ], [ -3.909485, 38.318658 ], [ -3.920974, 38.322832 ], [ -3.92649, 38.324684 ], [ -3.932463, 38.326948 ], [ -3.943954, 38.331064 ], [ -3.951671, 38.333491 ], [ -3.955442, 38.334823 ], [ -3.966936, 38.338966 ], [ -3.978419, 38.34227 ], [ -3.978446, 38.342279 ], [ -3.989917, 38.346486 ], [ -4.001404, 38.349891 ], [ -4.005357, 38.35106 ], [ -4.012897, 38.353614 ], [ -4.024389, 38.357183 ], [ -4.034559, 38.359814 ], [ -4.035874, 38.360209 ], [ -4.04737, 38.363892 ], [ -4.058861, 38.367135 ], [ -4.064312, 38.368555 ], [ -4.070352, 38.370379 ], [ -4.081847, 38.373768 ], [ -4.093334, 38.376557 ], [ -4.096095, 38.377271 ], [ -4.104829, 38.379881 ], [ -4.116323, 38.382979 ], [ -4.127809, 38.385564 ], [ -4.129423, 38.385962 ], [ -4.139306, 38.388798 ], [ -4.150797, 38.39154 ], [ -4.162287, 38.394178 ], [ -4.164194, 38.39463 ], [ -4.173784, 38.397259 ], [ -4.185279, 38.400089 ], [ -4.196767, 38.402442 ], [ -4.200825, 38.403269 ], [ -4.208258, 38.404979 ], [ -4.21975, 38.407514 ], [ -4.231237, 38.409687 ], [ -4.242719, 38.411554 ], [ -4.24427, 38.411823 ], [ -4.254209, 38.413822 ], [ -4.265696, 38.415874 ], [ -4.277182, 38.417836 ], [ -4.288662, 38.419455 ], [ -4.294859, 38.420283 ], [ -4.300144, 38.421119 ], [ -4.31163, 38.42304 ], [ -4.323114, 38.424726 ], [ -4.334593, 38.426198 ], [ -4.346071, 38.427532 ], [ -4.35634, 38.428595 ], [ -4.357546, 38.428745 ], [ -4.36903, 38.430341 ], [ -4.380511, 38.431788 ], [ -4.391989, 38.433081 ], [ -4.403463, 38.434125 ], [ -4.414941, 38.435318 ], [ -4.426413, 38.436254 ], [ -4.432092, 38.436702 ], [ -4.437887, 38.437262 ], [ -4.449366, 38.438468 ], [ -4.460842, 38.439556 ], [ -4.472317, 38.44054 ], [ -4.483791, 38.441465 ], [ -4.495263, 38.442271 ], [ -4.506733, 38.442993 ], [ -4.518202, 38.443641 ], [ -4.529669, 38.444222 ], [ -4.533551, 38.444425 ], [ -4.54114, 38.444927 ], [ -4.552613, 38.445756 ], [ -4.564083, 38.446418 ], [ -4.575556, 38.447189 ], [ -4.587025, 38.447798 ], [ -4.598493, 38.448345 ], [ -4.60996, 38.448838 ], [ -4.621426, 38.449281 ], [ -4.632891, 38.44968 ], [ -4.644355, 38.450038 ], [ -4.655819, 38.45036 ], [ -4.667282, 38.450668 ], [ -4.678744, 38.450926 ], [ -4.690206, 38.451149 ], [ -4.694196, 38.451219 ], [ -4.701668, 38.451409 ], [ -4.713133, 38.451767 ], [ -4.724597, 38.452087 ], [ -4.73606, 38.452372 ], [ -4.747522, 38.452603 ], [ -4.758985, 38.452843 ], [ -4.770446, 38.453035 ], [ -4.781906, 38.453198 ], [ -4.793366, 38.453333 ], [ -4.804825, 38.453434 ], [ -4.816283, 38.453502 ], [ -4.827741, 38.453534 ], [ -4.839197, 38.453527 ], [ -4.850652, 38.453483 ], [ -4.862107, 38.453413 ], [ -4.873561, 38.453316 ], [ -4.885014, 38.45319 ], [ -4.896466, 38.453033 ], [ -4.907918, 38.452843 ], [ -4.919368, 38.452616 ], [ -4.930817, 38.452352 ], [ -4.942255, 38.451682 ], [ -4.953712, 38.451721 ], [ -4.965158, 38.451353 ], [ -4.976603, 38.450949 ], [ -4.988047, 38.450504 ], [ -4.999489, 38.450017 ], [ -5.01093, 38.449483 ], [ -5.022369, 38.448899 ], [ -5.033803, 38.448112 ], [ -5.045242, 38.447559 ], [ -5.056676, 38.4468 ], [ -5.068108, 38.445978 ], [ -5.079539, 38.445144 ], [ -5.082055, 38.444967 ], [ -5.090973, 38.444428 ], [ -5.102406, 38.443679 ], [ -5.113837, 38.442866 ], [ -5.125265, 38.441996 ], [ -5.136692, 38.44107 ], [ -5.148117, 38.440065 ], [ -5.159538, 38.438973 ], [ -5.170956, 38.437782 ], [ -5.18237, 38.436483 ], [ -5.19378, 38.435067 ], [ -5.203996, 38.433729 ], [ -5.205189, 38.433595 ], [ -5.216606, 38.432443 ], [ -5.22802, 38.431177 ], [ -5.239429, 38.42978 ], [ -5.250833, 38.428236 ], [ -5.262232, 38.426528 ], [ -5.273618, 38.424453 ], [ -5.281724, 38.423234 ], [ -5.285016, 38.422783 ], [ -5.296418, 38.421231 ], [ -5.307813, 38.419484 ], [ -5.3192, 38.417509 ], [ -5.330578, 38.415265 ], [ -5.34075, 38.413062 ], [ -5.341949, 38.412836 ], [ -5.353337, 38.410954 ], [ -5.364716, 38.408805 ], [ -5.376083, 38.406317 ], [ -5.387437, 38.403437 ], [ -5.388996, 38.403082 ], [ -5.39881, 38.401184 ], [ -5.410167, 38.398464 ], [ -5.421522, 38.39573 ], [ -5.430102, 38.39323 ], [ -5.432862, 38.392548 ], [ -5.444216, 38.38984 ], [ -5.455553, 38.386622 ], [ -5.465396, 38.383486 ], [ -5.466877, 38.383072 ], [ -5.478232, 38.380469 ], [ -5.489569, 38.377339 ], [ -5.500538, 38.373734 ], [ -5.500885, 38.373639 ], [ -5.512236, 38.370986 ], [ -5.523568, 38.367811 ], [ -5.534725, 38.363993 ], [ -5.534875, 38.36395 ], [ -5.54622, 38.361207 ], [ -5.557545, 38.357923 ], [ -5.56818, 38.354259 ], [ -5.568848, 38.354063 ], [ -5.580175, 38.35088 ], [ -5.591501, 38.34771 ], [ -5.600607, 38.344537 ], [ -5.602802, 38.343889 ], [ -5.614129, 38.340798 ], [ -5.625428, 38.336982 ], [ -5.631586, 38.334839 ], [ -5.636732, 38.333312 ], [ -5.648042, 38.329865 ], [ -5.659319, 38.325511 ], [ -5.660281, 38.325185 ], [ -5.670631, 38.322165 ], [ -5.681915, 38.318107 ], [ -5.688563, 38.315533 ], [ -5.693196, 38.313993 ], [ -5.704471, 38.309733 ], [ -5.714126, 38.305938 ], [ -5.715739, 38.305338 ], [ -5.727021, 38.301351 ], [ -5.73769, 38.296384 ], [ -5.738256, 38.29615 ], [ -5.749525, 38.291864 ], [ -5.759385, 38.286869 ], [ -5.760741, 38.286243 ], [ -5.771971, 38.281033 ], [ -5.778587, 38.277409 ], [ -5.783173, 38.275137 ], [ -5.794358, 38.268837 ], [ -5.79572, 38.267996 ], [ -5.805555, 38.262888 ], [ -5.813417, 38.258567 ], [ -5.816743, 38.256764 ], [ -5.827912, 38.250209 ], [ -5.829706, 38.249169 ], [ -5.8391, 38.244185 ], [ -5.846311, 38.239761 ], [ -5.850261, 38.237525 ], [ -5.861403, 38.230404 ], [ -5.861435, 38.230387 ], [ -5.872581, 38.224272 ], [ -5.877852, 38.220979 ], [ -5.883735, 38.217587 ], [ -5.892974, 38.211601 ], [ -5.894869, 38.210454 ], [ -5.90601, 38.203533 ], [ -5.908098, 38.202221 ], [ -5.917163, 38.196958 ], [ -5.923519, 38.192832 ], [ -5.928295, 38.189934 ], [ -5.937982, 38.183464 ], [ -5.939412, 38.182568 ], [ -5.950539, 38.175535 ], [ -5.952773, 38.174087 ], [ -5.961674, 38.168722 ], [ -5.967726, 38.164704 ], [ -5.972792, 38.161548 ], [ -5.981926, 38.155338 ], [ -5.983896, 38.15408 ], [ -5.995, 38.146675 ], [ -5.996082, 38.145972 ], [ -6.006125, 38.139852 ], [ -6.011002, 38.136584 ], [ -6.017233, 38.132635 ], [ -6.025008, 38.127218 ], [ -6.028321, 38.125019 ], [ -6.038353, 38.117867 ], [ -6.039397, 38.117149 ], [ -6.050474, 38.109345 ], [ -6.051642, 38.108517 ], [ -6.061558, 38.101796 ], [ -6.065188, 38.099158 ], [ -6.072627, 38.09392 ], [ -6.078156, 38.089813 ], [ -6.083684, 38.085817 ], [ -6.090705, 38.080478 ], [ -6.094729, 38.0775 ], [ -6.102938, 38.071149 ], [ -6.105764, 38.069005 ], [ -6.11491, 38.061827 ], [ -6.116791, 38.060368 ], [ -6.126627, 38.052509 ], [ -6.127809, 38.051577 ], [ -6.138144, 38.043197 ], [ -6.138818, 38.042655 ], [ -6.149529, 38.033886 ], [ -6.149821, 38.033646 ], [ -6.160725, 38.02458 ], [ -6.160816, 38.024504 ], [ -6.171754, 38.015277 ], [ -6.171803, 38.015236 ], [ -6.182703, 38.005975 ], [ -6.182784, 38.005906 ], [ -6.193495, 37.996676 ], [ -6.193757, 37.996448 ], [ -6.204132, 37.987381 ], [ -6.20472, 37.986829 ], [ -6.214608, 37.97809 ], [ -6.215679, 37.977176 ], [ -6.225064, 37.968797 ], [ -6.226627, 37.967361 ], [ -6.235286, 37.959511 ], [ -6.237566, 37.957382 ], [ -6.245359, 37.950228 ], [ -6.248495, 37.94724 ], [ -6.255271, 37.940948 ], [ -6.259413, 37.93691 ], [ -6.264945, 37.931674 ], [ -6.270316, 37.926327 ], [ -6.274379, 37.922406 ], [ -6.281203, 37.91545 ], [ -6.283563, 37.913144 ], [ -6.29207, 37.90419 ], [ -6.292367, 37.903893 ], [ -6.301887, 37.89462 ], [ -6.30296, 37.893519 ], [ -6.311234, 37.885352 ], [ -6.313836, 37.882604 ], [ -6.320319, 37.87609 ], [ -6.324691, 37.871284 ], [ -6.328987, 37.86684 ], [ -6.335515, 37.859364 ], [ -6.337156, 37.857603 ], [ -6.345535, 37.848359 ], [ -6.346337, 37.84747 ], [ -6.354371, 37.839102 ], [ -6.357168, 37.835851 ], [ -6.362725, 37.829858 ], [ -6.367961, 37.823453 ], [ -6.370462, 37.820631 ], [ -6.378084, 37.811407 ], [ -6.378731, 37.810643 ], [ -6.3865, 37.80216 ], [ -6.389522, 37.798368 ], [ -6.394274, 37.792931 ], [ -6.400254, 37.784868 ], [ -6.401192, 37.783726 ], [ -6.409046, 37.774493 ], [ -6.411008, 37.771954 ], [ -6.41672, 37.765265 ], [ -6.421721, 37.758199 ], [ -6.423418, 37.756065 ], [ -6.430705, 37.746848 ], [ -6.432432, 37.744499 ], [ -6.437799, 37.737635 ], [ -6.443097, 37.729906 ], [ -6.444291, 37.72844 ], [ -6.451484, 37.719224 ], [ -6.453785, 37.715859 ], [ -6.458292, 37.710019 ], [ -6.464092, 37.700844 ], [ -6.464402, 37.7004 ], [ -6.471312, 37.691626 ], [ -6.475045, 37.685572 ], [ -6.477275, 37.682444 ], [ -6.48363, 37.673251 ], [ -6.48565, 37.670033 ], [ -6.48994, 37.664059 ], [ -6.49537, 37.654893 ], [ -6.49621, 37.653622 ], [ -6.501962, 37.645692 ], [ -6.506744, 37.636738 ], [ -6.506868, 37.636541 ], [ -6.513456, 37.627339 ], [ -6.517285, 37.620102 ], [ -6.518483, 37.618184 ], [ -6.524548, 37.608998 ], [ -6.527785, 37.602702 ], [ -6.529534, 37.599843 ], [ -6.535257, 37.590666 ], [ -6.538251, 37.584685 ], [ -6.540143, 37.581515 ], [ -6.545654, 37.572344 ], [ -6.54868, 37.56598 ], [ -6.550277, 37.563199 ], [ -6.555732, 37.55403 ], [ -6.55907, 37.54656 ], [ -6.55997, 37.544897 ], [ -6.565471, 37.535725 ], [ -6.56932, 37.526604 ], [ -6.56942, 37.526405 ], [ -6.574825, 37.517432 ], [ -6.578806, 37.508306 ], [ -6.579764, 37.506235 ], [ -6.58374, 37.499151 ], [ -6.587961, 37.490017 ], [ -6.590045, 37.484871 ], [ -6.59205, 37.480888 ], [ -6.596667, 37.471742 ], [ -6.599975, 37.462636 ], [ -6.600249, 37.462004 ], [ -6.604811, 37.453483 ], [ -6.608528, 37.444364 ], [ -6.610443, 37.439034 ], [ -6.612159, 37.435248 ], [ -6.616443, 37.426112 ], [ -6.619521, 37.417012 ], [ -6.62055, 37.414386 ], [ -6.623568, 37.407883 ], [ -6.627302, 37.398763 ], [ -6.630068, 37.389673 ], [ -6.630577, 37.388228 ], [ -6.633955, 37.380548 ], [ -6.637448, 37.371435 ], [ -6.639997, 37.362351 ], [ -6.640532, 37.360683 ], [ -6.643635, 37.353234 ], [ -6.646893, 37.344128 ], [ -6.649298, 37.335049 ], [ -6.65039, 37.331277 ], [ -6.65235, 37.325949 ], [ -6.655649, 37.316842 ], [ -6.658141, 37.30776 ], [ -6.660038, 37.298696 ], [ -6.66008, 37.298551 ], [ -6.663475, 37.289584 ], [ -6.666149, 37.280496 ], [ -6.668214, 37.271427 ], [ -6.669657, 37.263668 ], [ -6.669998, 37.262366 ], [ -6.673087, 37.253265 ], [ -6.675476, 37.244186 ], [ -6.677355, 37.235122 ], [ -6.678833, 37.226071 ], [ -6.679047, 37.225062 ], [ -6.68127, 37.21699 ], [ -6.683717, 37.207909 ], [ -6.685549, 37.198846 ], [ -6.68701, 37.189796 ], [ -6.688155, 37.180856 ], [ -6.688174, 37.180754 ], [ -6.690549, 37.171675 ], [ -6.692477, 37.16261 ], [ -6.694037, 37.153556 ], [ -6.695291, 37.144511 ], [ -6.696289, 37.135475 ], [ -6.696916, 37.12969 ], [ -6.697454, 37.126433 ], [ -6.699263, 37.117371 ], [ -6.70074, 37.10832 ], [ -6.701937, 37.099277 ], [ -6.702646, 37.09025 ], [ -6.703699, 37.081212 ], [ -6.704343, 37.072186 ], [ -6.704845, 37.063165 ], [ -6.704892, 37.062591 ], [ -6.705982, 37.054124 ], [ -6.707014, 37.045087 ], [ -6.707867, 37.036055 ], [ -6.708557, 37.027028 ], [ -6.709099, 37.018006 ], [ -6.709475, 37.008989 ], [ -6.709827, 36.999972 ], [ -6.710046, 36.99096 ], [ -6.710171, 36.981951 ], [ -6.710208, 36.972944 ], [ -6.710188, 36.96394 ], [ -6.710109, 36.954937 ], [ -6.709959, 36.945936 ], [ -6.709752, 36.936937 ], [ -6.709509, 36.927939 ], [ -6.70943, 36.92494 ], [ -6.709325, 36.91894 ], [ -6.709155, 36.90994 ], [ -6.708914, 36.900942 ], [ -6.708576, 36.891947 ], [ -6.708184, 36.882954 ], [ -6.707697, 36.873963 ], [ -6.707138, 36.864976 ], [ -6.706505, 36.85599 ], [ -6.705768, 36.847007 ], [ -6.70547, 36.843157 ], [ -6.705117, 36.838022 ], [ -6.704449, 36.829038 ], [ -6.70372, 36.820055 ], [ -6.70294, 36.811074 ], [ -6.702122, 36.802094 ], [ -6.70123, 36.793116 ], [ -6.700258, 36.784141 ], [ -6.699198, 36.775168 ], [ -6.69807, 36.766198 ], [ -6.696833, 36.757231 ], [ -6.695474, 36.748267 ], [ -6.69397, 36.739308 ], [ -6.692316, 36.730354 ], [ -6.69047, 36.721406 ], [ -6.688407, 36.712464 ], [ -6.687858, 36.709742 ], [ -6.686858, 36.703507 ], [ -6.685388, 36.694547 ], [ -6.683745, 36.685592 ], [ -6.681903, 36.676643 ], [ -6.67984, 36.667701 ], [ -6.677475, 36.658769 ], [ -6.67474, 36.649848 ], [ -6.67363, 36.645888 ], [ -6.672513, 36.640911 ], [ -6.670576, 36.631965 ], [ -6.668332, 36.623028 ], [ -6.665727, 36.614103 ], [ -6.662684, 36.60519 ], [ -6.660198, 36.598286 ], [ -6.659628, 36.596279 ], [ -6.657381, 36.587342 ], [ -6.654756, 36.578417 ], [ -6.65166, 36.569506 ], [ -6.64791, 36.560615 ], [ -6.647153, 36.558504 ], [ -6.645236, 36.551691 ], [ -6.642448, 36.54277 ], [ -6.638555, 36.533883 ], [ -6.635015, 36.524985 ], [ -6.634334, 36.523237 ], [ -6.632141, 36.516067 ], [ -6.629029, 36.507156 ], [ -6.625223, 36.498266 ], [ -6.621667, 36.490928 ], [ -6.621072, 36.489386 ], [ -6.618075, 36.480471 ], [ -6.614384, 36.471577 ], [ -6.609728, 36.462712 ], [ -6.609139, 36.461383 ], [ -6.606483, 36.453804 ], [ -6.602791, 36.44491 ], [ -6.598081, 36.436046 ], [ -6.596684, 36.433169 ], [ -6.594306, 36.427153 ], [ -6.590549, 36.41826 ], [ -6.585636, 36.409402 ], [ -6.584322, 36.406781 ], [ -6.581811, 36.400511 ], [ -6.57774, 36.391627 ], [ -6.572424, 36.38278 ], [ -6.572043, 36.382016 ], [ -6.568768, 36.373883 ], [ -6.564303, 36.36501 ], [ -6.559787, 36.357542 ], [ -6.559102, 36.356159 ], [ -6.555117, 36.347271 ], [ -6.549949, 36.338419 ], [ -6.547598, 36.334377 ], [ -6.545284, 36.329551 ], [ -6.540605, 36.320683 ], [ -6.535495, 36.312939 ], [ -6.534893, 36.311846 ], [ -6.530547, 36.302968 ], [ -6.524738, 36.294133 ], [ -6.52342, 36.291968 ], [ -6.520029, 36.285266 ], [ -6.514525, 36.276421 ], [ -6.511383, 36.271681 ], [ -6.509088, 36.267575 ], [ -6.503742, 36.258725 ], [ -6.499403, 36.252527 ], [ -6.497835, 36.249891 ], [ -6.492534, 36.24104 ], [ -6.487461, 36.234098 ], [ -6.486279, 36.232216 ], [ -6.480918, 36.223365 ], [ -6.475551, 36.216248 ], [ -6.474447, 36.214547 ], [ -6.468917, 36.205701 ], [ -6.463668, 36.198894 ], [ -6.462325, 36.196885 ], [ -6.4565, 36.188047 ], [ -6.451813, 36.182038 ], [ -6.449914, 36.17923 ], [ -6.443659, 36.170404 ], [ -6.439988, 36.165727 ], [ -6.43715, 36.161584 ], [ -6.430257, 36.152775 ], [ -6.428198, 36.15014 ], [ -6.423994, 36.143948 ], [ -6.416447, 36.135306 ], [ -6.416334, 36.13516 ], [ -6.410309, 36.126325 ], [ -6.40467, 36.119771 ], [ -6.402954, 36.117527 ], [ -6.395947, 36.108719 ], [ -6.392938, 36.105185 ], [ -6.388979, 36.09991 ], [ -6.381249, 36.091489 ], [ -6.380951, 36.09113 ], [ -6.374267, 36.082311 ], [ -6.369534, 36.077066 ], [ -6.366669, 36.073518 ], [ -6.358442, 36.064742 ], [ -6.357885, 36.064103 ], [ -6.3515, 36.055929 ], [ -6.346203, 36.050282 ], [ -6.343537, 36.047144 ], [ -6.334973, 36.038376 ], [ -6.334589, 36.037959 ], [ -6.327698, 36.029571 ], [ -6.322935, 36.024602 ], [ -6.319568, 36.020789 ], [ -6.311345, 36.012666 ], [ -6.310747, 36.012026 ], [ -6.302802, 36.003238 ], [ -6.299734, 36.000139 ], [ -6.294574, 35.994457 ], [ -6.288151, 35.988197 ], [ -6.285757, 35.985691 ], [ -6.276607, 35.977098 ], [ -6.276448, 35.976939 ], [ -6.268177, 35.968157 ], [ -6.26503, 35.965133 ], [ -6.259441, 35.959387 ], [ -6.253484, 35.953831 ], [ -6.250246, 35.950629 ], [ -6.241966, 35.943144 ], [ -6.240546, 35.941884 ], [ -6.230865, 35.933138 ], [ -6.230461, 35.932693 ], [ -6.221941, 35.92437 ], [ -6.218936, 35.921665 ], [ -6.21253, 35.915615 ], [ -6.207436, 35.91116 ], [ -6.202738, 35.906869 ], [ -6.195953, 35.901023 ], [ -6.192693, 35.898129 ], [ -6.184486, 35.891201 ], [ -6.182406, 35.889394 ], [ -6.173032, 35.881635 ], [ -6.171889, 35.880665 ], [ -6.161587, 35.872231 ], [ -6.161234, 35.871938 ], [ -6.15055, 35.863211 ], [ -6.150147, 35.862883 ], [ -6.140001, 35.854479 ], [ -6.138707, 35.853445 ], [ -6.129159, 35.845754 ], [ -6.127279, 35.84427 ], [ -6.118085, 35.837035 ], [ -6.115863, 35.835315 ], [ -6.10679, 35.828319 ], [ -6.104458, 35.826562 ], [ -6.095217, 35.81961 ], [ -6.093061, 35.817974 ], [ -6.083432, 35.810905 ], [ -6.081675, 35.80961 ], [ -6.071374, 35.802206 ], [ -6.070302, 35.801496 ], [ -6.059015, 35.793513 ], [ -6.058933, 35.793449 ], [ -6.047561, 35.785252 ], [ -6.046929, 35.784811 ], [ -6.036197, 35.777194 ], [ -6.034619, 35.776115 ], [ -6.02484, 35.769276 ], [ -6.022061, 35.767423 ], [ -6.013492, 35.761514 ], [ -6.009219, 35.758737 ], [ -6.002154, 35.753975 ], [ -5.995969, 35.750059 ], [ -5.990827, 35.746669 ], [ -5.982189, 35.741393 ], [ -5.979513, 35.739666 ], [ -5.968209, 35.732859 ], [ -5.96801, 35.732736 ], [ -5.956885, 35.725463 ], [ -5.954567, 35.724058 ], [ -5.945571, 35.718301 ], [ -5.940561, 35.715393 ], [ -5.934272, 35.711484 ], [ -5.925731, 35.706746 ], [ -5.922992, 35.70511 ], [ -5.911711, 35.69869 ], [ -5.910687, 35.698102 ], [ -5.900414, 35.691765 ], [ -5.89616, 35.689444 ], [ -5.889135, 35.685283 ], [ -5.880452, 35.680812 ], [ -5.877878, 35.679363 ], [ -5.866613, 35.673164 ], [ -5.864767, 35.672178 ], [ -5.855339, 35.66667 ], [ -5.849079, 35.663541 ], [ -5.844088, 35.660785 ], [ -5.832853, 35.655301 ], [ -5.832142, 35.654932 ], [ -5.821588, 35.648922 ], [ -5.816122, 35.646299 ], [ -5.810348, 35.6432 ], [ -5.799129, 35.638022 ], [ -5.798481, 35.637701 ], [ -5.787878, 35.63189 ], [ -5.78169, 35.629081 ], [ -5.776654, 35.626497 ], [ -5.765439, 35.621326 ], [ -5.763638, 35.620488 ], [ -5.754205, 35.615562 ], [ -5.745399, 35.611896 ], [ -5.743006, 35.610758 ], [ -5.731785, 35.605278 ], [ -5.727129, 35.603302 ], [ -5.720577, 35.600116 ], [ -5.709387, 35.595467 ], [ -5.70768, 35.594731 ], [ -5.698173, 35.590069 ], [ -5.687627, 35.586171 ], [ -5.687002, 35.585899 ], [ -5.67579, 35.580458 ], [ -5.66807, 35.577596 ], [ -5.664615, 35.5761 ], [ -5.653424, 35.571223 ], [ -5.647505, 35.56904 ], [ -5.642248, 35.566758 ], [ -5.631072, 35.562252 ], [ -5.626205, 35.560497 ], [ -5.6199, 35.557824 ], [ -5.608735, 35.553577 ], [ -5.604138, 35.551966 ], [ -5.597567, 35.549229 ], [ -5.586409, 35.545113 ], [ -5.58141, 35.543446 ], [ -5.575251, 35.540997 ], [ -5.564096, 35.536933 ], [ -5.557743, 35.53494 ], [ -5.552951, 35.53312 ], [ -5.541796, 35.528987 ], [ -5.532939, 35.526454 ], [ -5.530668, 35.525662 ], [ -5.51951, 35.521372 ], [ -5.508392, 35.5183 ], [ -5.507376, 35.517979 ], [ -5.497239, 35.514107 ], [ -5.486117, 35.510835 ], [ -5.481384, 35.509507 ], [ -5.474987, 35.507319 ], [ -5.463857, 35.503732 ], [ -5.452755, 35.501083 ], [ -5.452752, 35.501082 ], [ -5.441615, 35.497105 ], [ -5.430506, 35.494149 ], [ -5.424348, 35.492647 ], [ -5.419396, 35.491138 ], [ -5.408275, 35.487703 ], [ -5.39718, 35.485119 ], [ -5.393574, 35.484251 ], [ -5.386069, 35.482002 ], [ -5.374962, 35.478949 ], [ -5.363875, 35.476594 ], [ -5.360735, 35.475888 ], [ -5.352772, 35.473636 ], [ -5.341672, 35.470778 ], [ -5.330592, 35.468562 ], [ -5.325533, 35.467561 ], [ -5.319504, 35.466038 ], [ -5.308408, 35.463238 ], [ -5.29733, 35.461049 ], [ -5.286266, 35.459303 ], [ -5.28626, 35.459301 ], [ -5.275178, 35.456717 ], [ -5.264105, 35.454653 ], [ -5.253039, 35.452777 ], [ -5.243392, 35.451096 ], [ -5.241971, 35.450842 ], [ -5.230903, 35.448897 ], [ -5.219838, 35.447032 ], [ -5.208776, 35.445249 ], [ -5.197717, 35.443548 ], [ -5.193945, 35.442994 ], [ -5.18666, 35.44191 ], [ -5.175605, 35.440343 ], [ -5.164552, 35.438859 ], [ -5.1535, 35.437376 ], [ -5.142452, 35.436004 ], [ -5.133193, 35.435072 ], [ -5.131409, 35.434856 ], [ -5.120357, 35.433297 ], [ -5.109311, 35.431984 ], [ -5.098273, 35.430972 ], [ -5.087239, 35.430103 ], [ -5.076206, 35.429277 ], [ -5.065174, 35.428465 ], [ -5.054144, 35.427711 ], [ -5.05159, 35.427476 ], [ -5.0431, 35.426407 ], [ -5.032053, 35.424991 ], [ -5.021006, 35.423539 ], [ -5.009962, 35.422195 ], [ -4.998963, 35.422683 ], [ -4.987906, 35.420798 ], [ -4.97691, 35.419711 ], [ -4.976869, 35.419706 ], [ -4.965847, 35.419221 ], [ -4.95481, 35.418115 ], [ -4.943752, 35.416099 ], [ -4.932655, 35.41245 ], [ -4.926908, 35.411508 ], [ -4.921607, 35.410807 ], [ -4.915422, 35.40268 ], [ -4.9103, 35.398207 ], [ -4.906854, 35.393804 ], [ -4.899733, 35.384905 ], [ -4.898966, 35.384271 ], [ -4.890394, 35.37604 ], [ -4.887707, 35.373409 ], [ -4.87659, 35.368537 ] ] } },
{ "type": "Feature", "properties": { "fid": 55, "ID": 54, "Intensidad": 10.0 }, "geometry": { "type": "LineString", "coordinates": [ [ -4.582797, 35.19121 ], [ -4.587005, 35.190014 ], [ -4.588305, 35.191138 ], [ -4.598122, 35.197 ], [ -4.601612, 35.199975 ], [ -4.609268, 35.205414 ], [ -4.613293, 35.208832 ], [ -4.620445, 35.215197 ], [ -4.623373, 35.217709 ], [ -4.631643, 35.225923 ], [ -4.632417, 35.226599 ], [ -4.631673, 35.227413 ], [ -4.630121, 35.22663 ], [ -4.620569, 35.221456 ], [ -4.614472, 35.217828 ], [ -4.60945, 35.214599 ], [ -4.60118, 35.208993 ], [ -4.5983, 35.206121 ], [ -4.590167, 35.200126 ], [ -4.5871, 35.194885 ], [ -4.582797, 35.19121 ] ] } },
{ "type": "Feature", "properties": { "fid": 56, "ID": 55, "Intensidad": 8.5 }, "geometry": { "type": "LineString", "coordinates": [ [ -4.947481, 35.112503 ], [ -4.944783, 35.113844 ], [ -4.936691, 35.120058 ], [ -4.925738, 35.12075 ], [ -4.923252, 35.123199 ], [ -4.914991, 35.13029 ], [ -4.908891, 35.132438 ], [ -4.904177, 35.137029 ], [ -4.893252, 35.139066 ], [ -4.891429, 35.141724 ], [ -4.882537, 35.150236 ], [ -4.873609, 35.151012 ], [ -4.882655, 35.155357 ], [ -4.89366, 35.156691 ], [ -4.904688, 35.15895 ], [ -4.906963, 35.159503 ], [ -4.915756, 35.162906 ], [ -4.925503, 35.168222 ], [ -4.926889, 35.169569 ], [ -4.934917, 35.177083 ], [ -4.938207, 35.183984 ], [ -4.939737, 35.186018 ], [ -4.943171, 35.194974 ], [ -4.944384, 35.203966 ], [ -4.938884, 35.212456 ], [ -4.938602, 35.21307 ], [ -4.931172, 35.222201 ], [ -4.928196, 35.224902 ], [ -4.921381, 35.231368 ], [ -4.917434, 35.234322 ], [ -4.906596, 35.240608 ], [ -4.906581, 35.240614 ], [ -4.895694, 35.244228 ], [ -4.884732, 35.245299 ], [ -4.873725, 35.244408 ], [ -4.862706, 35.242982 ], [ -4.862151, 35.250317 ], [ -4.8629, 35.251455 ], [ -4.870038, 35.259207 ], [ -4.874173, 35.268155 ], [ -4.874276, 35.268334 ], [ -4.878671, 35.277097 ], [ -4.885011, 35.286009 ], [ -4.885716, 35.287761 ], [ -4.888162, 35.294972 ], [ -4.889653, 35.30396 ], [ -4.886127, 35.305475 ], [ -4.884052, 35.304047 ], [ -4.875011, 35.300231 ], [ -4.871655, 35.30424 ], [ -4.875154, 35.306397 ], [ -4.883255, 35.313071 ], [ -4.886349, 35.315018 ], [ -4.894961, 35.3219 ], [ -4.897573, 35.324764 ], [ -4.905257, 35.330749 ], [ -4.908833, 35.335948 ], [ -4.91392, 35.339624 ], [ -4.917967, 35.348571 ], [ -4.92017, 35.350198 ], [ -4.926735, 35.357443 ], [ -4.931451, 35.36199 ], [ -4.938645, 35.366264 ], [ -4.94265, 35.370165 ], [ -4.952804, 35.375047 ], [ -4.953793, 35.375948 ], [ -4.956679, 35.374984 ], [ -4.953594, 35.367707 ], [ -4.953252, 35.366029 ], [ -4.953545, 35.36568 ], [ -4.964429, 35.360761 ], [ -4.965557, 35.356818 ], [ -4.967221, 35.347779 ], [ -4.968197, 35.338752 ], [ -4.968765, 35.329732 ], [ -4.969071, 35.320715 ], [ -4.969198, 35.311702 ], [ -4.969195, 35.302691 ], [ -4.969093, 35.293681 ], [ -4.968913, 35.284672 ], [ -4.968668, 35.275665 ], [ -4.968365, 35.266659 ], [ -4.968008, 35.257653 ], [ -4.967595, 35.248648 ], [ -4.967122, 35.239645 ], [ -4.966575, 35.230642 ], [ -4.96593, 35.221641 ], [ -4.965136, 35.212643 ], [ -4.964564, 35.20364 ], [ -4.964326, 35.194633 ], [ -4.964295, 35.185622 ], [ -4.964399, 35.176608 ], [ -4.964531, 35.167595 ], [ -4.964586, 35.158582 ], [ -4.964495, 35.149572 ], [ -4.964235, 35.140565 ], [ -4.963814, 35.13156 ], [ -4.963258, 35.122558 ], [ -4.962596, 35.113557 ], [ -4.958421, 35.111283 ], [ -4.947481, 35.112503 ] ] } },
{ "type": "Feature", "properties": { "fid": 57, "ID": 56, "Intensidad": 10.0 }, "geometry": { "type": "LineString", "coordinates": [ [ -4.601033, 35.118873 ], [ -4.607542, 35.117732 ], [ -4.61325, 35.118711 ], [ -4.618543, 35.119284 ], [ -4.62953, 35.120141 ], [ -4.640569, 35.123546 ], [ -4.646184, 35.12728 ], [ -4.651641, 35.128543 ], [ -4.662708, 35.13327 ], [ -4.666524, 35.136014 ], [ -4.673791, 35.138658 ], [ -4.684869, 35.143765 ], [ -4.686283, 35.144753 ], [ -4.695975, 35.150169 ], [ -4.704878, 35.153505 ], [ -4.696197, 35.160883 ], [ -4.685257, 35.16261 ], [ -4.683939, 35.16281 ], [ -4.674364, 35.166639 ], [ -4.670989, 35.172001 ], [ -4.674526, 35.174537 ], [ -4.679356, 35.180897 ], [ -4.685739, 35.185948 ], [ -4.688897, 35.189777 ], [ -4.696937, 35.196464 ], [ -4.698818, 35.19865 ], [ -4.697026, 35.200732 ], [ -4.691825, 35.198748 ], [ -4.685915, 35.194459 ], [ -4.674871, 35.191359 ], [ -4.671861, 35.190013 ], [ -4.663784, 35.186113 ], [ -4.655793, 35.181222 ], [ -4.652663, 35.17913 ], [ -4.643727, 35.172374 ], [ -4.641512, 35.17052 ], [ -4.633495, 35.163501 ], [ -4.630332, 35.160379 ], [ -4.624358, 35.154611 ], [ -4.619103, 35.147568 ], [ -4.617333, 35.145693 ], [ -4.61894, 35.139371 ], [ -4.619683, 35.13665 ], [ -4.618874, 35.136 ], [ -4.608713, 35.127784 ], [ -4.607644, 35.122926 ], [ -4.601033, 35.118873 ] ] } },
{ "type": "Feature", "properties": { "fid": 58, "ID": 57, "Intensidad": 9.0 }, "geometry": { "type": "LineString", "coordinates": [ [ -4.900238, 34.967208 ], [ -4.896991, 34.970412 ], [ -4.890274, 34.979529 ], [ -4.889602, 34.980877 ], [ -4.885263, 34.988619 ], [ -4.878935, 34.993316 ], [ -4.875639, 34.99778 ], [ -4.868254, 35.00524 ], [ -4.867097, 35.006924 ], [ -4.864761, 35.015972 ], [ -4.857745, 35.024955 ], [ -4.857696, 35.025092 ], [ -4.856796, 35.034118 ], [ -4.847192, 35.04293 ], [ -4.847009, 35.043279 ], [ -4.846236, 35.052302 ], [ -4.841232, 35.06139 ], [ -4.83676, 35.066476 ], [ -4.835829, 35.070484 ], [ -4.834757, 35.079512 ], [ -4.829496, 35.088604 ], [ -4.827099, 35.097652 ], [ -4.826577, 35.101471 ], [ -4.826576, 35.106672 ], [ -4.826026, 35.115692 ], [ -4.825106, 35.124717 ], [ -4.823359, 35.133756 ], [ -4.817391, 35.142857 ], [ -4.81704, 35.151874 ], [ -4.816782, 35.154242 ], [ -4.816791, 35.16089 ], [ -4.816738, 35.169902 ], [ -4.811743, 35.178989 ], [ -4.811887, 35.187999 ], [ -4.812385, 35.197003 ], [ -4.809761, 35.206054 ], [ -4.807125, 35.213797 ], [ -4.807032, 35.215106 ], [ -4.807094, 35.224117 ], [ -4.807017, 35.23313 ], [ -4.806058, 35.242156 ], [ -4.804093, 35.251197 ], [ -4.804433, 35.260204 ], [ -4.803914, 35.269223 ], [ -4.803237, 35.278245 ], [ -4.802217, 35.287272 ], [ -4.800662, 35.296307 ], [ -4.798487, 35.305351 ], [ -4.798209, 35.307376 ], [ -4.797645, 35.314375 ], [ -4.797535, 35.323388 ], [ -4.797669, 35.332398 ], [ -4.797839, 35.341407 ], [ -4.79777, 35.350419 ], [ -4.797168, 35.35944 ], [ -4.79577, 35.368472 ], [ -4.793486, 35.377518 ], [ -4.7911, 35.386565 ], [ -4.790282, 35.395588 ], [ -4.790387, 35.404598 ], [ -4.790928, 35.413602 ], [ -4.791511, 35.422605 ], [ -4.791866, 35.431611 ], [ -4.791873, 35.440622 ], [ -4.79143, 35.44964 ], [ -4.790491, 35.455761 ], [ -4.789608, 35.458679 ], [ -4.785809, 35.467746 ], [ -4.783823, 35.476787 ], [ -4.782911, 35.485812 ], [ -4.782557, 35.494829 ], [ -4.782397, 35.503843 ], [ -4.782223, 35.512856 ], [ -4.781886, 35.521873 ], [ -4.781473, 35.53089 ], [ -4.781316, 35.539158 ], [ -4.781214, 35.539906 ], [ -4.776291, 35.548989 ], [ -4.773828, 35.558037 ], [ -4.77255, 35.567067 ], [ -4.771931, 35.576088 ], [ -4.77171, 35.585102 ], [ -4.771958, 35.59411 ], [ -4.77154, 35.596009 ], [ -4.766838, 35.603196 ], [ -4.763833, 35.612252 ], [ -4.762237, 35.621286 ], [ -4.761436, 35.630309 ], [ -4.761273, 35.63103 ], [ -4.755581, 35.639406 ], [ -4.751914, 35.648471 ], [ -4.751869, 35.657483 ], [ -4.75087, 35.660209 ], [ -4.74449, 35.666601 ], [ -4.740847, 35.675665 ], [ -4.74035, 35.684307 ], [ -4.740297, 35.684684 ], [ -4.731712, 35.693819 ], [ -4.729609, 35.698496 ], [ -4.726262, 35.702909 ], [ -4.719386, 35.712018 ], [ -4.718871, 35.712957 ], [ -4.710871, 35.721151 ], [ -4.708042, 35.7234 ], [ -4.698648, 35.730335 ], [ -4.697173, 35.732006 ], [ -4.686276, 35.739457 ], [ -4.686012, 35.739524 ], [ -4.675274, 35.741962 ], [ -4.664305, 35.746095 ], [ -4.653234, 35.74536 ], [ -4.642137, 35.743368 ], [ -4.631104, 35.744453 ], [ -4.620052, 35.744635 ], [ -4.609039, 35.746716 ], [ -4.598, 35.747566 ], [ -4.586966, 35.748665 ], [ -4.575936, 35.750011 ], [ -4.575762, 35.750031 ], [ -4.564903, 35.751208 ], [ -4.553871, 35.752463 ], [ -4.542841, 35.753845 ], [ -4.531813, 35.755362 ], [ -4.520787, 35.757006 ], [ -4.509763, 35.758774 ], [ -4.502635, 35.759978 ], [ -4.49874, 35.760606 ], [ -4.487715, 35.762424 ], [ -4.476693, 35.764373 ], [ -4.465673, 35.766469 ], [ -4.454655, 35.768725 ], [ -4.450247, 35.769633 ], [ -4.443636, 35.770933 ], [ -4.432617, 35.773181 ], [ -4.4216, 35.775605 ], [ -4.410587, 35.77824 ], [ -4.406502, 35.779164 ], [ -4.399569, 35.780707 ], [ -4.388553, 35.783268 ], [ -4.377542, 35.786178 ], [ -4.368509, 35.788614 ], [ -4.366531, 35.789136 ], [ -4.355518, 35.792028 ], [ -4.344509, 35.795227 ], [ -4.335608, 35.797995 ], [ -4.333503, 35.79861 ], [ -4.322492, 35.801783 ], [ -4.311487, 35.805356 ], [ -4.305528, 35.807337 ], [ -4.30048, 35.808894 ], [ -4.289471, 35.812397 ], [ -4.278471, 35.816444 ], [ -4.277883, 35.816646 ], [ -4.267461, 35.819945 ], [ -4.256456, 35.823883 ], [ -4.250926, 35.825941 ], [ -4.24545, 35.827811 ], [ -4.234444, 35.831748 ], [ -4.225721, 35.835213 ], [ -4.223441, 35.836042 ], [ -4.212431, 35.839886 ], [ -4.201494, 35.844469 ], [ -4.201431, 35.844494 ], [ -4.190419, 35.848353 ], [ -4.179417, 35.852989 ], [ -4.177591, 35.853718 ], [ -4.168405, 35.857048 ], [ -4.157401, 35.861696 ], [ -4.15436, 35.862955 ], [ -4.14639, 35.865952 ], [ -4.135384, 35.870659 ], [ -4.131806, 35.872181 ], [ -4.124374, 35.875182 ], [ -4.113364, 35.879807 ], [ -4.109691, 35.881399 ], [ -4.102351, 35.884288 ], [ -4.091343, 35.889192 ], [ -4.088124, 35.890608 ], [ -4.080328, 35.89372 ], [ -4.069318, 35.898753 ], [ -4.066926, 35.89981 ], [ -4.058301, 35.903272 ], [ -4.047291, 35.90847 ], [ -4.046082, 35.909005 ], [ -4.03627, 35.912957 ], [ -4.025555, 35.918194 ], [ -4.02526, 35.918327 ], [ -4.014238, 35.922959 ], [ -4.005286, 35.927377 ], [ -4.003225, 35.928322 ], [ -3.992205, 35.933305 ], [ -3.985683, 35.936552 ], [ -3.981188, 35.938621 ], [ -3.970172, 35.944072 ], [ -3.966903, 35.945716 ], [ -3.959151, 35.949324 ], [ -3.948765, 35.954873 ], [ -3.948136, 35.955188 ], [ -3.937113, 35.960468 ], [ -3.930468, 35.964028 ], [ -3.926093, 35.966221 ], [ -3.915075, 35.972216 ], [ -3.913305, 35.973171 ], [ -3.904051, 35.977844 ], [ -3.89612, 35.982313 ], [ -3.893031, 35.983964 ], [ -3.88201, 35.990151 ], [ -3.879719, 35.991446 ], [ -3.870986, 35.996225 ], [ -3.863577, 36.000575 ], [ -3.859963, 36.002554 ], [ -3.848942, 36.009205 ], [ -3.848106, 36.009697 ], [ -3.837915, 36.015438 ], [ -3.832419, 36.018819 ], [ -3.826891, 36.022176 ], [ -3.817783, 36.027931 ], [ -3.815867, 36.029073 ], [ -3.804841, 36.036056 ], [ -3.803296, 36.037041 ], [ -3.793813, 36.042898 ], [ -3.788886, 36.046148 ], [ -3.782786, 36.050109 ], [ -3.775199, 36.055249 ], [ -3.771759, 36.057508 ], [ -3.761912, 36.064346 ], [ -3.760732, 36.065153 ], [ -3.749705, 36.072903 ], [ -3.748944, 36.07344 ], [ -3.738674, 36.08058 ], [ -3.735989, 36.082532 ], [ -3.727644, 36.088536 ], [ -3.72348, 36.09162 ], [ -3.716613, 36.096693 ], [ -3.711341, 36.100704 ], [ -3.705582, 36.105076 ], [ -3.699578, 36.109785 ], [ -3.694552, 36.113766 ], [ -3.68825, 36.118862 ], [ -3.683521, 36.122726 ], [ -3.677227, 36.127937 ], [ -3.67249, 36.131889 ], [ -3.666404, 36.137009 ], [ -3.661457, 36.141173 ], [ -3.655658, 36.14608 ], [ -3.650422, 36.150549 ], [ -3.645085, 36.155149 ], [ -3.639386, 36.1601 ], [ -3.634691, 36.164217 ], [ -3.628349, 36.169817 ], [ -3.624461, 36.173282 ], [ -3.61731, 36.179707 ], [ -3.6144, 36.182346 ], [ -3.60627, 36.189777 ], [ -3.604501, 36.191408 ], [ -3.595229, 36.200017 ], [ -3.594746, 36.200468 ], [ -3.58513, 36.209527 ], [ -3.584186, 36.210423 ], [ -3.575659, 36.218585 ], [ -3.573141, 36.221013 ], [ -3.56632, 36.227641 ], [ -3.562095, 36.231774 ], [ -3.557096, 36.236696 ], [ -3.551046, 36.242674 ], [ -3.54791, 36.24575 ], [ -3.539996, 36.253763 ], [ -3.538946, 36.254802 ], [ -3.53003, 36.263854 ], [ -3.528943, 36.264955 ], [ -3.521029, 36.272905 ], [ -3.517888, 36.276189 ], [ -3.512271, 36.281954 ], [ -3.506832, 36.287855 ], [ -3.503833, 36.291002 ], [ -3.495775, 36.299967 ], [ -3.495701, 36.300047 ], [ -3.487032, 36.309094 ], [ -3.484713, 36.311633 ], [ -3.478608, 36.31814 ], [ -3.47365, 36.323777 ], [ -3.470529, 36.327183 ], [ -3.462745, 36.336225 ], [ -3.462587, 36.336403 ], [ -3.454395, 36.345269 ], [ -3.451517, 36.348594 ], [ -3.446365, 36.35431 ], [ -3.440447, 36.361388 ], [ -3.43873, 36.36335 ], [ -3.430917, 36.37239 ], [ -3.429374, 36.374215 ], [ -3.422988, 36.38143 ], [ -3.418299, 36.387183 ], [ -3.415485, 36.390468 ], [ -3.408147, 36.399504 ], [ -3.407221, 36.400579 ], [ -3.400345, 36.408542 ], [ -3.39614, 36.413912 ], [ -3.393101, 36.417578 ], [ -3.385989, 36.426612 ], [ -3.385057, 36.42776 ], [ -3.378257, 36.435648 ], [ -3.373968, 36.440984 ], [ -3.370829, 36.444683 ], [ -3.363548, 36.453717 ], [ -3.362876, 36.454516 ], [ -3.355561, 36.462752 ], [ -3.351777, 36.467341 ], [ -3.347888, 36.471786 ], [ -3.340677, 36.480711 ], [ -3.340585, 36.480818 ], [ -3.33237, 36.489853 ], [ -3.329569, 36.493134 ], [ -3.324388, 36.498886 ], [ -3.318459, 36.505948 ], [ -3.316705, 36.507918 ], [ -3.308711, 36.51695 ], [ -3.307344, 36.518455 ], [ -3.300272, 36.525983 ], [ -3.296224, 36.530593 ], [ -3.292124, 36.535015 ], [ -3.285103, 36.543124 ], [ -3.284255, 36.544045 ], [ -3.27573, 36.553076 ], [ -3.273975, 36.554916 ], [ -3.266962, 36.562107 ], [ -3.262843, 36.566601 ], [ -3.258447, 36.571137 ], [ -3.251709, 36.578534 ], [ -3.250128, 36.580166 ], [ -3.241544, 36.589195 ], [ -3.24057, 36.590141 ], [ -3.232107, 36.598225 ], [ -3.229426, 36.600968 ], [ -3.222934, 36.607254 ], [ -3.218279, 36.611995 ], [ -3.213807, 36.616281 ], [ -3.207129, 36.622991 ], [ -3.204735, 36.625309 ], [ -3.195976, 36.634026 ], [ -3.195649, 36.634335 ], [ -3.185811, 36.643362 ], [ -3.184818, 36.644286 ], [ -3.175743, 36.652388 ], [ -3.173656, 36.65428 ], [ -3.165524, 36.661414 ], [ -3.162491, 36.664093 ], [ -3.155094, 36.670439 ], [ -3.151323, 36.673724 ], [ -3.144313, 36.679464 ], [ -3.140151, 36.682807 ], [ -3.133053, 36.688488 ], [ -3.128976, 36.692017 ], [ -3.122799, 36.69751 ], [ -3.117801, 36.702296 ], [ -3.113494, 36.70653 ], [ -3.106624, 36.713704 ], [ -3.104925, 36.715549 ], [ -3.096814, 36.724567 ], [ -3.095445, 36.726186 ], [ -3.089286, 36.733584 ], [ -3.084265, 36.740053 ], [ -3.082314, 36.7426 ], [ -3.075804, 36.751615 ], [ -3.073081, 36.755709 ], [ -3.069747, 36.760629 ], [ -3.064215, 36.769644 ], [ -3.061896, 36.773834 ], [ -3.058966, 36.778657 ], [ -3.054236, 36.78767 ], [ -3.050707, 36.796009 ], [ -3.050397, 36.796683 ], [ -3.046136, 36.805695 ], [ -3.042638, 36.814708 ], [ -3.039724, 36.823719 ], [ -3.039516, 36.824373 ], [ -3.036681, 36.832731 ], [ -3.033978, 36.841743 ], [ -3.031724, 36.850754 ], [ -3.029839, 36.859766 ], [ -3.028322, 36.868455 ], [ -3.028261, 36.868777 ], [ -3.026656, 36.877788 ], [ -3.025342, 36.886799 ], [ -3.024296, 36.89581 ], [ -3.023472, 36.904821 ], [ -3.022323, 36.913832 ], [ -3.021381, 36.922843 ], [ -3.021355, 36.931853 ], [ -3.023471, 36.940864 ], [ -3.025283, 36.949874 ], [ -3.025763, 36.958884 ], [ -3.028002, 36.967894 ], [ -3.028359, 36.968538 ], [ -3.032474, 36.976904 ], [ -3.035516, 36.985914 ], [ -3.039603, 36.994316 ], [ -3.039803, 36.994923 ], [ -3.04822, 37.00393 ], [ -3.050848, 37.008432 ], [ -3.054839, 37.012938 ], [ -3.062094, 37.018601 ], [ -3.064396, 37.021944 ], [ -3.073342, 37.028783 ], [ -3.078417, 37.030946 ], [ -3.084589, 37.034382 ], [ -3.092592, 37.039946 ], [ -3.095839, 37.041406 ], [ -3.10709, 37.048216 ], [ -3.108804, 37.048943 ], [ -3.118339, 37.052065 ], [ -3.129588, 37.055147 ], [ -3.138848, 37.057922 ], [ -3.140839, 37.058419 ], [ -3.152086, 37.059628 ], [ -3.163335, 37.06152 ], [ -3.174588, 37.065192 ], [ -3.184013, 37.066871 ], [ -3.185839, 37.067099 ], [ -3.197086, 37.067527 ], [ -3.208333, 37.068132 ], [ -3.219582, 37.068917 ], [ -3.230829, 37.069173 ], [ -3.242074, 37.068973 ], [ -3.25332, 37.068919 ], [ -3.264571, 37.070174 ], [ -3.275826, 37.072725 ], [ -3.287076, 37.073467 ], [ -3.298326, 37.074274 ], [ -3.309578, 37.075452 ], [ -3.310498, 37.075618 ], [ -3.320834, 37.07753 ], [ -3.332089, 37.079317 ], [ -3.343345, 37.081127 ], [ -3.354601, 37.083001 ], [ -3.360748, 37.084486 ], [ -3.365864, 37.086077 ], [ -3.37713, 37.089466 ], [ -3.388394, 37.092293 ], [ -3.391731, 37.093398 ], [ -3.399669, 37.09713 ], [ -3.41094, 37.101134 ], [ -3.413887, 37.102333 ], [ -3.422226, 37.10731 ], [ -3.429919, 37.111286 ], [ -3.433515, 37.113844 ], [ -3.443731, 37.120246 ], [ -3.44481, 37.121142 ], [ -3.45234, 37.129224 ], [ -3.45614, 37.133758 ], [ -3.459671, 37.138206 ], [ -3.465282, 37.147194 ], [ -3.467508, 37.151983 ], [ -3.46914, 37.156189 ], [ -3.47099, 37.165192 ], [ -3.471942, 37.174198 ], [ -3.472607, 37.183206 ], [ -3.473058, 37.192214 ], [ -3.473067, 37.201225 ], [ -3.472446, 37.210237 ], [ -3.471276, 37.219252 ], [ -3.468711, 37.228272 ], [ -3.467987, 37.229756 ], [ -3.464111, 37.237301 ], [ -3.459332, 37.246329 ], [ -3.456833, 37.248843 ], [ -3.451237, 37.255371 ], [ -3.445626, 37.260016 ], [ -3.438528, 37.264428 ], [ -3.434389, 37.266611 ], [ -3.423151, 37.273299 ], [ -3.422362, 37.273497 ], [ -3.411883, 37.274894 ], [ -3.400622, 37.277829 ], [ -3.389366, 37.282008 ], [ -3.385592, 37.282633 ], [ -3.378098, 37.283812 ], [ -3.366838, 37.287649 ], [ -3.357684, 37.291731 ], [ -3.355582, 37.292375 ], [ -3.344318, 37.295821 ], [ -3.334325, 37.300809 ], [ -3.333062, 37.301279 ], [ -3.321797, 37.304811 ], [ -3.312157, 37.30988 ], [ -3.310539, 37.310617 ], [ -3.299275, 37.315222 ], [ -3.291413, 37.318943 ], [ -3.288012, 37.320316 ], [ -3.276748, 37.325491 ], [ -3.271957, 37.327999 ], [ -3.265482, 37.330859 ], [ -3.254216, 37.336361 ], [ -3.252712, 37.337052 ], [ -3.242945, 37.341286 ], [ -3.233699, 37.346101 ], [ -3.231677, 37.347207 ], [ -3.220406, 37.352726 ], [ -3.215359, 37.355146 ], [ -3.209132, 37.358127 ], [ -3.197857, 37.363678 ], [ -3.196865, 37.364188 ], [ -3.186583, 37.370026 ], [ -3.180307, 37.373224 ], [ -3.175306, 37.37586 ], [ -3.164026, 37.381287 ], [ -3.162068, 37.382261 ], [ -3.152745, 37.387369 ], [ -3.144422, 37.391293 ], [ -3.141463, 37.393216 ], [ -3.130179, 37.399324 ], [ -3.128233, 37.400322 ], [ -3.118894, 37.405789 ], [ -3.110694, 37.40935 ], [ -3.107605, 37.410994 ], [ -3.096315, 37.417127 ], [ -3.093922, 37.418374 ], [ -3.085025, 37.424185 ], [ -3.078308, 37.427395 ], [ -3.073732, 37.430145 ], [ -3.062437, 37.435865 ], [ -3.06146, 37.436415 ], [ -3.051141, 37.44338 ], [ -3.04721, 37.445432 ], [ -3.039843, 37.45046 ], [ -3.03217, 37.454447 ], [ -3.028542, 37.456815 ], [ -3.017239, 37.463045 ], [ -3.016564, 37.46346 ], [ -3.005935, 37.471479 ], [ -3.004492, 37.472471 ], [ -2.994628, 37.479871 ], [ -2.992316, 37.48148 ], [ -2.983319, 37.48837 ], [ -2.980036, 37.490489 ], [ -2.972007, 37.496648 ], [ -2.967977, 37.499496 ], [ -2.960692, 37.505358 ], [ -2.957076, 37.508502 ], [ -2.949374, 37.515445 ], [ -2.947192, 37.517508 ], [ -2.938052, 37.525903 ], [ -2.937482, 37.526513 ], [ -2.928345, 37.535518 ], [ -2.926726, 37.538311 ], [ -2.922722, 37.544524 ], [ -2.915394, 37.552294 ], [ -2.914628, 37.553528 ], [ -2.911054, 37.562535 ], [ -2.905739, 37.571541 ], [ -2.904044, 37.576597 ], [ -2.902842, 37.580548 ], [ -2.902575, 37.589557 ], [ -2.902594, 37.598567 ], [ -2.903381, 37.607577 ], [ -2.904, 37.611075 ], [ -2.905424, 37.616589 ], [ -2.906761, 37.625599 ], [ -2.90901, 37.634611 ], [ -2.911852, 37.643622 ], [ -2.914421, 37.652634 ], [ -2.915277, 37.655681 ], [ -2.917164, 37.661645 ], [ -2.920065, 37.670657 ], [ -2.923249, 37.679669 ], [ -2.926578, 37.688325 ], [ -2.926712, 37.68868 ], [ -2.930213, 37.697692 ], [ -2.932633, 37.706703 ], [ -2.936542, 37.715715 ], [ -2.937892, 37.718955 ], [ -2.939951, 37.724726 ], [ -2.943524, 37.733737 ], [ -2.9477, 37.742748 ], [ -2.949217, 37.746159 ], [ -2.951498, 37.751759 ], [ -2.954946, 37.76077 ], [ -2.95923, 37.769781 ], [ -2.960551, 37.772717 ], [ -2.962924, 37.778792 ], [ -2.966761, 37.787802 ], [ -2.971325, 37.796813 ], [ -2.971893, 37.798064 ], [ -2.974941, 37.805823 ], [ -2.979047, 37.814833 ], [ -2.983244, 37.823099 ], [ -2.983571, 37.823843 ], [ -2.98718, 37.832853 ], [ -2.991513, 37.841863 ], [ -2.994601, 37.847924 ], [ -2.995906, 37.850872 ], [ -2.99981, 37.859881 ], [ -3.004506, 37.868891 ], [ -3.005967, 37.871838 ], [ -3.00856, 37.8779 ], [ -3.012839, 37.886908 ], [ -3.01734, 37.895267 ], [ -3.017644, 37.895917 ], [ -3.02144, 37.904926 ], [ -3.026033, 37.913934 ], [ -3.02872, 37.919063 ], [ -3.030482, 37.922942 ], [ -3.034649, 37.93195 ], [ -3.039724, 37.940958 ], [ -3.040106, 37.941726 ], [ -3.043639, 37.949965 ], [ -3.048235, 37.958973 ], [ -3.0515, 37.964929 ], [ -3.053052, 37.96798 ], [ -3.057165, 37.976987 ], [ -3.0622, 37.985993 ], [ -3.062901, 37.987385 ], [ -3.066249, 37.995 ], [ -3.070825, 38.004006 ], [ -3.074309, 38.010422 ], [ -3.075546, 38.013013 ], [ -3.079779, 38.022019 ], [ -3.084916, 38.031024 ], [ -3.085724, 38.032575 ], [ -3.08912, 38.04003 ], [ -3.093962, 38.049035 ], [ -3.097145, 38.054565 ], [ -3.098973, 38.05804 ], [ -3.103624, 38.067045 ], [ -3.108571, 38.075362 ], [ -3.108941, 38.076049 ], [ -3.113433, 38.085054 ], [ -3.118785, 38.094057 ], [ -3.120003, 38.096231 ], [ -3.123455, 38.103061 ], [ -3.128667, 38.112065 ], [ -3.131442, 38.116754 ], [ -3.133752, 38.121068 ], [ -3.138895, 38.130071 ], [ -3.142885, 38.136439 ], [ -3.144443, 38.139073 ], [ -3.149631, 38.148075 ], [ -3.154334, 38.155494 ], [ -3.155269, 38.157077 ], [ -3.160453, 38.166079 ], [ -3.165787, 38.174353 ], [ -3.166225, 38.175079 ], [ -3.171457, 38.18408 ], [ -3.177246, 38.192849 ], [ -3.177389, 38.19308 ], [ -3.182729, 38.202081 ], [ -3.18871, 38.210874 ], [ -3.188841, 38.21108 ], [ -3.194441, 38.22008 ], [ -3.200177, 38.22843 ], [ -3.200605, 38.229078 ], [ -3.20635, 38.238077 ], [ -3.21165, 38.245725 ], [ -3.212548, 38.247074 ], [ -3.218499, 38.256072 ], [ -3.223127, 38.262643 ], [ -3.224769, 38.265069 ], [ -3.230986, 38.274065 ], [ -3.234607, 38.279077 ], [ -3.237375, 38.283061 ], [ -3.244018, 38.292056 ], [ -3.246091, 38.294877 ], [ -3.250574, 38.301051 ], [ -3.257331, 38.310045 ], [ -3.257579, 38.310377 ], [ -3.263963, 38.319038 ], [ -3.269071, 38.325736 ], [ -3.270807, 38.328031 ], [ -3.277713, 38.337024 ], [ -3.280566, 38.340668 ], [ -3.284725, 38.346015 ], [ -3.291973, 38.355006 ], [ -3.292064, 38.355119 ], [ -3.299351, 38.363996 ], [ -3.303565, 38.369134 ], [ -3.306765, 38.372985 ], [ -3.31422, 38.381974 ], [ -3.315069, 38.38298 ], [ -3.321903, 38.390961 ], [ -3.326576, 38.396424 ], [ -3.329643, 38.399948 ], [ -3.33747, 38.408934 ], [ -3.338087, 38.409625 ], [ -3.345627, 38.417919 ], [ -3.349599, 38.422312 ], [ -3.35398, 38.426902 ], [ -3.361113, 38.434685 ], [ -3.362243, 38.435886 ], [ -3.370768, 38.444867 ], [ -3.37263, 38.446808 ], [ -3.379571, 38.453847 ], [ -3.384149, 38.458543 ], [ -3.388455, 38.462826 ], [ -3.395671, 38.470091 ], [ -3.397408, 38.471805 ], [ -3.40663, 38.480781 ], [ -3.407194, 38.481315 ], [ -3.416278, 38.489756 ], [ -3.418719, 38.492034 ], [ -3.426076, 38.498729 ], [ -3.430245, 38.502537 ], [ -3.436056, 38.5077 ], [ -3.441773, 38.512794 ], [ -3.446254, 38.51667 ], [ -3.453303, 38.522771 ], [ -3.456806, 38.525637 ], [ -3.464834, 38.532407 ], [ -3.467472, 38.534603 ], [ -3.476367, 38.541949 ], [ -3.478361, 38.543568 ], [ -3.487901, 38.551193 ], [ -3.489617, 38.552529 ], [ -3.499435, 38.560008 ], [ -3.501446, 38.561487 ], [ -3.510969, 38.568302 ], [ -3.514088, 38.57044 ], [ -3.5225, 38.575939 ], [ -3.527688, 38.579388 ], [ -3.534032, 38.583348 ], [ -3.541881, 38.588331 ], [ -3.545565, 38.590541 ], [ -3.55679, 38.597269 ], [ -3.557097, 38.597447 ], [ -3.568627, 38.603665 ], [ -3.573205, 38.606198 ], [ -3.580158, 38.609834 ], [ -3.58975, 38.615124 ], [ -3.591692, 38.61611 ], [ -3.603222, 38.621604 ], [ -3.608062, 38.624038 ], [ -3.614753, 38.62712 ], [ -3.626287, 38.632646 ], [ -3.626948, 38.632946 ], [ -3.637816, 38.637467 ], [ -3.647339, 38.641843 ], [ -3.64935, 38.642752 ], [ -3.660878, 38.647171 ], [ -3.669025, 38.650729 ], [ -3.672412, 38.652047 ], [ -3.683942, 38.656266 ], [ -3.692045, 38.659603 ], [ -3.695476, 38.660866 ], [ -3.707005, 38.664735 ], [ -3.71659, 38.668463 ], [ -3.71854, 38.669144 ], [ -3.730068, 38.672656 ], [ -3.741603, 38.676774 ], [ -3.743225, 38.677305 ], [ -3.75313, 38.680047 ], [ -3.764662, 38.683625 ], [ -3.772072, 38.686126 ], [ -3.776196, 38.687321 ], [ -3.787724, 38.690331 ], [ -3.799258, 38.693823 ], [ -3.802983, 38.694925 ], [ -3.810789, 38.696906 ], [ -3.822318, 38.699782 ], [ -3.833853, 38.703133 ], [ -3.836023, 38.703702 ], [ -3.845381, 38.705731 ], [ -3.856911, 38.708393 ], [ -3.868445, 38.711387 ], [ -3.872609, 38.712442 ], [ -3.879976, 38.714 ], [ -3.891503, 38.716298 ], [ -3.903035, 38.718867 ], [ -3.912236, 38.721147 ], [ -3.91457, 38.721636 ], [ -3.926096, 38.723604 ], [ -3.937625, 38.725776 ], [ -3.949159, 38.728322 ], [ -3.956603, 38.7298 ], [ -3.96069, 38.730519 ], [ -3.972216, 38.732311 ], [ -3.983744, 38.734235 ], [ -3.995275, 38.736315 ], [ -4.005928, 38.738394 ], [ -4.006809, 38.738538 ], [ -4.018334, 38.740137 ], [ -4.02986, 38.741738 ], [ -4.041389, 38.743463 ], [ -4.05292, 38.745331 ], [ -4.062357, 38.746902 ], [ -4.064452, 38.747207 ], [ -4.075975, 38.748509 ], [ -4.087501, 38.749891 ], [ -4.099027, 38.751335 ], [ -4.110556, 38.752849 ], [ -4.122086, 38.754442 ], [ -4.128162, 38.755293 ], [ -4.133614, 38.755917 ], [ -4.145137, 38.756985 ], [ -4.156661, 38.7581 ], [ -4.168186, 38.759268 ], [ -4.179712, 38.760497 ], [ -4.19124, 38.761796 ], [ -4.202768, 38.763134 ], [ -4.206531, 38.763518 ], [ -4.214293, 38.764161 ], [ -4.225814, 38.765008 ], [ -4.237335, 38.765852 ], [ -4.248857, 38.7667 ], [ -4.260379, 38.767558 ], [ -4.271902, 38.76843 ], [ -4.283426, 38.769324 ], [ -4.29495, 38.770248 ], [ -4.306475, 38.771209 ], [ -4.309325, 38.771418 ], [ -4.317996, 38.771936 ], [ -4.329517, 38.772652 ], [ -4.341037, 38.773277 ], [ -4.352558, 38.773971 ], [ -4.36408, 38.77467 ], [ -4.375602, 38.775376 ], [ -4.387124, 38.776088 ], [ -4.398647, 38.776809 ], [ -4.41017, 38.77754 ], [ -4.421693, 38.778279 ], [ -4.432476, 38.778981 ], [ -4.433217, 38.779021 ], [ -4.444736, 38.779522 ], [ -4.456255, 38.779995 ], [ -4.467775, 38.780573 ], [ -4.479293, 38.780967 ], [ -4.490812, 38.781451 ], [ -4.502331, 38.781928 ], [ -4.513851, 38.782398 ], [ -4.52537, 38.782862 ], [ -4.536889, 38.78332 ], [ -4.548408, 38.783772 ], [ -4.559928, 38.784219 ], [ -4.571447, 38.784661 ], [ -4.582967, 38.785099 ], [ -4.594486, 38.785533 ], [ -4.601938, 38.785788 ], [ -4.606004, 38.785904 ], [ -4.617519, 38.786149 ], [ -4.629035, 38.786386 ], [ -4.64055, 38.786605 ], [ -4.652064, 38.786808 ], [ -4.663579, 38.786996 ], [ -4.675093, 38.787168 ], [ -4.686606, 38.787326 ], [ -4.69812, 38.78747 ], [ -4.709633, 38.7876 ], [ -4.721146, 38.787719 ], [ -4.732658, 38.787826 ], [ -4.744172, 38.787984 ], [ -4.755683, 38.788033 ], [ -4.767195, 38.788091 ], [ -4.778706, 38.788126 ], [ -4.790216, 38.788138 ], [ -4.801726, 38.788129 ], [ -4.813235, 38.788099 ], [ -4.824744, 38.78805 ], [ -4.836252, 38.787983 ], [ -4.847759, 38.787898 ], [ -4.859267, 38.787796 ], [ -4.870773, 38.78768 ], [ -4.882284, 38.787712 ], [ -4.893786, 38.787415 ], [ -4.905291, 38.787232 ], [ -4.916795, 38.787024 ], [ -4.928298, 38.786792 ], [ -4.939801, 38.786537 ], [ -4.951303, 38.786262 ], [ -4.962804, 38.785968 ], [ -4.974305, 38.785656 ], [ -4.985805, 38.785327 ], [ -4.997305, 38.784983 ], [ -5.008804, 38.784627 ], [ -5.020304, 38.784303 ], [ -5.031802, 38.783912 ], [ -5.043299, 38.783497 ], [ -5.054795, 38.783058 ], [ -5.066291, 38.782597 ], [ -5.077785, 38.782116 ], [ -5.089279, 38.781615 ], [ -5.100773, 38.781096 ], [ -5.112265, 38.78056 ], [ -5.123757, 38.780009 ], [ -5.135248, 38.779442 ], [ -5.146739, 38.778862 ], [ -5.158229, 38.778279 ], [ -5.169719, 38.777673 ], [ -5.181208, 38.777061 ], [ -5.192696, 38.77643 ], [ -5.198329, 38.776087 ], [ -5.204181, 38.775702 ], [ -5.215665, 38.774929 ], [ -5.227147, 38.774143 ], [ -5.238629, 38.773342 ], [ -5.250111, 38.772527 ], [ -5.261591, 38.771697 ], [ -5.273071, 38.770853 ], [ -5.28455, 38.769994 ], [ -5.296027, 38.769083 ], [ -5.307505, 38.768221 ], [ -5.318984, 38.767366 ], [ -5.330462, 38.766513 ], [ -5.341939, 38.765659 ], [ -5.353417, 38.7648 ], [ -5.364892, 38.763884 ], [ -5.365738, 38.76381 ], [ -5.376361, 38.762802 ], [ -5.387829, 38.761697 ], [ -5.399296, 38.760576 ], [ -5.410762, 38.759434 ], [ -5.42223, 38.75833 ], [ -5.433688, 38.756998 ], [ -5.445153, 38.755854 ], [ -5.456618, 38.754732 ], [ -5.468084, 38.753627 ], [ -5.479547, 38.752469 ], [ -5.479816, 38.752438 ], [ -5.491, 38.75101 ], [ -5.502452, 38.749565 ], [ -5.513904, 38.748136 ], [ -5.525357, 38.746715 ], [ -5.536809, 38.745299 ], [ -5.548265, 38.744034 ], [ -5.559712, 38.742504 ], [ -5.567409, 38.74154 ], [ -5.571159, 38.740992 ], [ -5.582595, 38.739171 ], [ -5.594033, 38.73743 ], [ -5.605472, 38.735757 ], [ -5.616913, 38.73414 ], [ -5.628356, 38.732571 ], [ -5.639797, 38.730982 ], [ -5.640236, 38.730911 ], [ -5.651217, 38.728837 ], [ -5.662641, 38.726811 ], [ -5.674061, 38.724712 ], [ -5.685491, 38.722879 ], [ -5.696924, 38.721165 ], [ -5.700463, 38.720529 ], [ -5.708334, 38.718835 ], [ -5.719742, 38.716486 ], [ -5.731156, 38.714305 ], [ -5.742574, 38.712263 ], [ -5.753994, 38.710278 ], [ -5.754019, 38.710273 ], [ -5.76539, 38.707698 ], [ -5.776774, 38.704827 ], [ -5.788179, 38.702507 ], [ -5.799588, 38.700325 ], [ -5.800264, 38.700168 ], [ -5.810961, 38.697219 ], [ -5.822345, 38.694429 ], [ -5.833739, 38.691922 ], [ -5.841465, 38.690168 ], [ -5.845122, 38.689159 ], [ -5.856481, 38.685815 ], [ -5.867857, 38.682922 ], [ -5.879241, 38.680252 ], [ -5.879294, 38.680236 ], [ -5.890581, 38.676511 ], [ -5.901941, 38.673295 ], [ -5.912955, 38.670397 ], [ -5.913309, 38.670286 ], [ -5.924634, 38.666253 ], [ -5.93598, 38.662784 ], [ -5.943232, 38.660633 ], [ -5.94732, 38.659181 ], [ -5.958636, 38.655012 ], [ -5.969978, 38.651515 ], [ -5.971635, 38.650909 ], [ -5.981271, 38.646866 ], [ -5.99259, 38.642875 ], [ -5.996857, 38.641259 ], [ -6.003878, 38.638179 ], [ -6.015172, 38.63365 ], [ -6.020251, 38.631652 ], [ -6.026452, 38.628839 ], [ -6.037729, 38.623986 ], [ -6.04197, 38.622084 ], [ -6.048981, 38.618579 ], [ -6.060247, 38.613541 ], [ -6.062239, 38.612549 ], [ -6.071466, 38.607423 ], [ -6.080475, 38.603065 ], [ -6.082705, 38.601838 ], [ -6.093906, 38.595381 ], [ -6.096845, 38.593627 ], [ -6.105079, 38.588351 ], [ -6.111774, 38.584226 ], [ -6.116249, 38.581298 ], [ -6.126864, 38.574818 ], [ -6.127427, 38.574457 ], [ -6.138589, 38.567329 ], [ -6.141601, 38.565418 ], [ -6.149747, 38.560142 ], [ -6.156354, 38.556015 ], [ -6.160908, 38.553061 ], [ -6.171249, 38.546607 ], [ -6.17207, 38.546076 ], [ -6.183215, 38.538747 ], [ -6.185696, 38.53721 ], [ -6.194361, 38.531488 ], [ -6.200026, 38.527814 ], [ -6.205503, 38.524171 ], [ -6.214298, 38.518417 ], [ -6.216641, 38.516849 ], [ -6.227776, 38.509478 ], [ -6.228452, 38.509022 ], [ -6.238898, 38.501882 ], [ -6.242367, 38.499633 ], [ -6.250024, 38.494434 ], [ -6.256195, 38.490244 ], [ -6.261142, 38.486844 ], [ -6.269869, 38.480857 ], [ -6.272255, 38.479205 ], [ -6.283364, 38.471538 ], [ -6.283459, 38.471472 ], [ -6.294466, 38.463756 ], [ -6.29694, 38.462088 ], [ -6.305568, 38.456035 ], [ -6.310275, 38.452706 ], [ -6.316662, 38.448176 ], [ -6.32344, 38.443328 ], [ -6.32775, 38.440244 ], [ -6.336482, 38.433953 ], [ -6.338833, 38.432259 ], [ -6.349474, 38.424577 ], [ -6.349913, 38.42426 ], [ -6.360989, 38.416231 ], [ -6.362398, 38.415201 ], [ -6.372061, 38.408153 ], [ -6.375202, 38.405828 ], [ -6.383126, 38.399994 ], [ -6.387862, 38.396458 ], [ -6.394186, 38.391768 ], [ -6.400528, 38.387086 ], [ -6.405245, 38.383577 ], [ -6.412994, 38.377718 ], [ -6.416294, 38.375231 ], [ -6.425282, 38.368355 ], [ -6.427336, 38.366792 ], [ -6.437443, 38.358994 ], [ -6.438372, 38.358281 ], [ -6.449405, 38.349737 ], [ -6.449548, 38.349633 ], [ -6.460442, 38.341346 ], [ -6.461836, 38.340266 ], [ -6.471471, 38.332849 ], [ -6.473954, 38.330902 ], [ -6.482493, 38.324263 ], [ -6.485934, 38.321542 ], [ -6.49351, 38.315602 ], [ -6.497799, 38.312183 ], [ -6.504521, 38.306879 ], [ -6.509656, 38.302824 ], [ -6.515529, 38.298156 ], [ -6.521373, 38.293468 ], [ -6.52653, 38.289345 ], [ -6.532995, 38.284113 ], [ -6.537525, 38.280463 ], [ -6.544505, 38.274761 ], [ -6.548514, 38.2715 ], [ -6.555884, 38.265412 ], [ -6.559495, 38.262435 ], [ -6.567266, 38.256062 ], [ -6.570474, 38.253383 ], [ -6.578409, 38.246717 ], [ -6.581442, 38.244156 ], [ -6.589422, 38.237376 ], [ -6.592402, 38.234831 ], [ -6.600309, 38.228038 ], [ -6.603355, 38.22541 ], [ -6.610935, 38.218706 ], [ -6.614293, 38.215765 ], [ -6.621829, 38.209366 ], [ -6.62524, 38.206342 ], [ -6.632391, 38.200035 ], [ -6.636171, 38.196642 ], [ -6.642815, 38.190707 ], [ -6.647092, 38.18682 ], [ -6.653101, 38.181382 ], [ -6.657995, 38.176679 ], [ -6.6631, 38.172066 ], [ -6.668909, 38.166822 ], [ -6.673338, 38.162742 ], [ -6.6798, 38.156573 ], [ -6.683162, 38.153429 ], [ -6.690679, 38.146126 ], [ -6.692787, 38.144122 ], [ -6.701542, 38.13545 ], [ -6.70215, 38.134823 ], [ -6.71179, 38.125514 ], [ -6.71241, 38.124903 ], [ -6.721497, 38.116202 ], [ -6.723277, 38.114418 ], [ -6.731, 38.106896 ], [ -6.734129, 38.103691 ], [ -6.740252, 38.097597 ], [ -6.744961, 38.092641 ], [ -6.748884, 38.088317 ], [ -6.75576, 38.08099 ], [ -6.757664, 38.079032 ], [ -6.766324, 38.06975 ], [ -6.766563, 38.069497 ], [ -6.775243, 38.060459 ], [ -6.77737, 38.05815 ], [ -6.78387, 38.051177 ], [ -6.788154, 38.046399 ], [ -6.792129, 38.041907 ], [ -6.798912, 38.034218 ], [ -6.800334, 38.032637 ], [ -6.808529, 38.023368 ], [ -6.809667, 38.022063 ], [ -6.816699, 38.014098 ], [ -6.820411, 38.009739 ], [ -6.824518, 38.004839 ], [ -6.831126, 37.996936 ], [ -6.832294, 37.995582 ], [ -6.840019, 37.986325 ], [ -6.841836, 37.984102 ], [ -6.847648, 37.977072 ], [ -6.852525, 37.970939 ], [ -6.855028, 37.967825 ], [ -6.862265, 37.958584 ], [ -6.86319, 37.957393 ], [ -6.869535, 37.94934 ], [ -6.87384, 37.943625 ], [ -6.87653, 37.940106 ], [ -6.883395, 37.930875 ], [ -6.884464, 37.929433 ], [ -6.890318, 37.921642 ], [ -6.895072, 37.915031 ], [ -6.896995, 37.912417 ], [ -6.903638, 37.903192 ], [ -6.905661, 37.900324 ], [ -6.910229, 37.893969 ], [ -6.916222, 37.885176 ], [ -6.916514, 37.884756 ], [ -6.922987, 37.875536 ], [ -6.926774, 37.869935 ], [ -6.929321, 37.86632 ], [ -6.935501, 37.85711 ], [ -6.937305, 37.854374 ], [ -6.941696, 37.847898 ], [ -6.947559, 37.838697 ], [ -6.947806, 37.83832 ], [ -6.9537, 37.829487 ], [ -6.958297, 37.82217 ], [ -6.959552, 37.820286 ], [ -6.965541, 37.811081 ], [ -6.968771, 37.805785 ], [ -6.971257, 37.801884 ], [ -6.976963, 37.792687 ], [ -6.979217, 37.788954 ], [ -6.982624, 37.783492 ], [ -6.988181, 37.774299 ], [ -6.989643, 37.771842 ], [ -6.993875, 37.765102 ], [ -6.999166, 37.755919 ], [ -7.000048, 37.754412 ], [ -7.00478, 37.746724 ], [ -7.009907, 37.737545 ], [ -7.010429, 37.736641 ], [ -7.015434, 37.728353 ], [ -7.020451, 37.719178 ], [ -7.020791, 37.718596 ], [ -7.025974, 37.709985 ], [ -7.03086, 37.700814 ], [ -7.031136, 37.700319 ], [ -7.036258, 37.691626 ], [ -7.041063, 37.682457 ], [ -7.041459, 37.681734 ], [ -7.046296, 37.673273 ], [ -7.051128, 37.664103 ], [ -7.051766, 37.662927 ], [ -7.056441, 37.654917 ], [ -7.061093, 37.645753 ], [ -7.062056, 37.6439 ], [ -7.066197, 37.636573 ], [ -7.070831, 37.627409 ], [ -7.072318, 37.624472 ], [ -7.075665, 37.618238 ], [ -7.080414, 37.60907 ], [ -7.082557, 37.604696 ], [ -7.085195, 37.5999 ], [ -7.089951, 37.590732 ], [ -7.092779, 37.58469 ], [ -7.094401, 37.581573 ], [ -7.099237, 37.572401 ], [ -7.102962, 37.564096 ], [ -7.103368, 37.563254 ], [ -7.108222, 37.554081 ], [ -7.112492, 37.544928 ], [ -7.113145, 37.543569 ], [ -7.117689, 37.535743 ], [ -7.121941, 37.526591 ], [ -7.123345, 37.523453 ], [ -7.126689, 37.517421 ], [ -7.131141, 37.508262 ], [ -7.133486, 37.502361 ], [ -7.134954, 37.499124 ], [ -7.139499, 37.489961 ], [ -7.1434, 37.48082 ], [ -7.143573, 37.480382 ], [ -7.149894, 37.471588 ], [ -7.152857, 37.462481 ], [ -7.153623, 37.457838 ], [ -7.15536, 37.453389 ], [ -7.160689, 37.444197 ], [ -7.162793, 37.435119 ], [ -7.163448, 37.431338 ], [ -7.165378, 37.426024 ], [ -7.169795, 37.416865 ], [ -7.172164, 37.407777 ], [ -7.173068, 37.401247 ], [ -7.173971, 37.39871 ], [ -7.179108, 37.389524 ], [ -7.181451, 37.380438 ], [ -7.182608, 37.371393 ], [ -7.182674, 37.371045 ], [ -7.186296, 37.362259 ], [ -7.189392, 37.353145 ], [ -7.190886, 37.344089 ], [ -7.191846, 37.335051 ], [ -7.191929, 37.334645 ], [ -7.196036, 37.325899 ], [ -7.1988, 37.316797 ], [ -7.200253, 37.307741 ], [ -7.201019, 37.298711 ], [ -7.201132, 37.297447 ], [ -7.203173, 37.28963 ], [ -7.206428, 37.280511 ], [ -7.20806, 37.271449 ], [ -7.20781, 37.262454 ], [ -7.209594, 37.253387 ], [ -7.209803, 37.250831 ], [ -7.211483, 37.244316 ], [ -7.214496, 37.235205 ], [ -7.216198, 37.226141 ], [ -7.217176, 37.217102 ], [ -7.217716, 37.208079 ], [ -7.217973, 37.199067 ], [ -7.218063, 37.196977 ], [ -7.219238, 37.190018 ], [ -7.220486, 37.18097 ], [ -7.223279, 37.171866 ], [ -7.224301, 37.162826 ], [ -7.224946, 37.153799 ], [ -7.22532, 37.144782 ], [ -7.225495, 37.135773 ], [ -7.225521, 37.128901 ], [ -7.225696, 37.126762 ], [ -7.226811, 37.117718 ], [ -7.22857, 37.108652 ], [ -7.229641, 37.09961 ], [ -7.230332, 37.090581 ], [ -7.230872, 37.081558 ], [ -7.231211, 37.072542 ], [ -7.231389, 37.063532 ], [ -7.231439, 37.054527 ], [ -7.231381, 37.045525 ], [ -7.231236, 37.036527 ], [ -7.231019, 37.027531 ], [ -7.230897, 37.023505 ], [ -7.230929, 37.01853 ], [ -7.231552, 37.009504 ], [ -7.232367, 37.000471 ], [ -7.232923, 36.991448 ], [ -7.233304, 36.98243 ], [ -7.233537, 36.973418 ], [ -7.233642, 36.964411 ], [ -7.233637, 36.955407 ], [ -7.233536, 36.946407 ], [ -7.233353, 36.93741 ], [ -7.233099, 36.928415 ], [ -7.232783, 36.919422 ], [ -7.232414, 36.910432 ], [ -7.232108, 36.901439 ], [ -7.231809, 36.892446 ], [ -7.231465, 36.883454 ], [ -7.231076, 36.874464 ], [ -7.230641, 36.865476 ], [ -7.230161, 36.856489 ], [ -7.229632, 36.847504 ], [ -7.229058, 36.838521 ], [ -7.228436, 36.829539 ], [ -7.227768, 36.820559 ], [ -7.227052, 36.811581 ], [ -7.226393, 36.8026 ], [ -7.225745, 36.793619 ], [ -7.22504, 36.78464 ], [ -7.224269, 36.775664 ], [ -7.22342, 36.76669 ], [ -7.222481, 36.75772 ], [ -7.221434, 36.748753 ], [ -7.220262, 36.739791 ], [ -7.218944, 36.730833 ], [ -7.217453, 36.721882 ], [ -7.214846, 36.712971 ], [ -7.213704, 36.704007 ], [ -7.212888, 36.696712 ], [ -7.212759, 36.695037 ], [ -7.212015, 36.686059 ], [ -7.211202, 36.677084 ], [ -7.210304, 36.668112 ], [ -7.209304, 36.659143 ], [ -7.208174, 36.650179 ], [ -7.206884, 36.64122 ], [ -7.205396, 36.632269 ], [ -7.203444, 36.623334 ], [ -7.201742, 36.61439 ], [ -7.199153, 36.605477 ], [ -7.19674, 36.596558 ], [ -7.196063, 36.592948 ], [ -7.19547, 36.587599 ], [ -7.194348, 36.578634 ], [ -7.193028, 36.569677 ], [ -7.191437, 36.560728 ], [ -7.189455, 36.551794 ], [ -7.186888, 36.54288 ], [ -7.18328, 36.534003 ], [ -7.181351, 36.527336 ], [ -7.180991, 36.525079 ], [ -7.179745, 36.516118 ], [ -7.17819, 36.507169 ], [ -7.176152, 36.498236 ], [ -7.173294, 36.489332 ], [ -7.168912, 36.480481 ], [ -7.167427, 36.475836 ], [ -7.166711, 36.471554 ], [ -7.16469, 36.46262 ], [ -7.162632, 36.453687 ], [ -7.15962, 36.444788 ], [ -7.155099, 36.435942 ], [ -7.153949, 36.432296 ], [ -7.153002, 36.42701 ], [ -7.150944, 36.418078 ], [ -7.147943, 36.409178 ], [ -7.143009, 36.400345 ], [ -7.140857, 36.395682 ], [ -7.139818, 36.391451 ], [ -7.137353, 36.382532 ], [ -7.133943, 36.373646 ], [ -7.1287, 36.364823 ], [ -7.127988, 36.363023 ], [ -7.126306, 36.355901 ], [ -7.123208, 36.347004 ], [ -7.11769, 36.33819 ], [ -7.115301, 36.333594 ], [ -7.114059, 36.32931 ], [ -7.110739, 36.32042 ], [ -7.10512, 36.311609 ], [ -7.10277, 36.306938 ], [ -7.101442, 36.302731 ], [ -7.097968, 36.293845 ], [ -7.0917, 36.285056 ], [ -7.090367, 36.282535 ], [ -7.08833, 36.276166 ], [ -7.083296, 36.267334 ], [ -7.078107, 36.260738 ], [ -7.077003, 36.258544 ], [ -7.070778, 36.249752 ], [ -7.066027, 36.242261 ], [ -7.06522, 36.240936 ], [ -7.06014, 36.232104 ], [ -7.053954, 36.223798 ], [ -7.053647, 36.22332 ], [ -7.048533, 36.214488 ], [ -7.041914, 36.205849 ], [ -7.041823, 36.205711 ], [ -7.036534, 36.196884 ], [ -7.030253, 36.188091 ], [ -7.029857, 36.187471 ], [ -7.024902, 36.179267 ], [ -7.018679, 36.170471 ], [ -7.017811, 36.169174 ], [ -7.013212, 36.16165 ], [ -7.006955, 36.152854 ], [ -7.005786, 36.151181 ], [ -7.0013, 36.144039 ], [ -6.995018, 36.135243 ], [ -6.993777, 36.13338 ], [ -6.989344, 36.126428 ], [ -6.983067, 36.117632 ], [ -6.981783, 36.115775 ], [ -6.977323, 36.108818 ], [ -6.97093, 36.100025 ], [ -6.96981, 36.098464 ], [ -6.965061, 36.091214 ], [ -6.958581, 36.082423 ], [ -6.957854, 36.081372 ], [ -6.952682, 36.073613 ], [ -6.946157, 36.064823 ], [ -6.945913, 36.064478 ], [ -6.94025, 36.056012 ], [ -6.933982, 36.047685 ], [ -6.933652, 36.047224 ], [ -6.927608, 36.038417 ], [ -6.922064, 36.031031 ], [ -6.921055, 36.029626 ], [ -6.914868, 36.020823 ], [ -6.910162, 36.014601 ], [ -6.908311, 36.012032 ], [ -6.901919, 36.003235 ], [ -6.89828, 35.998471 ], [ -6.895362, 35.994442 ], [ -6.888682, 35.985654 ], [ -6.886418, 35.982646 ], [ -6.882201, 35.976858 ], [ -6.875327, 35.968075 ], [ -6.874574, 35.96709 ], [ -6.868875, 35.959278 ], [ -6.86274, 35.951619 ], [ -6.86188, 35.950498 ], [ -6.85518, 35.941708 ], [ -6.850919, 35.936324 ], [ -6.848295, 35.932923 ], [ -6.841359, 35.92414 ], [ -6.839117, 35.921336 ], [ -6.834484, 35.915354 ], [ -6.827338, 35.90672 ], [ -6.827226, 35.90658 ], [ -6.820297, 35.897795 ], [ -6.815562, 35.892058 ], [ -6.813103, 35.889018 ], [ -6.805867, 35.880242 ], [ -6.803808, 35.877771 ], [ -6.798672, 35.871464 ], [ -6.792072, 35.863772 ], [ -6.791168, 35.862695 ], [ -6.783845, 35.85392 ], [ -6.780344, 35.849846 ], [ -6.776379, 35.84515 ], [ -6.76865, 35.836386 ], [ -6.768642, 35.836378 ], [ -6.761125, 35.827616 ], [ -6.756947, 35.822966 ], [ -6.753304, 35.818855 ], [ -6.745284, 35.810153 ], [ -6.745236, 35.810101 ], [ -6.737344, 35.80134 ], [ -6.733626, 35.797367 ], [ -6.72922, 35.792587 ], [ -6.721993, 35.785023 ], [ -6.720874, 35.783839 ], [ -6.712562, 35.77509 ], [ -6.71037, 35.772827 ], [ -6.704175, 35.766343 ], [ -6.698763, 35.760882 ], [ -6.695557, 35.757602 ], [ -6.687176, 35.749302 ], [ -6.68674, 35.748866 ], [ -6.678088, 35.740125 ], [ -6.675589, 35.737658 ], [ -6.669293, 35.731387 ], [ -6.664021, 35.72633 ], [ -6.660255, 35.722656 ], [ -6.652471, 35.715335 ], [ -6.650946, 35.713933 ], [ -6.641812, 35.705203 ], [ -6.640926, 35.704377 ], [ -6.632751, 35.696471 ], [ -6.629384, 35.693395 ], [ -6.623384, 35.687746 ], [ -6.617862, 35.68279 ], [ -6.613782, 35.679029 ], [ -6.606355, 35.672472 ], [ -6.603976, 35.670316 ], [ -6.59486, 35.662338 ], [ -6.594037, 35.661607 ], [ -6.584091, 35.652897 ], [ -6.583371, 35.652267 ], [ -6.574306, 35.644181 ], [ -6.57188, 35.642092 ], [ -6.56433, 35.63547 ], [ -6.560403, 35.632155 ], [ -6.554144, 35.626764 ], [ -6.548936, 35.622383 ], [ -6.543843, 35.618061 ], [ -6.537479, 35.612778 ], [ -6.533401, 35.609361 ], [ -6.526032, 35.60332 ], [ -6.522823, 35.600664 ], [ -6.514594, 35.594017 ], [ -6.512085, 35.591971 ], [ -6.503162, 35.584785 ], [ -6.501292, 35.583278 ], [ -6.491737, 35.575665 ], [ -6.490386, 35.574587 ], [ -6.48032, 35.56665 ], [ -6.479369, 35.565899 ], [ -6.468909, 35.557731 ], [ -6.468245, 35.557212 ], [ -6.457503, 35.548874 ], [ -6.457055, 35.548527 ], [ -6.446104, 35.540102 ], [ -6.445765, 35.539843 ], [ -6.434711, 35.531423 ], [ -6.434366, 35.531161 ], [ -6.423325, 35.522837 ], [ -6.422851, 35.522481 ], [ -6.411945, 35.514335 ], [ -6.411227, 35.513803 ], [ -6.40057, 35.505899 ], [ -6.399517, 35.505126 ], [ -6.389201, 35.497551 ], [ -6.387687, 35.496452 ], [ -6.377838, 35.489298 ], [ -6.375724, 35.48778 ], [ -6.366482, 35.481139 ], [ -6.363614, 35.479111 ], [ -6.355132, 35.473071 ], [ -6.351377, 35.470444 ], [ -6.343788, 35.465103 ], [ -6.338978, 35.46178 ], [ -6.332451, 35.457245 ], [ -6.326397, 35.45312 ], [ -6.321122, 35.449529 ], [ -6.313571, 35.444465 ], [ -6.3098, 35.441908 ], [ -6.300579, 35.435813 ], [ -6.298484, 35.434413 ], [ -6.287368, 35.427166 ], [ -6.287176, 35.427039 ], [ -6.275864, 35.419539 ], [ -6.274249, 35.418515 ], [ -6.264562, 35.412212 ], [ -6.26094, 35.409867 ], [ -6.253263, 35.404912 ], [ -6.247374, 35.401225 ], [ -6.241973, 35.397796 ], [ -6.233502, 35.392589 ], [ -6.230692, 35.390838 ], [ -6.219418, 35.384029 ], [ -6.219306, 35.38396 ], [ -6.208139, 35.377026 ], [ -6.2053, 35.375325 ], [ -6.196868, 35.370185 ], [ -6.190923, 35.366697 ], [ -6.185606, 35.363522 ], [ -6.176114, 35.358079 ], [ -6.174353, 35.357051 ], [ -6.163102, 35.350569 ], [ -6.161206, 35.349462 ], [ -6.15185, 35.344022 ], [ -6.146143, 35.340847 ], [ -6.140609, 35.337703 ], [ -6.130525, 35.332244 ], [ -6.129378, 35.33161 ], [ -6.118143, 35.325369 ], [ -6.114922, 35.323639 ], [ -6.106914, 35.319232 ], [ -6.098875, 35.315043 ], [ -6.095696, 35.313344 ], [ -6.08448, 35.307479 ], [ -6.082496, 35.306453 ], [ -6.073265, 35.301566 ], [ -6.065859, 35.297868 ], [ -6.062061, 35.295921 ], [ -6.050861, 35.290355 ], [ -6.048702, 35.289293 ], [ -6.039661, 35.284718 ], [ -6.031247, 35.280723 ], [ -6.028472, 35.279363 ], [ -6.017281, 35.27391 ], [ -6.013593, 35.272156 ], [ -6.006093, 35.268468 ], [ -5.99547, 35.263597 ], [ -5.994917, 35.263334 ], [ -5.983731, 35.257887 ], [ -5.97749, 35.255032 ], [ -5.972556, 35.2527 ], [ -5.961385, 35.247603 ], [ -5.958911, 35.246479 ], [ -5.950212, 35.242386 ], [ -5.939974, 35.237932 ], [ -5.939053, 35.237516 ], [ -5.927884, 35.232356 ], [ -5.920992, 35.229383 ], [ -5.916727, 35.227473 ], [ -5.905572, 35.222594 ], [ -5.901468, 35.220843 ], [ -5.894417, 35.217721 ], [ -5.883273, 35.213072 ], [ -5.881468, 35.212312 ], [ -5.872123, 35.208266 ], [ -5.860987, 35.20379 ], [ -5.860983, 35.203789 ], [ -5.849841, 35.198992 ], [ -5.840301, 35.195266 ], [ -5.838711, 35.194618 ], [ -5.827573, 35.19 ], [ -5.819073, 35.186753 ], [ -5.816448, 35.185706 ], [ -5.805318, 35.181247 ], [ -5.797255, 35.17825 ], [ -5.794199, 35.177062 ], [ -5.783077, 35.172738 ], [ -5.774817, 35.169757 ], [ -5.771964, 35.168677 ], [ -5.760848, 35.164465 ], [ -5.751664, 35.161275 ], [ -5.749743, 35.160575 ], [ -5.738631, 35.156449 ], [ -5.727709, 35.152808 ], [ -5.727535, 35.152747 ], [ -5.716428, 35.148697 ], [ -5.705336, 35.145058 ], [ -5.703196, 35.144347 ], [ -5.694239, 35.141227 ], [ -5.68315, 35.137636 ], [ -5.677648, 35.135905 ], [ -5.672063, 35.134048 ], [ -5.660976, 35.130467 ], [ -5.650815, 35.127485 ], [ -5.649901, 35.127202 ], [ -5.638818, 35.123647 ], [ -5.627747, 35.12047 ], [ -5.622781, 35.119085 ], [ -5.616677, 35.117282 ], [ -5.605609, 35.114118 ], [ -5.594551, 35.11126 ], [ -5.592531, 35.110726 ], [ -5.583486, 35.10818 ], [ -5.572429, 35.105292 ], [ -5.561381, 35.102683 ], [ -5.560237, 35.102403 ], [ -5.550326, 35.099812 ], [ -5.539279, 35.097202 ], [ -5.528237, 35.09469 ], [ -5.525672, 35.094118 ], [ -5.517191, 35.092066 ], [ -5.506149, 35.089541 ], [ -5.495115, 35.087258 ], [ -5.488218, 35.085882 ], [ -5.484083, 35.084989 ], [ -5.473047, 35.082627 ], [ -5.462019, 35.080475 ], [ -5.450995, 35.078425 ], [ -5.447155, 35.077708 ], [ -5.43997, 35.076345 ], [ -5.428947, 35.074307 ], [ -5.417926, 35.072317 ], [ -5.406907, 35.070383 ], [ -5.402291, 35.069594 ], [ -5.39589, 35.068498 ], [ -5.384874, 35.06666 ], [ -5.373861, 35.064872 ], [ -5.36285, 35.063134 ], [ -5.352586, 35.061558 ], [ -5.35184, 35.061444 ], [ -5.340832, 35.0598 ], [ -5.329826, 35.058202 ], [ -5.318821, 35.056626 ], [ -5.307817, 35.055073 ], [ -5.296817, 35.053652 ], [ -5.296579, 35.053621 ], [ -5.285813, 35.052092 ], [ -5.274811, 35.050557 ], [ -5.263815, 35.049248 ], [ -5.252818, 35.047887 ], [ -5.241829, 35.046803 ], [ -5.231026, 35.045834 ], [ -5.230843, 35.045814 ], [ -5.219846, 35.044411 ], [ -5.208851, 35.043067 ], [ -5.197857, 35.041764 ], [ -5.186865, 35.040521 ], [ -5.175875, 35.03934 ], [ -5.164887, 35.038212 ], [ -5.163527, 35.038046 ], [ -5.153888, 35.036667 ], [ -5.14289, 35.03513 ], [ -5.131892, 35.033574 ], [ -5.120895, 35.032087 ], [ -5.109905, 35.030796 ], [ -5.100156, 35.030148 ], [ -5.098928, 35.030042 ], [ -5.087948, 35.029169 ], [ -5.076946, 35.027402 ], [ -5.06594, 35.025431 ], [ -5.054935, 35.023523 ], [ -5.043943, 35.022108 ], [ -5.043771, 35.0221 ], [ -5.032967, 35.021289 ], [ -5.021981, 35.020089 ], [ -5.010952, 35.01714 ], [ -4.999922, 35.014072 ], [ -4.997049, 35.013866 ], [ -4.988947, 35.013273 ], [ -4.977898, 35.009385 ], [ -4.966861, 35.005979 ], [ -4.965912, 35.005363 ], [ -4.955822, 35.002401 ], [ -4.944808, 34.999888 ], [ -4.934993, 34.996848 ], [ -4.933776, 34.996545 ], [ -4.924178, 34.988008 ], [ -4.922604, 34.987194 ], [ -4.914152, 34.979155 ], [ -4.9114, 34.976345 ], [ -4.903207, 34.970315 ], [ -4.900238, 34.967208 ] ] } },
{ "type": "Feature", "properties": { "fid": 59, "ID": 58, "Intensidad": 11.0 }, "geometry": { "type": "LineString", "coordinates": [ [ -4.582477, 34.416125 ], [ -4.583112, 34.415948 ], [ -4.583256, 34.416115 ], [ -4.58312, 34.416394 ], [ -4.582477, 34.416125 ] ] } },
{ "type": "Feature", "properties": { "fid": 60, "ID": 59, "Intensidad": 11.0 }, "geometry": { "type": "LineString", "coordinates": [ [ -4.540542, 34.398634 ], [ -4.550121, 34.396575 ], [ -4.55235, 34.398485 ], [ -4.550245, 34.403273 ], [ -4.540542, 34.398634 ] ] } },
{ "type": "Feature", "properties": { "fid": 61, "ID": 60, "Intensidad": 11.0 }, "geometry": { "type": "LineString", "coordinates": [ [ -4.58283, 34.380068 ], [ -4.593267, 34.37787 ], [ -4.595911, 34.379898 ], [ -4.59339, 34.384362 ], [ -4.58283, 34.380068 ] ] } },
{ "type": "Feature", "properties": { "fid": 62, "ID": 61, "Intensidad": 11.0 }, "geometry": { "type": "LineString", "coordinates": [ [ -4.491627, 34.3722 ], [ -4.495277, 34.37026 ], [ -4.498105, 34.372121 ], [ -4.506338, 34.380814 ], [ -4.517189, 34.379602 ], [ -4.518729, 34.38088 ], [ -4.528212, 34.387844 ], [ -4.531555, 34.389734 ], [ -4.528316, 34.393536 ], [ -4.521397, 34.389861 ], [ -4.517295, 34.385432 ], [ -4.506346, 34.381242 ], [ -4.50605, 34.381037 ], [ -4.495355, 34.374645 ], [ -4.491627, 34.3722 ] ] } },
{ "type": "Feature", "properties": { "fid": 63, "ID": 62, "Intensidad": 11.0 }, "geometry": { "type": "LineString", "coordinates": [ [ -4.592813, 34.361912 ], [ -4.592959, 34.361589 ], [ -4.593212, 34.361907 ], [ -4.592967, 34.361985 ], [ -4.592813, 34.361912 ] ] } },
{ "type": "Feature", "properties": { "fid": 64, "ID": 63, "Intensidad": 11.0 }, "geometry": { "type": "LineString", "coordinates": [ [ -4.508877, 34.344949 ], [ -4.516494, 34.341018 ], [ -4.522776, 34.344777 ], [ -4.527516, 34.349509 ], [ -4.538392, 34.34986 ], [ -4.543526, 34.35353 ], [ -4.549419, 34.358468 ], [ -4.560342, 34.361287 ], [ -4.561548, 34.362315 ], [ -4.571345, 34.368365 ], [ -4.576671, 34.371134 ], [ -4.571518, 34.377647 ], [ -4.560567, 34.373457 ], [ -4.556099, 34.371398 ], [ -4.54961, 34.368835 ], [ -4.538645, 34.363741 ], [ -4.537334, 34.362621 ], [ -4.527658, 34.357305 ], [ -4.522654, 34.353792 ], [ -4.516654, 34.349882 ], [ -4.508877, 34.344949 ] ] } },
{ "type": "Feature", "properties": { "fid": 65, "ID": 64, "Intensidad": 11.0 }, "geometry": { "type": "LineString", "coordinates": [ [ -4.611737, 34.343638 ], [ -4.614352, 34.343421 ], [ -4.614539, 34.343601 ], [ -4.614359, 34.34381 ], [ -4.611737, 34.343638 ] ] } },
{ "type": "Feature", "properties": { "fid": 66, "ID": 65, "Intensidad": 9.5 }, "geometry": { "type": "LineString", "coordinates": [ [ -4.874898, 34.330659 ], [ -4.874657, 34.330881 ], [ -4.87491, 34.331234 ], [ -4.884969, 34.339735 ], [ -4.886013, 34.341792 ], [ -4.893418, 34.348617 ], [ -4.894026, 34.357621 ], [ -4.897392, 34.364489 ], [ -4.898395, 34.366566 ], [ -4.897455, 34.36729 ], [ -4.895501, 34.366611 ], [ -4.886498, 34.363427 ], [ -4.875569, 34.360804 ], [ -4.864668, 34.359393 ], [ -4.858867, 34.35816 ], [ -4.853747, 34.357074 ], [ -4.842781, 34.35265 ], [ -4.835338, 34.349502 ], [ -4.831812, 34.348059 ], [ -4.825243, 34.349653 ], [ -4.831175, 34.358577 ], [ -4.832061, 34.359496 ], [ -4.840631, 34.367448 ], [ -4.843162, 34.370053 ], [ -4.850007, 34.37632 ], [ -4.854267, 34.380668 ], [ -4.859285, 34.385192 ], [ -4.865376, 34.391348 ], [ -4.868446, 34.394065 ], [ -4.87649, 34.402096 ], [ -4.877463, 34.40294 ], [ -4.886251, 34.411817 ], [ -4.88762, 34.413451 ], [ -4.89477, 34.420698 ], [ -4.898767, 34.425406 ], [ -4.902999, 34.429583 ], [ -4.909922, 34.437575 ], [ -4.910865, 34.438473 ], [ -4.918221, 34.44737 ], [ -4.921123, 34.451596 ], [ -4.925094, 34.456275 ], [ -4.931484, 34.465186 ], [ -4.93235, 34.466574 ], [ -4.937969, 34.474096 ], [ -4.943587, 34.481825 ], [ -4.944673, 34.483002 ], [ -4.951991, 34.491898 ], [ -4.954797, 34.495735 ], [ -4.959811, 34.500785 ], [ -4.965974, 34.508063 ], [ -4.967954, 34.509666 ], [ -4.976098, 34.518547 ], [ -4.977167, 34.520927 ], [ -4.982451, 34.527457 ], [ -4.977871, 34.536543 ], [ -4.977539, 34.536671 ], [ -4.966775, 34.542147 ], [ -4.960559, 34.545835 ], [ -4.956009, 34.547567 ], [ -4.945238, 34.552864 ], [ -4.941934, 34.555145 ], [ -4.93448, 34.558767 ], [ -4.923614, 34.560058 ], [ -4.912772, 34.562363 ], [ -4.909309, 34.564672 ], [ -4.901997, 34.567684 ], [ -4.891215, 34.57274 ], [ -4.889283, 34.573996 ], [ -4.8805, 34.580836 ], [ -4.878097, 34.583181 ], [ -4.870318, 34.592313 ], [ -4.869871, 34.592874 ], [ -4.864792, 34.60141 ], [ -4.859737, 34.6105 ], [ -4.859377, 34.611107 ], [ -4.855461, 34.619578 ], [ -4.851644, 34.628648 ], [ -4.848988, 34.634255 ], [ -4.847591, 34.637722 ], [ -4.846069, 34.646758 ], [ -4.844326, 34.655796 ], [ -4.838754, 34.664651 ], [ -4.838696, 34.664894 ], [ -4.838238, 34.673913 ], [ -4.837113, 34.682943 ], [ -4.83218, 34.692029 ], [ -4.829914, 34.701076 ], [ -4.828754, 34.705998 ], [ -4.828647, 34.710107 ], [ -4.827596, 34.719135 ], [ -4.821502, 34.728239 ], [ -4.818437, 34.733349 ], [ -4.818081, 34.737302 ], [ -4.817868, 34.746318 ], [ -4.818057, 34.755328 ], [ -4.815069, 34.764384 ], [ -4.809766, 34.773476 ], [ -4.808563, 34.781236 ], [ -4.808404, 34.782508 ], [ -4.808001, 34.791527 ], [ -4.807313, 34.800549 ], [ -4.806133, 34.809579 ], [ -4.802456, 34.818646 ], [ -4.80188, 34.827667 ], [ -4.80017, 34.836704 ], [ -4.798987, 34.843283 ], [ -4.798732, 34.845738 ], [ -4.797982, 34.854761 ], [ -4.797027, 34.863787 ], [ -4.79613, 34.872813 ], [ -4.795203, 34.881839 ], [ -4.794263, 34.890865 ], [ -4.793283, 34.899892 ], [ -4.792199, 34.90892 ], [ -4.790987, 34.91795 ], [ -4.790328, 34.926972 ], [ -4.789998, 34.932985 ], [ -4.789886, 34.93599 ], [ -4.789535, 34.945008 ], [ -4.78899, 34.954028 ], [ -4.788014, 34.963054 ], [ -4.786433, 34.97209 ], [ -4.78524, 34.981119 ], [ -4.784812, 34.990138 ], [ -4.784665, 34.999152 ], [ -4.784528, 35.008166 ], [ -4.784161, 35.017184 ], [ -4.783368, 35.026207 ], [ -4.782188, 35.035237 ], [ -4.7814, 35.041339 ], [ -4.780816, 35.044269 ], [ -4.780194, 35.05329 ], [ -4.780104, 35.062303 ], [ -4.779994, 35.071317 ], [ -4.779818, 35.080331 ], [ -4.779275, 35.089351 ], [ -4.779801, 35.098356 ], [ -4.77675, 35.107412 ], [ -4.775551, 35.116442 ], [ -4.775299, 35.125457 ], [ -4.775496, 35.134466 ], [ -4.775827, 35.143473 ], [ -4.776048, 35.152482 ], [ -4.775974, 35.161495 ], [ -4.775552, 35.170513 ], [ -4.774646, 35.179538 ], [ -4.774453, 35.188553 ], [ -4.774276, 35.197567 ], [ -4.773994, 35.205384 ], [ -4.773754, 35.206587 ], [ -4.7694, 35.215662 ], [ -4.767084, 35.224708 ], [ -4.76581, 35.233738 ], [ -4.766027, 35.242747 ], [ -4.765355, 35.251769 ], [ -4.764704, 35.26079 ], [ -4.764246, 35.262348 ], [ -4.759282, 35.269881 ], [ -4.756145, 35.278938 ], [ -4.754435, 35.287974 ], [ -4.753858, 35.290217 ], [ -4.751365, 35.297031 ], [ -4.746313, 35.306115 ], [ -4.745856, 35.315134 ], [ -4.743531, 35.321267 ], [ -4.74123, 35.324212 ], [ -4.736342, 35.333294 ], [ -4.732934, 35.340061 ], [ -4.730136, 35.342395 ], [ -4.723475, 35.351502 ], [ -4.722231, 35.354023 ], [ -4.716776, 35.360609 ], [ -4.712472, 35.369682 ], [ -4.711583, 35.370765 ], [ -4.702585, 35.378833 ], [ -4.700796, 35.381116 ], [ -4.693249, 35.387976 ], [ -4.69007, 35.394548 ], [ -4.68818, 35.397059 ], [ -4.680441, 35.406178 ], [ -4.679327, 35.407254 ], [ -4.668488, 35.415356 ], [ -4.668484, 35.415359 ], [ -4.657598, 35.421398 ], [ -4.65239, 35.424589 ], [ -4.64674, 35.428907 ], [ -4.640744, 35.433759 ], [ -4.635894, 35.437111 ], [ -4.624991, 35.442601 ], [ -4.624162, 35.442995 ], [ -4.614063, 35.446908 ], [ -4.603143, 35.451712 ], [ -4.60174, 35.452307 ], [ -4.592212, 35.456 ], [ -4.581277, 35.460117 ], [ -4.576984, 35.461645 ], [ -4.570337, 35.464051 ], [ -4.559359, 35.466062 ], [ -4.548381, 35.468121 ], [ -4.538023, 35.471159 ], [ -4.537424, 35.471337 ], [ -4.526446, 35.473426 ], [ -4.515453, 35.474782 ], [ -4.504452, 35.475722 ], [ -4.493447, 35.476511 ], [ -4.482445, 35.477412 ], [ -4.471452, 35.478851 ], [ -4.460459, 35.480307 ], [ -4.453934, 35.481214 ], [ -4.449466, 35.481748 ], [ -4.438468, 35.483005 ], [ -4.427472, 35.484355 ], [ -4.416478, 35.485807 ], [ -4.405485, 35.487395 ], [ -4.394494, 35.489082 ], [ -4.383504, 35.490901 ], [ -4.382363, 35.491067 ], [ -4.372507, 35.492308 ], [ -4.361511, 35.493795 ], [ -4.350518, 35.495501 ], [ -4.339524, 35.497184 ], [ -4.328533, 35.499065 ], [ -4.31887, 35.50079 ], [ -4.317542, 35.500998 ], [ -4.306546, 35.502598 ], [ -4.295553, 35.504483 ], [ -4.284559, 35.506274 ], [ -4.273568, 35.508317 ], [ -4.263055, 35.510399 ], [ -4.262578, 35.510484 ], [ -4.251582, 35.512299 ], [ -4.24059, 35.514338 ], [ -4.229598, 35.516487 ], [ -4.218608, 35.518809 ], [ -4.213308, 35.519922 ], [ -4.207616, 35.521017 ], [ -4.196623, 35.523213 ], [ -4.185632, 35.525577 ], [ -4.174643, 35.528129 ], [ -4.169331, 35.529368 ], [ -4.163653, 35.530603 ], [ -4.152662, 35.533099 ], [ -4.141673, 35.535818 ], [ -4.130686, 35.538703 ], [ -4.130498, 35.538751 ], [ -4.119695, 35.541391 ], [ -4.108709, 35.544422 ], [ -4.097723, 35.547547 ], [ -4.095866, 35.548083 ], [ -4.086735, 35.550637 ], [ -4.075749, 35.553908 ], [ -4.064897, 35.557373 ], [ -4.064766, 35.557413 ], [ -4.053779, 35.560801 ], [ -4.042795, 35.564432 ], [ -4.036373, 35.566633 ], [ -4.031812, 35.568164 ], [ -4.020827, 35.571921 ], [ -4.009961, 35.57587 ], [ -4.009845, 35.575912 ], [ -3.99886, 35.579816 ], [ -3.987877, 35.583948 ], [ -3.984875, 35.58509 ], [ -3.976893, 35.588078 ], [ -3.965909, 35.592365 ], [ -3.961058, 35.594294 ], [ -3.954925, 35.596698 ], [ -3.943941, 35.601137 ], [ -3.938275, 35.603486 ], [ -3.932957, 35.605658 ], [ -3.921973, 35.610258 ], [ -3.91636, 35.612667 ], [ -3.910988, 35.614941 ], [ -3.900003, 35.619713 ], [ -3.895207, 35.621838 ], [ -3.889017, 35.624543 ], [ -3.878031, 35.629493 ], [ -3.874707, 35.631001 ], [ -3.867043, 35.634436 ], [ -3.856057, 35.639583 ], [ -3.85483, 35.640156 ], [ -3.845068, 35.644645 ], [ -3.835408, 35.649305 ], [ -3.83408, 35.649936 ], [ -3.82309, 35.655152 ], [ -3.816391, 35.658448 ], [ -3.812101, 35.660529 ], [ -3.80111, 35.665973 ], [ -3.797947, 35.667583 ], [ -3.790118, 35.671463 ], [ -3.779781, 35.676715 ], [ -3.779126, 35.677046 ], [ -3.768132, 35.68257 ], [ -3.761862, 35.685842 ], [ -3.757137, 35.688274 ], [ -3.746143, 35.694124 ], [ -3.744573, 35.694962 ], [ -3.735147, 35.699939 ], [ -3.727629, 35.704078 ], [ -3.724151, 35.70597 ], [ -3.713154, 35.712102 ], [ -3.711262, 35.713188 ], [ -3.702156, 35.718274 ], [ -3.695075, 35.722295 ], [ -3.691157, 35.72453 ], [ -3.680158, 35.731003 ], [ -3.679487, 35.731397 ], [ -3.669157, 35.73739 ], [ -3.663989, 35.740495 ], [ -3.658155, 35.743955 ], [ -3.648996, 35.749589 ], [ -3.647153, 35.750713 ], [ -3.63615, 35.757516 ], [ -3.634286, 35.75868 ], [ -3.625144, 35.764334 ], [ -3.619755, 35.767768 ], [ -3.614139, 35.771309 ], [ -3.605625, 35.776852 ], [ -3.603132, 35.778463 ], [ -3.592125, 35.785767 ], [ -3.591874, 35.785933 ], [ -3.581115, 35.792977 ], [ -3.578089, 35.795012 ], [ -3.570104, 35.80034 ], [ -3.564631, 35.804089 ], [ -3.559092, 35.807862 ], [ -3.551496, 35.813162 ], [ -3.548079, 35.81553 ], [ -3.538633, 35.822232 ], [ -3.537065, 35.823335 ], [ -3.52605, 35.831261 ], [ -3.525994, 35.831301 ], [ -3.515032, 35.839155 ], [ -3.513372, 35.840367 ], [ -3.504013, 35.847178 ], [ -3.500974, 35.849432 ], [ -3.492992, 35.855333 ], [ -3.48878, 35.858494 ], [ -3.48197, 35.863616 ], [ -3.476807, 35.867555 ], [ -3.470947, 35.87203 ], [ -3.465025, 35.876613 ], [ -3.459921, 35.880567 ], [ -3.453418, 35.88567 ], [ -3.448895, 35.889227 ], [ -3.441985, 35.894724 ], [ -3.437866, 35.89802 ], [ -3.430715, 35.903777 ], [ -3.426836, 35.906932 ], [ -3.419642, 35.912829 ], [ -3.415804, 35.916018 ], [ -3.408809, 35.921878 ], [ -3.40477, 35.925299 ], [ -3.398195, 35.930926 ], [ -3.393736, 35.934789 ], [ -3.387805, 35.939972 ], [ -3.382699, 35.944483 ], [ -3.377604, 35.949017 ], [ -3.371661, 35.954353 ], [ -3.367562, 35.95806 ], [ -3.36062, 35.964404 ], [ -3.357693, 35.967102 ], [ -3.349578, 35.974663 ], [ -3.348001, 35.976143 ], [ -3.338534, 35.985109 ], [ -3.338457, 35.985182 ], [ -3.32904, 35.99422 ], [ -3.327487, 35.995716 ], [ -3.3197, 36.003257 ], [ -3.316438, 36.006441 ], [ -3.310457, 36.012294 ], [ -3.305387, 36.017354 ], [ -3.301371, 36.021329 ], [ -3.294333, 36.028519 ], [ -3.292492, 36.030363 ], [ -3.283754, 36.039396 ], [ -3.283278, 36.039883 ], [ -3.274813, 36.048429 ], [ -3.272218, 36.051168 ], [ -3.266115, 36.05746 ], [ -3.261157, 36.062812 ], [ -3.257665, 36.066491 ], [ -3.250094, 36.074843 ], [ -3.249465, 36.07552 ], [ -3.240956, 36.084549 ], [ -3.239027, 36.086652 ], [ -3.23248, 36.093578 ], [ -3.227957, 36.098675 ], [ -3.224347, 36.102606 ], [ -3.216885, 36.111264 ], [ -3.216557, 36.111632 ], [ -3.208252, 36.120658 ], [ -3.205809, 36.123457 ], [ -3.200181, 36.129684 ], [ -3.19473, 36.13607 ], [ -3.192371, 36.138709 ], [ -3.184637, 36.147733 ], [ -3.183649, 36.148885 ], [ -3.176602, 36.156757 ], [ -3.172563, 36.161624 ], [ -3.168953, 36.16578 ], [ -3.161638, 36.174801 ], [ -3.161475, 36.174994 ], [ -3.153688, 36.183824 ], [ -3.150383, 36.187898 ], [ -3.146113, 36.192845 ], [ -3.139288, 36.201493 ], [ -3.138979, 36.201865 ], [ -3.131149, 36.210886 ], [ -3.128188, 36.214601 ], [ -3.123716, 36.219905 ], [ -3.117087, 36.228613 ], [ -3.116835, 36.228924 ], [ -3.109134, 36.237943 ], [ -3.10598, 36.241981 ], [ -3.101854, 36.246961 ], [ -3.09508, 36.255979 ], [ -3.094871, 36.256244 ], [ -3.087544, 36.264996 ], [ -3.083757, 36.270052 ], [ -3.080587, 36.274013 ], [ -3.073776, 36.283029 ], [ -3.07264, 36.284503 ], [ -3.066437, 36.292045 ], [ -3.061518, 36.298671 ], [ -3.059613, 36.30106 ], [ -3.052402, 36.310075 ], [ -3.050392, 36.312636 ], [ -3.044993, 36.319089 ], [ -3.039263, 36.326727 ], [ -3.038151, 36.328103 ], [ -3.030694, 36.337117 ], [ -3.028129, 36.340382 ], [ -3.023283, 36.34613 ], [ -3.016992, 36.354445 ], [ -3.016421, 36.355143 ], [ -3.008935, 36.364155 ], [ -3.00585, 36.367937 ], [ -3.001179, 36.373167 ], [ -2.994705, 36.381623 ], [ -2.994245, 36.382179 ], [ -2.986408, 36.391189 ], [ -2.983555, 36.394719 ], [ -2.978797, 36.4002 ], [ -2.972402, 36.408374 ], [ -2.971695, 36.40921 ], [ -2.963759, 36.418219 ], [ -2.961246, 36.421209 ], [ -2.955893, 36.427228 ], [ -2.950085, 36.434461 ], [ -2.948547, 36.436236 ], [ -2.940731, 36.445244 ], [ -2.938921, 36.447367 ], [ -2.932628, 36.454251 ], [ -2.927753, 36.460104 ], [ -2.92495, 36.463258 ], [ -2.91729, 36.472264 ], [ -2.916582, 36.473064 ], [ -2.908863, 36.48127 ], [ -2.905407, 36.485241 ], [ -2.900726, 36.490275 ], [ -2.894229, 36.497855 ], [ -2.892917, 36.499279 ], [ -2.884607, 36.508283 ], [ -2.883048, 36.509882 ], [ -2.875829, 36.517285 ], [ -2.871864, 36.521652 ], [ -2.867372, 36.526287 ], [ -2.860675, 36.533716 ], [ -2.859152, 36.535289 ], [ -2.850493, 36.54429 ], [ -2.849485, 36.545322 ], [ -2.841307, 36.553289 ], [ -2.838292, 36.556368 ], [ -2.832164, 36.562288 ], [ -2.827096, 36.567415 ], [ -2.823191, 36.571286 ], [ -2.815896, 36.578493 ], [ -2.813972, 36.580283 ], [ -2.804695, 36.589219 ], [ -2.804629, 36.58928 ], [ -2.794543, 36.598274 ], [ -2.793492, 36.599231 ], [ -2.783964, 36.607266 ], [ -2.782288, 36.608659 ], [ -2.772909, 36.616257 ], [ -2.771081, 36.617834 ], [ -2.762944, 36.625249 ], [ -2.759869, 36.628313 ], [ -2.754132, 36.634242 ], [ -2.748648, 36.64032 ], [ -2.746099, 36.643236 ], [ -2.738739, 36.652231 ], [ -2.737418, 36.653976 ], [ -2.732036, 36.661227 ], [ -2.726176, 36.669805 ], [ -2.725895, 36.670225 ], [ -2.720229, 36.679222 ], [ -2.715022, 36.688221 ], [ -2.71492, 36.688411 ], [ -2.710133, 36.69722 ], [ -2.705754, 36.70622 ], [ -2.703642, 36.711 ], [ -2.701701, 36.715221 ], [ -2.697887, 36.724223 ], [ -2.694589, 36.733225 ], [ -2.692333, 36.74009 ], [ -2.691593, 36.742228 ], [ -2.688488, 36.751231 ], [ -2.685857, 36.760235 ], [ -2.683598, 36.76924 ], [ -2.681637, 36.778246 ], [ -2.680963, 36.781471 ], [ -2.679615, 36.787251 ], [ -2.677727, 36.796257 ], [ -2.676133, 36.805263 ], [ -2.674782, 36.814271 ], [ -2.67363, 36.823278 ], [ -2.672555, 36.832286 ], [ -2.671752, 36.841295 ], [ -2.671125, 36.850304 ], [ -2.670644, 36.859313 ], [ -2.670282, 36.868323 ], [ -2.669821, 36.877332 ], [ -2.669315, 36.88467 ], [ -2.669174, 36.886341 ], [ -2.668531, 36.89535 ], [ -2.668385, 36.90436 ], [ -2.669192, 36.913334 ], [ -2.669194, 36.913373 ], [ -2.671373, 36.92239 ], [ -2.672401, 36.931403 ], [ -2.673438, 36.940417 ], [ -2.675288, 36.949433 ], [ -2.678539, 36.958452 ], [ -2.680216, 36.960964 ], [ -2.68385, 36.967477 ], [ -2.68753, 36.976497 ], [ -2.690954, 36.985517 ], [ -2.691345, 36.98611 ], [ -2.697736, 36.994545 ], [ -2.702512, 37.003287 ], [ -2.702689, 37.003568 ], [ -2.709799, 37.012596 ], [ -2.713697, 37.016944 ], [ -2.719034, 37.021629 ], [ -2.724905, 37.025458 ], [ -2.731651, 37.030668 ], [ -2.736116, 37.03368 ], [ -2.742926, 37.039704 ], [ -2.747327, 37.042729 ], [ -2.756431, 37.048743 ], [ -2.758548, 37.049666 ], [ -2.769782, 37.052618 ], [ -2.778751, 37.057797 ], [ -2.781009, 37.058661 ], [ -2.792244, 37.062052 ], [ -2.801083, 37.066847 ], [ -2.803475, 37.0676 ], [ -2.814717, 37.069302 ], [ -2.825953, 37.073804 ], [ -2.830059, 37.075902 ], [ -2.837192, 37.077416 ], [ -2.848437, 37.078496 ], [ -2.859683, 37.079626 ], [ -2.870927, 37.081825 ], [ -2.882172, 37.083558 ], [ -2.888786, 37.084982 ], [ -2.893418, 37.085385 ], [ -2.904666, 37.085837 ], [ -2.915914, 37.08634 ], [ -2.927163, 37.086773 ], [ -2.938411, 37.087408 ], [ -2.94966, 37.087491 ], [ -2.960909, 37.087302 ], [ -2.972158, 37.087051 ], [ -2.983407, 37.086965 ], [ -2.994656, 37.087408 ], [ -3.005905, 37.088615 ], [ -3.017154, 37.088733 ], [ -3.028403, 37.088899 ], [ -3.039653, 37.089161 ], [ -3.050902, 37.089857 ], [ -3.062153, 37.091367 ], [ -3.073404, 37.093231 ], [ -3.083394, 37.094016 ], [ -3.084655, 37.094128 ], [ -3.095906, 37.094987 ], [ -3.107158, 37.09609 ], [ -3.11841, 37.097618 ], [ -3.129664, 37.099738 ], [ -3.140918, 37.101241 ], [ -3.152171, 37.102365 ], [ -3.156534, 37.102952 ], [ -3.163426, 37.104162 ], [ -3.174685, 37.107203 ], [ -3.185943, 37.109748 ], [ -3.1972, 37.111688 ], [ -3.198009, 37.111901 ], [ -3.208465, 37.116342 ], [ -3.219726, 37.118932 ], [ -3.225575, 37.120862 ], [ -3.230994, 37.123651 ], [ -3.242264, 37.128671 ], [ -3.244573, 37.129834 ], [ -3.253547, 37.136905 ], [ -3.25662, 37.138819 ], [ -3.264834, 37.145957 ], [ -3.267619, 37.147805 ], [ -3.276124, 37.154869 ], [ -3.277669, 37.156792 ], [ -3.285707, 37.165784 ], [ -3.287441, 37.169964 ], [ -3.28929, 37.174785 ], [ -3.289197, 37.183796 ], [ -3.290004, 37.192804 ], [ -3.287546, 37.197666 ], [ -3.285408, 37.201825 ], [ -3.279576, 37.210849 ], [ -3.276356, 37.218462 ], [ -3.275209, 37.21987 ], [ -3.268582, 37.228895 ], [ -3.265136, 37.232184 ], [ -3.259466, 37.237926 ], [ -3.253905, 37.244071 ], [ -3.250962, 37.246954 ], [ -3.242669, 37.255186 ], [ -3.241806, 37.255984 ], [ -3.231425, 37.264953 ], [ -3.231363, 37.265015 ], [ -3.220176, 37.273931 ], [ -3.220032, 37.274046 ], [ -3.208922, 37.282441 ], [ -3.208084, 37.283078 ], [ -3.197665, 37.290412 ], [ -3.195643, 37.292109 ], [ -3.186405, 37.297938 ], [ -3.181807, 37.301142 ], [ -3.175142, 37.305403 ], [ -3.167839, 37.310172 ], [ -3.163876, 37.312678 ], [ -3.153858, 37.319201 ], [ -3.152609, 37.319991 ], [ -3.141339, 37.327188 ], [ -3.139838, 37.328229 ], [ -3.130066, 37.334149 ], [ -3.125389, 37.337255 ], [ -3.118792, 37.341225 ], [ -3.110125, 37.34628 ], [ -3.107514, 37.347778 ], [ -3.096235, 37.354121 ], [ -3.09411, 37.355304 ], [ -3.084953, 37.360364 ], [ -3.077719, 37.364326 ], [ -3.07367, 37.366491 ], [ -3.062384, 37.372732 ], [ -3.061306, 37.373346 ], [ -3.051097, 37.378985 ], [ -3.044583, 37.382363 ], [ -3.039808, 37.384882 ], [ -3.028517, 37.390665 ], [ -3.0271, 37.391378 ], [ -3.017224, 37.396577 ], [ -3.009409, 37.400391 ], [ -3.005929, 37.402171 ], [ -2.994633, 37.408005 ], [ -2.991793, 37.409401 ], [ -2.983335, 37.413895 ], [ -2.974302, 37.418409 ], [ -2.972035, 37.419666 ], [ -2.960734, 37.425561 ], [ -2.956682, 37.427413 ], [ -2.949431, 37.431021 ], [ -2.938127, 37.435996 ], [ -2.937209, 37.436415 ], [ -2.92682, 37.441706 ], [ -2.917905, 37.445413 ], [ -2.915513, 37.446543 ], [ -2.904203, 37.452248 ], [ -2.899471, 37.454408 ], [ -2.892892, 37.457714 ], [ -2.881579, 37.463075 ], [ -2.88093, 37.463401 ], [ -2.870263, 37.469584 ], [ -2.863874, 37.472392 ], [ -2.858947, 37.474972 ], [ -2.847629, 37.480384 ], [ -2.845496, 37.48138 ], [ -2.836308, 37.486476 ], [ -2.826701, 37.490363 ], [ -2.824989, 37.491214 ], [ -2.813664, 37.497396 ], [ -2.809207, 37.499346 ], [ -2.802338, 37.503534 ], [ -2.791014, 37.508107 ], [ -2.790603, 37.508324 ], [ -2.779682, 37.515152 ], [ -2.774941, 37.517305 ], [ -2.76835, 37.521102 ], [ -2.757021, 37.525964 ], [ -2.756402, 37.526278 ], [ -2.745683, 37.53292 ], [ -2.740447, 37.535254 ], [ -2.734346, 37.538888 ], [ -2.723012, 37.543718 ], [ -2.722061, 37.544222 ], [ -2.711667, 37.551035 ], [ -2.707138, 37.553196 ], [ -2.700323, 37.557496 ], [ -2.688984, 37.562116 ], [ -2.688906, 37.562159 ], [ -2.677631, 37.569724 ], [ -2.674534, 37.57113 ], [ -2.66628, 37.576491 ], [ -2.657571, 37.580091 ], [ -2.654934, 37.581675 ], [ -2.643581, 37.588028 ], [ -2.64181, 37.589054 ], [ -2.632218, 37.596038 ], [ -2.628675, 37.598023 ], [ -2.620855, 37.603501 ], [ -2.614423, 37.606987 ], [ -2.60949, 37.610917 ], [ -2.598539, 37.615944 ], [ -2.598134, 37.616253 ], [ -2.58676, 37.624525 ], [ -2.586209, 37.624911 ], [ -2.57538, 37.633424 ], [ -2.574782, 37.63388 ], [ -2.563999, 37.642167 ], [ -2.563119, 37.642846 ], [ -2.552612, 37.651255 ], [ -2.551959, 37.651814 ], [ -2.545104, 37.660797 ], [ -2.541175, 37.668128 ], [ -2.540572, 37.669789 ], [ -2.539316, 37.678794 ], [ -2.539543, 37.687804 ], [ -2.540849, 37.696819 ], [ -2.540992, 37.697747 ], [ -2.542618, 37.705835 ], [ -2.547476, 37.714863 ], [ -2.548519, 37.723877 ], [ -2.550035, 37.732892 ], [ -2.551423, 37.741906 ], [ -2.552047, 37.745172 ], [ -2.553741, 37.750925 ], [ -2.556647, 37.759945 ], [ -2.559256, 37.768964 ], [ -2.561628, 37.777982 ], [ -2.563167, 37.783919 ], [ -2.564263, 37.787001 ], [ -2.566901, 37.79602 ], [ -2.569693, 37.80504 ], [ -2.572567, 37.81406 ], [ -2.574318, 37.819229 ], [ -2.575731, 37.82308 ], [ -2.579141, 37.832102 ], [ -2.582165, 37.841122 ], [ -2.585113, 37.850141 ], [ -2.585498, 37.851222 ], [ -2.588413, 37.859162 ], [ -2.59172, 37.868183 ], [ -2.595007, 37.877203 ], [ -2.596695, 37.881797 ], [ -2.598358, 37.886224 ], [ -2.60168, 37.895244 ], [ -2.604943, 37.904265 ], [ -2.607904, 37.912 ], [ -2.60839, 37.913285 ], [ -2.611807, 37.922306 ], [ -2.615292, 37.931326 ], [ -2.618833, 37.940347 ], [ -2.619127, 37.941102 ], [ -2.622317, 37.949367 ], [ -2.62583, 37.958387 ], [ -2.629363, 37.967408 ], [ -2.63036, 37.969973 ], [ -2.632852, 37.976428 ], [ -2.636367, 37.985448 ], [ -2.639957, 37.994468 ], [ -2.641603, 37.998552 ], [ -2.643583, 38.003488 ], [ -2.647279, 38.012508 ], [ -2.651137, 38.021528 ], [ -2.652863, 38.025548 ], [ -2.655024, 38.030549 ], [ -2.658995, 38.039569 ], [ -2.663073, 38.04859 ], [ -2.664138, 38.050922 ], [ -2.667181, 38.057611 ], [ -2.671372, 38.066631 ], [ -2.675425, 38.075162 ], [ -2.675658, 38.075652 ], [ -2.679953, 38.084673 ], [ -2.684341, 38.093693 ], [ -2.686724, 38.098505 ], [ -2.688801, 38.102714 ], [ -2.693316, 38.111735 ], [ -2.697951, 38.120756 ], [ -2.698034, 38.120918 ], [ -2.702581, 38.129776 ], [ -2.707325, 38.138797 ], [ -2.709354, 38.142617 ], [ -2.712108, 38.147818 ], [ -2.716941, 38.156838 ], [ -2.720683, 38.163683 ], [ -2.721864, 38.165859 ], [ -2.726807, 38.174879 ], [ -2.731906, 38.1839 ], [ -2.73202, 38.184101 ], [ -2.736963, 38.19292 ], [ -2.742176, 38.20194 ], [ -2.743366, 38.203995 ], [ -2.747369, 38.21096 ], [ -2.752677, 38.21998 ], [ -2.754719, 38.223412 ], [ -2.757998, 38.229 ], [ -2.763394, 38.238019 ], [ -2.76608, 38.242431 ], [ -2.768856, 38.247039 ], [ -2.77439, 38.256058 ], [ -2.777448, 38.260964 ], [ -2.779984, 38.265078 ], [ -2.785634, 38.274097 ], [ -2.788823, 38.279108 ], [ -2.791344, 38.283116 ], [ -2.797099, 38.292134 ], [ -2.800205, 38.296895 ], [ -2.802929, 38.301153 ], [ -2.808769, 38.310171 ], [ -2.811592, 38.314442 ], [ -2.814689, 38.319189 ], [ -2.820707, 38.328207 ], [ -2.822987, 38.331594 ], [ -2.826723, 38.337225 ], [ -2.832886, 38.346242 ], [ -2.834387, 38.348437 ], [ -2.838982, 38.355259 ], [ -2.845286, 38.364276 ], [ -2.845793, 38.365007 ], [ -2.851439, 38.373292 ], [ -2.857205, 38.3814 ], [ -2.857841, 38.382309 ], [ -2.864129, 38.391325 ], [ -2.868622, 38.39756 ], [ -2.870595, 38.40034 ], [ -2.87707, 38.409356 ], [ -2.880045, 38.413436 ], [ -2.883586, 38.418371 ], [ -2.890248, 38.427386 ], [ -2.891473, 38.429048 ], [ -2.8968, 38.4364 ], [ -2.902906, 38.444496 ], [ -2.903589, 38.445414 ], [ -2.910241, 38.454428 ], [ -2.914344, 38.459831 ], [ -2.917047, 38.463441 ], [ -2.923925, 38.472454 ], [ -2.925788, 38.474885 ], [ -2.930755, 38.481467 ], [ -2.937236, 38.489751 ], [ -2.937797, 38.490479 ], [ -2.944717, 38.499491 ], [ -2.948689, 38.50453 ], [ -2.951771, 38.508502 ], [ -2.958935, 38.517513 ], [ -2.960147, 38.519026 ], [ -2.966042, 38.526523 ], [ -2.97161, 38.533496 ], [ -2.97322, 38.535534 ], [ -2.980365, 38.544543 ], [ -2.983077, 38.547935 ], [ -2.987519, 38.553552 ], [ -2.994548, 38.562194 ], [ -2.994844, 38.562561 ], [ -3.002108, 38.571569 ], [ -3.006025, 38.576302 ], [ -3.009535, 38.580577 ], [ -3.017195, 38.589584 ], [ -3.017505, 38.589948 ], [ -3.024845, 38.598591 ], [ -3.02899, 38.603296 ], [ -3.032777, 38.607597 ], [ -3.040479, 38.616191 ], [ -3.040847, 38.616603 ], [ -3.048951, 38.625608 ], [ -3.051972, 38.628906 ], [ -3.057189, 38.634612 ], [ -3.063469, 38.64132 ], [ -3.065615, 38.643616 ], [ -3.074223, 38.652619 ], [ -3.074969, 38.653393 ], [ -3.082904, 38.661621 ], [ -3.086473, 38.665232 ], [ -3.091835, 38.670622 ], [ -3.09798, 38.676715 ], [ -3.100919, 38.679623 ], [ -3.10949, 38.687947 ], [ -3.110188, 38.688622 ], [ -3.11961, 38.697621 ], [ -3.121004, 38.698937 ], [ -3.129182, 38.706619 ], [ -3.132521, 38.709699 ], [ -3.138972, 38.715616 ], [ -3.14404, 38.720178 ], [ -3.149, 38.724611 ], [ -3.155563, 38.730366 ], [ -3.159284, 38.733605 ], [ -3.167088, 38.740286 ], [ -3.169816, 38.742599 ], [ -3.178615, 38.749972 ], [ -3.180568, 38.75159 ], [ -3.190145, 38.759431 ], [ -3.191566, 38.760581 ], [ -3.201678, 38.768654 ], [ -3.20284, 38.769569 ], [ -3.213213, 38.777632 ], [ -3.21442, 38.778557 ], [ -3.22475, 38.786359 ], [ -3.226343, 38.787542 ], [ -3.236289, 38.794841 ], [ -3.238608, 38.796525 ], [ -3.24783, 38.803129 ], [ -3.251214, 38.805507 ], [ -3.259372, 38.811191 ], [ -3.264197, 38.814486 ], [ -3.270917, 38.819031 ], [ -3.277609, 38.823463 ], [ -3.282463, 38.826642 ], [ -3.29151, 38.832436 ], [ -3.294011, 38.834019 ], [ -3.30556, 38.84117 ], [ -3.30595, 38.841407 ], [ -3.317111, 38.848164 ], [ -3.320871, 38.850375 ], [ -3.328663, 38.854936 ], [ -3.336415, 38.859339 ], [ -3.340216, 38.861485 ], [ -3.35177, 38.867849 ], [ -3.352605, 38.868299 ], [ -3.363326, 38.87404 ], [ -3.369548, 38.877254 ], [ -3.374882, 38.879989 ], [ -3.386439, 38.885721 ], [ -3.387432, 38.886204 ], [ -3.397997, 38.891329 ], [ -3.406214, 38.895147 ], [ -3.409556, 38.896698 ], [ -3.421115, 38.901935 ], [ -3.42606, 38.904084 ], [ -3.432675, 38.906958 ], [ -3.444236, 38.911788 ], [ -3.447273, 38.913013 ], [ -3.455797, 38.91645 ], [ -3.467358, 38.920908 ], [ -3.470108, 38.92193 ], [ -3.478919, 38.925233 ], [ -3.490481, 38.929359 ], [ -3.494816, 38.930836 ], [ -3.502043, 38.933321 ], [ -3.513605, 38.937137 ], [ -3.521968, 38.939725 ], [ -3.525166, 38.940724 ], [ -3.536729, 38.944267 ], [ -3.54829, 38.947475 ], [ -3.552637, 38.948591 ], [ -3.559851, 38.950507 ], [ -3.571411, 38.953439 ], [ -3.582971, 38.956141 ], [ -3.58866, 38.957423 ], [ -3.594532, 38.958799 ], [ -3.606094, 38.961531 ], [ -3.617655, 38.964132 ], [ -3.627361, 38.966229 ], [ -3.629217, 38.966646 ], [ -3.640781, 38.96931 ], [ -3.652344, 38.971787 ], [ -3.663906, 38.97409 ], [ -3.668584, 38.975007 ], [ -3.67547, 38.976443 ], [ -3.687034, 38.978849 ], [ -3.698598, 38.981105 ], [ -3.710162, 38.983245 ], [ -3.712943, 38.983752 ], [ -3.721727, 38.985507 ], [ -3.733293, 38.987732 ], [ -3.744858, 38.989778 ], [ -3.756422, 38.991663 ], [ -3.761329, 38.992454 ], [ -3.767987, 38.993633 ], [ -3.779554, 38.99572 ], [ -3.79112, 38.997661 ], [ -3.802685, 38.999433 ], [ -3.813992, 39.001105 ], [ -3.81425, 39.001147 ], [ -3.825818, 39.003156 ], [ -3.837386, 39.005022 ], [ -3.848953, 39.006734 ], [ -3.860518, 39.008306 ], [ -3.871633, 39.009696 ], [ -3.872082, 39.00976 ], [ -3.883652, 39.011582 ], [ -3.89522, 39.013302 ], [ -3.906787, 39.014775 ], [ -3.918355, 39.016388 ], [ -3.92992, 39.017729 ], [ -3.934109, 39.01822 ], [ -3.941488, 39.019223 ], [ -3.953058, 39.020844 ], [ -3.964627, 39.022337 ], [ -3.976195, 39.023712 ], [ -3.987761, 39.024979 ], [ -3.999327, 39.026146 ], [ -4.004087, 39.026646 ], [ -4.010895, 39.027479 ], [ -4.022466, 39.02895 ], [ -4.034035, 39.030305 ], [ -4.045604, 39.031559 ], [ -4.057171, 39.03272 ], [ -4.068738, 39.033795 ], [ -4.080304, 39.034791 ], [ -4.082073, 39.034956 ], [ -4.091873, 39.036026 ], [ -4.103444, 39.037302 ], [ -4.115014, 39.038489 ], [ -4.126583, 39.039594 ], [ -4.13815, 39.040579 ], [ -4.149718, 39.041622 ], [ -4.161285, 39.042511 ], [ -4.169662, 39.043117 ], [ -4.172851, 39.043395 ], [ -4.184422, 39.044561 ], [ -4.195993, 39.045645 ], [ -4.207562, 39.046654 ], [ -4.219131, 39.047592 ], [ -4.230699, 39.048467 ], [ -4.242266, 39.049283 ], [ -4.253832, 39.050046 ], [ -4.265398, 39.05074 ], [ -4.270092, 39.051074 ], [ -4.276967, 39.051626 ], [ -4.288538, 39.052599 ], [ -4.300108, 39.053508 ], [ -4.311677, 39.054357 ], [ -4.323246, 39.05515 ], [ -4.334813, 39.055892 ], [ -4.34638, 39.056585 ], [ -4.357947, 39.057232 ], [ -4.369513, 39.057838 ], [ -4.381078, 39.058404 ], [ -4.387748, 39.05874 ], [ -4.392644, 39.059026 ], [ -4.404215, 39.059853 ], [ -4.415784, 39.060601 ], [ -4.427353, 39.0613 ], [ -4.438921, 39.061953 ], [ -4.450488, 39.062565 ], [ -4.462055, 39.063138 ], [ -4.473621, 39.063678 ], [ -4.485187, 39.064185 ], [ -4.496752, 39.064664 ], [ -4.508317, 39.065118 ], [ -4.519881, 39.065548 ], [ -4.531231, 39.06595 ], [ -4.531445, 39.06596 ], [ -4.543014, 39.066577 ], [ -4.554584, 39.067243 ], [ -4.566153, 39.067845 ], [ -4.577721, 39.068421 ], [ -4.589289, 39.068971 ], [ -4.600857, 39.069494 ], [ -4.612424, 39.069991 ], [ -4.623991, 39.070461 ], [ -4.635557, 39.070905 ], [ -4.647123, 39.071322 ], [ -4.658688, 39.071712 ], [ -4.670252, 39.072055 ], [ -4.681817, 39.072412 ], [ -4.69257, 39.072726 ], [ -4.693381, 39.072756 ], [ -4.70495, 39.073285 ], [ -4.716519, 39.073794 ], [ -4.728087, 39.07428 ], [ -4.739655, 39.074741 ], [ -4.751222, 39.075177 ], [ -4.762789, 39.075586 ], [ -4.774355, 39.075967 ], [ -4.785921, 39.076319 ], [ -4.797482, 39.076486 ], [ -4.809049, 39.076902 ], [ -4.820613, 39.0772 ], [ -4.832178, 39.077488 ], [ -4.843742, 39.077762 ], [ -4.855305, 39.078019 ], [ -4.866868, 39.078257 ], [ -4.878431, 39.078473 ], [ -4.889993, 39.078664 ], [ -4.891019, 39.078683 ], [ -4.901557, 39.078932 ], [ -4.913121, 39.079171 ], [ -4.924684, 39.07941 ], [ -4.936247, 39.07964 ], [ -4.94781, 39.079857 ], [ -4.959373, 39.080057 ], [ -4.970935, 39.080237 ], [ -4.982497, 39.080392 ], [ -4.994057, 39.08052 ], [ -5.005616, 39.080591 ], [ -5.017175, 39.080652 ], [ -5.028734, 39.080713 ], [ -5.040292, 39.08076 ], [ -5.05185, 39.080788 ], [ -5.063408, 39.080792 ], [ -5.074964, 39.080768 ], [ -5.086519, 39.080713 ], [ -5.098071, 39.080519 ], [ -5.109626, 39.080478 ], [ -5.121179, 39.08035 ], [ -5.132732, 39.0802 ], [ -5.144283, 39.08002 ], [ -5.155833, 39.079803 ], [ -5.167382, 39.079542 ], [ -5.178928, 39.079206 ], [ -5.190475, 39.078868 ], [ -5.20202, 39.078501 ], [ -5.213563, 39.078094 ], [ -5.225105, 39.077633 ], [ -5.236645, 39.077106 ], [ -5.248182, 39.076493 ], [ -5.259716, 39.075812 ], [ -5.271248, 39.075063 ], [ -5.282778, 39.074251 ], [ -5.294305, 39.073383 ], [ -5.30583, 39.072443 ], [ -5.317353, 39.07147 ], [ -5.324476, 39.070844 ], [ -5.328876, 39.070472 ], [ -5.340397, 39.069463 ], [ -5.351917, 39.068403 ], [ -5.363434, 39.067275 ], [ -5.37495, 39.066137 ], [ -5.386463, 39.064921 ], [ -5.397974, 39.06365 ], [ -5.409483, 39.062327 ], [ -5.420989, 39.060958 ], [ -5.431658, 39.059652 ], [ -5.432494, 39.059554 ], [ -5.444001, 39.058209 ], [ -5.455505, 39.056808 ], [ -5.467007, 39.055353 ], [ -5.478506, 39.053846 ], [ -5.490004, 39.052289 ], [ -5.501499, 39.050681 ], [ -5.512991, 39.049013 ], [ -5.513762, 39.048904 ], [ -5.524486, 39.047445 ], [ -5.535979, 39.045826 ], [ -5.547469, 39.044152 ], [ -5.558957, 39.042425 ], [ -5.570443, 39.040661 ], [ -5.581926, 39.038818 ], [ -5.584951, 39.038342 ], [ -5.593411, 39.037066 ], [ -5.604895, 39.035297 ], [ -5.616376, 39.033467 ], [ -5.627855, 39.031577 ], [ -5.63933, 39.02963 ], [ -5.64937, 39.02789 ], [ -5.650804, 39.027654 ], [ -5.662282, 39.025807 ], [ -5.673757, 39.023886 ], [ -5.685228, 39.021895 ], [ -5.696696, 39.019834 ], [ -5.70816, 39.017702 ], [ -5.709239, 39.017508 ], [ -5.719631, 39.015737 ], [ -5.731098, 39.013705 ], [ -5.742562, 39.011614 ], [ -5.754023, 39.009452 ], [ -5.76548, 39.007223 ], [ -5.765728, 39.007177 ], [ -5.776943, 39.005168 ], [ -5.788403, 39.003043 ], [ -5.79986, 39.000847 ], [ -5.811313, 38.998581 ], [ -5.819866, 38.996874 ], [ -5.822765, 38.996321 ], [ -5.834221, 38.994176 ], [ -5.845674, 38.991955 ], [ -5.857122, 38.989654 ], [ -5.868567, 38.98727 ], [ -5.871835, 38.986601 ], [ -5.880015, 38.984996 ], [ -5.891456, 38.982576 ], [ -5.902901, 38.980261 ], [ -5.914339, 38.977791 ], [ -5.920874, 38.976377 ], [ -5.925777, 38.975352 ], [ -5.937216, 38.972948 ], [ -5.948651, 38.970461 ], [ -5.960081, 38.967893 ], [ -5.96757, 38.966193 ], [ -5.971511, 38.965326 ], [ -5.982942, 38.962816 ], [ -5.994369, 38.960218 ], [ -6.005791, 38.957539 ], [ -6.012145, 38.956045 ], [ -6.017214, 38.954887 ], [ -6.028636, 38.952256 ], [ -6.040054, 38.949536 ], [ -6.051468, 38.94673 ], [ -6.054723, 38.945933 ], [ -6.062882, 38.94397 ], [ -6.074295, 38.941187 ], [ -6.085704, 38.938344 ], [ -6.09558, 38.935851 ], [ -6.097111, 38.93547 ], [ -6.108518, 38.932635 ], [ -6.119922, 38.929731 ], [ -6.131321, 38.926759 ], [ -6.135017, 38.925792 ], [ -6.142719, 38.923772 ], [ -6.154115, 38.920762 ], [ -6.165509, 38.917733 ], [ -6.172892, 38.915763 ], [ -6.176902, 38.91469 ], [ -6.188292, 38.911606 ], [ -6.199679, 38.908498 ], [ -6.209668, 38.905752 ], [ -6.211065, 38.905367 ], [ -6.222446, 38.902152 ], [ -6.233824, 38.898903 ], [ -6.245115, 38.895767 ], [ -6.245205, 38.895741 ], [ -6.256577, 38.892408 ], [ -6.26795, 38.889121 ], [ -6.279325, 38.885888 ], [ -6.279637, 38.885797 ], [ -6.29069, 38.882461 ], [ -6.302055, 38.879072 ], [ -6.312964, 38.875851 ], [ -6.31342, 38.875707 ], [ -6.324773, 38.872086 ], [ -6.336132, 38.868634 ], [ -6.345292, 38.865924 ], [ -6.347492, 38.865237 ], [ -6.358838, 38.861564 ], [ -6.370192, 38.858063 ], [ -6.376867, 38.85601 ], [ -6.38154, 38.854484 ], [ -6.392877, 38.850685 ], [ -6.404227, 38.847183 ], [ -6.407583, 38.846112 ], [ -6.415561, 38.843374 ], [ -6.426896, 38.839616 ], [ -6.437868, 38.836219 ], [ -6.438242, 38.836095 ], [ -6.449561, 38.832052 ], [ -6.460893, 38.828308 ], [ -6.466813, 38.826359 ], [ -6.472215, 38.824387 ], [ -6.483531, 38.820344 ], [ -6.494866, 38.816734 ], [ -6.495543, 38.816497 ], [ -6.506166, 38.81243 ], [ -6.517485, 38.808557 ], [ -6.523073, 38.806665 ], [ -6.528797, 38.804544 ], [ -6.5401, 38.800379 ], [ -6.551124, 38.796811 ], [ -6.551425, 38.7967 ], [ -6.562711, 38.792242 ], [ -6.574024, 38.788373 ], [ -6.577992, 38.786986 ], [ -6.585319, 38.784146 ], [ -6.596616, 38.780002 ], [ -6.605007, 38.777151 ], [ -6.607923, 38.776071 ], [ -6.619197, 38.771521 ], [ -6.630508, 38.767737 ], [ -6.631629, 38.767322 ], [ -6.641775, 38.763097 ], [ -6.653071, 38.759066 ], [ -6.65737, 38.757514 ], [ -6.664348, 38.754672 ], [ -6.675626, 38.750348 ], [ -6.683084, 38.747702 ], [ -6.686908, 38.74612 ], [ -6.698167, 38.741468 ], [ -6.708626, 38.737889 ], [ -6.709463, 38.737558 ], [ -6.720703, 38.732597 ], [ -6.731992, 38.72861 ], [ -6.733285, 38.7281 ], [ -6.743224, 38.723541 ], [ -6.754503, 38.719412 ], [ -6.757255, 38.718327 ], [ -6.76574, 38.714501 ], [ -6.777002, 38.710097 ], [ -6.78088, 38.708561 ], [ -6.788236, 38.70521 ], [ -6.799485, 38.700604 ], [ -6.803965, 38.698807 ], [ -6.810715, 38.695696 ], [ -6.821954, 38.690963 ], [ -6.826564, 38.689065 ], [ -6.833176, 38.685949 ], [ -6.844406, 38.681113 ], [ -6.848673, 38.679335 ], [ -6.855616, 38.675925 ], [ -6.86684, 38.671051 ], [ -6.870049, 38.669625 ], [ -6.878032, 38.665581 ], [ -6.889255, 38.660735 ], [ -6.890985, 38.659926 ], [ -6.90042, 38.654851 ], [ -6.91121, 38.650247 ], [ -6.911642, 38.650034 ], [ -6.922788, 38.643865 ], [ -6.929714, 38.640623 ], [ -6.933967, 38.638329 ], [ -6.945132, 38.632574 ], [ -6.948133, 38.630998 ], [ -6.956263, 38.626238 ], [ -6.965921, 38.621393 ], [ -6.967428, 38.62054 ], [ -6.978544, 38.613993 ], [ -6.982539, 38.611824 ], [ -6.989662, 38.607524 ], [ -6.99972, 38.602234 ], [ -7.00081, 38.601615 ], [ -7.011901, 38.594729 ], [ -7.015305, 38.592696 ], [ -7.022988, 38.587802 ], [ -7.031267, 38.583143 ], [ -7.034107, 38.581485 ], [ -7.045193, 38.574629 ], [ -7.046801, 38.573603 ], [ -7.056246, 38.567207 ], [ -7.061346, 38.564096 ], [ -7.067335, 38.560476 ], [ -7.076735, 38.554557 ], [ -7.078395, 38.553256 ], [ -7.089447, 38.54595 ], [ -7.090777, 38.545063 ], [ -7.100464, 38.538058 ], [ -7.104166, 38.535591 ], [ -7.111488, 38.530319 ], [ -7.117741, 38.52611 ], [ -7.122512, 38.522642 ], [ -7.131417, 38.516625 ], [ -7.133541, 38.515071 ], [ -7.144559, 38.507363 ], [ -7.144851, 38.507146 ], [ -7.155526, 38.498816 ], [ -7.157011, 38.497712 ], [ -7.166489, 38.490233 ], [ -7.169049, 38.48828 ], [ -7.177445, 38.481572 ], [ -7.180895, 38.478854 ], [ -7.188389, 38.472755 ], [ -7.192686, 38.469429 ], [ -7.199337, 38.464034 ], [ -7.204279, 38.46001 ], [ -7.210261, 38.454962 ], [ -7.215448, 38.450605 ], [ -7.221153, 38.445398 ], [ -7.225524, 38.441239 ], [ -7.231987, 38.434861 ], [ -7.234768, 38.431902 ], [ -7.242803, 38.42409 ], [ -7.249425, 38.422368 ], [ -7.253719, 38.415073 ], [ -7.25461, 38.413176 ], [ -7.263896, 38.403836 ], [ -7.264436, 38.402709 ], [ -7.274646, 38.394441 ], [ -7.275221, 38.391578 ], [ -7.27846, 38.385299 ], [ -7.284836, 38.376063 ], [ -7.285505, 38.372008 ], [ -7.289176, 38.366901 ], [ -7.295598, 38.357663 ], [ -7.29576, 38.35203 ], [ -7.296271, 38.348636 ], [ -7.303306, 38.339375 ], [ -7.305645, 38.330286 ], [ -7.30565, 38.325992 ], [ -7.306235, 38.321262 ], [ -7.309186, 38.31215 ], [ -7.313671, 38.302983 ], [ -7.314549, 38.293948 ], [ -7.314831, 38.288117 ], [ -7.315433, 38.284912 ], [ -7.314759, 38.275935 ], [ -7.313745, 38.266969 ], [ -7.313424, 38.264375 ], [ -7.312969, 38.257995 ], [ -7.312186, 38.249021 ], [ -7.311865, 38.24003 ], [ -7.311185, 38.231053 ], [ -7.311367, 38.229632 ], [ -7.317412, 38.221821 ], [ -7.320082, 38.21272 ], [ -7.320139, 38.203715 ], [ -7.320692, 38.194692 ], [ -7.320709, 38.19465 ], [ -7.327327, 38.185445 ], [ -7.330843, 38.176312 ], [ -7.331016, 38.176069 ], [ -7.339268, 38.166998 ], [ -7.34173, 38.164419 ], [ -7.349199, 38.157627 ], [ -7.352593, 38.155324 ], [ -7.363519, 38.148092 ], [ -7.363563, 38.148068 ], [ -7.374799, 38.145287 ], [ -7.385952, 38.141147 ], [ -7.397204, 38.138676 ], [ -7.403817, 38.137583 ], [ -7.408504, 38.137005 ], [ -7.419866, 38.136378 ], [ -7.431265, 38.136353 ], [ -7.433237, 38.136474 ], [ -7.442748, 38.137732 ], [ -7.45436, 38.141203 ], [ -7.46584, 38.142498 ], [ -7.471263, 38.144032 ], [ -7.477494, 38.146647 ], [ -7.489225, 38.152015 ], [ -7.490973, 38.152281 ], [ -7.501147, 38.160893 ], [ -7.50118, 38.160991 ], [ -7.512562, 38.169456 ], [ -7.513607, 38.177544 ], [ -7.513878, 38.178408 ], [ -7.524514, 38.186999 ], [ -7.525983, 38.195945 ], [ -7.526404, 38.199985 ], [ -7.527093, 38.204904 ], [ -7.533265, 38.213667 ], [ -7.533932, 38.222644 ], [ -7.537429, 38.23151 ], [ -7.538438, 38.240473 ], [ -7.539597, 38.24943 ], [ -7.54065, 38.258392 ], [ -7.541541, 38.267359 ], [ -7.542483, 38.276324 ], [ -7.542808, 38.280117 ], [ -7.543159, 38.2853 ], [ -7.543988, 38.29427 ], [ -7.545285, 38.303222 ], [ -7.549619, 38.312055 ], [ -7.555734, 38.320819 ], [ -7.557078, 38.325568 ], [ -7.557668, 38.329746 ], [ -7.562238, 38.33857 ], [ -7.569823, 38.34647 ], [ -7.570065, 38.347266 ], [ -7.578782, 38.355927 ], [ -7.581892, 38.356544 ], [ -7.593586, 38.360656 ], [ -7.597397, 38.364199 ], [ -7.605393, 38.366509 ], [ -7.617045, 38.369923 ], [ -7.627071, 38.372031 ], [ -7.628625, 38.372164 ], [ -7.640048, 38.371967 ], [ -7.64955, 38.37114 ], [ -7.651418, 38.370931 ], [ -7.662677, 38.368166 ], [ -7.673917, 38.365146 ], [ -7.685136, 38.36179 ], [ -7.688501, 38.360584 ], [ -7.6963, 38.357617 ], [ -7.707459, 38.353378 ], [ -7.714696, 38.35053 ], [ -7.718601, 38.348898 ], [ -7.729728, 38.344221 ], [ -7.737931, 38.34059 ], [ -7.740832, 38.339201 ], [ -7.751928, 38.334096 ], [ -7.759374, 38.330718 ], [ -7.763001, 38.328659 ], [ -7.774074, 38.323241 ], [ -7.778948, 38.320919 ], [ -7.785049, 38.316365 ], [ -7.796162, 38.311617 ], [ -7.797044, 38.311177 ], [ -7.806997, 38.302677 ], [ -7.818349, 38.301576 ], [ -7.818964, 38.301275 ], [ -7.829256, 38.293787 ], [ -7.834802, 38.291621 ], [ -7.840234, 38.287099 ], [ -7.851363, 38.282706 ], [ -7.8529, 38.281871 ], [ -7.862136, 38.27302 ], [ -7.864577, 38.272385 ], [ -7.873122, 38.266534 ], [ -7.884292, 38.26284 ], [ -7.884936, 38.262536 ], [ -7.895125, 38.254132 ], [ -7.902228, 38.252813 ], [ -7.906274, 38.25017 ], [ -7.91724, 38.243502 ], [ -7.918001, 38.24315 ], [ -7.928039, 38.234404 ], [ -7.937975, 38.233309 ], [ -7.939342, 38.232769 ], [ -7.950163, 38.224063 ], [ -7.950797, 38.223766 ], [ -7.960985, 38.21539 ], [ -7.96914, 38.213989 ], [ -7.972171, 38.212107 ], [ -7.983075, 38.204713 ], [ -7.983768, 38.204366 ], [ -7.993861, 38.195624 ], [ -7.997408, 38.194784 ], [ -8.005035, 38.192215 ], [ -8.015949, 38.185065 ], [ -8.0161, 38.184985 ], [ -8.026741, 38.176153 ], [ -8.02891, 38.175435 ], [ -8.037648, 38.168952 ], [ -8.048845, 38.165978 ], [ -8.049598, 38.165544 ], [ -8.059618, 38.156897 ], [ -8.061617, 38.156025 ], [ -8.070429, 38.148412 ], [ -8.081695, 38.146494 ], [ -8.082273, 38.14613 ], [ -8.092419, 38.136803 ], [ -8.092643, 38.13668 ], [ -8.103301, 38.129425 ], [ -8.108465, 38.12699 ], [ -8.114289, 38.123596 ], [ -8.125273, 38.117724 ], [ -8.126021, 38.117223 ], [ -8.136063, 38.109115 ], [ -8.138312, 38.107685 ], [ -8.146862, 38.100676 ], [ -8.151343, 38.098113 ], [ -8.157654, 38.092177 ], [ -8.16778, 38.088389 ], [ -8.168764, 38.088199 ], [ -8.179627, 38.080768 ], [ -8.182523, 38.078738 ], [ -8.190477, 38.073168 ], [ -8.196145, 38.069135 ], [ -8.201313, 38.065406 ], [ -8.209315, 38.05955 ], [ -8.212133, 38.05746 ], [ -8.22213, 38.04998 ], [ -8.222941, 38.049364 ], [ -8.233737, 38.041145 ], [ -8.234682, 38.04042 ], [ -8.244522, 38.032803 ], [ -8.247019, 38.030869 ], [ -8.2553, 38.024393 ], [ -8.259198, 38.021323 ], [ -8.266069, 38.015895 ], [ -8.271284, 38.011781 ], [ -8.276832, 38.007341 ], [ -8.283211, 38.002244 ], [ -8.287586, 37.9987 ], [ -8.294975, 37.992714 ], [ -8.298331, 37.989961 ], [ -8.30657, 37.98319 ], [ -8.309065, 37.981117 ], [ -8.317986, 37.973674 ], [ -8.319788, 37.972156 ], [ -8.329196, 37.964165 ], [ -8.330497, 37.963022 ], [ -8.340212, 37.954665 ], [ -8.341197, 37.95381 ], [ -8.351102, 37.945169 ], [ -8.351885, 37.944479 ], [ -8.361828, 37.93568 ], [ -8.362562, 37.935024 ], [ -8.372384, 37.926197 ], [ -8.373227, 37.925434 ], [ -8.382769, 37.916722 ], [ -8.383879, 37.915701 ], [ -8.392985, 37.907253 ], [ -8.394516, 37.905821 ], [ -8.402972, 37.897795 ], [ -8.405137, 37.895745 ], [ -8.412849, 37.88834 ], [ -8.415748, 37.885566 ], [ -8.422601, 37.878891 ], [ -8.426346, 37.875261 ], [ -8.432237, 37.869446 ], [ -8.436933, 37.864836 ], [ -8.441758, 37.860006 ], [ -8.447507, 37.854287 ], [ -8.451169, 37.85057 ], [ -8.458066, 37.843565 ], [ -8.460385, 37.841143 ], [ -8.468621, 37.832823 ], [ -8.469685, 37.831711 ], [ -8.478699, 37.822291 ], [ -8.479152, 37.821814 ], [ -8.487289, 37.812891 ], [ -8.48965, 37.810381 ], [ -8.495882, 37.80349 ], [ -8.500142, 37.798923 ], [ -8.504478, 37.794089 ], [ -8.510629, 37.787434 ], [ -8.513074, 37.784687 ], [ -8.521112, 37.775934 ], [ -8.521678, 37.775284 ], [ -8.52969, 37.765908 ], [ -8.531545, 37.763807 ], [ -8.537608, 37.756536 ], [ -8.541971, 37.75163 ], [ -8.545711, 37.747155 ], [ -8.552406, 37.739624 ], [ -8.553957, 37.737767 ], [ -8.561703, 37.728402 ], [ -8.562798, 37.727084 ], [ -8.568961, 37.719059 ], [ -8.57315, 37.71405 ], [ -8.57647, 37.709704 ], [ -8.58347, 37.700635 ], [ -8.583676, 37.700364 ], [ -8.587488, 37.691184 ], [ -8.593619, 37.685001 ], [ -8.595486, 37.681805 ], [ -8.60405, 37.67315 ], [ -8.60461, 37.672371 ], [ -8.610396, 37.663097 ], [ -8.614222, 37.65792 ], [ -8.616338, 37.653815 ], [ -8.624551, 37.64482 ], [ -8.624821, 37.644411 ], [ -8.630563, 37.635137 ], [ -8.634568, 37.627639 ], [ -8.635099, 37.625922 ], [ -8.645064, 37.61684 ], [ -8.645324, 37.616433 ], [ -8.649368, 37.60724 ], [ -8.655166, 37.600886 ], [ -8.656002, 37.597923 ], [ -8.665561, 37.588834 ], [ -8.665795, 37.588453 ], [ -8.669748, 37.579265 ], [ -8.675916, 37.576294 ], [ -8.679477, 37.569797 ], [ -8.686126, 37.5619 ], [ -8.687138, 37.560429 ], [ -8.694956, 37.551052 ], [ -8.696502, 37.549736 ], [ -8.699803, 37.541819 ], [ -8.70666, 37.534752 ], [ -8.708043, 37.532422 ], [ -8.70983, 37.523337 ], [ -8.716401, 37.514382 ], [ -8.716484, 37.514016 ], [ -8.725488, 37.50458 ], [ -8.726803, 37.502687 ], [ -8.727415, 37.495488 ], [ -8.736859, 37.486536 ], [ -8.737129, 37.486017 ], [ -8.740385, 37.476861 ], [ -8.746855, 37.469645 ], [ -8.747517, 37.467515 ], [ -8.7573, 37.458651 ], [ -8.757736, 37.458017 ], [ -8.759109, 37.448952 ], [ -8.767207, 37.440705 ], [ -8.767784, 37.43953 ], [ -8.768989, 37.430473 ], [ -8.777027, 37.42169 ], [ -8.777279, 37.421069 ], [ -8.779954, 37.41194 ], [ -8.786957, 37.40415 ], [ -8.787466, 37.402573 ], [ -8.789507, 37.393475 ], [ -8.796837, 37.386027 ], [ -8.797591, 37.38408 ], [ -8.799868, 37.37497 ], [ -8.806551, 37.365812 ], [ -8.806598, 37.365641 ], [ -8.807383, 37.356604 ], [ -8.81004, 37.347475 ], [ -8.81219, 37.338372 ], [ -8.813691, 37.3293 ], [ -8.810967, 37.320436 ], [ -8.808821, 37.311544 ], [ -8.803592, 37.302804 ], [ -8.801433, 37.299514 ], [ -8.796874, 37.294136 ], [ -8.789179, 37.286649 ], [ -8.788124, 37.285568 ], [ -8.777311, 37.278769 ], [ -8.774512, 37.277237 ], [ -8.765621, 37.273179 ], [ -8.754988, 37.269193 ], [ -8.754029, 37.268851 ], [ -8.742572, 37.26627 ], [ -8.731172, 37.264428 ], [ -8.722714, 37.261765 ], [ -8.719651, 37.260999 ], [ -8.708689, 37.253446 ], [ -8.707786, 37.253003 ], [ -8.697074, 37.254007 ], [ -8.696705, 37.255348 ], [ -8.694396, 37.254137 ], [ -8.68515, 37.251426 ], [ -8.67433, 37.246105 ], [ -8.673322, 37.243848 ], [ -8.667872, 37.237417 ], [ -8.660962, 37.22875 ], [ -8.660928, 37.228702 ], [ -8.653229, 37.220122 ], [ -8.64887, 37.211332 ], [ -8.648157, 37.208449 ], [ -8.64722, 37.202413 ], [ -8.639076, 37.193803 ], [ -8.635227, 37.185948 ], [ -8.634079, 37.185043 ], [ -8.628636, 37.176305 ], [ -8.624421, 37.167507 ], [ -8.62305, 37.158573 ], [ -8.622077, 37.149621 ], [ -8.620643, 37.141063 ], [ -8.620489, 37.140698 ], [ -8.617447, 37.131844 ], [ -8.612538, 37.123079 ], [ -8.610191, 37.114192 ], [ -8.6087, 37.105264 ], [ -8.607573, 37.096319 ], [ -8.605967, 37.087396 ], [ -8.604873, 37.078449 ], [ -8.604471, 37.074406 ], [ -8.603602, 37.069511 ], [ -8.602484, 37.060565 ], [ -8.601676, 37.051605 ], [ -8.599063, 37.04273 ], [ -8.596366, 37.033859 ], [ -8.594214, 37.024962 ], [ -8.592588, 37.01604 ], [ -8.591332, 37.007101 ], [ -8.590334, 36.998149 ], [ -8.58951, 36.98919 ], [ -8.588798, 36.980225 ], [ -8.58815, 36.971256 ], [ -8.587324, 36.962297 ], [ -8.586367, 36.953343 ], [ -8.58549, 36.944386 ], [ -8.584699, 36.935424 ], [ -8.583997, 36.926459 ], [ -8.583387, 36.917489 ], [ -8.582874, 36.908514 ], [ -8.582463, 36.899535 ], [ -8.582157, 36.89055 ], [ -8.581609, 36.881578 ], [ -8.580965, 36.872609 ], [ -8.580403, 36.863637 ], [ -8.579984, 36.854658 ], [ -8.579796, 36.845668 ], [ -8.57996, 36.836661 ], [ -8.580652, 36.82763 ], [ -8.58214, 36.818561 ], [ -8.584325, 36.809459 ], [ -8.583799, 36.800486 ], [ -8.583511, 36.7915 ], [ -8.583538, 36.788858 ], [ -8.583209, 36.782516 ], [ -8.582926, 36.77353 ], [ -8.582946, 36.764531 ], [ -8.583278, 36.755516 ], [ -8.583503, 36.746507 ], [ -8.584936, 36.737441 ], [ -8.58764, 36.728315 ], [ -8.589304, 36.719238 ], [ -8.589592, 36.718323 ], [ -8.589993, 36.710206 ], [ -8.590636, 36.701177 ], [ -8.592056, 36.692112 ], [ -8.594193, 36.683012 ], [ -8.597501, 36.673858 ], [ -8.597536, 36.673844 ], [ -8.604781, 36.664515 ], [ -8.60748, 36.656966 ], [ -8.608184, 36.655356 ], [ -8.61278, 36.64614 ], [ -8.617304, 36.638481 ], [ -8.618132, 36.636889 ], [ -8.625852, 36.627524 ], [ -8.627116, 36.619892 ], [ -8.629186, 36.618368 ], [ -8.637626, 36.61093 ], [ -8.648631, 36.608764 ], [ -8.65982, 36.609107 ], [ -8.662431, 36.607789 ], [ -8.670404, 36.601219 ], [ -8.681462, 36.599805 ], [ -8.691792, 36.597388 ], [ -8.692425, 36.597106 ], [ -8.703276, 36.59291 ], [ -8.714201, 36.589718 ], [ -8.720152, 36.587027 ], [ -8.724962, 36.584333 ], [ -8.735632, 36.577743 ], [ -8.736236, 36.577254 ], [ -8.746085, 36.568258 ], [ -8.746575, 36.567756 ], [ -8.751553, 36.558517 ], [ -8.756034, 36.552025 ], [ -8.757085, 36.549251 ], [ -8.763514, 36.539942 ], [ -8.765955, 36.535486 ], [ -8.766809, 36.530784 ], [ -8.77013, 36.521625 ], [ -8.775437, 36.513096 ], [ -8.775677, 36.512357 ], [ -8.775573, 36.503364 ], [ -8.775076, 36.494391 ], [ -8.779286, 36.485188 ], [ -8.782598, 36.476029 ], [ -8.783458, 36.471179 ], [ -8.783845, 36.466971 ], [ -8.784173, 36.457957 ], [ -8.784796, 36.448929 ], [ -8.785017, 36.43992 ], [ -8.784984, 36.430924 ], [ -8.78477, 36.421937 ], [ -8.784685, 36.412943 ], [ -8.784397, 36.403959 ], [ -8.783711, 36.394994 ], [ -8.782702, 36.386046 ], [ -8.781515, 36.377105 ], [ -8.779955, 36.368183 ], [ -8.77808, 36.359276 ], [ -8.77605, 36.350377 ], [ -8.774336, 36.341462 ], [ -8.77335, 36.335131 ], [ -8.771788, 36.332588 ], [ -8.767199, 36.323812 ], [ -8.763791, 36.314979 ], [ -8.761159, 36.306108 ], [ -8.7596, 36.297186 ], [ -8.758951, 36.288219 ], [ -8.758632, 36.286424 ], [ -8.754458, 36.279438 ], [ -8.74943, 36.270683 ], [ -8.74677, 36.261813 ], [ -8.745302, 36.252886 ], [ -8.745001, 36.252209 ], [ -8.735747, 36.244348 ], [ -8.733593, 36.235453 ], [ -8.732509, 36.226507 ], [ -8.73192, 36.225326 ], [ -8.727665, 36.217742 ], [ -8.719946, 36.209114 ], [ -8.719383, 36.205752 ], [ -8.716281, 36.200292 ], [ -8.708652, 36.191659 ], [ -8.707122, 36.182734 ], [ -8.70652, 36.181607 ], [ -8.696181, 36.174258 ], [ -8.694526, 36.165339 ], [ -8.694176, 36.164485 ], [ -8.685808, 36.156756 ], [ -8.682629, 36.147909 ], [ -8.681731, 36.145898 ], [ -8.672637, 36.139386 ], [ -8.669709, 36.130527 ], [ -8.669489, 36.13002 ], [ -8.660817, 36.12195 ], [ -8.657894, 36.113091 ], [ -8.657078, 36.111727 ], [ -8.647716, 36.104574 ], [ -8.645466, 36.095682 ], [ -8.644769, 36.094762 ], [ -8.633859, 36.087231 ], [ -8.632903, 36.083919 ], [ -8.629068, 36.078458 ], [ -8.621955, 36.069795 ], [ -8.620698, 36.068276 ], [ -8.611217, 36.061301 ], [ -8.608814, 36.05706 ], [ -8.601575, 36.052755 ], [ -8.597174, 36.043962 ], [ -8.59677, 36.043542 ], [ -8.58591, 36.03549 ], [ -8.585043, 36.034446 ], [ -8.575827, 36.026962 ], [ -8.573163, 36.023136 ], [ -8.566975, 36.018376 ], [ -8.561933, 36.009612 ], [ -8.561077, 36.008859 ], [ -8.550116, 36.001162 ], [ -8.549414, 36.000526 ], [ -8.540965, 35.992587 ], [ -8.537566, 35.989533 ], [ -8.528213, 35.984178 ], [ -8.525968, 35.98205 ], [ -8.518253, 35.975639 ], [ -8.514184, 35.971873 ], [ -8.507952, 35.967115 ], [ -8.502423, 35.961993 ], [ -8.497325, 35.958604 ], [ -8.49066, 35.952024 ], [ -8.486437, 35.950105 ], [ -8.478996, 35.941446 ], [ -8.478849, 35.941323 ], [ -8.468143, 35.932943 ], [ -8.467151, 35.932206 ], [ -8.456976, 35.924454 ], [ -8.455471, 35.923314 ], [ -8.445609, 35.915972 ], [ -8.443808, 35.914638 ], [ -8.434048, 35.907498 ], [ -8.432159, 35.906122 ], [ -8.422342, 35.899029 ], [ -8.420521, 35.897718 ], [ -8.410549, 35.890563 ], [ -8.408889, 35.889376 ], [ -8.398732, 35.882096 ], [ -8.397259, 35.881021 ], [ -8.386966, 35.873626 ], [ -8.385632, 35.872686 ], [ -8.374986, 35.865165 ], [ -8.374018, 35.86449 ], [ -8.362854, 35.856709 ], [ -8.362413, 35.856405 ], [ -8.350824, 35.848502 ], [ -8.350473, 35.848262 ], [ -8.339245, 35.84073 ], [ -8.337915, 35.839822 ], [ -8.327671, 35.832989 ], [ -8.325313, 35.831383 ], [ -8.316099, 35.825256 ], [ -8.31278, 35.822939 ], [ -8.30452, 35.817374 ], [ -8.300196, 35.814496 ], [ -8.29296, 35.809741 ], [ -8.287395, 35.806061 ], [ -8.281406, 35.80216 ], [ -8.274511, 35.797629 ], [ -8.269856, 35.794619 ], [ -8.261565, 35.789197 ], [ -8.258311, 35.787104 ], [ -8.248571, 35.780766 ], [ -8.246769, 35.779612 ], [ -8.235533, 35.772336 ], [ -8.235231, 35.772143 ], [ -8.223708, 35.764877 ], [ -8.222216, 35.763916 ], [ -8.212185, 35.757577 ], [ -8.20898, 35.755491 ], [ -8.200664, 35.750265 ], [ -8.195584, 35.747071 ], [ -8.189152, 35.743058 ], [ -8.182113, 35.738653 ], [ -8.177643, 35.73588 ], [ -8.168589, 35.730235 ], [ -8.166138, 35.728723 ], [ -8.155011, 35.721819 ], [ -8.154637, 35.721589 ], [ -8.143147, 35.714589 ], [ -8.14123, 35.713409 ], [ -8.131658, 35.707594 ], [ -8.127436, 35.704998 ], [ -8.120171, 35.700588 ], [ -8.113648, 35.696585 ], [ -8.108684, 35.693534 ], [ -8.099973, 35.688166 ], [ -8.097197, 35.686465 ], [ -8.086172, 35.67975 ], [ -8.085717, 35.679471 ], [ -8.074235, 35.67242 ], [ -8.072451, 35.671329 ], [ -8.062758, 35.6654 ], [ -8.058647, 35.66291 ], [ -8.051287, 35.65845 ], [ -8.044671, 35.654497 ], [ -8.039824, 35.651602 ], [ -8.030443, 35.646092 ], [ -8.028371, 35.644878 ], [ -8.016925, 35.638232 ], [ -8.015989, 35.637695 ], [ -8.005488, 35.631706 ], [ -8.0012, 35.62931 ], [ -7.994059, 35.625261 ], [ -7.983008, 35.621064 ], [ -7.982763, 35.620939 ], [ -7.971322, 35.614268 ], [ -7.969385, 35.612626 ], [ -7.959976, 35.609086 ], [ -7.953081, 35.604297 ], [ -7.948522, 35.602135 ], [ -7.939179, 35.595868 ], [ -7.937042, 35.594728 ], [ -7.926214, 35.587398 ], [ -7.925546, 35.587019 ], [ -7.914096, 35.580046 ], [ -7.911949, 35.578979 ], [ -7.902791, 35.5754 ], [ -7.894168, 35.570702 ], [ -7.891411, 35.569492 ], [ -7.880134, 35.56227 ], [ -7.879946, 35.562177 ], [ -7.868757, 35.553729 ], [ -7.868404, 35.553533 ], [ -7.857307, 35.552229 ], [ -7.848143, 35.54556 ], [ -7.845838, 35.544743 ], [ -7.835349, 35.537072 ], [ -7.83433, 35.536584 ], [ -7.823368, 35.528551 ], [ -7.822815, 35.528251 ], [ -7.811708, 35.526702 ], [ -7.802016, 35.520402 ], [ -7.800283, 35.519833 ], [ -7.788939, 35.511921 ], [ -7.788795, 35.511854 ], [ -7.777324, 35.50338 ], [ -7.777278, 35.503355 ], [ -7.766206, 35.502328 ], [ -7.756509, 35.495202 ], [ -7.754733, 35.494514 ], [ -7.744086, 35.486689 ], [ -7.743237, 35.486269 ], [ -7.732089, 35.483906 ], [ -7.72339, 35.4785 ], [ -7.720722, 35.477783 ], [ -7.712418, 35.469927 ], [ -7.709161, 35.468326 ], [ -7.698085, 35.467143 ], [ -7.69108, 35.461757 ], [ -7.686712, 35.460837 ], [ -7.676624, 35.453316 ], [ -7.675235, 35.452722 ], [ -7.664015, 35.448996 ], [ -7.657295, 35.445062 ], [ -7.652729, 35.444117 ], [ -7.641515, 35.436668 ], [ -7.641292, 35.436583 ], [ -7.63019, 35.434857 ], [ -7.622226, 35.428406 ], [ -7.618752, 35.427256 ], [ -7.608192, 35.419941 ], [ -7.607311, 35.419543 ], [ -7.596207, 35.417732 ], [ -7.586215, 35.411775 ], [ -7.584843, 35.411339 ], [ -7.573661, 35.408115 ], [ -7.564265, 35.403605 ], [ -7.562367, 35.402892 ], [ -7.551178, 35.399514 ], [ -7.541975, 35.395444 ], [ -7.539916, 35.394812 ], [ -7.528751, 35.391828 ], [ -7.51759, 35.38889 ], [ -7.512282, 35.387555 ], [ -7.506445, 35.386244 ], [ -7.495374, 35.3849 ], [ -7.484387, 35.385073 ], [ -7.473484, 35.386766 ], [ -7.462557, 35.388026 ], [ -7.451656, 35.389768 ], [ -7.440679, 35.390147 ], [ -7.440144, 35.390233 ], [ -7.429859, 35.39339 ], [ -7.419264, 35.400004 ], [ -7.419226, 35.400059 ], [ -7.408745, 35.409394 ], [ -7.408737, 35.409399 ], [ -7.398259, 35.418781 ], [ -7.398248, 35.418803 ], [ -7.387769, 35.428167 ], [ -7.387828, 35.429496 ], [ -7.378884, 35.437495 ], [ -7.377808, 35.446538 ], [ -7.378279, 35.455525 ], [ -7.37875, 35.464512 ], [ -7.378975, 35.469113 ], [ -7.373849, 35.473695 ], [ -7.379211, 35.482504 ], [ -7.379227, 35.491508 ], [ -7.379048, 35.500519 ], [ -7.378877, 35.509529 ], [ -7.375766, 35.518646 ], [ -7.375349, 35.527666 ], [ -7.371642, 35.536805 ], [ -7.371641, 35.536826 ], [ -7.371663, 35.545808 ], [ -7.362944, 35.555129 ], [ -7.361803, 35.558572 ], [ -7.361417, 35.564188 ], [ -7.351572, 35.573158 ], [ -7.35145, 35.573553 ], [ -7.346147, 35.582749 ], [ -7.341095, 35.583261 ], [ -7.330111, 35.584016 ], [ -7.319335, 35.58864 ], [ -7.308503, 35.592234 ], [ -7.303408, 35.59329 ], [ -7.297578, 35.594111 ], [ -7.286584, 35.594715 ], [ -7.275586, 35.595256 ], [ -7.264589, 35.595811 ], [ -7.253547, 35.595509 ], [ -7.24254, 35.595891 ], [ -7.240813, 35.595513 ], [ -7.231319, 35.592206 ], [ -7.22014, 35.589289 ], [ -7.215199, 35.587409 ], [ -7.208866, 35.584558 ], [ -7.199029, 35.578969 ], [ -7.197484, 35.577736 ], [ -7.189487, 35.570297 ], [ -7.185837, 35.565804 ], [ -7.182912, 35.561521 ], [ -7.175583, 35.55277 ], [ -7.173959, 35.549325 ], [ -7.172391, 35.543876 ], [ -7.166934, 35.53506 ], [ -7.168757, 35.525992 ], [ -7.162107, 35.517217 ], [ -7.160821, 35.508256 ], [ -7.160811, 35.508204 ], [ -7.159294, 35.499304 ], [ -7.158919, 35.490312 ], [ -7.159354, 35.481292 ], [ -7.147979, 35.472921 ], [ -7.147943, 35.47268 ], [ -7.147502, 35.46369 ], [ -7.147035, 35.454701 ], [ -7.145397, 35.445752 ], [ -7.135182, 35.438068 ], [ -7.135021, 35.437104 ], [ -7.125202, 35.428435 ], [ -7.123586, 35.426509 ], [ -7.122381, 35.419526 ], [ -7.111977, 35.414616 ], [ -7.109261, 35.410969 ], [ -7.111375, 35.402779 ], [ -7.112468, 35.401854 ], [ -7.111229, 35.399916 ], [ -7.105859, 35.393074 ], [ -7.099606, 35.387629 ], [ -7.095191, 35.384431 ], [ -7.088229, 35.380143 ], [ -7.080479, 35.375924 ], [ -7.076912, 35.373814 ], [ -7.065598, 35.367497 ], [ -7.065521, 35.367424 ], [ -7.056695, 35.358716 ], [ -7.05405, 35.356482 ], [ -7.04725, 35.350027 ], [ -7.042514, 35.345634 ], [ -7.037556, 35.341346 ], [ -7.030988, 35.334918 ], [ -7.02825, 35.332652 ], [ -7.01946, 35.324106 ], [ -7.019271, 35.323945 ], [ -7.008392, 35.322537 ], [ -6.998983, 35.315613 ], [ -6.996997, 35.314329 ], [ -6.987076, 35.307001 ], [ -6.985592, 35.305875 ], [ -6.975508, 35.298377 ], [ -6.974188, 35.297381 ], [ -6.963924, 35.289752 ], [ -6.962788, 35.288907 ], [ -6.952244, 35.281129 ], [ -6.951393, 35.280511 ], [ -6.940385, 35.27251 ], [ -6.940007, 35.272244 ], [ -6.928629, 35.264091 ], [ -6.928356, 35.263896 ], [ -6.917257, 35.256006 ], [ -6.916222, 35.255284 ], [ -6.905892, 35.248033 ], [ -6.903922, 35.246675 ], [ -6.894535, 35.240164 ], [ -6.89146, 35.238071 ], [ -6.883184, 35.232394 ], [ -6.878843, 35.229471 ], [ -6.871841, 35.224716 ], [ -6.86608, 35.220873 ], [ -6.860503, 35.217121 ], [ -6.853185, 35.212278 ], [ -6.849171, 35.2096 ], [ -6.840188, 35.203686 ], [ -6.837844, 35.202152 ], [ -6.826941, 35.195099 ], [ -6.826525, 35.194826 ], [ -6.815201, 35.187333 ], [ -6.81392, 35.186504 ], [ -6.803881, 35.179905 ], [ -6.800771, 35.177911 ], [ -6.792568, 35.172572 ], [ -6.787446, 35.169323 ], [ -6.781262, 35.165334 ], [ -6.773949, 35.160738 ], [ -6.769962, 35.15819 ], [ -6.760275, 35.152157 ], [ -6.758668, 35.151139 ], [ -6.747374, 35.144031 ], [ -6.746628, 35.143573 ], [ -6.736076, 35.136812 ], [ -6.733234, 35.13498 ], [ -6.72478, 35.12957 ], [ -6.719614, 35.126393 ], [ -6.713494, 35.122519 ], [ -6.705732, 35.117812 ], [ -6.702217, 35.115613 ], [ -6.691569, 35.109238 ], [ -6.690948, 35.108854 ], [ -6.679666, 35.101771 ], [ -6.677821, 35.100649 ], [ -6.66839, 35.094752 ], [ -6.663913, 35.092063 ], [ -6.657121, 35.087867 ], [ -6.649728, 35.083485 ], [ -6.645861, 35.081126 ], [ -6.635241, 35.074913 ], [ -6.634609, 35.074543 ], [ -6.62334, 35.067514 ], [ -6.621362, 35.066321 ], [ -6.612074, 35.060533 ], [ -6.607211, 35.057736 ], [ -6.600825, 35.05386 ], [ -6.59241, 35.049169 ], [ -6.58959, 35.047505 ], [ -6.578353, 35.041028 ], [ -6.577606, 35.040599 ], [ -6.567104, 35.034251 ], [ -6.563112, 35.032019 ], [ -6.555868, 35.027744 ], [ -6.547961, 35.023456 ], [ -6.544648, 35.021552 ], [ -6.533429, 35.015337 ], [ -6.532644, 35.014895 ], [ -6.522194, 35.008712 ], [ -6.517727, 35.006321 ], [ -6.510976, 35.002447 ], [ -6.502247, 34.997762 ], [ -6.499768, 34.996361 ], [ -6.488554, 34.990128 ], [ -6.486842, 34.989198 ], [ -6.477334, 34.983691 ], [ -6.471483, 34.980631 ], [ -6.466132, 34.977631 ], [ -6.45528, 34.972086 ], [ -6.454945, 34.971904 ], [ -6.443731, 34.965495 ], [ -6.439919, 34.963514 ], [ -6.432533, 34.959413 ], [ -6.423584, 34.954968 ], [ -6.421355, 34.953779 ], [ -6.410162, 34.947754 ], [ -6.407554, 34.946411 ], [ -6.398972, 34.94175 ], [ -6.391081, 34.937865 ], [ -6.387798, 34.936124 ], [ -6.376622, 34.930368 ], [ -6.374536, 34.929318 ], [ -6.365437, 34.924393 ], [ -6.357881, 34.920771 ], [ -6.354274, 34.918903 ], [ -6.343106, 34.913249 ], [ -6.341033, 34.912228 ], [ -6.331932, 34.907416 ], [ -6.323941, 34.903689 ], [ -6.320781, 34.902098 ], [ -6.30962, 34.896509 ], [ -6.306783, 34.895149 ], [ -6.298459, 34.890868 ], [ -6.28906, 34.886621 ], [ -6.287321, 34.885784 ], [ -6.276164, 34.880184 ], [ -6.271607, 34.878084 ], [ -6.265017, 34.874795 ], [ -6.253887, 34.869804 ], [ -6.253375, 34.869565 ], [ -6.242734, 34.864196 ], [ -6.235516, 34.861034 ], [ -6.231606, 34.859172 ], [ -6.220471, 34.853949 ], [ -6.217242, 34.85251 ], [ -6.209336, 34.848701 ], [ -6.198225, 34.844019 ], [ -6.198191, 34.844004 ], [ -6.187087, 34.838602 ], [ -6.179663, 34.835481 ], [ -6.175974, 34.83382 ], [ -6.164856, 34.828845 ], [ -6.16042, 34.826974 ], [ -6.153742, 34.823946 ], [ -6.142637, 34.81926 ], [ -6.14078, 34.818474 ], [ -6.131524, 34.81433 ], [ -6.120855, 34.809978 ], [ -6.120427, 34.809798 ], [ -6.109319, 34.804933 ], [ -6.100837, 34.801481 ], [ -6.098225, 34.800394 ], [ -6.087127, 34.795735 ], [ -6.08037, 34.792992 ], [ -6.076036, 34.79122 ], [ -6.064947, 34.786719 ], [ -6.059469, 34.784511 ], [ -6.05386, 34.782246 ], [ -6.042775, 34.777813 ], [ -6.038283, 34.776032 ], [ -6.031694, 34.77342 ], [ -6.020615, 34.769073 ], [ -6.016722, 34.767559 ], [ -6.009538, 34.764767 ], [ -5.998465, 34.760511 ], [ -5.994738, 34.759093 ], [ -5.987394, 34.756299 ], [ -5.976326, 34.75214 ], [ -5.972278, 34.750634 ], [ -5.965261, 34.748026 ], [ -5.954199, 34.743964 ], [ -5.949314, 34.742183 ], [ -5.943139, 34.739914 ], [ -5.932081, 34.735912 ], [ -5.925905, 34.733739 ], [ -5.921026, 34.731972 ], [ -5.909972, 34.728012 ], [ -5.901888, 34.725304 ], [ -5.898926, 34.724258 ], [ -5.887873, 34.720292 ], [ -5.877172, 34.71688 ], [ -5.876837, 34.716766 ], [ -5.865786, 34.712783 ], [ -5.854754, 34.709319 ], [ -5.852055, 34.708461 ], [ -5.843712, 34.705553 ], [ -5.832681, 34.702062 ], [ -5.825802, 34.700063 ], [ -5.821656, 34.698726 ], [ -5.810622, 34.695108 ], [ -5.799607, 34.692018 ], [ -5.798478, 34.691684 ], [ -5.788577, 34.68845 ], [ -5.777558, 34.685201 ], [ -5.770657, 34.68331 ], [ -5.766544, 34.682059 ], [ -5.75552, 34.678598 ], [ -5.744512, 34.675609 ], [ -5.742186, 34.674944 ], [ -5.733491, 34.672194 ], [ -5.722478, 34.668972 ], [ -5.713434, 34.666578 ], [ -5.711473, 34.666002 ], [ -5.700453, 34.662542 ], [ -5.689449, 34.659516 ], [ -5.684587, 34.658206 ], [ -5.678441, 34.656377 ], [ -5.667431, 34.653145 ], [ -5.656435, 34.650317 ], [ -5.654712, 34.64985 ], [ -5.645426, 34.647075 ], [ -5.634428, 34.644137 ], [ -5.62392, 34.641506 ], [ -5.623437, 34.641375 ], [ -5.612431, 34.638143 ], [ -5.601436, 34.63524 ], [ -5.592926, 34.633159 ], [ -5.590447, 34.632496 ], [ -5.579447, 34.629394 ], [ -5.568459, 34.626616 ], [ -5.560933, 34.624824 ], [ -5.557474, 34.623925 ], [ -5.546484, 34.62108 ], [ -5.535499, 34.618362 ], [ -5.527485, 34.616511 ], [ -5.524519, 34.615771 ], [ -5.513532, 34.612934 ], [ -5.502553, 34.610329 ], [ -5.492881, 34.608213 ], [ -5.49158, 34.607905 ], [ -5.480598, 34.605153 ], [ -5.469623, 34.602641 ], [ -5.458656, 34.600349 ], [ -5.456735, 34.599935 ], [ -5.447682, 34.597826 ], [ -5.436711, 34.595375 ], [ -5.425746, 34.593088 ], [ -5.418692, 34.591684 ], [ -5.414782, 34.590851 ], [ -5.403815, 34.588473 ], [ -5.392855, 34.586299 ], [ -5.381901, 34.584323 ], [ -5.377117, 34.58349 ], [ -5.370947, 34.582348 ], [ -5.359993, 34.580365 ], [ -5.349044, 34.578521 ], [ -5.338099, 34.576813 ], [ -5.328438, 34.575418 ], [ -5.327158, 34.575221 ], [ -5.316214, 34.573521 ], [ -5.305274, 34.571941 ], [ -5.294339, 34.570526 ], [ -5.283406, 34.56916 ], [ -5.272476, 34.567922 ], [ -5.268833, 34.567529 ], [ -5.261547, 34.566691 ], [ -5.250618, 34.565468 ], [ -5.239693, 34.564358 ], [ -5.228771, 34.563358 ], [ -5.217852, 34.562467 ], [ -5.206934, 34.561615 ], [ -5.196016, 34.560737 ], [ -5.186914, 34.560013 ], [ -5.185097, 34.559859 ], [ -5.17418, 34.559 ], [ -5.163266, 34.558246 ], [ -5.152355, 34.55765 ], [ -5.141451, 34.557292 ], [ -5.130555, 34.557235 ], [ -5.119683, 34.558115 ], [ -5.108799, 34.558559 ], [ -5.097962, 34.560869 ], [ -5.087008, 34.558508 ], [ -5.076034, 34.555365 ], [ -5.06906, 34.553056 ], [ -5.065042, 34.551413 ], [ -5.05404, 34.54703 ], [ -5.046623, 34.544422 ], [ -5.046864, 34.535406 ], [ -5.05372, 34.534005 ], [ -5.064571, 34.532341 ], [ -5.070663, 34.525992 ], [ -5.065724, 34.517064 ], [ -5.064157, 34.515574 ], [ -5.057939, 34.508183 ], [ -5.052971, 34.503488 ], [ -5.0494, 34.499315 ], [ -5.041813, 34.492405 ], [ -5.040074, 34.490458 ], [ -5.030664, 34.481613 ], [ -5.030655, 34.481603 ], [ -5.025765, 34.472672 ], [ -5.020507, 34.463747 ], [ -5.019314, 34.462326 ], [ -5.013092, 34.454857 ], [ -5.008096, 34.448311 ], [ -5.006256, 34.445957 ], [ -4.998907, 34.437065 ], [ -4.996897, 34.434949 ], [ -4.990764, 34.428185 ], [ -4.985723, 34.422474 ], [ -4.982794, 34.419302 ], [ -4.975088, 34.410414 ], [ -4.97455, 34.409924 ], [ -4.966343, 34.401543 ], [ -4.963412, 34.398725 ], [ -4.956879, 34.392682 ], [ -4.952295, 34.388274 ], [ -4.947105, 34.383825 ], [ -4.941198, 34.378598 ], [ -4.936662, 34.374979 ], [ -4.930132, 34.370128 ], [ -4.924863, 34.366152 ], [ -4.919086, 34.362445 ], [ -4.912145, 34.357339 ], [ -4.908045, 34.354908 ], [ -4.89938, 34.348525 ], [ -4.897001, 34.347142 ], [ -4.887061, 34.339703 ], [ -4.885951, 34.339049 ], [ -4.875248, 34.330872 ], [ -4.874898, 34.330659 ] ] } },
{ "type": "Feature", "properties": { "fid": 67, "ID": 66, "Intensidad": 11.0 }, "geometry": { "type": "LineString", "coordinates": [ [ -4.538937, 34.299508 ], [ -4.54829, 34.297028 ], [ -4.555305, 34.299301 ], [ -4.559339, 34.307104 ], [ -4.570194, 34.306681 ], [ -4.581048, 34.306165 ], [ -4.591923, 34.306746 ], [ -4.594222, 34.307814 ], [ -4.592031, 34.31251 ], [ -4.581205, 34.314512 ], [ -4.57034, 34.314519 ], [ -4.563533, 34.317223 ], [ -4.570405, 34.318002 ], [ -4.581364, 34.326007 ], [ -4.581423, 34.326131 ], [ -4.592356, 34.329671 ], [ -4.598321, 34.3348 ], [ -4.592562, 34.340617 ], [ -4.581658, 34.338667 ], [ -4.572262, 34.335138 ], [ -4.570715, 34.33464 ], [ -4.55976, 34.32988 ], [ -4.554151, 34.326356 ], [ -4.548776, 34.323502 ], [ -4.540863, 34.31751 ], [ -4.548533, 34.310282 ], [ -4.556872, 34.308294 ], [ -4.548463, 34.306446 ], [ -4.538937, 34.299508 ] ] } },
{ "type": "Feature", "properties": { "fid": 68, "ID": 67, "Intensidad": 10.0 }, "geometry": { "type": "LineString", "coordinates": [ [ -5.056862, 33.768776 ], [ -5.052333, 33.769236 ], [ -5.053833, 33.778225 ], [ -5.057188, 33.782415 ], [ -5.061261, 33.787114 ], [ -5.068298, 33.79549 ], [ -5.068765, 33.796001 ], [ -5.076105, 33.804891 ], [ -5.079425, 33.809123 ], [ -5.08346, 33.81378 ], [ -5.090545, 33.8223 ], [ -5.090884, 33.822667 ], [ -5.098019, 33.831559 ], [ -5.101692, 33.836463 ], [ -5.105112, 33.840451 ], [ -5.112105, 33.849345 ], [ -5.112842, 33.850579 ], [ -5.118391, 33.85825 ], [ -5.124052, 33.866952 ], [ -5.124223, 33.867162 ], [ -5.127054, 33.876126 ], [ -5.124378, 33.880116 ], [ -5.113661, 33.883808 ], [ -5.102876, 33.884729 ], [ -5.092084, 33.885431 ], [ -5.088582, 33.885797 ], [ -5.0813, 33.88642 ], [ -5.070531, 33.88806 ], [ -5.059786, 33.890762 ], [ -5.049076, 33.894877 ], [ -5.047905, 33.895493 ], [ -5.038399, 33.900464 ], [ -5.031804, 33.904773 ], [ -5.027752, 33.90737 ], [ -5.019021, 33.913996 ], [ -5.017129, 33.915388 ], [ -5.007846, 33.923192 ], [ -5.006524, 33.924257 ], [ -4.997481, 33.932374 ], [ -4.995931, 33.933692 ], [ -4.987483, 33.941549 ], [ -4.985342, 33.94342 ], [ -4.97758, 33.950722 ], [ -4.974752, 33.953203 ], [ -4.967579, 33.959895 ], [ -4.964156, 33.962854 ], [ -4.957327, 33.969072 ], [ -4.953552, 33.972242 ], [ -4.946694, 33.978253 ], [ -4.942938, 33.981281 ], [ -4.93556, 33.987442 ], [ -4.932312, 33.98993 ], [ -4.924441, 33.99663 ], [ -4.931008, 34.00554 ], [ -4.930162, 34.014566 ], [ -4.924315, 34.023671 ], [ -4.922297, 34.025739 ], [ -4.912948, 34.032862 ], [ -4.91165, 34.03374 ], [ -4.900904, 34.037434 ], [ -4.890136, 34.040135 ], [ -4.888214, 34.042257 ], [ -4.879476, 34.047766 ], [ -4.876141, 34.051455 ], [ -4.868884, 34.05862 ], [ -4.867246, 34.060604 ], [ -4.859898, 34.069729 ], [ -4.858322, 34.070923 ], [ -4.852643, 34.078852 ], [ -4.847787, 34.084632 ], [ -4.84562, 34.08797 ], [ -4.843233, 34.097019 ], [ -4.837369, 34.10389 ], [ -4.836476, 34.106134 ], [ -4.832897, 34.1152 ], [ -4.826925, 34.122174 ], [ -4.825838, 34.124319 ], [ -4.816444, 34.133471 ], [ -4.816329, 34.133571 ], [ -4.811929, 34.142551 ], [ -4.805798, 34.148115 ], [ -4.80351, 34.151688 ], [ -4.799793, 34.160756 ], [ -4.795357, 34.167083 ], [ -4.794297, 34.16985 ], [ -4.793098, 34.178881 ], [ -4.784937, 34.187287 ], [ -4.784584, 34.188018 ], [ -4.78175, 34.197072 ], [ -4.776173, 34.206166 ], [ -4.774524, 34.208035 ], [ -4.77193, 34.215241 ], [ -4.770856, 34.224269 ], [ -4.770155, 34.233293 ], [ -4.766723, 34.242355 ], [ -4.764523, 34.248744 ], [ -4.764327, 34.251403 ], [ -4.762781, 34.260438 ], [ -4.758999, 34.269506 ], [ -4.754215, 34.275145 ], [ -4.753335, 34.2786 ], [ -4.753064, 34.287617 ], [ -4.753369, 34.296626 ], [ -4.751756, 34.305662 ], [ -4.749898, 34.314701 ], [ -4.746303, 34.323766 ], [ -4.744453, 34.328198 ], [ -4.743997, 34.332812 ], [ -4.743755, 34.341828 ], [ -4.743446, 34.350846 ], [ -4.743069, 34.359864 ], [ -4.739347, 34.36893 ], [ -4.74217, 34.377903 ], [ -4.741553, 34.386925 ], [ -4.740838, 34.395948 ], [ -4.739832, 34.404975 ], [ -4.738223, 34.414011 ], [ -4.737364, 34.423036 ], [ -4.736108, 34.432067 ], [ -4.735749, 34.432991 ], [ -4.734792, 34.441098 ], [ -4.734444, 34.450116 ], [ -4.734065, 34.459134 ], [ -4.73402, 34.468148 ], [ -4.734309, 34.477157 ], [ -4.734808, 34.486162 ], [ -4.735347, 34.495168 ], [ -4.735699, 34.504175 ], [ -4.735563, 34.51319 ], [ -4.734599, 34.522217 ], [ -4.73174, 34.53127 ], [ -4.732104, 34.540278 ], [ -4.731497, 34.549299 ], [ -4.731589, 34.55831 ], [ -4.732176, 34.567315 ], [ -4.733052, 34.576315 ], [ -4.734008, 34.585314 ], [ -4.73483, 34.594315 ], [ -4.735296, 34.603321 ], [ -4.735158, 34.612336 ], [ -4.734086, 34.621364 ], [ -4.732945, 34.630393 ], [ -4.732562, 34.639411 ], [ -4.732816, 34.64842 ], [ -4.733617, 34.657421 ], [ -4.734795, 34.666417 ], [ -4.736186, 34.67541 ], [ -4.737626, 34.684402 ], [ -4.73894, 34.693396 ], [ -4.739933, 34.702394 ], [ -4.740378, 34.7114 ], [ -4.740425, 34.720412 ], [ -4.738637, 34.72945 ], [ -4.737311, 34.738482 ], [ -4.73662, 34.747504 ], [ -4.736339, 34.75652 ], [ -4.736282, 34.765534 ], [ -4.736292, 34.774546 ], [ -4.736248, 34.783559 ], [ -4.736052, 34.792574 ], [ -4.735634, 34.801593 ], [ -4.735013, 34.810614 ], [ -4.734137, 34.819639 ], [ -4.733836, 34.828656 ], [ -4.733365, 34.837675 ], [ -4.73328, 34.838168 ], [ -4.729539, 34.846742 ], [ -4.727063, 34.855789 ], [ -4.725471, 34.864824 ], [ -4.724431, 34.873851 ], [ -4.723759, 34.882873 ], [ -4.723382, 34.88776 ], [ -4.723003, 34.891896 ], [ -4.719092, 34.900964 ], [ -4.717154, 34.910004 ], [ -4.715796, 34.919035 ], [ -4.713483, 34.92808 ], [ -4.71329, 34.928582 ], [ -4.707683, 34.937174 ], [ -4.704713, 34.946228 ], [ -4.702834, 34.952201 ], [ -4.70049, 34.955299 ], [ -4.697281, 34.964357 ], [ -4.693801, 34.973417 ], [ -4.692393, 34.976858 ], [ -4.688562, 34.982503 ], [ -4.68455, 34.991571 ], [ -4.681828, 34.995745 ], [ -4.676758, 35.000691 ], [ -4.67201, 35.009769 ], [ -4.671183, 35.010891 ], [ -4.662869, 35.018906 ], [ -4.660496, 35.024203 ], [ -4.657836, 35.027988 ], [ -4.651832, 35.037082 ], [ -4.649842, 35.039312 ], [ -4.642783, 35.046217 ], [ -4.639088, 35.049593 ], [ -4.631759, 35.055378 ], [ -4.628299, 35.058221 ], [ -4.619849, 35.06455 ], [ -4.617509, 35.066956 ], [ -4.609822, 35.073696 ], [ -4.606731, 35.076429 ], [ -4.597645, 35.082869 ], [ -4.595916, 35.084108 ], [ -4.585051, 35.089325 ], [ -4.580015, 35.092112 ], [ -4.574193, 35.094935 ], [ -4.563319, 35.099816 ], [ -4.560255, 35.10138 ], [ -4.552456, 35.105365 ], [ -4.54184, 35.110628 ], [ -4.541589, 35.11075 ], [ -4.53069, 35.114504 ], [ -4.51977, 35.117201 ], [ -4.509123, 35.120053 ], [ -4.508854, 35.120122 ], [ -4.497924, 35.122343 ], [ -4.487003, 35.125117 ], [ -4.476075, 35.127491 ], [ -4.465133, 35.129152 ], [ -4.460447, 35.129661 ], [ -4.454181, 35.130264 ], [ -4.443222, 35.131027 ], [ -4.43226, 35.131614 ], [ -4.421301, 35.132352 ], [ -4.410352, 35.133731 ], [ -4.399399, 35.134858 ], [ -4.388453, 35.136475 ], [ -4.377511, 35.138287 ], [ -4.368726, 35.139745 ], [ -4.366567, 35.140049 ], [ -4.355618, 35.141537 ], [ -4.344672, 35.143178 ], [ -4.333727, 35.144985 ], [ -4.322785, 35.146962 ], [ -4.311847, 35.149232 ], [ -4.310934, 35.149396 ], [ -4.300899, 35.150921 ], [ -4.289953, 35.152793 ], [ -4.279011, 35.154909 ], [ -4.268072, 35.157311 ], [ -4.260736, 35.158942 ], [ -4.257132, 35.159615 ], [ -4.246185, 35.161564 ], [ -4.235242, 35.163787 ], [ -4.224304, 35.16638 ], [ -4.215996, 35.168412 ], [ -4.213365, 35.168954 ], [ -4.202419, 35.171107 ], [ -4.191477, 35.173591 ], [ -4.180541, 35.17648 ], [ -4.175315, 35.177826 ], [ -4.1696, 35.179144 ], [ -4.158654, 35.181433 ], [ -4.147714, 35.184267 ], [ -4.137652, 35.187198 ], [ -4.136778, 35.187413 ], [ -4.125831, 35.189827 ], [ -4.11489, 35.192687 ], [ -4.103955, 35.196119 ], [ -4.102433, 35.196537 ], [ -4.093008, 35.198692 ], [ -4.082066, 35.201647 ], [ -4.071129, 35.205104 ], [ -4.068541, 35.205853 ], [ -4.060182, 35.207877 ], [ -4.049238, 35.210933 ], [ -4.038303, 35.214721 ], [ -4.036896, 35.215141 ], [ -4.027354, 35.217513 ], [ -4.016411, 35.220795 ], [ -4.006304, 35.224412 ], [ -4.005474, 35.224685 ], [ -3.994523, 35.227541 ], [ -3.983581, 35.231142 ], [ -3.976357, 35.23367 ], [ -3.972638, 35.23477 ], [ -3.961689, 35.238016 ], [ -3.95075, 35.242148 ], [ -3.94851, 35.242904 ], [ -3.9398, 35.245363 ], [ -3.928854, 35.249083 ], [ -3.920877, 35.252131 ], [ -3.91791, 35.253108 ], [ -3.906958, 35.256469 ], [ -3.896017, 35.260892 ], [ -3.894747, 35.26134 ], [ -3.885063, 35.26421 ], [ -3.874116, 35.268334 ], [ -3.868379, 35.270544 ], [ -3.863166, 35.272245 ], [ -3.852215, 35.276127 ], [ -3.843527, 35.279733 ], [ -3.841268, 35.280531 ], [ -3.830313, 35.284213 ], [ -3.819528, 35.288911 ], [ -3.819367, 35.288971 ], [ -3.808408, 35.292513 ], [ -3.797459, 35.297227 ], [ -3.795259, 35.298086 ], [ -3.7865, 35.300996 ], [ -3.775549, 35.305617 ], [ -3.771576, 35.307252 ], [ -3.76459, 35.309706 ], [ -3.753636, 35.314298 ], [ -3.748877, 35.316408 ], [ -3.742679, 35.318745 ], [ -3.731722, 35.323344 ], [ -3.726681, 35.325556 ], [ -3.720763, 35.327824 ], [ -3.709805, 35.332669 ], [ -3.705261, 35.334696 ], [ -3.698844, 35.337188 ], [ -3.687886, 35.34228 ], [ -3.684473, 35.343828 ], [ -3.676922, 35.346802 ], [ -3.665964, 35.352199 ], [ -3.664518, 35.352952 ], [ -3.655, 35.357009 ], [ -3.644486, 35.362073 ], [ -3.644038, 35.362279 ], [ -3.63307, 35.366859 ], [ -3.624536, 35.371191 ], [ -3.622106, 35.372294 ], [ -3.611139, 35.377388 ], [ -3.605371, 35.380301 ], [ -3.600172, 35.382636 ], [ -3.589206, 35.388367 ], [ -3.587141, 35.389404 ], [ -3.578234, 35.393357 ], [ -3.568826, 35.398505 ], [ -3.567267, 35.399277 ], [ -3.556293, 35.404567 ], [ -3.550595, 35.407602 ], [ -3.545321, 35.410149 ], [ -3.534351, 35.416344 ], [ -3.533688, 35.416691 ], [ -3.523373, 35.421583 ], [ -3.515906, 35.425781 ], [ -3.512398, 35.427572 ], [ -3.501423, 35.433741 ], [ -3.499405, 35.434863 ], [ -3.490443, 35.439348 ], [ -3.482535, 35.443944 ], [ -3.479465, 35.445597 ], [ -3.468486, 35.451965 ], [ -3.466618, 35.45302 ], [ -3.457502, 35.457749 ], [ -3.450208, 35.462095 ], [ -3.44652, 35.464128 ], [ -3.435539, 35.470923 ], [ -3.435128, 35.471163 ], [ -3.424551, 35.476876 ], [ -3.419072, 35.480233 ], [ -3.413564, 35.48338 ], [ -3.404193, 35.489296 ], [ -3.402577, 35.490248 ], [ -3.391587, 35.496924 ], [ -3.38925, 35.498358 ], [ -3.380595, 35.50334 ], [ -3.374188, 35.507419 ], [ -3.369602, 35.510168 ], [ -3.360004, 35.516474 ], [ -3.35861, 35.51734 ], [ -3.347615, 35.524405 ], [ -3.345875, 35.525529 ], [ -3.336616, 35.531124 ], [ -3.33142, 35.534582 ], [ -3.325617, 35.538254 ], [ -3.317642, 35.543632 ], [ -3.314617, 35.545594 ], [ -3.304337, 35.552679 ], [ -3.303616, 35.553157 ], [ -3.292613, 35.560558 ], [ -3.290893, 35.561725 ], [ -3.281606, 35.567748 ], [ -3.27726, 35.570769 ], [ -3.270599, 35.575204 ], [ -3.264111, 35.579812 ], [ -3.25959, 35.583018 ], [ -3.251437, 35.588851 ], [ -3.24858, 35.590767 ], [ -3.238778, 35.59789 ], [ -3.237568, 35.598751 ], [ -3.226554, 35.606858 ], [ -3.226459, 35.606926 ], [ -3.215537, 35.614751 ], [ -3.213886, 35.615962 ], [ -3.204518, 35.622663 ], [ -3.201392, 35.624996 ], [ -3.193497, 35.630742 ], [ -3.189162, 35.634028 ], [ -3.182475, 35.639072 ], [ -3.177251, 35.643059 ], [ -3.17145, 35.647374 ], [ -3.165325, 35.652089 ], [ -3.160424, 35.655847 ], [ -3.153662, 35.661117 ], [ -3.149395, 35.664428 ], [ -3.142149, 35.670144 ], [ -3.138364, 35.673117 ], [ -3.130779, 35.679169 ], [ -3.127331, 35.681909 ], [ -3.119546, 35.688193 ], [ -3.116295, 35.690806 ], [ -3.10862, 35.697216 ], [ -3.105258, 35.699978 ], [ -3.097483, 35.706238 ], [ -3.094218, 35.708969 ], [ -3.086669, 35.715259 ], [ -3.083175, 35.71821 ], [ -3.075981, 35.724279 ], [ -3.07213, 35.727563 ], [ -3.065415, 35.733297 ], [ -3.061083, 35.737029 ], [ -3.054967, 35.742315 ], [ -3.050033, 35.746604 ], [ -3.044626, 35.751332 ], [ -3.038981, 35.756283 ], [ -3.034368, 35.760348 ], [ -3.027925, 35.766019 ], [ -3.024132, 35.769363 ], [ -3.016868, 35.775809 ], [ -3.013982, 35.778377 ], [ -3.005807, 35.785699 ], [ -3.003924, 35.78739 ], [ -2.994744, 35.795691 ], [ -2.99396, 35.796402 ], [ -2.984085, 35.805414 ], [ -2.983678, 35.805787 ], [ -2.974298, 35.814424 ], [ -2.972609, 35.815989 ], [ -2.9646, 35.823434 ], [ -2.961537, 35.826299 ], [ -2.954962, 35.832443 ], [ -2.950462, 35.836669 ], [ -2.94535, 35.841452 ], [ -2.939384, 35.847125 ], [ -2.935837, 35.850459 ], [ -2.928304, 35.857733 ], [ -2.926471, 35.859466 ], [ -2.917232, 35.868472 ], [ -2.91722, 35.868484 ], [ -2.907786, 35.877478 ], [ -2.906133, 35.879088 ], [ -2.898423, 35.886482 ], [ -2.895043, 35.88983 ], [ -2.889191, 35.895487 ], [ -2.88395, 35.900828 ], [ -2.880236, 35.90449 ], [ -2.872854, 35.912163 ], [ -2.871523, 35.913493 ], [ -2.862587, 35.922496 ], [ -2.861754, 35.923345 ], [ -2.853487, 35.931497 ], [ -2.850651, 35.93444 ], [ -2.844607, 35.940498 ], [ -2.839545, 35.945854 ], [ -2.835973, 35.949499 ], [ -2.828434, 35.957645 ], [ -2.827614, 35.958499 ], [ -2.818832, 35.967498 ], [ -2.817321, 35.969101 ], [ -2.810109, 35.976497 ], [ -2.806205, 35.980726 ], [ -2.801613, 35.985495 ], [ -2.795084, 35.992698 ], [ -2.793389, 35.994494 ], [ -2.784982, 36.003491 ], [ -2.78396, 36.004596 ], [ -2.776393, 36.012487 ], [ -2.772833, 36.01642 ], [ -2.768073, 36.021483 ], [ -2.761701, 36.028691 ], [ -2.760057, 36.03048 ], [ -2.751827, 36.039475 ], [ -2.750567, 36.040874 ], [ -2.743476, 36.048469 ], [ -2.739428, 36.053134 ], [ -2.735516, 36.057464 ], [ -2.728284, 36.06583 ], [ -2.727722, 36.066458 ], [ -2.719502, 36.075451 ], [ -2.717139, 36.078149 ], [ -2.711425, 36.084444 ], [ -2.705988, 36.090789 ], [ -2.703634, 36.093437 ], [ -2.695801, 36.102429 ], [ -2.694834, 36.103542 ], [ -2.687743, 36.111421 ], [ -2.683676, 36.116206 ], [ -2.679972, 36.120412 ], [ -2.672512, 36.129381 ], [ -2.672493, 36.129404 ], [ -2.664497, 36.138393 ], [ -2.661347, 36.142152 ], [ -2.656835, 36.147383 ], [ -2.650175, 36.155487 ], [ -2.649421, 36.156374 ], [ -2.641644, 36.165362 ], [ -2.639001, 36.168541 ], [ -2.63401, 36.174351 ], [ -2.627821, 36.181979 ], [ -2.626679, 36.18334 ], [ -2.61904, 36.192328 ], [ -2.616639, 36.195253 ], [ -2.611498, 36.201315 ], [ -2.60545, 36.208869 ], [ -2.604263, 36.210303 ], [ -2.596743, 36.21929 ], [ -2.594259, 36.222356 ], [ -2.589447, 36.228277 ], [ -2.583062, 36.23623 ], [ -2.582185, 36.237263 ], [ -2.574719, 36.246249 ], [ -2.571862, 36.249822 ], [ -2.567387, 36.255234 ], [ -2.560656, 36.263864 ], [ -2.560369, 36.26422 ], [ -2.552906, 36.273204 ], [ -2.549447, 36.277615 ], [ -2.545735, 36.282189 ], [ -2.538746, 36.291173 ], [ -2.538232, 36.291825 ], [ -2.531445, 36.300157 ], [ -2.527013, 36.305951 ], [ -2.524489, 36.309141 ], [ -2.517516, 36.318124 ], [ -2.515788, 36.320393 ], [ -2.510532, 36.327107 ], [ -2.504557, 36.335077 ], [ -2.503779, 36.336091 ], [ -2.496717, 36.345073 ], [ -2.493323, 36.349697 ], [ -2.489978, 36.354056 ], [ -2.48334, 36.363039 ], [ -2.482082, 36.364753 ], [ -2.476509, 36.37202 ], [ -2.470834, 36.380119 ], [ -2.470184, 36.381004 ], [ -2.46335, 36.389985 ], [ -2.459582, 36.395359 ], [ -2.456937, 36.398967 ], [ -2.450482, 36.407949 ], [ -2.448323, 36.411079 ], [ -2.444096, 36.416931 ], [ -2.437827, 36.425913 ], [ -2.437057, 36.427026 ], [ -2.431264, 36.434893 ], [ -2.425784, 36.443335 ], [ -2.42541, 36.443876 ], [ -2.418898, 36.452856 ], [ -2.414506, 36.459765 ], [ -2.413097, 36.461839 ], [ -2.406819, 36.470819 ], [ -2.40322, 36.47655 ], [ -2.401042, 36.479801 ], [ -2.395031, 36.488782 ], [ -2.391925, 36.493795 ], [ -2.389424, 36.497765 ], [ -2.383481, 36.506745 ], [ -2.380621, 36.511509 ], [ -2.377872, 36.515727 ], [ -2.372172, 36.524709 ], [ -2.36931, 36.529624 ], [ -2.366742, 36.533691 ], [ -2.361136, 36.542672 ], [ -2.357988, 36.548283 ], [ -2.35594, 36.551655 ], [ -2.350428, 36.560637 ], [ -2.346655, 36.567676 ], [ -2.345527, 36.569621 ], [ -2.34027, 36.578603 ], [ -2.335486, 36.587587 ], [ -2.335308, 36.587912 ], [ -2.330176, 36.596569 ], [ -2.325446, 36.605553 ], [ -2.323953, 36.608456 ], [ -2.320567, 36.614536 ], [ -2.315786, 36.62352 ], [ -2.312581, 36.630266 ], [ -2.311429, 36.632506 ], [ -2.306611, 36.641489 ], [ -2.302433, 36.650475 ], [ -2.301192, 36.653181 ], [ -2.298067, 36.65946 ], [ -2.293809, 36.668446 ], [ -2.289959, 36.677434 ], [ -2.28978, 36.67784 ], [ -2.285714, 36.68642 ], [ -2.281778, 36.695407 ], [ -2.278346, 36.704148 ], [ -2.278241, 36.704396 ], [ -2.274341, 36.713383 ], [ -2.270794, 36.722372 ], [ -2.26764, 36.731364 ], [ -2.266874, 36.733505 ], [ -2.264256, 36.740354 ], [ -2.260975, 36.749344 ], [ -2.257972, 36.758336 ], [ -2.255354, 36.766934 ], [ -2.255226, 36.76733 ], [ -2.252313, 36.776322 ], [ -2.249621, 36.785316 ], [ -2.247352, 36.794312 ], [ -2.245056, 36.803308 ], [ -2.243738, 36.80915 ], [ -2.242978, 36.812306 ], [ -2.240847, 36.821303 ], [ -2.238931, 36.830301 ], [ -2.237249, 36.839301 ], [ -2.235807, 36.848302 ], [ -2.23462, 36.857305 ], [ -2.233318, 36.866307 ], [ -2.232007, 36.875309 ], [ -2.231856, 36.876517 ], [ -2.230786, 36.884312 ], [ -2.229976, 36.893317 ], [ -2.229886, 36.902327 ], [ -2.230866, 36.911344 ], [ -2.231478, 36.914211 ], [ -2.23247, 36.920365 ], [ -2.233528, 36.929382 ], [ -2.234623, 36.9384 ], [ -2.236275, 36.947421 ], [ -2.238837, 36.956448 ], [ -2.242198, 36.965043 ], [ -2.242411, 36.965481 ], [ -2.247144, 36.974521 ], [ -2.250065, 36.98355 ], [ -2.253175, 36.991 ], [ -2.25388, 36.992585 ], [ -2.260937, 37.001639 ], [ -2.264279, 37.004572 ], [ -2.269839, 37.010705 ], [ -2.275399, 37.016837 ], [ -2.277308, 37.019761 ], [ -2.285732, 37.028822 ], [ -2.286518, 37.029601 ], [ -2.295854, 37.037893 ], [ -2.29767, 37.039199 ], [ -2.308853, 37.04569 ], [ -2.310511, 37.046989 ], [ -2.32004, 37.0519 ], [ -2.324996, 37.056083 ], [ -2.331216, 37.059568 ], [ -2.339305, 37.065174 ], [ -2.342399, 37.066715 ], [ -2.353618, 37.069814 ], [ -2.362603, 37.074312 ], [ -2.364822, 37.074922 ], [ -2.376044, 37.078 ], [ -2.384334, 37.083437 ], [ -2.387239, 37.084517 ], [ -2.398466, 37.087167 ], [ -2.409688, 37.090581 ], [ -2.417391, 37.092614 ], [ -2.420919, 37.093084 ], [ -2.432165, 37.093528 ], [ -2.443405, 37.094865 ], [ -2.454634, 37.097765 ], [ -2.462959, 37.101839 ], [ -2.465852, 37.102367 ], [ -2.477097, 37.103218 ], [ -2.488342, 37.104201 ], [ -2.499586, 37.105206 ], [ -2.510819, 37.108205 ], [ -2.522067, 37.108849 ], [ -2.533306, 37.110964 ], [ -2.535751, 37.111157 ], [ -2.544555, 37.111398 ], [ -2.555807, 37.111517 ], [ -2.567058, 37.111728 ], [ -2.578309, 37.112133 ], [ -2.589557, 37.112868 ], [ -2.600795, 37.115724 ], [ -2.612052, 37.114873 ], [ -2.623304, 37.115153 ], [ -2.634558, 37.114984 ], [ -2.645813, 37.11454 ], [ -2.657068, 37.114005 ], [ -2.668323, 37.113575 ], [ -2.679576, 37.113462 ], [ -2.690827, 37.113928 ], [ -2.702074, 37.115336 ], [ -2.713325, 37.115935 ], [ -2.724577, 37.116338 ], [ -2.73583, 37.116296 ], [ -2.747084, 37.116067 ], [ -2.758337, 37.115908 ], [ -2.76959, 37.116071 ], [ -2.780841, 37.116791 ], [ -2.792093, 37.117467 ], [ -2.80334, 37.119621 ], [ -2.814592, 37.120536 ], [ -2.825845, 37.120852 ], [ -2.837099, 37.12088 ], [ -2.848353, 37.120824 ], [ -2.859607, 37.120838 ], [ -2.863331, 37.120997 ], [ -2.87086, 37.121442 ], [ -2.88211, 37.123697 ], [ -2.893362, 37.125457 ], [ -2.904615, 37.126822 ], [ -2.915869, 37.12782 ], [ -2.927123, 37.128525 ], [ -2.938377, 37.128978 ], [ -2.949632, 37.129723 ], [ -2.960887, 37.129941 ], [ -2.961792, 37.13008 ], [ -2.97214, 37.135251 ], [ -2.983396, 37.137638 ], [ -2.994652, 37.138766 ], [ -3.005909, 37.138654 ], [ -3.009752, 37.139097 ], [ -3.017166, 37.140733 ], [ -3.028424, 37.145368 ], [ -3.039683, 37.147729 ], [ -3.041055, 37.1481 ], [ -3.050946, 37.154336 ], [ -3.062206, 37.15627 ], [ -3.064222, 37.1571 ], [ -3.073471, 37.162707 ], [ -3.078051, 37.166102 ], [ -3.084744, 37.173774 ], [ -3.086362, 37.175107 ], [ -3.088833, 37.184115 ], [ -3.088526, 37.193126 ], [ -3.090643, 37.202134 ], [ -3.089386, 37.211146 ], [ -3.090157, 37.220155 ], [ -3.090296, 37.229165 ], [ -3.089379, 37.238176 ], [ -3.091186, 37.247185 ], [ -3.086219, 37.256199 ], [ -3.08702, 37.265209 ], [ -3.084855, 37.273397 ], [ -3.084416, 37.274221 ], [ -3.079701, 37.283234 ], [ -3.074825, 37.292247 ], [ -3.073599, 37.294569 ], [ -3.068694, 37.301261 ], [ -3.062332, 37.309289 ], [ -3.060573, 37.310276 ], [ -3.051054, 37.315846 ], [ -3.043972, 37.319293 ], [ -3.039774, 37.321039 ], [ -3.030114, 37.328308 ], [ -3.028494, 37.32912 ], [ -3.017319, 37.33732 ], [ -3.01721, 37.33738 ], [ -3.005925, 37.345062 ], [ -3.002339, 37.346332 ], [ -2.994637, 37.349301 ], [ -2.985539, 37.355341 ], [ -2.983348, 37.356423 ], [ -2.972057, 37.362489 ], [ -2.968879, 37.364348 ], [ -2.960764, 37.367257 ], [ -2.951205, 37.373352 ], [ -2.949469, 37.374162 ], [ -2.938173, 37.379132 ], [ -2.932376, 37.382352 ], [ -2.926876, 37.384463 ], [ -2.916043, 37.391352 ], [ -2.915575, 37.39158 ], [ -2.904274, 37.396843 ], [ -2.895912, 37.400346 ], [ -2.892972, 37.401573 ], [ -2.881668, 37.406897 ], [ -2.876827, 37.409337 ], [ -2.870363, 37.411623 ], [ -2.859255, 37.418328 ], [ -2.859053, 37.418421 ], [ -2.847747, 37.422104 ], [ -2.839587, 37.427313 ], [ -2.836434, 37.428814 ], [ -2.825124, 37.433404 ], [ -2.819445, 37.436293 ], [ -2.813811, 37.438414 ], [ -2.802494, 37.444183 ], [ -2.800047, 37.445272 ], [ -2.791181, 37.44822 ], [ -2.780114, 37.454247 ], [ -2.77986, 37.454358 ], [ -2.768544, 37.458358 ], [ -2.759561, 37.463216 ], [ -2.757221, 37.46425 ], [ -2.745897, 37.469836 ], [ -2.740375, 37.472186 ], [ -2.734574, 37.474515 ], [ -2.723248, 37.479851 ], [ -2.720305, 37.48115 ], [ -2.711924, 37.484191 ], [ -2.700594, 37.489669 ], [ -2.699539, 37.490108 ], [ -2.689268, 37.493736 ], [ -2.678321, 37.499062 ], [ -2.677935, 37.499228 ], [ -2.666604, 37.503754 ], [ -2.658441, 37.508016 ], [ -2.655267, 37.509517 ], [ -2.643932, 37.514347 ], [ -2.637904, 37.516965 ], [ -2.632596, 37.519097 ], [ -2.621259, 37.523799 ], [ -2.616095, 37.525906 ], [ -2.609922, 37.528209 ], [ -2.598582, 37.532828 ], [ -2.593576, 37.53484 ], [ -2.587242, 37.537251 ], [ -2.575899, 37.542106 ], [ -2.572071, 37.543774 ], [ -2.564553, 37.546986 ], [ -2.553203, 37.552424 ], [ -2.552598, 37.552711 ], [ -2.54185, 37.558225 ], [ -2.535009, 37.561653 ], [ -2.530494, 37.563968 ], [ -2.519137, 37.569732 ], [ -2.517417, 37.570592 ], [ -2.507778, 37.575477 ], [ -2.499641, 37.579528 ], [ -2.496418, 37.581184 ], [ -2.485055, 37.586982 ], [ -2.482215, 37.588462 ], [ -2.473689, 37.593121 ], [ -2.465663, 37.597398 ], [ -2.46232, 37.599293 ], [ -2.450947, 37.605748 ], [ -2.449957, 37.606335 ], [ -2.439567, 37.612907 ], [ -2.435714, 37.615277 ], [ -2.428183, 37.620222 ], [ -2.421884, 37.62422 ], [ -2.416797, 37.627644 ], [ -2.408291, 37.633162 ], [ -2.405407, 37.635123 ], [ -2.394772, 37.642103 ], [ -2.394016, 37.642615 ], [ -2.38262, 37.650344 ], [ -2.381479, 37.651043 ], [ -2.371218, 37.658445 ], [ -2.368816, 37.659986 ], [ -2.359814, 37.666539 ], [ -2.35673, 37.66893 ], [ -2.348399, 37.675636 ], [ -2.345735, 37.677879 ], [ -2.336973, 37.685659 ], [ -2.335656, 37.686832 ], [ -2.32613, 37.695787 ], [ -2.325538, 37.696352 ], [ -2.317017, 37.704744 ], [ -2.314089, 37.708099 ], [ -2.308249, 37.713702 ], [ -2.302647, 37.718809 ], [ -2.299112, 37.722658 ], [ -2.291187, 37.731022 ], [ -2.290673, 37.731616 ], [ -2.284247, 37.740587 ], [ -2.279697, 37.745904 ], [ -2.27698, 37.749552 ], [ -2.270041, 37.758518 ], [ -2.268205, 37.760587 ], [ -2.262501, 37.76748 ], [ -2.256707, 37.775402 ], [ -2.255961, 37.776449 ], [ -2.250814, 37.785425 ], [ -2.245627, 37.794401 ], [ -2.245153, 37.795284 ], [ -2.241422, 37.803383 ], [ -2.237645, 37.812368 ], [ -2.233538, 37.820386 ], [ -2.233052, 37.821347 ], [ -2.229821, 37.830335 ], [ -2.226595, 37.839323 ], [ -2.223711, 37.848313 ], [ -2.221818, 37.854811 ], [ -2.221183, 37.857306 ], [ -2.219413, 37.866303 ], [ -2.218012, 37.875303 ], [ -2.216122, 37.884299 ], [ -2.214074, 37.893295 ], [ -2.212963, 37.902296 ], [ -2.212505, 37.911302 ], [ -2.212592, 37.920312 ], [ -2.213094, 37.929324 ], [ -2.213874, 37.938338 ], [ -2.21479, 37.947353 ], [ -2.214837, 37.956362 ], [ -2.216111, 37.96538 ], [ -2.218134, 37.974402 ], [ -2.220462, 37.98337 ], [ -2.220474, 37.983427 ], [ -2.222673, 37.99245 ], [ -2.225216, 38.001476 ], [ -2.227979, 38.010503 ], [ -2.230787, 38.01953 ], [ -2.231438, 38.022496 ], [ -2.232742, 38.028551 ], [ -2.234973, 38.037575 ], [ -2.237774, 38.046602 ], [ -2.241238, 38.055633 ], [ -2.242449, 38.059232 ], [ -2.243888, 38.064659 ], [ -2.246614, 38.073685 ], [ -2.249883, 38.082715 ], [ -2.25352, 38.091252 ], [ -2.253693, 38.091748 ], [ -2.256395, 38.100773 ], [ -2.259652, 38.109803 ], [ -2.263629, 38.118836 ], [ -2.264619, 38.121369 ], [ -2.266732, 38.127864 ], [ -2.270128, 38.136894 ], [ -2.274259, 38.145928 ], [ -2.275748, 38.149352 ], [ -2.277782, 38.154959 ], [ -2.28143, 38.16399 ], [ -2.285798, 38.173025 ], [ -2.286903, 38.175509 ], [ -2.289407, 38.182056 ], [ -2.293351, 38.191088 ], [ -2.298011, 38.200124 ], [ -2.298079, 38.200272 ], [ -2.301644, 38.209155 ], [ -2.306038, 38.218189 ], [ -2.309269, 38.22438 ], [ -2.310552, 38.227224 ], [ -2.314791, 38.236258 ], [ -2.319626, 38.245294 ], [ -2.32048, 38.246992 ], [ -2.323761, 38.254327 ], [ -2.328446, 38.263362 ], [ -2.331701, 38.269315 ], [ -2.333202, 38.272398 ], [ -2.337696, 38.281432 ], [ -2.34294, 38.290357 ], [ -2.343, 38.29047 ], [ -2.347339, 38.299503 ], [ -2.352585, 38.30854 ], [ -2.354186, 38.311334 ], [ -2.357366, 38.317575 ], [ -2.362483, 38.326611 ], [ -2.365444, 38.33164 ], [ -2.367585, 38.335647 ], [ -2.372664, 38.344683 ], [ -2.376715, 38.351293 ], [ -2.378064, 38.35372 ], [ -2.383122, 38.362755 ], [ -2.387995, 38.370419 ], [ -2.388788, 38.371793 ], [ -2.39384, 38.380828 ], [ -2.399285, 38.389108 ], [ -2.399744, 38.389867 ], [ -2.404841, 38.398901 ], [ -2.410583, 38.407535 ], [ -2.410831, 38.407939 ], [ -2.41602, 38.416974 ], [ -2.421889, 38.425658 ], [ -2.42211, 38.426012 ], [ -2.427423, 38.435047 ], [ -2.433203, 38.443467 ], [ -2.433594, 38.444085 ], [ -2.439048, 38.453119 ], [ -2.444525, 38.460981 ], [ -2.44528, 38.462157 ], [ -2.45089, 38.471192 ], [ -2.455855, 38.478206 ], [ -2.457175, 38.480229 ], [ -2.463011, 38.489264 ], [ -2.467191, 38.495222 ], [ -2.469207, 38.498301 ], [ -2.475312, 38.507337 ], [ -2.478535, 38.511917 ], [ -2.481455, 38.516372 ], [ -2.48786, 38.525408 ], [ -2.489886, 38.528283 ], [ -2.493925, 38.534443 ], [ -2.50066, 38.54348 ], [ -2.501245, 38.544309 ], [ -2.506624, 38.552513 ], [ -2.512609, 38.560433 ], [ -2.513412, 38.56155 ], [ -2.519588, 38.570584 ], [ -2.523977, 38.576474 ], [ -2.526183, 38.579618 ], [ -2.53275, 38.588653 ], [ -2.535354, 38.592176 ], [ -2.539181, 38.597687 ], [ -2.546182, 38.606722 ], [ -2.546737, 38.607475 ], [ -2.552471, 38.615754 ], [ -2.558124, 38.623008 ], [ -2.559431, 38.624789 ], [ -2.56613, 38.633822 ], [ -2.569518, 38.638162 ], [ -2.572963, 38.642855 ], [ -2.580243, 38.651889 ], [ -2.58092, 38.652753 ], [ -2.586944, 38.660921 ], [ -2.592326, 38.667543 ], [ -2.59419, 38.669954 ], [ -2.601385, 38.678987 ], [ -2.603738, 38.681907 ], [ -2.608415, 38.688019 ], [ -2.615157, 38.696033 ], [ -2.615973, 38.697052 ], [ -2.623195, 38.706083 ], [ -2.62658, 38.710122 ], [ -2.630556, 38.715114 ], [ -2.63801, 38.72365 ], [ -2.638424, 38.724147 ], [ -2.64582, 38.733177 ], [ -2.649444, 38.737331 ], [ -2.653462, 38.742208 ], [ -2.660885, 38.750511 ], [ -2.661512, 38.75124 ], [ -2.669205, 38.76027 ], [ -2.672329, 38.763793 ], [ -2.677023, 38.769299 ], [ -2.68378, 38.776677 ], [ -2.685236, 38.778329 ], [ -2.69344, 38.787359 ], [ -2.695235, 38.789326 ], [ -2.701422, 38.796388 ], [ -2.706695, 38.801977 ], [ -2.709813, 38.805416 ], [ -2.718161, 38.814018 ], [ -2.718561, 38.814446 ], [ -2.726894, 38.823473 ], [ -2.72963, 38.826326 ], [ -2.735386, 38.8325 ], [ -2.741103, 38.838319 ], [ -2.744171, 38.841528 ], [ -2.752583, 38.849889 ], [ -2.753235, 38.850555 ], [ -2.762186, 38.859581 ], [ -2.764066, 38.861449 ], [ -2.771068, 38.868607 ], [ -2.775552, 38.872948 ], [ -2.780257, 38.877632 ], [ -2.787044, 38.88405 ], [ -2.789743, 38.886657 ], [ -2.79854, 38.89488 ], [ -2.799386, 38.895682 ], [ -2.809085, 38.904706 ], [ -2.81004, 38.905597 ], [ -2.81863, 38.913728 ], [ -2.821543, 38.916391 ], [ -2.828406, 38.922751 ], [ -2.83305, 38.926909 ], [ -2.838409, 38.931773 ], [ -2.844562, 38.937169 ], [ -2.848641, 38.940794 ], [ -2.856077, 38.947183 ], [ -2.859107, 38.949815 ], [ -2.867595, 38.957024 ], [ -2.869727, 38.958835 ], [ -2.879117, 38.966704 ], [ -2.880493, 38.967854 ], [ -2.890643, 38.976221 ], [ -2.891435, 38.976872 ], [ -2.902171, 38.985572 ], [ -2.902565, 38.985889 ], [ -2.913703, 38.994755 ], [ -2.913893, 38.994906 ], [ -2.925238, 39.003768 ], [ -2.925442, 39.003921 ], [ -2.936777, 39.012625 ], [ -2.937172, 39.012936 ], [ -2.948318, 39.021403 ], [ -2.949052, 39.021949 ], [ -2.959862, 39.030016 ], [ -2.961156, 39.030961 ], [ -2.971409, 39.038464 ], [ -2.973516, 39.039972 ], [ -2.982958, 39.046739 ], [ -2.986161, 39.048981 ], [ -2.994511, 39.054831 ], [ -2.999129, 39.05799 ], [ -3.006066, 39.062597 ], [ -3.012662, 39.066996 ], [ -3.017623, 39.070459 ], [ -3.026231, 39.076002 ], [ -3.029183, 39.077939 ], [ -3.040332, 39.085005 ], [ -3.040746, 39.085269 ], [ -3.052311, 39.09271 ], [ -3.054411, 39.094006 ], [ -3.063878, 39.099944 ], [ -3.069, 39.103006 ], [ -3.075447, 39.106921 ], [ -3.084273, 39.112003 ], [ -3.087018, 39.113622 ], [ -3.098591, 39.120263 ], [ -3.099894, 39.120998 ], [ -3.110167, 39.126983 ], [ -3.115726, 39.129991 ], [ -3.121744, 39.133355 ], [ -3.132538, 39.13898 ], [ -3.133322, 39.1394 ], [ -3.144904, 39.145713 ], [ -3.149352, 39.147967 ], [ -3.156486, 39.151694 ], [ -3.16752, 39.15695 ], [ -3.168069, 39.157224 ], [ -3.179656, 39.163143 ], [ -3.185759, 39.165929 ], [ -3.191242, 39.168564 ], [ -3.20283, 39.173871 ], [ -3.205162, 39.174904 ], [ -3.214421, 39.179216 ], [ -3.225583, 39.183874 ], [ -3.226011, 39.18406 ], [ -3.237604, 39.189317 ], [ -3.246353, 39.192839 ], [ -3.249197, 39.194049 ], [ -3.260792, 39.199013 ], [ -3.268087, 39.201798 ], [ -3.272388, 39.203557 ], [ -3.283986, 39.208254 ], [ -3.290854, 39.21075 ], [ -3.295583, 39.21259 ], [ -3.307183, 39.21709 ], [ -3.314685, 39.219696 ], [ -3.318782, 39.221217 ], [ -3.330384, 39.225574 ], [ -3.339565, 39.228633 ], [ -3.341986, 39.229454 ], [ -3.35359, 39.233779 ], [ -3.365193, 39.237457 ], [ -3.365512, 39.237562 ], [ -3.376799, 39.24159 ], [ -3.388404, 39.245262 ], [ -3.392398, 39.246481 ], [ -3.400011, 39.248998 ], [ -3.411619, 39.252704 ], [ -3.421157, 39.255388 ], [ -3.423226, 39.256019 ], [ -3.434836, 39.259797 ], [ -3.446445, 39.263083 ], [ -3.450748, 39.264284 ], [ -3.458056, 39.266538 ], [ -3.469667, 39.26994 ], [ -3.481278, 39.272943 ], [ -3.48211, 39.273165 ], [ -3.492891, 39.27632 ], [ -3.504504, 39.279456 ], [ -3.515229, 39.282031 ], [ -3.516116, 39.282262 ], [ -3.527732, 39.285512 ], [ -3.539347, 39.288447 ], [ -3.550126, 39.290878 ], [ -3.55096, 39.291084 ], [ -3.562578, 39.294235 ], [ -3.574194, 39.29703 ], [ -3.585809, 39.299538 ], [ -3.586556, 39.299707 ], [ -3.597428, 39.302425 ], [ -3.609046, 39.305132 ], [ -3.620663, 39.307563 ], [ -3.625318, 39.308512 ], [ -3.632282, 39.310084 ], [ -3.643902, 39.312745 ], [ -3.655521, 39.315137 ], [ -3.667099, 39.317287 ], [ -3.667138, 39.317295 ], [ -3.67876, 39.319808 ], [ -3.690382, 39.322311 ], [ -3.702002, 39.324485 ], [ -3.711005, 39.326034 ], [ -3.713621, 39.326538 ], [ -3.725245, 39.328969 ], [ -3.736867, 39.331176 ], [ -3.748488, 39.333187 ], [ -3.75827, 39.334743 ], [ -3.760109, 39.335068 ], [ -3.771734, 39.337316 ], [ -3.783357, 39.339394 ], [ -3.79498, 39.341293 ], [ -3.806601, 39.343027 ], [ -3.808939, 39.343408 ], [ -3.818226, 39.345092 ], [ -3.829852, 39.347094 ], [ -3.841476, 39.348926 ], [ -3.853099, 39.350606 ], [ -3.863713, 39.352021 ], [ -3.864721, 39.352173 ], [ -3.876347, 39.354066 ], [ -3.887973, 39.355868 ], [ -3.899598, 39.357522 ], [ -3.911222, 39.359043 ], [ -3.922844, 39.360447 ], [ -3.923755, 39.360567 ], [ -3.934471, 39.362167 ], [ -3.946096, 39.363662 ], [ -3.957724, 39.365392 ], [ -3.969349, 39.366811 ], [ -3.980973, 39.368122 ], [ -3.98963, 39.369032 ], [ -3.992596, 39.369391 ], [ -4.004224, 39.370955 ], [ -4.015851, 39.372415 ], [ -4.027477, 39.373767 ], [ -4.039102, 39.375023 ], [ -4.050726, 39.376193 ], [ -4.06235, 39.377285 ], [ -4.063347, 39.377389 ], [ -4.073978, 39.37866 ], [ -4.085606, 39.38003 ], [ -4.097234, 39.381328 ], [ -4.10886, 39.382524 ], [ -4.120486, 39.383641 ], [ -4.132111, 39.384685 ], [ -4.143443, 39.385635 ], [ -4.143735, 39.385664 ], [ -4.155364, 39.386918 ], [ -4.166993, 39.388149 ], [ -4.178621, 39.389295 ], [ -4.190248, 39.390362 ], [ -4.201874, 39.391357 ], [ -4.213499, 39.392284 ], [ -4.225124, 39.393147 ], [ -4.232953, 39.393728 ], [ -4.236749, 39.394034 ], [ -4.248379, 39.395183 ], [ -4.260007, 39.396229 ], [ -4.271635, 39.397207 ], [ -4.283262, 39.398121 ], [ -4.294888, 39.398974 ], [ -4.306513, 39.39977 ], [ -4.318138, 39.400514 ], [ -4.329761, 39.401207 ], [ -4.336515, 39.401591 ], [ -4.341386, 39.401923 ], [ -4.353014, 39.40285 ], [ -4.364642, 39.403712 ], [ -4.376269, 39.404514 ], [ -4.387895, 39.405262 ], [ -4.39952, 39.405959 ], [ -4.411145, 39.40661 ], [ -4.422769, 39.407218 ], [ -4.434392, 39.407784 ], [ -4.446014, 39.40831 ], [ -4.457636, 39.408798 ], [ -4.46426, 39.409059 ], [ -4.469259, 39.409301 ], [ -4.480885, 39.409963 ], [ -4.49251, 39.410593 ], [ -4.504135, 39.411178 ], [ -4.515759, 39.411721 ], [ -4.527377, 39.412004 ], [ -4.539005, 39.412708 ], [ -4.550627, 39.413137 ], [ -4.562248, 39.413531 ], [ -4.573869, 39.413892 ], [ -4.585489, 39.414222 ], [ -4.597108, 39.414522 ], [ -4.608727, 39.414792 ], [ -4.620345, 39.415035 ], [ -4.631963, 39.41525 ], [ -4.64358, 39.415441 ], [ -4.651581, 39.415556 ], [ -4.655197, 39.415628 ], [ -4.666817, 39.415904 ], [ -4.678437, 39.416212 ], [ -4.690055, 39.416447 ], [ -4.701673, 39.416654 ], [ -4.71329, 39.416832 ], [ -4.724907, 39.416983 ], [ -4.736523, 39.417108 ], [ -4.748138, 39.417208 ], [ -4.759753, 39.417283 ], [ -4.771367, 39.417335 ], [ -4.782981, 39.417363 ], [ -4.794594, 39.41737 ], [ -4.806207, 39.417357 ], [ -4.817819, 39.417335 ], [ -4.82943, 39.417278 ], [ -4.841041, 39.417198 ], [ -4.852651, 39.417095 ], [ -4.86426, 39.416969 ], [ -4.875869, 39.416821 ], [ -4.887477, 39.416652 ], [ -4.899085, 39.416461 ], [ -4.910692, 39.41625 ], [ -4.922298, 39.416018 ], [ -4.933903, 39.415766 ], [ -4.945508, 39.415495 ], [ -4.957105, 39.414954 ], [ -4.968716, 39.414896 ], [ -4.980319, 39.414561 ], [ -4.991921, 39.4142 ], [ -5.003522, 39.413814 ], [ -5.015122, 39.413404 ], [ -5.026721, 39.412969 ], [ -5.03832, 39.412509 ], [ -5.049917, 39.412026 ], [ -5.061514, 39.411519 ], [ -5.07311, 39.410989 ], [ -5.084705, 39.410436 ], [ -5.096299, 39.409861 ], [ -5.107892, 39.409265 ], [ -5.119484, 39.408621 ], [ -5.131075, 39.407978 ], [ -5.138046, 39.40763 ], [ -5.142669, 39.407427 ], [ -5.154263, 39.406892 ], [ -5.165857, 39.406329 ], [ -5.177449, 39.405732 ], [ -5.189039, 39.405098 ], [ -5.200628, 39.404425 ], [ -5.212216, 39.403706 ], [ -5.223801, 39.40294 ], [ -5.235385, 39.402119 ], [ -5.246957, 39.400943 ], [ -5.258545, 39.400287 ], [ -5.270122, 39.399269 ], [ -5.281695, 39.398168 ], [ -5.293265, 39.396982 ], [ -5.304835, 39.395799 ], [ -5.309615, 39.395343 ], [ -5.31641, 39.394785 ], [ -5.327985, 39.393778 ], [ -5.339557, 39.392706 ], [ -5.351127, 39.391566 ], [ -5.362694, 39.390355 ], [ -5.374258, 39.389068 ], [ -5.385819, 39.387702 ], [ -5.397373, 39.38617 ], [ -5.408928, 39.384662 ], [ -5.412384, 39.384252 ], [ -5.420492, 39.38343 ], [ -5.432056, 39.382195 ], [ -5.443615, 39.380862 ], [ -5.455171, 39.379425 ], [ -5.466721, 39.37787 ], [ -5.478267, 39.376189 ], [ -5.489808, 39.374367 ], [ -5.496205, 39.373477 ], [ -5.501359, 39.372869 ], [ -5.512912, 39.371441 ], [ -5.524461, 39.369911 ], [ -5.536005, 39.36827 ], [ -5.547545, 39.366508 ], [ -5.559075, 39.364496 ], [ -5.569151, 39.362884 ], [ -5.570611, 39.362671 ], [ -5.582158, 39.361163 ], [ -5.593699, 39.359519 ], [ -5.605235, 39.357723 ], [ -5.616763, 39.355756 ], [ -5.628283, 39.353591 ], [ -5.635276, 39.352399 ], [ -5.639815, 39.351743 ], [ -5.651351, 39.350033 ], [ -5.66288, 39.348174 ], [ -5.674403, 39.346147 ], [ -5.685918, 39.343927 ], [ -5.695708, 39.342009 ], [ -5.697432, 39.341723 ], [ -5.708963, 39.339954 ], [ -5.720474, 39.337694 ], [ -5.732004, 39.335954 ], [ -5.743511, 39.333619 ], [ -5.753064, 39.33166 ], [ -5.755018, 39.33132 ], [ -5.766541, 39.329449 ], [ -5.778056, 39.327382 ], [ -5.789561, 39.325086 ], [ -5.801055, 39.322518 ], [ -5.806745, 39.321373 ], [ -5.812564, 39.320381 ], [ -5.824077, 39.318332 ], [ -5.83558, 39.316066 ], [ -5.847073, 39.313548 ], [ -5.857609, 39.311129 ], [ -5.858561, 39.310944 ], [ -5.870071, 39.308912 ], [ -5.881572, 39.306678 ], [ -5.893058, 39.304076 ], [ -5.90454, 39.301415 ], [ -5.906938, 39.300902 ], [ -5.916043, 39.299264 ], [ -5.927541, 39.297019 ], [ -5.939025, 39.294476 ], [ -5.950493, 39.291564 ], [ -5.954366, 39.290703 ], [ -5.961987, 39.289281 ], [ -5.973478, 39.286951 ], [ -5.984956, 39.284315 ], [ -5.996416, 39.281296 ], [ -5.999733, 39.280537 ], [ -6.007905, 39.278972 ], [ -6.019389, 39.276555 ], [ -6.030858, 39.273823 ], [ -6.04231, 39.270703 ], [ -6.043638, 39.270392 ], [ -6.053797, 39.268403 ], [ -6.065274, 39.265903 ], [ -6.076732, 39.262982 ], [ -6.087115, 39.260242 ], [ -6.088185, 39.259995 ], [ -6.099667, 39.257665 ], [ -6.111133, 39.254996 ], [ -6.12258, 39.251899 ], [ -6.129492, 39.250106 ], [ -6.134039, 39.249111 ], [ -6.145508, 39.246578 ], [ -6.156959, 39.243661 ], [ -6.168393, 39.240361 ], [ -6.169791, 39.24001 ], [ -6.179861, 39.237874 ], [ -6.191317, 39.235109 ], [ -6.202751, 39.231907 ], [ -6.210009, 39.229904 ], [ -6.214195, 39.228932 ], [ -6.225654, 39.2263 ], [ -6.237093, 39.223273 ], [ -6.248364, 39.219835 ], [ -6.248511, 39.219795 ], [ -6.259973, 39.217293 ], [ -6.271416, 39.21441 ], [ -6.282834, 39.211004 ], [ -6.287443, 39.209733 ], [ -6.294276, 39.208147 ], [ -6.305719, 39.205327 ], [ -6.317138, 39.202007 ], [ -6.325155, 39.199658 ], [ -6.328562, 39.198816 ], [ -6.340005, 39.196047 ], [ -6.351424, 39.1928 ], [ -6.361763, 39.189602 ], [ -6.362831, 39.189323 ], [ -6.374272, 39.186596 ], [ -6.385691, 39.183406 ], [ -6.397085, 39.179721 ], [ -6.397678, 39.179555 ], [ -6.408523, 39.176991 ], [ -6.419941, 39.173851 ], [ -6.43133, 39.170136 ], [ -6.433526, 39.169499 ], [ -6.442754, 39.167161 ], [ -6.454172, 39.164088 ], [ -6.465562, 39.160466 ], [ -6.469008, 39.159443 ], [ -6.476981, 39.157458 ], [ -6.488393, 39.154331 ], [ -6.499772, 39.150563 ], [ -6.503638, 39.149402 ], [ -6.511186, 39.1475 ], [ -6.522592, 39.14432 ], [ -6.533965, 39.14049 ], [ -6.537663, 39.139369 ], [ -6.545374, 39.137409 ], [ -6.556774, 39.134172 ], [ -6.56814, 39.130275 ], [ -6.571199, 39.129342 ], [ -6.579546, 39.127208 ], [ -6.59094, 39.123912 ], [ -6.602299, 39.119945 ], [ -6.604354, 39.119316 ], [ -6.613705, 39.11692 ], [ -6.625092, 39.113568 ], [ -6.636444, 39.109532 ], [ -6.637186, 39.109291 ], [ -6.647837, 39.106328 ], [ -6.659231, 39.103155 ], [ -6.670246, 39.09925 ], [ -6.67058, 39.09915 ], [ -6.681984, 39.096223 ], [ -6.69336, 39.092758 ], [ -6.703632, 39.08919 ], [ -6.704711, 39.08887 ], [ -6.716109, 39.085884 ], [ -6.727477, 39.08234 ], [ -6.736868, 39.079124 ], [ -6.738831, 39.078552 ], [ -6.750221, 39.075484 ], [ -6.76158, 39.071832 ], [ -6.769736, 39.069062 ], [ -6.772935, 39.068137 ], [ -6.784316, 39.064959 ], [ -6.795663, 39.06116 ], [ -6.802009, 39.059009 ], [ -6.80702, 39.057565 ], [ -6.818381, 39.054069 ], [ -6.829722, 39.050221 ], [ -6.833491, 39.048974 ], [ -6.841084, 39.046804 ], [ -6.852443, 39.043336 ], [ -6.863767, 39.039242 ], [ -6.864726, 39.038938 ], [ -6.875141, 39.036088 ], [ -6.886489, 39.032492 ], [ -6.896669, 39.028871 ], [ -6.897816, 39.028515 ], [ -6.909183, 39.025306 ], [ -6.920518, 39.021531 ], [ -6.928327, 39.018804 ], [ -6.931851, 39.017733 ], [ -6.943205, 39.014337 ], [ -6.954523, 39.010316 ], [ -6.959009, 39.008762 ], [ -6.965859, 39.006646 ], [ -6.977193, 39.002959 ], [ -6.988494, 38.998754 ], [ -6.988496, 38.998753 ], [ -6.999846, 38.99539 ], [ -7.011167, 38.991539 ], [ -7.019146, 38.988697 ], [ -7.022484, 38.987631 ], [ -7.033819, 38.984073 ], [ -7.045122, 38.979971 ], [ -7.048893, 38.978664 ], [ -7.056449, 38.976315 ], [ -7.067764, 38.972475 ], [ -7.077858, 38.968651 ], [ -7.079056, 38.968243 ], [ -7.09038, 38.96459 ], [ -7.101661, 38.960223 ], [ -7.106074, 38.958657 ], [ -7.112967, 38.95631 ], [ -7.124268, 38.95232 ], [ -7.133956, 38.948669 ], [ -7.135554, 38.948106 ], [ -7.146859, 38.944239 ], [ -7.158137, 38.939943 ], [ -7.161508, 38.938686 ], [ -7.16943, 38.935917 ], [ -7.180708, 38.93165 ], [ -7.188027, 38.928733 ], [ -7.191975, 38.927227 ], [ -7.203245, 38.92288 ], [ -7.213212, 38.918823 ], [ -7.214501, 38.918317 ], [ -7.22577, 38.913995 ], [ -7.237012, 38.909249 ], [ -7.237778, 38.908929 ], [ -7.248268, 38.904757 ], [ -7.259499, 38.899873 ], [ -7.261295, 38.89907 ], [ -7.27072, 38.894848 ], [ -7.281938, 38.889806 ], [ -7.285179, 38.889191 ], [ -7.293209, 38.885658 ], [ -7.304207, 38.879488 ], [ -7.304351, 38.879418 ], [ -7.315468, 38.87278 ], [ -7.326772, 38.86965 ], [ -7.326774, 38.869289 ], [ -7.337279, 38.860258 ], [ -7.337189, 38.851259 ], [ -7.337191, 38.85122 ], [ -7.342512, 38.842059 ], [ -7.346728, 38.832899 ], [ -7.347527, 38.831891 ], [ -7.355881, 38.823555 ], [ -7.358325, 38.82022 ], [ -7.365411, 38.814197 ], [ -7.369319, 38.811813 ], [ -7.380155, 38.804642 ], [ -7.380381, 38.804544 ], [ -7.391736, 38.802084 ], [ -7.403082, 38.799477 ], [ -7.414311, 38.795006 ], [ -7.419409, 38.794159 ], [ -7.425732, 38.793648 ], [ -7.437212, 38.793247 ], [ -7.448576, 38.791002 ], [ -7.460122, 38.791663 ], [ -7.471614, 38.791473 ], [ -7.4831, 38.791185 ], [ -7.485366, 38.791641 ], [ -7.494781, 38.793991 ], [ -7.506524, 38.797769 ], [ -7.51089, 38.799658 ], [ -7.518387, 38.803432 ], [ -7.52587, 38.808079 ], [ -7.530535, 38.813543 ], [ -7.534328, 38.816752 ], [ -7.54269, 38.823713 ], [ -7.543747, 38.825387 ], [ -7.549334, 38.834171 ], [ -7.555325, 38.841355 ], [ -7.555987, 38.842913 ], [ -7.561322, 38.851706 ], [ -7.568002, 38.859529 ], [ -7.568534, 38.860425 ], [ -7.574395, 38.869197 ], [ -7.571098, 38.878328 ], [ -7.569961, 38.887374 ], [ -7.570406, 38.896358 ], [ -7.571016, 38.905336 ], [ -7.57168, 38.914311 ], [ -7.572128, 38.923295 ], [ -7.572688, 38.932275 ], [ -7.573279, 38.941253 ], [ -7.582247, 38.949902 ], [ -7.582268, 38.958903 ], [ -7.578786, 38.968041 ], [ -7.584613, 38.976813 ], [ -7.587185, 38.978478 ], [ -7.596709, 38.985338 ], [ -7.599722, 38.993936 ], [ -7.599815, 38.994217 ], [ -7.604719, 39.003024 ], [ -7.609968, 39.011818 ], [ -7.612846, 39.020705 ], [ -7.613015, 39.020921 ], [ -7.622527, 39.029323 ], [ -7.625231, 39.038217 ], [ -7.625727, 39.038856 ], [ -7.636022, 39.046789 ], [ -7.637997, 39.049934 ], [ -7.643628, 39.055487 ], [ -7.649394, 39.064258 ], [ -7.650565, 39.065477 ], [ -7.661134, 39.072789 ], [ -7.662703, 39.074427 ], [ -7.671767, 39.081364 ], [ -7.674905, 39.084295 ], [ -7.682512, 39.089933 ], [ -7.68712, 39.0943 ], [ -7.689559, 39.098651 ], [ -7.699444, 39.105894 ], [ -7.704312, 39.107056 ], [ -7.711358, 39.11128 ], [ -7.717552, 39.115521 ], [ -7.723399, 39.118525 ], [ -7.732184, 39.123927 ], [ -7.735421, 39.125464 ], [ -7.741436, 39.132552 ], [ -7.747693, 39.136074 ], [ -7.758661, 39.140849 ], [ -7.759607, 39.141334 ], [ -7.771567, 39.147231 ], [ -7.775765, 39.149149 ], [ -7.783359, 39.150641 ], [ -7.794527, 39.157378 ], [ -7.795401, 39.157695 ], [ -7.807324, 39.16585 ], [ -7.807527, 39.165952 ], [ -7.81921, 39.16769 ], [ -7.828972, 39.173954 ], [ -7.831259, 39.174749 ], [ -7.842966, 39.17681 ], [ -7.853259, 39.181943 ], [ -7.854907, 39.182241 ], [ -7.866918, 39.188674 ], [ -7.870215, 39.190234 ], [ -7.878656, 39.191124 ], [ -7.890415, 39.198387 ], [ -7.890736, 39.198495 ], [ -7.902324, 39.198765 ], [ -7.914289, 39.204427 ], [ -7.918008, 39.206223 ], [ -7.926024, 39.206774 ], [ -7.937877, 39.210806 ], [ -7.944429, 39.214102 ], [ -7.94973, 39.214809 ], [ -7.961323, 39.215111 ], [ -7.972581, 39.221901 ], [ -7.973388, 39.222076 ], [ -7.984972, 39.222237 ], [ -7.996702, 39.22444 ], [ -8.005417, 39.229492 ], [ -8.008675, 39.230049 ], [ -8.020223, 39.229688 ], [ -8.032119, 39.234191 ], [ -8.043777, 39.235345 ], [ -8.049795, 39.236571 ], [ -8.055449, 39.236699 ], [ -8.067037, 39.236867 ], [ -8.07868, 39.237807 ], [ -8.090395, 39.239746 ], [ -8.102198, 39.243282 ], [ -8.102228, 39.243285 ], [ -8.113795, 39.243169 ], [ -8.125361, 39.243026 ], [ -8.136934, 39.242982 ], [ -8.14851, 39.242987 ], [ -8.160113, 39.243357 ], [ -8.171702, 39.243539 ], [ -8.183278, 39.243539 ], [ -8.194902, 39.244196 ], [ -8.206486, 39.244302 ], [ -8.217929, 39.242522 ], [ -8.229473, 39.242092 ], [ -8.240998, 39.241418 ], [ -8.252506, 39.240519 ], [ -8.263972, 39.23906 ], [ -8.27542, 39.237384 ], [ -8.286866, 39.235672 ], [ -8.292155, 39.234782 ], [ -8.298282, 39.233577 ], [ -8.309662, 39.23101 ], [ -8.321069, 39.228814 ], [ -8.332475, 39.226618 ], [ -8.343845, 39.223962 ], [ -8.34649, 39.223295 ], [ -8.355001, 39.218498 ], [ -8.366525, 39.217882 ], [ -8.377753, 39.21341 ], [ -8.380852, 39.212709 ], [ -8.388749, 39.205913 ], [ -8.400164, 39.203921 ], [ -8.41166, 39.202976 ], [ -8.414298, 39.202155 ], [ -8.422617, 39.195048 ], [ -8.434018, 39.192902 ], [ -8.439082, 39.191998 ], [ -8.445104, 39.186692 ], [ -8.456412, 39.183379 ], [ -8.467879, 39.182117 ], [ -8.469165, 39.181587 ], [ -8.478864, 39.174682 ], [ -8.490235, 39.172219 ], [ -8.491852, 39.171518 ], [ -8.501131, 39.163675 ], [ -8.512539, 39.161724 ], [ -8.513072, 39.161514 ], [ -8.523702, 39.156655 ], [ -8.5349, 39.152038 ], [ -8.536187, 39.151416 ], [ -8.545984, 39.146009 ], [ -8.555942, 39.141474 ], [ -8.557135, 39.140849 ], [ -8.568207, 39.134707 ], [ -8.574528, 39.131586 ], [ -8.579305, 39.128919 ], [ -8.590405, 39.12317 ], [ -8.593446, 39.121678 ], [ -8.601477, 39.117101 ], [ -8.611885, 39.11179 ], [ -8.612577, 39.111404 ], [ -8.623609, 39.104882 ], [ -8.628862, 39.101971 ], [ -8.63465, 39.098494 ], [ -8.64572, 39.092495 ], [ -8.646349, 39.092124 ], [ -8.656713, 39.085559 ], [ -8.662562, 39.082337 ], [ -8.667749, 39.079178 ], [ -8.678786, 39.072846 ], [ -8.679318, 39.072521 ], [ -8.689764, 39.065792 ], [ -8.694714, 39.062769 ], [ -8.70075, 39.05888 ], [ -8.710435, 39.053 ], [ -8.71175, 39.052156 ], [ -8.722716, 39.045044 ], [ -8.725508, 39.04326 ], [ -8.733668, 39.037787 ], [ -8.74054, 39.033521 ], [ -8.744641, 39.030813 ], [ -8.75561, 39.02381 ], [ -8.755661, 39.023775 ], [ -8.766535, 39.0163 ], [ -8.769852, 39.014074 ], [ -8.777458, 39.008788 ], [ -8.784024, 39.004372 ], [ -8.788383, 39.001333 ], [ -8.798296, 38.994663 ], [ -8.799312, 38.993954 ], [ -8.810215, 38.986289 ], [ -8.812205, 38.984971 ], [ -8.821116, 38.978632 ], [ -8.825734, 38.975296 ], [ -8.832001, 38.9708 ], [ -8.839378, 38.965614 ], [ -8.842893, 38.96308 ], [ -8.853009, 38.955931 ], [ -8.853783, 38.955369 ], [ -8.864653, 38.947439 ], [ -8.866251, 38.946266 ], [ -8.875504, 38.939307 ], [ -8.879133, 38.936618 ], [ -8.886348, 38.931131 ], [ -8.891898, 38.926975 ], [ -8.897192, 38.922974 ], [ -8.904605, 38.917333 ], [ -8.908018, 38.914635 ], [ -8.916938, 38.907709 ], [ -8.918834, 38.906212 ], [ -8.929141, 38.89809 ], [ -8.92964, 38.89769 ], [ -8.940431, 38.889015 ], [ -8.941084, 38.888483 ], [ -8.951203, 38.880158 ], [ -8.952744, 38.87889 ], [ -8.961964, 38.87119 ], [ -8.964228, 38.869305 ], [ -8.972715, 38.862137 ], [ -8.975581, 38.859725 ], [ -8.983457, 38.853012 ], [ -8.986813, 38.85015 ], [ -8.99419, 38.843798 ], [ -8.997895, 38.840582 ], [ -9.004908, 38.834457 ], [ -9.008815, 38.831022 ], [ -9.015615, 38.825006 ], [ -9.019588, 38.821468 ], [ -9.02631, 38.815445 ], [ -9.030219, 38.811921 ], [ -9.036993, 38.80578 ], [ -9.040723, 38.802379 ], [ -9.047665, 38.796016 ], [ -9.051108, 38.792843 ], [ -9.058326, 38.786156 ], [ -9.061379, 38.783311 ], [ -9.068979, 38.77624 ], [ -9.071578, 38.773783 ], [ -9.079617, 38.766187 ], [ -9.08163, 38.764262 ], [ -9.090244, 38.756028 ], [ -9.091571, 38.754745 ], [ -9.100858, 38.745754 ], [ -9.101391, 38.745234 ], [ -9.111026, 38.735732 ], [ -9.111455, 38.735308 ], [ -9.120528, 38.726236 ], [ -9.122037, 38.724731 ], [ -9.129952, 38.716744 ], [ -9.132609, 38.714069 ], [ -9.13939, 38.70725 ], [ -9.14318, 38.703429 ], [ -9.148607, 38.697767 ], [ -9.153725, 38.692525 ], [ -9.157805, 38.688285 ], [ -9.164266, 38.681606 ], [ -9.166937, 38.678805 ], [ -9.174797, 38.670605 ], [ -9.176003, 38.669328 ], [ -9.184914, 38.659859 ], [ -9.18531, 38.659437 ], [ -9.193654, 38.650399 ], [ -9.195804, 38.648085 ], [ -9.202351, 38.640939 ], [ -9.206289, 38.636673 ], [ -9.211016, 38.631482 ], [ -9.216768, 38.625211 ], [ -9.219652, 38.622025 ], [ -9.22724, 38.613716 ], [ -9.228269, 38.612568 ], [ -9.236697, 38.603121 ], [ -9.23769, 38.602005 ], [ -9.244991, 38.593681 ], [ -9.248123, 38.590136 ], [ -9.253256, 38.584242 ], [ -9.258549, 38.578212 ], [ -9.2615, 38.574803 ], [ -9.268967, 38.566246 ], [ -9.269726, 38.565365 ], [ -9.277746, 38.555937 ], [ -9.279361, 38.554048 ], [ -9.285716, 38.546511 ], [ -9.289746, 38.541774 ], [ -9.293681, 38.537086 ], [ -9.300127, 38.529494 ], [ -9.301663, 38.527659 ], [ -9.309511, 38.518238 ], [ -9.310491, 38.517056 ], [ -9.317229, 38.508825 ], [ -9.320836, 38.504446 ], [ -9.324933, 38.499411 ], [ -9.331174, 38.491794 ], [ -9.332628, 38.489998 ], [ -9.340201, 38.48059 ], [ -9.341495, 38.478981 ], [ -9.347688, 38.471187 ], [ -9.351801, 38.466049 ], [ -9.355177, 38.461784 ], [ -9.362103, 38.453095 ], [ -9.362666, 38.45238 ], [ -9.369999, 38.442984 ], [ -9.372386, 38.439977 ], [ -9.377361, 38.433586 ], [ -9.382657, 38.426765 ], [ -9.384644, 38.424192 ], [ -9.39188, 38.414801 ], [ -9.392916, 38.413448 ], [ -9.399018, 38.405414 ], [ -9.403158, 38.399984 ], [ -9.406149, 38.396027 ], [ -9.413252, 38.386642 ], [ -9.413391, 38.386456 ], [ -9.420233, 38.377262 ], [ -9.423605, 38.37275 ], [ -9.427212, 38.367883 ], [ -9.433812, 38.35901 ], [ -9.434186, 38.358503 ], [ -9.441041, 38.34913 ], [ -9.444, 38.345098 ], [ -9.44789, 38.339757 ], [ -9.454182, 38.331158 ], [ -9.454742, 38.330383 ], [ -9.461503, 38.321013 ], [ -9.464347, 38.317075 ], [ -9.468244, 38.311645 ], [ -9.474505, 38.302941 ], [ -9.474979, 38.302276 ], [ -9.48162, 38.292913 ], [ -9.484644, 38.288651 ], [ -9.488241, 38.28355 ], [ -9.494774, 38.274284 ], [ -9.494841, 38.274188 ], [ -9.501341, 38.264832 ], [ -9.504882, 38.259732 ], [ -9.507819, 38.255476 ], [ -9.514251, 38.246122 ], [ -9.514977, 38.245058 ], [ -9.520593, 38.236774 ], [ -9.525049, 38.230186 ], [ -9.526883, 38.227427 ], [ -9.533147, 38.218082 ], [ -9.535104, 38.21515 ], [ -9.539348, 38.208741 ], [ -9.545145, 38.200013 ], [ -9.54555, 38.199399 ], [ -9.551645, 38.190062 ], [ -9.555165, 38.184678 ], [ -9.557728, 38.180726 ], [ -9.563756, 38.171393 ], [ -9.565167, 38.169194 ], [ -9.569705, 38.162064 ], [ -9.575148, 38.153511 ], [ -9.575637, 38.152736 ], [ -9.581449, 38.143414 ], [ -9.585099, 38.137548 ], [ -9.58723, 38.134094 ], [ -9.592906, 38.12478 ], [ -9.595023, 38.121324 ], [ -9.598555, 38.115466 ], [ -9.604179, 38.106154 ], [ -9.604926, 38.104908 ], [ -9.609703, 38.096848 ], [ -9.614804, 38.088268 ], [ -9.615233, 38.087541 ], [ -9.620634, 38.078241 ], [ -9.624652, 38.071333 ], [ -9.626029, 38.068941 ], [ -9.631307, 38.059647 ], [ -9.634465, 38.054069 ], [ -9.636545, 38.050356 ], [ -9.641684, 38.04107 ], [ -9.644239, 38.036413 ], [ -9.646746, 38.031788 ], [ -9.65173, 38.02251 ], [ -9.65397, 38.018326 ], [ -9.656663, 38.013236 ], [ -9.661546, 38.003964 ], [ -9.663666, 37.999908 ], [ -9.666359, 37.994695 ], [ -9.671102, 37.985431 ], [ -9.673319, 37.981063 ], [ -9.675772, 37.97617 ], [ -9.680349, 37.966915 ], [ -9.682917, 37.961663 ], [ -9.684849, 37.957664 ], [ -9.689233, 37.94842 ], [ -9.692448, 37.94157 ], [ -9.69354, 37.939179 ], [ -9.697744, 37.929945 ], [ -9.701923, 37.920914 ], [ -9.702018, 37.920706 ], [ -9.706129, 37.911477 ], [ -9.710232, 37.902248 ], [ -9.711343, 37.899709 ], [ -9.714195, 37.893027 ], [ -9.718014, 37.883814 ], [ -9.720649, 37.877304 ], [ -9.721715, 37.874608 ], [ -9.725169, 37.865416 ], [ -9.728445, 37.856234 ], [ -9.729421, 37.849098 ], [ -9.72977, 37.847164 ], [ -9.731091, 37.838094 ], [ -9.736398, 37.828795 ], [ -9.738584, 37.825243 ], [ -9.739718, 37.81961 ], [ -9.741548, 37.810511 ], [ -9.746295, 37.801245 ], [ -9.747444, 37.798114 ], [ -9.74821, 37.79214 ], [ -9.748507, 37.78313 ], [ -9.749819, 37.77406 ], [ -9.755959, 37.767265 ], [ -9.756394, 37.764688 ], [ -9.756289, 37.7557 ], [ -9.757002, 37.746665 ], [ -9.760589, 37.737465 ], [ -9.764149, 37.732923 ], [ -9.764759, 37.728231 ], [ -9.764094, 37.719276 ], [ -9.763488, 37.710317 ], [ -9.76832, 37.701045 ], [ -9.766946, 37.69213 ], [ -9.771478, 37.689224 ], [ -9.77222, 37.682832 ], [ -9.771895, 37.673857 ], [ -9.771537, 37.664884 ], [ -9.771017, 37.655921 ], [ -9.770083, 37.646981 ], [ -9.768003, 37.638107 ], [ -9.767097, 37.629166 ], [ -9.76659, 37.620201 ], [ -9.765708, 37.611259 ], [ -9.764649, 37.602326 ], [ -9.763622, 37.593391 ], [ -9.762853, 37.584442 ], [ -9.769286, 37.575078 ], [ -9.762129, 37.566496 ], [ -9.761482, 37.55754 ], [ -9.761084, 37.548569 ], [ -9.761084, 37.539576 ], [ -9.761736, 37.530545 ], [ -9.764425, 37.521396 ], [ -9.763041, 37.512482 ], [ -9.76102, 37.503605 ], [ -9.760539, 37.494639 ], [ -9.762685, 37.485522 ], [ -9.763822, 37.480784 ], [ -9.763624, 37.476475 ], [ -9.763095, 37.467511 ], [ -9.764935, 37.458412 ], [ -9.772928, 37.456717 ], [ -9.775966, 37.448784 ], [ -9.779791, 37.43957 ], [ -9.78258, 37.438741 ], [ -9.787738, 37.430118 ], [ -9.792394, 37.422583 ], [ -9.793479, 37.420793 ], [ -9.798863, 37.411489 ], [ -9.802099, 37.405276 ], [ -9.80365, 37.402219 ], [ -9.807418, 37.393008 ], [ -9.809941, 37.383869 ], [ -9.810742, 37.376321 ], [ -9.810892, 37.37482 ], [ -9.810041, 37.365876 ], [ -9.809696, 37.364796 ], [ -9.807211, 37.357047 ], [ -9.80231, 37.348337 ], [ -9.796248, 37.340757 ], [ -9.794018, 37.339822 ], [ -9.78452, 37.331376 ], [ -9.784118, 37.331189 ], [ -9.772781, 37.33038 ], [ -9.761218, 37.327063 ], [ -9.752382, 37.32423 ], [ -9.74966, 37.323792 ], [ -9.738417, 37.324021 ], [ -9.726861, 37.320752 ], [ -9.717981, 37.317203 ], [ -9.714547, 37.308989 ], [ -9.710534, 37.308634 ], [ -9.703236, 37.308437 ], [ -9.692025, 37.308998 ], [ -9.680849, 37.309968 ], [ -9.670628, 37.310901 ], [ -9.671633, 37.319838 ], [ -9.68239, 37.327288 ], [ -9.68337, 37.328166 ], [ -9.694414, 37.335813 ], [ -9.695311, 37.336482 ], [ -9.706426, 37.344174 ], [ -9.707319, 37.344792 ], [ -9.718437, 37.352483 ], [ -9.719394, 37.353098 ], [ -9.730445, 37.36074 ], [ -9.731481, 37.361401 ], [ -9.742456, 37.368987 ], [ -9.743585, 37.369702 ], [ -9.754468, 37.377222 ], [ -9.755836, 37.377993 ], [ -9.766472, 37.385339 ], [ -9.76657, 37.38637 ], [ -9.767376, 37.395317 ], [ -9.768183, 37.404264 ], [ -9.768991, 37.413211 ], [ -9.768998, 37.413296 ], [ -9.758685, 37.422797 ], [ -9.7594, 37.43175 ], [ -9.759431, 37.432242 ], [ -9.759325, 37.431754 ], [ -9.747363, 37.423497 ], [ -9.74734, 37.423448 ], [ -9.735334, 37.415158 ], [ -9.735324, 37.415143 ], [ -9.72331, 37.406843 ], [ -9.723305, 37.406837 ], [ -9.721921, 37.397922 ], [ -9.710529, 37.390047 ], [ -9.710439, 37.389583 ], [ -9.698475, 37.381309 ], [ -9.698457, 37.381272 ], [ -9.686458, 37.372972 ], [ -9.686451, 37.372961 ], [ -9.674447, 37.364653 ], [ -9.674443, 37.364648 ], [ -9.662438, 37.356337 ], [ -9.662436, 37.356334 ], [ -9.650432, 37.34802 ], [ -9.65043, 37.348019 ], [ -9.649585, 37.339072 ], [ -9.637642, 37.330796 ], [ -9.637626, 37.330753 ], [ -9.62564, 37.322443 ], [ -9.62563, 37.322434 ], [ -9.613643, 37.314121 ], [ -9.613614, 37.314115 ], [ -9.601651, 37.305815 ], [ -9.601454, 37.305803 ], [ -9.589672, 37.297625 ], [ -9.578458, 37.298162 ], [ -9.56725, 37.298755 ], [ -9.556042, 37.299365 ], [ -9.555483, 37.299375 ], [ -9.544093, 37.291461 ], [ -9.532859, 37.291754 ], [ -9.521647, 37.292307 ], [ -9.510445, 37.292976 ], [ -9.499236, 37.293563 ], [ -9.493493, 37.293813 ], [ -9.487646, 37.289744 ], [ -9.476089, 37.286297 ], [ -9.464856, 37.286602 ], [ -9.453641, 37.287113 ], [ -9.44243, 37.287682 ], [ -9.43122, 37.288272 ], [ -9.429766, 37.288312 ], [ -9.419344, 37.28105 ], [ -9.408064, 37.280802 ], [ -9.396866, 37.281516 ], [ -9.386188, 37.288358 ], [ -9.382542, 37.290879 ], [ -9.375293, 37.292675 ], [ -9.364341, 37.296323 ], [ -9.353428, 37.300452 ], [ -9.350685, 37.301595 ], [ -9.342539, 37.304884 ], [ -9.331743, 37.31042 ], [ -9.319978, 37.304459 ], [ -9.318537, 37.303322 ], [ -9.30805, 37.296528 ], [ -9.30621, 37.294987 ], [ -9.296071, 37.28796 ], [ -9.293153, 37.286689 ], [ -9.284131, 37.279821 ], [ -9.278646, 37.278467 ], [ -9.272073, 37.270239 ], [ -9.270686, 37.269895 ], [ -9.260291, 37.26394 ], [ -9.249537, 37.262022 ], [ -9.24887, 37.261962 ], [ -9.247626, 37.262123 ], [ -9.237728, 37.26335 ], [ -9.226566, 37.264501 ], [ -9.215378, 37.265348 ], [ -9.204171, 37.265964 ], [ -9.196073, 37.264843 ], [ -9.192664, 37.262926 ], [ -9.181107, 37.259277 ], [ -9.169728, 37.257794 ], [ -9.167834, 37.257327 ], [ -9.157898, 37.250768 ], [ -9.146625, 37.250562 ], [ -9.135363, 37.250491 ], [ -9.133708, 37.25011 ], [ -9.123664, 37.245034 ], [ -9.112348, 37.244288 ], [ -9.105796, 37.242562 ], [ -9.100673, 37.239087 ], [ -9.089201, 37.236396 ], [ -9.083699, 37.234707 ], [ -9.077321, 37.228626 ], [ -9.065923, 37.226818 ], [ -9.065485, 37.226648 ], [ -9.054142, 37.220239 ], [ -9.042788, 37.21896 ], [ -9.042475, 37.218832 ], [ -9.031057, 37.212959 ], [ -9.025342, 37.210711 ], [ -9.019336, 37.207069 ], [ -9.007758, 37.20294 ], [ -9.007198, 37.202639 ], [ -8.995893, 37.195197 ], [ -8.994469, 37.194289 ], [ -8.983967, 37.186632 ], [ -8.982725, 37.185888 ], [ -8.972179, 37.179792 ], [ -8.968791, 37.177596 ], [ -8.960306, 37.171836 ], [ -8.956574, 37.169216 ], [ -8.94841, 37.163571 ], [ -8.94481, 37.160812 ], [ -8.936441, 37.154327 ], [ -8.934081, 37.152354 ], [ -8.924462, 37.144915 ], [ -8.923275, 37.1439 ], [ -8.913564, 37.135389 ], [ -8.912351, 37.133776 ], [ -8.906775, 37.126731 ], [ -8.900158, 37.121539 ], [ -8.897183, 37.118213 ], [ -8.890958, 37.109526 ], [ -8.887691, 37.105727 ], [ -8.884424, 37.100854 ], [ -8.877362, 37.092208 ], [ -8.875183, 37.08931 ], [ -8.872058, 37.083475 ], [ -8.866179, 37.074769 ], [ -8.862557, 37.071276 ], [ -8.859548, 37.0661 ], [ -8.857419, 37.057208 ], [ -8.851814, 37.048488 ], [ -8.849251, 37.044344 ], [ -8.847814, 37.039689 ], [ -8.846821, 37.03074 ], [ -8.843006, 37.021931 ], [ -8.837233, 37.013219 ], [ -8.83549, 37.011338 ], [ -8.833213, 37.004419 ], [ -8.831874, 36.995488 ], [ -8.830759, 36.986545 ], [ -8.829948, 36.977587 ], [ -8.824514, 36.968857 ], [ -8.824292, 36.95987 ], [ -8.821927, 36.950989 ], [ -8.822841, 36.941946 ], [ -8.818395, 36.933167 ], [ -8.818256, 36.932662 ], [ -8.817373, 36.92422 ], [ -8.816628, 36.915259 ], [ -8.816076, 36.906288 ], [ -8.815897, 36.901709 ], [ -8.816261, 36.897281 ], [ -8.817655, 36.888215 ], [ -8.819556, 36.879124 ], [ -8.821884, 36.870012 ], [ -8.822012, 36.861008 ], [ -8.820751, 36.852072 ], [ -8.82019, 36.843102 ], [ -8.819892, 36.834119 ], [ -8.821204, 36.825056 ], [ -8.821248, 36.824833 ], [ -8.826355, 36.815806 ], [ -8.828818, 36.806687 ], [ -8.82863, 36.797698 ], [ -8.829754, 36.789514 ], [ -8.829938, 36.788636 ], [ -8.836019, 36.77934 ], [ -8.836094, 36.770338 ], [ -8.838948, 36.763308 ], [ -8.840878, 36.761105 ], [ -8.845507, 36.751879 ], [ -8.848717, 36.744723 ], [ -8.850253, 36.742648 ], [ -8.858008, 36.733267 ], [ -8.858903, 36.731666 ], [ -8.863748, 36.723986 ], [ -8.868343, 36.714761 ], [ -8.86875, 36.714205 ], [ -8.876329, 36.705369 ], [ -8.878981, 36.701818 ], [ -8.884604, 36.695961 ], [ -8.889254, 36.690029 ], [ -8.892394, 36.686577 ], [ -8.899574, 36.678893 ], [ -8.901419, 36.677131 ], [ -8.910024, 36.669484 ], [ -8.912271, 36.667594 ], [ -8.920565, 36.66129 ], [ -8.924602, 36.657981 ], [ -8.931128, 36.653418 ], [ -8.93694, 36.648368 ], [ -8.941654, 36.645084 ], [ -8.951351, 36.638649 ], [ -8.952272, 36.637977 ], [ -8.962759, 36.629196 ], [ -8.962924, 36.629071 ], [ -8.97352, 36.623992 ], [ -8.9794, 36.619245 ], [ -8.984122, 36.616754 ], [ -8.995009, 36.613201 ], [ -9.000837, 36.609167 ], [ -9.0057, 36.607151 ], [ -9.016732, 36.6055 ], [ -9.026491, 36.598871 ], [ -9.027349, 36.598536 ], [ -9.038225, 36.594914 ], [ -9.045508, 36.588907 ], [ -9.048801, 36.587465 ], [ -9.05974, 36.584673 ], [ -9.070609, 36.581 ], [ -9.075159, 36.578398 ], [ -9.081419, 36.576595 ], [ -9.092467, 36.575232 ], [ -9.103523, 36.573971 ], [ -9.114187, 36.567754 ], [ -9.116138, 36.567298 ], [ -9.125123, 36.564993 ], [ -9.13624, 36.564528 ], [ -9.147148, 36.561437 ], [ -9.157944, 36.556949 ], [ -9.159598, 36.556056 ], [ -9.168902, 36.554501 ], [ -9.180025, 36.554136 ], [ -9.191179, 36.554155 ], [ -9.19568, 36.554179 ], [ -9.202455, 36.555707 ], [ -9.21363, 36.555988 ], [ -9.224596, 36.553677 ], [ -9.224733, 36.55266 ], [ -9.234909, 36.543268 ], [ -9.235721, 36.543088 ], [ -9.245657, 36.538292 ], [ -9.250998, 36.533289 ], [ -9.256151, 36.530182 ], [ -9.264679, 36.523573 ], [ -9.266688, 36.522638 ], [ -9.277424, 36.517564 ], [ -9.288648, 36.518527 ], [ -9.299907, 36.519904 ], [ -9.309561, 36.521197 ], [ -9.311179, 36.521443 ], [ -9.322478, 36.523316 ], [ -9.333783, 36.525247 ], [ -9.345076, 36.527016 ], [ -9.354374, 36.527804 ], [ -9.356422, 36.52944 ], [ -9.368051, 36.535287 ], [ -9.378836, 36.530884 ], [ -9.383893, 36.526221 ], [ -9.389571, 36.525882 ], [ -9.400667, 36.525274 ], [ -9.411763, 36.524662 ], [ -9.422858, 36.524041 ], [ -9.433951, 36.523405 ], [ -9.445043, 36.522747 ], [ -9.45613, 36.52204 ], [ -9.467207, 36.52122 ], [ -9.4783, 36.520588 ], [ -9.488656, 36.51155 ], [ -9.488687, 36.511547 ], [ -9.499778, 36.51091 ], [ -9.510869, 36.510286 ], [ -9.521959, 36.509647 ], [ -9.533046, 36.508974 ], [ -9.544124, 36.508203 ], [ -9.55517, 36.507047 ], [ -9.565849, 36.501578 ], [ -9.577234, 36.504441 ], [ -9.583863, 36.50631 ], [ -9.588601, 36.507079 ], [ -9.599917, 36.509112 ], [ -9.611178, 36.51049 ], [ -9.622319, 36.510465 ], [ -9.622326, 36.504172 ], [ -9.621958, 36.495199 ], [ -9.631351, 36.485816 ], [ -9.631707, 36.485661 ], [ -9.641703, 36.476634 ], [ -9.652774, 36.475852 ], [ -9.655571, 36.475333 ], [ -9.663579, 36.471989 ], [ -9.674345, 36.46767 ], [ -9.685254, 36.465041 ], [ -9.686214, 36.464619 ], [ -9.69579, 36.458089 ], [ -9.706759, 36.456177 ], [ -9.710537, 36.454254 ], [ -9.717135, 36.447413 ], [ -9.720958, 36.444672 ], [ -9.727506, 36.438628 ], [ -9.731, 36.43511 ], [ -9.737886, 36.429968 ], [ -9.73983, 36.425617 ], [ -9.739498, 36.416643 ], [ -9.739157, 36.407669 ], [ -9.738618, 36.398706 ], [ -9.737007, 36.389805 ], [ -9.73443, 36.380958 ], [ -9.733402, 36.378252 ], [ -9.730884, 36.372165 ], [ -9.726965, 36.363394 ], [ -9.722285, 36.354665 ], [ -9.71989, 36.350604 ], [ -9.716589, 36.345994 ], [ -9.711612, 36.337282 ], [ -9.707018, 36.330264 ], [ -9.699652, 36.328963 ], [ -9.697962, 36.320065 ], [ -9.694517, 36.311265 ], [ -9.69423, 36.310806 ], [ -9.682828, 36.307437 ], [ -9.682184, 36.302965 ], [ -9.680257, 36.29408 ], [ -9.677061, 36.285266 ], [ -9.669194, 36.276714 ], [ -9.668998, 36.275673 ], [ -9.665892, 36.267905 ], [ -9.663831, 36.259027 ], [ -9.662951, 36.250083 ], [ -9.665292, 36.240959 ], [ -9.658544, 36.232343 ], [ -9.654656, 36.223567 ], [ -9.652866, 36.214673 ], [ -9.652358, 36.210719 ], [ -9.651456, 36.205759 ], [ -9.650381, 36.196825 ], [ -9.650148, 36.187845 ], [ -9.649715, 36.17961 ], [ -9.649663, 36.178878 ], [ -9.649075, 36.169918 ], [ -9.648333, 36.160966 ], [ -9.647398, 36.152297 ], [ -9.64736, 36.152027 ], [ -9.645875, 36.143116 ], [ -9.644322, 36.134209 ], [ -9.642806, 36.1253 ], [ -9.640415, 36.11644 ], [ -9.642143, 36.10735 ], [ -9.641701, 36.098382 ], [ -9.640759, 36.089441 ], [ -9.639703, 36.080506 ], [ -9.63857, 36.071576 ], [ -9.637399, 36.062647 ], [ -9.636227, 36.053719 ], [ -9.635097, 36.044788 ], [ -9.634051, 36.035853 ], [ -9.633044, 36.026916 ], [ -9.632265, 36.017966 ], [ -9.631581, 36.00901 ], [ -9.630939, 36.000052 ], [ -9.630284, 35.991095 ], [ -9.629564, 35.982142 ], [ -9.628721, 35.973195 ], [ -9.627704, 35.964258 ], [ -9.626403, 35.955337 ], [ -9.624851, 35.94643 ], [ -9.623269, 35.937524 ], [ -9.621549, 35.928626 ], [ -9.619686, 35.919735 ], [ -9.617679, 35.910853 ], [ -9.615592, 35.901975 ], [ -9.615076, 35.899874 ], [ -9.613475, 35.893099 ], [ -9.611248, 35.884229 ], [ -9.608802, 35.87537 ], [ -9.606256, 35.866517 ], [ -9.603616, 35.85767 ], [ -9.600834, 35.84883 ], [ -9.599394, 35.844349 ], [ -9.598013, 35.839992 ], [ -9.595087, 35.83116 ], [ -9.592026, 35.822335 ], [ -9.588831, 35.813517 ], [ -9.585515, 35.804706 ], [ -9.584929, 35.803173 ], [ -9.582189, 35.795895 ], [ -9.578723, 35.787092 ], [ -9.575142, 35.778295 ], [ -9.57144, 35.769505 ], [ -9.571022, 35.768533 ], [ -9.567674, 35.760718 ], [ -9.563786, 35.751938 ], [ -9.559782, 35.743163 ], [ -9.557488, 35.738233 ], [ -9.555705, 35.734393 ], [ -9.551536, 35.725627 ], [ -9.547266, 35.716867 ], [ -9.544191, 35.710684 ], [ -9.542903, 35.708111 ], [ -9.538458, 35.69936 ], [ -9.533921, 35.690614 ], [ -9.531078, 35.685241 ], [ -9.529282, 35.681873 ], [ -9.524532, 35.673137 ], [ -9.519717, 35.664405 ], [ -9.518118, 35.661564 ], [ -9.514781, 35.65568 ], [ -9.509772, 35.646958 ], [ -9.505276, 35.639223 ], [ -9.5047, 35.638239 ], [ -9.499515, 35.629526 ], [ -9.494295, 35.620815 ], [ -9.492523, 35.61788 ], [ -9.488961, 35.61211 ], [ -9.483546, 35.603408 ], [ -9.479861, 35.597563 ], [ -9.478043, 35.594712 ], [ -9.472424, 35.586021 ], [ -9.467276, 35.578114 ], [ -9.466761, 35.577332 ], [ -9.460953, 35.56865 ], [ -9.455141, 35.559969 ], [ -9.454758, 35.559406 ], [ -9.449172, 35.551295 ], [ -9.44321, 35.542621 ], [ -9.442295, 35.541309 ], [ -9.437109, 35.533954 ], [ -9.430997, 35.525287 ], [ -9.429879, 35.523724 ], [ -9.424724, 35.516628 ], [ -9.418473, 35.507968 ], [ -9.417512, 35.506664 ], [ -9.412013, 35.499319 ], [ -9.405599, 35.490666 ], [ -9.405192, 35.490128 ], [ -9.39898, 35.482025 ], [ -9.392912, 35.474033 ], [ -9.392408, 35.47338 ], [ -9.385657, 35.464744 ], [ -9.380668, 35.458318 ], [ -9.378925, 35.456107 ], [ -9.372076, 35.447476 ], [ -9.36845, 35.442856 ], [ -9.365196, 35.438845 ], [ -9.35826, 35.430218 ], [ -9.356265, 35.427762 ], [ -9.351175, 35.421597 ], [ -9.344133, 35.412974 ], [ -9.344107, 35.412943 ], [ -9.336859, 35.404363 ], [ -9.331987, 35.398549 ], [ -9.329604, 35.39575 ], [ -9.32228, 35.38714 ], [ -9.319887, 35.384349 ], [ -9.314824, 35.378537 ], [ -9.30781, 35.370371 ], [ -9.307424, 35.36993 ], [ -9.299828, 35.361333 ], [ -9.295759, 35.356687 ], [ -9.292241, 35.352734 ], [ -9.284646, 35.344136 ], [ -9.28372, 35.343096 ], [ -9.276839, 35.335548 ], [ -9.271714, 35.329867 ], [ -9.269045, 35.326959 ], [ -9.261194, 35.318372 ], [ -9.259723, 35.316784 ], [ -9.253141, 35.309795 ], [ -9.247759, 35.304 ], [ -9.245131, 35.301216 ], [ -9.237096, 35.292637 ], [ -9.235804, 35.291272 ], [ -9.228874, 35.284067 ], [ -9.22387, 35.278777 ], [ -9.220717, 35.275492 ], [ -9.212593, 35.266916 ], [ -9.211937, 35.266231 ], [ -9.204279, 35.258349 ], [ -9.200021, 35.25386 ], [ -9.196032, 35.249778 ], [ -9.188104, 35.241423 ], [ -9.187889, 35.2412 ], [ -9.179502, 35.232635 ], [ -9.176208, 35.229223 ], [ -9.171148, 35.224067 ], [ -9.164314, 35.216979 ], [ -9.162859, 35.215495 ], [ -9.154458, 35.206928 ], [ -9.152432, 35.204864 ], [ -9.145948, 35.198366 ], [ -9.140564, 35.192875 ], [ -9.137498, 35.189801 ], [ -9.129089, 35.181232 ], [ -9.128697, 35.18084 ], [ -9.120406, 35.172677 ], [ -9.116857, 35.169121 ], [ -9.111771, 35.164119 ], [ -9.105016, 35.157353 ], [ -9.10319, 35.155557 ], [ -9.094523, 35.146999 ], [ -9.093187, 35.145686 ], [ -9.085699, 35.138448 ], [ -9.081375, 35.134202 ], [ -9.076913, 35.129894 ], [ -9.069565, 35.122683 ], [ -9.068169, 35.121337 ], [ -9.059319, 35.112785 ], [ -9.057767, 35.111292 ], [ -9.05031, 35.104241 ], [ -9.045986, 35.100089 ], [ -9.041331, 35.095694 ], [ -9.034208, 35.088868 ], [ -9.032379, 35.087145 ], [ -9.023338, 35.078599 ], [ -9.022441, 35.077758 ], [ -9.014072, 35.070064 ], [ -9.010697, 35.066902 ], [ -9.004852, 35.061526 ], [ -8.998952, 35.056005 ], [ -8.995663, 35.052986 ], [ -8.987209, 35.045084 ], [ -8.98651, 35.044443 ], [ -8.977157, 35.035909 ], [ -8.975486, 35.034383 ], [ -8.967667, 35.027381 ], [ -8.963777, 35.023839 ], [ -8.958192, 35.018851 ], [ -8.952072, 35.013298 ], [ -8.948723, 35.01032 ], [ -8.940371, 35.002777 ], [ -8.939269, 35.001788 ], [ -8.929615, 34.993265 ], [ -8.928687, 34.992456 ], [ -8.919778, 34.984749 ], [ -8.917021, 34.98233 ], [ -8.909948, 34.976233 ], [ -8.905359, 34.972218 ], [ -8.900116, 34.967716 ], [ -8.893702, 34.962125 ], [ -8.890276, 34.959198 ], [ -8.882049, 34.95206 ], [ -8.880425, 34.950679 ], [ -8.870542, 34.942162 ], [ -8.870403, 34.942044 ], [ -8.86034, 34.933659 ], [ -8.858783, 34.93235 ], [ -8.850055, 34.925159 ], [ -8.847173, 34.922763 ], [ -8.839693, 34.916661 ], [ -8.835572, 34.91325 ], [ -8.829337, 34.908163 ], [ -8.823973, 34.903748 ], [ -8.81894, 34.899665 ], [ -8.812382, 34.894301 ], [ -8.808492, 34.891169 ], [ -8.800798, 34.884922 ], [ -8.797985, 34.882674 ], [ -8.789222, 34.875615 ], [ -8.787413, 34.874182 ], [ -8.777655, 34.86639 ], [ -8.776765, 34.865692 ], [ -8.766096, 34.857252 ], [ -8.766039, 34.857205 ], [ -8.755069, 34.848729 ], [ -8.754556, 34.848343 ], [ -8.743995, 34.840256 ], [ -8.743024, 34.839513 ], [ -8.732851, 34.831785 ], [ -8.731499, 34.83076 ], [ -8.72162, 34.823318 ], [ -8.719983, 34.822087 ], [ -8.710294, 34.814853 ], [ -8.708476, 34.813499 ], [ -8.698864, 34.806393 ], [ -8.696977, 34.805 ], [ -8.687324, 34.797936 ], [ -8.685487, 34.796596 ], [ -8.675663, 34.789484 ], [ -8.674006, 34.788295 ], [ -8.663921, 34.781034 ], [ -8.662531, 34.780045 ], [ -8.652103, 34.772586 ], [ -8.651063, 34.771852 ], [ -8.640158, 34.764144 ], [ -8.639603, 34.763755 ], [ -8.628156, 34.755809 ], [ -8.628011, 34.755709 ], [ -8.616722, 34.748022 ], [ -8.615642, 34.747283 ], [ -8.605296, 34.740319 ], [ -8.603138, 34.738862 ], [ -8.593878, 34.732708 ], [ -8.590475, 34.730447 ], [ -8.582471, 34.725223 ], [ -8.577681, 34.722036 ], [ -8.571069, 34.717774 ], [ -8.564776, 34.713629 ], [ -8.559671, 34.710366 ], [ -8.551793, 34.705224 ], [ -8.548278, 34.702994 ], [ -8.53875, 34.696821 ], [ -8.536888, 34.695647 ], [ -8.525585, 34.688421 ], [ -8.525506, 34.688371 ], [ -8.514151, 34.681488 ], [ -8.511829, 34.680046 ], [ -8.502799, 34.674612 ], [ -8.498071, 34.67167 ], [ -8.491446, 34.667701 ], [ -8.484369, 34.66329 ], [ -8.480091, 34.660725 ], [ -8.470738, 34.654905 ], [ -8.468735, 34.653705 ], [ -8.457391, 34.646826 ], [ -8.456891, 34.646527 ], [ -8.446074, 34.640352 ], [ -8.442414, 34.638177 ], [ -8.434756, 34.633815 ], [ -8.428001, 34.629821 ], [ -8.423436, 34.627226 ], [ -8.41369, 34.621459 ], [ -8.412113, 34.620574 ], [ -8.400812, 34.614225 ], [ -8.398865, 34.613118 ], [ -8.389528, 34.608107 ], [ -8.383709, 34.60479 ], [ -8.378236, 34.601839 ], [ -8.368786, 34.59645 ], [ -8.366937, 34.59545 ], [ -8.355666, 34.589465 ], [ -8.353189, 34.588137 ], [ -8.344413, 34.583722 ], [ -8.33724, 34.579837 ], [ -8.333147, 34.577765 ], [ -8.321876, 34.571694 ], [ -8.321546, 34.571524 ], [ -8.310652, 34.566343 ], [ -8.304724, 34.563258 ], [ -8.29941, 34.560689 ], [ -8.288408, 34.554967 ], [ -8.288158, 34.554846 ], [ -8.276961, 34.549844 ], [ -8.270613, 34.546738 ], [ -8.265747, 34.544549 ], [ -8.254527, 34.539157 ], [ -8.253101, 34.538495 ], [ -8.243349, 34.534386 ], [ -8.234742, 34.530284 ], [ -8.232142, 34.529151 ], [ -8.220974, 34.524505 ], [ -8.215537, 34.522107 ], [ -8.209803, 34.519806 ], [ -8.198628, 34.515 ], [ -8.19583, 34.513949 ], [ -8.187495, 34.510879 ], [ -8.176331, 34.506219 ], [ -8.17531, 34.505821 ], [ -8.165216, 34.502342 ], [ -8.15407, 34.497933 ], [ -8.153531, 34.497743 ], [ -8.142982, 34.49446 ], [ -8.131866, 34.490512 ], [ -8.129678, 34.489748 ], [ -8.120784, 34.48711 ], [ -8.1097, 34.483641 ], [ -8.102859, 34.481872 ], [ -8.098657, 34.480843 ], [ -8.087579, 34.477462 ], [ -8.076513, 34.474268 ], [ -8.075171, 34.474027 ], [ -8.065529, 34.472405 ], [ -8.05449, 34.469624 ], [ -8.043454, 34.466886 ], [ -8.040567, 34.466461 ], [ -8.032496, 34.465434 ], [ -8.021518, 34.463653 ], [ -8.010544, 34.46192 ], [ -7.999588, 34.460476 ], [ -7.990574, 34.459515 ], [ -7.98865, 34.459334 ], [ -7.977726, 34.458426 ], [ -7.966801, 34.457491 ], [ -7.955884, 34.456702 ], [ -7.944975, 34.456035 ], [ -7.934072, 34.455476 ], [ -7.923175, 34.455013 ], [ -7.912285, 34.454662 ], [ -7.9014, 34.454398 ], [ -7.896711, 34.454318 ], [ -7.890521, 34.454233 ], [ -7.87965, 34.45422 ], [ -7.868784, 34.454291 ], [ -7.85792, 34.454388 ], [ -7.847059, 34.454551 ], [ -7.836205, 34.454823 ], [ -7.82536, 34.455258 ], [ -7.814538, 34.456107 ], [ -7.803762, 34.457741 ], [ -7.792906, 34.458006 ], [ -7.782061, 34.458447 ], [ -7.771223, 34.459037 ], [ -7.76039, 34.459705 ], [ -7.760186, 34.459723 ], [ -7.749682, 34.462572 ], [ -7.739031, 34.466469 ], [ -7.728225, 34.467648 ], [ -7.717416, 34.468777 ], [ -7.706606, 34.469891 ], [ -7.69579, 34.4709 ], [ -7.684935, 34.471221 ], [ -7.674088, 34.471696 ], [ -7.663246, 34.472255 ], [ -7.660985, 34.472558 ], [ -7.652639, 34.477039 ], [ -7.641955, 34.480464 ], [ -7.631155, 34.481818 ], [ -7.620318, 34.482509 ], [ -7.60948, 34.483181 ], [ -7.598641, 34.483828 ], [ -7.598002, 34.483953 ], [ -7.588128, 34.490443 ], [ -7.577373, 34.492654 ], [ -7.566536, 34.493378 ], [ -7.555697, 34.49406 ], [ -7.550529, 34.494738 ], [ -7.544994, 34.497267 ], [ -7.534398, 34.502446 ], [ -7.523615, 34.504207 ], [ -7.512761, 34.50465 ], [ -7.510221, 34.505239 ], [ -7.5022, 34.510549 ], [ -7.491494, 34.513769 ], [ -7.480692, 34.515227 ], [ -7.480189, 34.515351 ], [ -7.470152, 34.521572 ], [ -7.459402, 34.524037 ], [ -7.450761, 34.525433 ], [ -7.448643, 34.526323 ], [ -7.438164, 34.533912 ], [ -7.430692, 34.535169 ], [ -7.427377, 34.535714 ], [ -7.416957, 34.544467 ], [ -7.41599, 34.544707 ], [ -7.406348, 34.549678 ], [ -7.395656, 34.553324 ], [ -7.390451, 34.554635 ], [ -7.385198, 34.56146 ], [ -7.380467, 34.563999 ], [ -7.37494, 34.573202 ], [ -7.374928, 34.573225 ], [ -7.364539, 34.58258 ], [ -7.364771, 34.587181 ], [ -7.359695, 34.591759 ], [ -7.354606, 34.600946 ], [ -7.355072, 34.609934 ], [ -7.355071, 34.60994 ], [ -7.344674, 34.61931 ], [ -7.345139, 34.628298 ], [ -7.345137, 34.628314 ], [ -7.334748, 34.637674 ], [ -7.335212, 34.646662 ], [ -7.335267, 34.647991 ], [ -7.326395, 34.655981 ], [ -7.325423, 34.66502 ], [ -7.32579, 34.674012 ], [ -7.32627, 34.683 ], [ -7.326805, 34.691986 ], [ -7.326728, 34.693275 ], [ -7.32661, 34.700998 ], [ -7.320883, 34.710206 ], [ -7.31682, 34.712436 ], [ -7.312458, 34.719511 ], [ -7.306756, 34.728662 ], [ -7.306711, 34.728719 ], [ -7.296312, 34.73762 ], [ -7.29584, 34.738109 ], [ -7.285686, 34.743122 ], [ -7.276703, 34.747789 ], [ -7.275049, 34.748432 ], [ -7.264215, 34.749942 ], [ -7.253389, 34.751629 ], [ -7.242568, 34.753406 ], [ -7.231695, 34.754181 ], [ -7.220855, 34.755613 ], [ -7.209985, 34.756467 ], [ -7.198897, 34.753006 ], [ -7.187987, 34.753071 ], [ -7.177, 34.751611 ], [ -7.175879, 34.751294 ], [ -7.165858, 34.747049 ], [ -7.154753, 34.743194 ], [ -7.154463, 34.743022 ], [ -7.143433, 34.735033 ], [ -7.142676, 34.734419 ], [ -7.134241, 34.7257 ], [ -7.131834, 34.721231 ], [ -7.129763, 34.716846 ], [ -7.125545, 34.707984 ], [ -7.119896, 34.700523 ], [ -7.119253, 34.699191 ], [ -7.118506, 34.690211 ], [ -7.118331, 34.681211 ], [ -7.107607, 34.672579 ], [ -7.107595, 34.672568 ], [ -7.106817, 34.663588 ], [ -7.09585, 34.655237 ], [ -7.095822, 34.654953 ], [ -7.084512, 34.646338 ], [ -7.084506, 34.646327 ], [ -7.084038, 34.637337 ], [ -7.072751, 34.628735 ], [ -7.07274, 34.628709 ], [ -7.071438, 34.619747 ], [ -7.061419, 34.619842 ], [ -7.052312, 34.611379 ], [ -7.050071, 34.610533 ], [ -7.040171, 34.602776 ], [ -7.038747, 34.601697 ], [ -7.028614, 34.594152 ], [ -7.027392, 34.592139 ], [ -7.018376, 34.585484 ], [ -7.016177, 34.585448 ], [ -7.005177, 34.583208 ], [ -6.99463, 34.577259 ], [ -6.993983, 34.576891 ], [ -6.982796, 34.570675 ], [ -6.979276, 34.568755 ], [ -6.971613, 34.564518 ], [ -6.963686, 34.560256 ], [ -6.960438, 34.558509 ], [ -6.949269, 34.552566 ], [ -6.947756, 34.551767 ], [ -6.938107, 34.54676 ], [ -6.931419, 34.543288 ], [ -6.926951, 34.54104 ], [ -6.9158, 34.535385 ], [ -6.914671, 34.53482 ], [ -6.904657, 34.529877 ], [ -6.897539, 34.526362 ], [ -6.893516, 34.524398 ], [ -6.882381, 34.518999 ], [ -6.880124, 34.517911 ], [ -6.871251, 34.513679 ], [ -6.862451, 34.509465 ], [ -6.860123, 34.50836 ], [ -6.848999, 34.503111 ], [ -6.844605, 34.501021 ], [ -6.837879, 34.497915 ], [ -6.826759, 34.492689 ], [ -6.826528, 34.492583 ], [ -6.815647, 34.48762 ], [ -6.808129, 34.484151 ], [ -6.804535, 34.482514 ], [ -6.793428, 34.477485 ], [ -6.78954, 34.475723 ], [ -6.782324, 34.472494 ], [ -6.77122, 34.467479 ], [ -6.770809, 34.467295 ], [ -6.760123, 34.462581 ], [ -6.751833, 34.458873 ], [ -6.749025, 34.457632 ], [ -6.737932, 34.452771 ], [ -6.7327, 34.450452 ], [ -6.726839, 34.4479 ], [ -6.715749, 34.443034 ], [ -6.713451, 34.442031 ], [ -6.704663, 34.438261 ], [ -6.694031, 34.433613 ], [ -6.693576, 34.433417 ], [ -6.682497, 34.428721 ], [ -6.67435, 34.425199 ], [ -6.671415, 34.423948 ], [ -6.660338, 34.419258 ], [ -6.654558, 34.416785 ], [ -6.649262, 34.414551 ], [ -6.638187, 34.409853 ], [ -6.634692, 34.40837 ], [ -6.627116, 34.405202 ], [ -6.616043, 34.400478 ], [ -6.614794, 34.399952 ], [ -6.604975, 34.395852 ], [ -6.594773, 34.391535 ], [ -6.593906, 34.391171 ], [ -6.582841, 34.386576 ], [ -6.574605, 34.383118 ], [ -6.571777, 34.381941 ], [ -6.560716, 34.377369 ], [ -6.554304, 34.374702 ], [ -6.549656, 34.372788 ], [ -6.538599, 34.368248 ], [ -6.533831, 34.366288 ], [ -6.527544, 34.363729 ], [ -6.516491, 34.359232 ], [ -6.513147, 34.357875 ], [ -6.505441, 34.354786 ], [ -6.494392, 34.350337 ], [ -6.492212, 34.349467 ], [ -6.483347, 34.345942 ], [ -6.472304, 34.341567 ], [ -6.471014, 34.341062 ], [ -6.461263, 34.337238 ], [ -6.450226, 34.332962 ], [ -6.449452, 34.332663 ], [ -6.439191, 34.328701 ], [ -6.428159, 34.324492 ], [ -6.427574, 34.32427 ], [ -6.417129, 34.320294 ], [ -6.406101, 34.316147 ], [ -6.40539, 34.315881 ], [ -6.395075, 34.312009 ], [ -6.384052, 34.307918 ], [ -6.38291, 34.307495 ], [ -6.37303, 34.303836 ], [ -6.362011, 34.299796 ], [ -6.360145, 34.299114 ], [ -6.350994, 34.295766 ], [ -6.339978, 34.29174 ], [ -6.337168, 34.290734 ], [ -6.328963, 34.287738 ], [ -6.317954, 34.283836 ], [ -6.313738, 34.282361 ], [ -6.306946, 34.279937 ], [ -6.29594, 34.276078 ], [ -6.289854, 34.273996 ], [ -6.284937, 34.27228 ], [ -6.273935, 34.268455 ], [ -6.265524, 34.265638 ], [ -6.262938, 34.264754 ], [ -6.251939, 34.260956 ], [ -6.240947, 34.257329 ], [ -6.240818, 34.257285 ], [ -6.229951, 34.253571 ], [ -6.218961, 34.249958 ], [ -6.215811, 34.248935 ], [ -6.207969, 34.246262 ], [ -6.19698, 34.242611 ], [ -6.190534, 34.240587 ], [ -6.185997, 34.239091 ], [ -6.175011, 34.235476 ], [ -6.164405, 34.232255 ], [ -6.164036, 34.232138 ], [ -6.153052, 34.228526 ], [ -6.142078, 34.225163 ], [ -6.137965, 34.223925 ], [ -6.131103, 34.221757 ], [ -6.120129, 34.218347 ], [ -6.110645, 34.215612 ], [ -6.109165, 34.215164 ], [ -6.09819, 34.211693 ], [ -6.087226, 34.208492 ], [ -6.083129, 34.207298 ], [ -6.076262, 34.205254 ], [ -6.065293, 34.201861 ], [ -6.054771, 34.198998 ], [ -6.054339, 34.198872 ], [ -6.043371, 34.19547 ], [ -6.032416, 34.192379 ], [ -6.026129, 34.190698 ], [ -6.021463, 34.189352 ], [ -6.010504, 34.186124 ], [ -5.999557, 34.183215 ], [ -5.996531, 34.182415 ], [ -5.988605, 34.180154 ], [ -5.977655, 34.177113 ], [ -5.966716, 34.174375 ], [ -5.965859, 34.174151 ], [ -5.955766, 34.171311 ], [ -5.944824, 34.168443 ], [ -5.934103, 34.165904 ], [ -5.933892, 34.165848 ], [ -5.922944, 34.162765 ], [ -5.912009, 34.160045 ], [ -5.901261, 34.157675 ], [ -5.901086, 34.157632 ], [ -5.890148, 34.154776 ], [ -5.879218, 34.152149 ], [ -5.868299, 34.149822 ], [ -5.866711, 34.149477 ], [ -5.857371, 34.147205 ], [ -5.846445, 34.144622 ], [ -5.835529, 34.142327 ], [ -5.830493, 34.141307 ], [ -5.824611, 34.139969 ], [ -5.813687, 34.13738 ], [ -5.802772, 34.135076 ], [ -5.792702, 34.133163 ], [ -5.791865, 34.132983 ], [ -5.780939, 34.130302 ], [ -5.770024, 34.127934 ], [ -5.759119, 34.125856 ], [ -5.754595, 34.125013 ], [ -5.74821, 34.12363 ], [ -5.737295, 34.121198 ], [ -5.726389, 34.119053 ], [ -5.715492, 34.117156 ], [ -5.714101, 34.116904 ], [ -5.704584, 34.114905 ], [ -5.693677, 34.112645 ], [ -5.682778, 34.110648 ], [ -5.671887, 34.108877 ], [ -5.671599, 34.108826 ], [ -5.660981, 34.106629 ], [ -5.650079, 34.104483 ], [ -5.639185, 34.102582 ], [ -5.628298, 34.100894 ], [ -5.627572, 34.100765 ], [ -5.6174, 34.09883 ], [ -5.606496, 34.096554 ], [ -5.595604, 34.094649 ], [ -5.584717, 34.092884 ], [ -5.583556, 34.092687 ], [ -5.573819, 34.090749 ], [ -5.562919, 34.088557 ], [ -5.552026, 34.086555 ], [ -5.541138, 34.084719 ], [ -5.540265, 34.084579 ], [ -5.530247, 34.082733 ], [ -5.519351, 34.080611 ], [ -5.508461, 34.078639 ], [ -5.497577, 34.076854 ], [ -5.495205, 34.076491 ], [ -5.486692, 34.075047 ], [ -5.475808, 34.073229 ], [ -5.464923, 34.071394 ], [ -5.454045, 34.069765 ], [ -5.444515, 34.068499 ], [ -5.443172, 34.068306 ], [ -5.432299, 34.06683 ], [ -5.421426, 34.065347 ], [ -5.410556, 34.063957 ], [ -5.399693, 34.062776 ], [ -5.388835, 34.061795 ], [ -5.377984, 34.061042 ], [ -5.375683, 34.060837 ], [ -5.367124, 34.059997 ], [ -5.356224, 34.057456 ], [ -5.345262, 34.052644 ], [ -5.344884, 34.052417 ], [ -5.334294, 34.047594 ], [ -5.327339, 34.043738 ], [ -5.323301, 34.041541 ], [ -5.312928, 34.034998 ], [ -5.312284, 34.034599 ], [ -5.301251, 34.026958 ], [ -5.300282, 34.026223 ], [ -5.290203, 34.01871 ], [ -5.288604, 34.017429 ], [ -5.279145, 34.009974 ], [ -5.277522, 34.008622 ], [ -5.268069, 34.000504 ], [ -5.267248, 33.9998 ], [ -5.257651, 33.990964 ], [ -5.256976, 33.990295 ], [ -5.248613, 33.982117 ], [ -5.245865, 33.979267 ], [ -5.2399, 33.973264 ], [ -5.234743, 33.967739 ], [ -5.231482, 33.964404 ], [ -5.223614, 33.955808 ], [ -5.223351, 33.955539 ], [ -5.216374, 33.946652 ], [ -5.212405, 33.940686 ], [ -5.210162, 33.937751 ], [ -5.208655, 33.928766 ], [ -5.212057, 33.927233 ], [ -5.222833, 33.925791 ], [ -5.223661, 33.919483 ], [ -5.222628, 33.917925 ], [ -5.217962, 33.910573 ], [ -5.211882, 33.90167 ], [ -5.211378, 33.900976 ], [ -5.205607, 33.89277 ], [ -5.200173, 33.885621 ], [ -5.19889, 33.883877 ], [ -5.191839, 33.87499 ], [ -5.189009, 33.871681 ], [ -5.184353, 33.866111 ], [ -5.17788, 33.859011 ], [ -5.176304, 33.85724 ], [ -5.167704, 33.848379 ], [ -5.166785, 33.847502 ], [ -5.158542, 33.839527 ], [ -5.155718, 33.837031 ], [ -5.148657, 33.830687 ], [ -5.144676, 33.827426 ], [ -5.137995, 33.821859 ], [ -5.133654, 33.818565 ], [ -5.126513, 33.813045 ], [ -5.122651, 33.810326 ], [ -5.114179, 33.804244 ], [ -5.111662, 33.802598 ], [ -5.100966, 33.795457 ], [ -5.100685, 33.795286 ], [ -5.089718, 33.788316 ], [ -5.087217, 33.786677 ], [ -5.07876, 33.78161 ], [ -5.072757, 33.777908 ], [ -5.067808, 33.775112 ], [ -5.05756, 33.769149 ], [ -5.056862, 33.768776 ] ] } },
{ "type": "Feature", "properties": { "fid": 69, "ID": 68, "Intensidad": 10.5 }, "geometry": { "type": "LineString", "coordinates": [ [ -5.147668, 33.4161 ], [ -5.155999, 33.415874 ], [ -5.166741, 33.415563 ], [ -5.177482, 33.415222 ], [ -5.188222, 33.414841 ], [ -5.198961, 33.414404 ], [ -5.204179, 33.415108 ], [ -5.199069, 33.4187 ], [ -5.188305, 33.418164 ], [ -5.177542, 33.417622 ], [ -5.166778, 33.417076 ], [ -5.156015, 33.416526 ], [ -5.147668, 33.4161 ] ] } },
{ "type": "Feature", "properties": { "fid": 70, "ID": 69, "Intensidad": 10.5 }, "geometry": { "type": "LineString", "coordinates": [ [ -5.064751, 33.408494 ], [ -5.069822, 33.408387 ], [ -5.080566, 33.408152 ], [ -5.091309, 33.407909 ], [ -5.102052, 33.407658 ], [ -5.102732, 33.407856 ], [ -5.102143, 33.411451 ], [ -5.091372, 33.410544 ], [ -5.080602, 33.409678 ], [ -5.069833, 33.408846 ], [ -5.064751, 33.408494 ] ] } },
{ "type": "Feature", "properties": { "fid": 71, "ID": 70, "Intensidad": 10.5 }, "geometry": { "type": "LineString", "coordinates": [ [ -5.012561, 33.255711 ], [ -5.004405, 33.256249 ], [ -5.001847, 33.256407 ], [ -4.991131, 33.257084 ], [ -4.980415, 33.257735 ], [ -4.969698, 33.258349 ], [ -4.95898, 33.258922 ], [ -4.948261, 33.259452 ], [ -4.937772, 33.26632 ], [ -4.948485, 33.269554 ], [ -4.953904, 33.275081 ], [ -4.959417, 33.278471 ], [ -4.969954, 33.283842 ], [ -4.970276, 33.28406 ], [ -4.981155, 33.290469 ], [ -4.985594, 33.292607 ], [ -4.992034, 33.296805 ], [ -5.000821, 33.301377 ], [ -5.002909, 33.30293 ], [ -5.013795, 33.309426 ], [ -5.015305, 33.310156 ], [ -5.024704, 33.316867 ], [ -5.028592, 33.318954 ], [ -5.035634, 33.325115 ], [ -5.039837, 33.327783 ], [ -5.046631, 33.33618 ], [ -5.047206, 33.336676 ], [ -5.048278, 33.345672 ], [ -5.046922, 33.348605 ], [ -5.044224, 33.354752 ], [ -5.036536, 33.363865 ], [ -5.036514, 33.363893 ], [ -5.027035, 33.373062 ], [ -5.026025, 33.373887 ], [ -5.016986, 33.382239 ], [ -5.015502, 33.383528 ], [ -5.007554, 33.391406 ], [ -5.005148, 33.400459 ], [ -5.005146, 33.400516 ], [ -4.994605, 33.409589 ], [ -4.99457, 33.409643 ], [ -4.992832, 33.418685 ], [ -4.984219, 33.425536 ], [ -4.983853, 33.427842 ], [ -4.973652, 33.433715 ], [ -4.971316, 33.437056 ], [ -4.971724, 33.446063 ], [ -4.963337, 33.45312 ], [ -4.962608, 33.455222 ], [ -4.952815, 33.463507 ], [ -4.952222, 33.4644 ], [ -4.951565, 33.473424 ], [ -4.942456, 33.48131 ], [ -4.941745, 33.482592 ], [ -4.939808, 33.491636 ], [ -4.932086, 33.498768 ], [ -4.931285, 33.500783 ], [ -4.921917, 33.509942 ], [ -4.921585, 33.510509 ], [ -4.920936, 33.518971 ], [ -4.911207, 33.528003 ], [ -4.911131, 33.528137 ], [ -4.908815, 33.537186 ], [ -4.900795, 33.544083 ], [ -4.899769, 33.546339 ], [ -4.890247, 33.554091 ], [ -4.889202, 33.555515 ], [ -4.886785, 33.564566 ], [ -4.879831, 33.570315 ], [ -4.877838, 33.573715 ], [ -4.873804, 33.58279 ], [ -4.86947, 33.589259 ], [ -4.869097, 33.591875 ], [ -4.860411, 33.60102 ], [ -4.858982, 33.602492 ], [ -4.856524, 33.610092 ], [ -4.848737, 33.619223 ], [ -4.848571, 33.619486 ], [ -4.845222, 33.628289 ], [ -4.83815, 33.636201 ], [ -4.837465, 33.637418 ], [ -4.833499, 33.646491 ], [ -4.827741, 33.653673 ], [ -4.826777, 33.655604 ], [ -4.822733, 33.664678 ], [ -4.817339, 33.671615 ], [ -4.816262, 33.673787 ], [ -4.812615, 33.682854 ], [ -4.806956, 33.690742 ], [ -4.806384, 33.691959 ], [ -4.803477, 33.701016 ], [ -4.796575, 33.710113 ], [ -4.796567, 33.71013 ], [ -4.794001, 33.719181 ], [ -4.78993, 33.728254 ], [ -4.786306, 33.735146 ], [ -4.785649, 33.73733 ], [ -4.783602, 33.746373 ], [ -4.778667, 33.755458 ], [ -4.776035, 33.76032 ], [ -4.774922, 33.764526 ], [ -4.772471, 33.773575 ], [ -4.767118, 33.782665 ], [ -4.765784, 33.786768 ], [ -4.764697, 33.791714 ], [ -4.762773, 33.800755 ], [ -4.759214, 33.809819 ], [ -4.755603, 33.816952 ], [ -4.755115, 33.818891 ], [ -4.75379, 33.827924 ], [ -4.751711, 33.836967 ], [ -4.748211, 33.846031 ], [ -4.74553, 33.85272 ], [ -4.745046, 33.855089 ], [ -4.74401, 33.864117 ], [ -4.742542, 33.873152 ], [ -4.740412, 33.882196 ], [ -4.73709, 33.891256 ], [ -4.73561, 33.89647 ], [ -4.735132, 33.900297 ], [ -4.734385, 33.909322 ], [ -4.733385, 33.918349 ], [ -4.731929, 33.927383 ], [ -4.7287, 33.936442 ], [ -4.7264, 33.945488 ], [ -4.725839, 33.948042 ], [ -4.725199, 33.954519 ], [ -4.724635, 33.96354 ], [ -4.723945, 33.972563 ], [ -4.722983, 33.98159 ], [ -4.721838, 33.99062 ], [ -4.720604, 33.999651 ], [ -4.719118, 34.008685 ], [ -4.717067, 34.017727 ], [ -4.716475, 34.020348 ], [ -4.715676, 34.02676 ], [ -4.714741, 34.035787 ], [ -4.714012, 34.04481 ], [ -4.713386, 34.053832 ], [ -4.712746, 34.062855 ], [ -4.71183, 34.071881 ], [ -4.711266, 34.080902 ], [ -4.710742, 34.089923 ], [ -4.710281, 34.098943 ], [ -4.709744, 34.107964 ], [ -4.708981, 34.116988 ], [ -4.707894, 34.126016 ], [ -4.707808, 34.127972 ], [ -4.70742, 34.135036 ], [ -4.707176, 34.144053 ], [ -4.707037, 34.153068 ], [ -4.706696, 34.162086 ], [ -4.7058, 34.171112 ], [ -4.704192, 34.180148 ], [ -4.703665, 34.189168 ], [ -4.70352, 34.198184 ], [ -4.703584, 34.207196 ], [ -4.703694, 34.216208 ], [ -4.70478, 34.225206 ], [ -4.703368, 34.234239 ], [ -4.703856, 34.243245 ], [ -4.704419, 34.252251 ], [ -4.704727, 34.26126 ], [ -4.704467, 34.270276 ], [ -4.703861, 34.279298 ], [ -4.702366, 34.288332 ], [ -4.702175, 34.297348 ], [ -4.702343, 34.306359 ], [ -4.702507, 34.31537 ], [ -4.702456, 34.324383 ], [ -4.701927, 34.333404 ], [ -4.70172, 34.34242 ], [ -4.701658, 34.351434 ], [ -4.701687, 34.360446 ], [ -4.701654, 34.361117 ], [ -4.699591, 34.369489 ], [ -4.697266, 34.378534 ], [ -4.695789, 34.387567 ], [ -4.694629, 34.396597 ], [ -4.693718, 34.405622 ], [ -4.692984, 34.414645 ], [ -4.692411, 34.423666 ], [ -4.692139, 34.428456 ], [ -4.690967, 34.432699 ], [ -4.685749, 34.441784 ], [ -4.683594, 34.450827 ], [ -4.682731, 34.459852 ], [ -4.68263, 34.468866 ], [ -4.682152, 34.472966 ], [ -4.680188, 34.477913 ], [ -4.675494, 34.48699 ], [ -4.673177, 34.496035 ], [ -4.672013, 34.505064 ], [ -4.671914, 34.505348 ], [ -4.665139, 34.514171 ], [ -4.662423, 34.523221 ], [ -4.661492, 34.528881 ], [ -4.660305, 34.532262 ], [ -4.654677, 34.541352 ], [ -4.6527, 34.550391 ], [ -4.651091, 34.553775 ], [ -4.645937, 34.559496 ], [ -4.641432, 34.568569 ], [ -4.640522, 34.570397 ], [ -4.634591, 34.577674 ], [ -4.630733, 34.586738 ], [ -4.629966, 34.587858 ], [ -4.624237, 34.595838 ], [ -4.619348, 34.602381 ], [ -4.614987, 34.604974 ], [ -4.609009, 34.614065 ], [ -4.608679, 34.614479 ], [ -4.599383, 34.623205 ], [ -4.597983, 34.625264 ], [ -4.590679, 34.632332 ], [ -4.587268, 34.635273 ], [ -4.579135, 34.641495 ], [ -4.576518, 34.643487 ], [ -4.567652, 34.650656 ], [ -4.565769, 34.65194 ], [ -4.555004, 34.65962 ], [ -4.554637, 34.659835 ], [ -4.544182, 34.664319 ], [ -4.53659, 34.669077 ], [ -4.533385, 34.670451 ], [ -4.522566, 34.6755 ], [ -4.517012, 34.678335 ], [ -4.51175, 34.680731 ], [ -4.500898, 34.684098 ], [ -4.491547, 34.687663 ], [ -4.49006, 34.688234 ], [ -4.479197, 34.691097 ], [ -4.468324, 34.693373 ], [ -4.457447, 34.695522 ], [ -4.449591, 34.697182 ], [ -4.446574, 34.697866 ], [ -4.435683, 34.699251 ], [ -4.424786, 34.700264 ], [ -4.413895, 34.701677 ], [ -4.402984, 34.701965 ], [ -4.392069, 34.701972 ], [ -4.381156, 34.702114 ], [ -4.370249, 34.702583 ], [ -4.359342, 34.703135 ], [ -4.348437, 34.703759 ], [ -4.337532, 34.704445 ], [ -4.326628, 34.70519 ], [ -4.315725, 34.705999 ], [ -4.304823, 34.70686 ], [ -4.293921, 34.707753 ], [ -4.291679, 34.707971 ], [ -4.283022, 34.7089 ], [ -4.272125, 34.710139 ], [ -4.261228, 34.711419 ], [ -4.250329, 34.712639 ], [ -4.239432, 34.713979 ], [ -4.228536, 34.715355 ], [ -4.217639, 34.716754 ], [ -4.209547, 34.717828 ], [ -4.206743, 34.718231 ], [ -4.195849, 34.719928 ], [ -4.184956, 34.721646 ], [ -4.174062, 34.723333 ], [ -4.163168, 34.725094 ], [ -4.152274, 34.726848 ], [ -4.148901, 34.727428 ], [ -4.141381, 34.728801 ], [ -4.13049, 34.730834 ], [ -4.119597, 34.732829 ], [ -4.108705, 34.734857 ], [ -4.097812, 34.736889 ], [ -4.097688, 34.736914 ], [ -4.086921, 34.739179 ], [ -4.07603, 34.741411 ], [ -4.065138, 34.743678 ], [ -4.054245, 34.745942 ], [ -4.05248, 34.746326 ], [ -4.043354, 34.748399 ], [ -4.032463, 34.750875 ], [ -4.021572, 34.753339 ], [ -4.011175, 34.75569 ], [ -4.010679, 34.755806 ], [ -3.999788, 34.758489 ], [ -3.988896, 34.761121 ], [ -3.978004, 34.76376 ], [ -3.972942, 34.765015 ], [ -3.967112, 34.766508 ], [ -3.95622, 34.769338 ], [ -3.945327, 34.772126 ], [ -3.936876, 34.774311 ], [ -3.934434, 34.774961 ], [ -3.923542, 34.777936 ], [ -3.912648, 34.780893 ], [ -3.902696, 34.783583 ], [ -3.901754, 34.783844 ], [ -3.890861, 34.786939 ], [ -3.879966, 34.79003 ], [ -3.870093, 34.792834 ], [ -3.869071, 34.79313 ], [ -3.858177, 34.796362 ], [ -3.847281, 34.799552 ], [ -3.838807, 34.802067 ], [ -3.836385, 34.802796 ], [ -3.825489, 34.806129 ], [ -3.814592, 34.80946 ], [ -3.808677, 34.811285 ], [ -3.803694, 34.812843 ], [ -3.792796, 34.816256 ], [ -3.781898, 34.819708 ], [ -3.779461, 34.820489 ], [ -3.770999, 34.823222 ], [ -3.7601, 34.826762 ], [ -3.751144, 34.829681 ], [ -3.749199, 34.83032 ], [ -3.738298, 34.833928 ], [ -3.727397, 34.837583 ], [ -3.723618, 34.838861 ], [ -3.716495, 34.841273 ], [ -3.705592, 34.844995 ], [ -3.696788, 34.848031 ], [ -3.694689, 34.848756 ], [ -3.683785, 34.852531 ], [ -3.67288, 34.856358 ], [ -3.670522, 34.857192 ], [ -3.661974, 34.860219 ], [ -3.651068, 34.864141 ], [ -3.644991, 34.866344 ], [ -3.640161, 34.868104 ], [ -3.629254, 34.872133 ], [ -3.620389, 34.875486 ], [ -3.618346, 34.876254 ], [ -3.607437, 34.88038 ], [ -3.596531, 34.884619 ], [ -3.596528, 34.88462 ], [ -3.585617, 34.888802 ], [ -3.574707, 34.893176 ], [ -3.573286, 34.893744 ], [ -3.563795, 34.897492 ], [ -3.552883, 34.901961 ], [ -3.550655, 34.902862 ], [ -3.541969, 34.906349 ], [ -3.531055, 34.910948 ], [ -3.528622, 34.911974 ], [ -3.52014, 34.915473 ], [ -3.509225, 34.920193 ], [ -3.507169, 34.921079 ], [ -3.498308, 34.924819 ], [ -3.48739, 34.929667 ], [ -3.486229, 34.930178 ], [ -3.476471, 34.934382 ], [ -3.465766, 34.939272 ], [ -3.465553, 34.939367 ], [ -3.454631, 34.944182 ], [ -3.445643, 34.948361 ], [ -3.44371, 34.949238 ], [ -3.432787, 34.954174 ], [ -3.425888, 34.957445 ], [ -3.421864, 34.959305 ], [ -3.410939, 34.964461 ], [ -3.406651, 34.966525 ], [ -3.400013, 34.969634 ], [ -3.389087, 34.97502 ], [ -3.387857, 34.9756 ], [ -3.378158, 34.98019 ], [ -3.369269, 34.984671 ], [ -3.36723, 34.985672 ], [ -3.356299, 34.991044 ], [ -3.351004, 34.993739 ], [ -3.345368, 34.99657 ], [ -3.334435, 35.002191 ], [ -3.333242, 35.002802 ], [ -3.323501, 35.007658 ], [ -3.315552, 35.011863 ], [ -3.312566, 35.013402 ], [ -3.301629, 35.019128 ], [ -3.298263, 35.02092 ], [ -3.290691, 35.024841 ], [ -3.281314, 35.029974 ], [ -3.279752, 35.030808 ], [ -3.268811, 35.03664 ], [ -3.264466, 35.039026 ], [ -3.257869, 35.04256 ], [ -3.248082, 35.048074 ], [ -3.246926, 35.04871 ], [ -3.235981, 35.05469 ], [ -3.231681, 35.05712 ], [ -3.225035, 35.060788 ], [ -3.215738, 35.066163 ], [ -3.214087, 35.067096 ], [ -3.203138, 35.073311 ], [ -3.199874, 35.075203 ], [ -3.192187, 35.079556 ], [ -3.184284, 35.084241 ], [ -3.181235, 35.08601 ], [ -3.170281, 35.092518 ], [ -3.168999, 35.093277 ], [ -3.159325, 35.098893 ], [ -3.153665, 35.102311 ], [ -3.148368, 35.105451 ], [ -3.138802, 35.111342 ], [ -3.137409, 35.112181 ], [ -3.126449, 35.118827 ], [ -3.123935, 35.120372 ], [ -3.115486, 35.125488 ], [ -3.109233, 35.129399 ], [ -3.104522, 35.1323 ], [ -3.094884, 35.138425 ], [ -3.093557, 35.139255 ], [ -3.082589, 35.146155 ], [ -3.080558, 35.147448 ], [ -3.07162, 35.153059 ], [ -3.066335, 35.15647 ], [ -3.060649, 35.160094 ], [ -3.052403, 35.165491 ], [ -3.049676, 35.167255 ], [ -3.038738, 35.174509 ], [ -3.038701, 35.174533 ], [ -3.027724, 35.18167 ], [ -3.024928, 35.183526 ], [ -3.016745, 35.18891 ], [ -3.011339, 35.192541 ], [ -3.005765, 35.196255 ], [ -2.997972, 35.201555 ], [ -2.994782, 35.203733 ], [ -2.984844, 35.210567 ], [ -2.983798, 35.211276 ], [ -2.972811, 35.218823 ], [ -2.971722, 35.219578 ], [ -2.961822, 35.226409 ], [ -2.958708, 35.228588 ], [ -2.950831, 35.234088 ], [ -2.945856, 35.237596 ], [ -2.939838, 35.241838 ], [ -2.933108, 35.246603 ], [ -2.928843, 35.249628 ], [ -2.920463, 35.255608 ], [ -2.917846, 35.25748 ], [ -2.907935, 35.264613 ], [ -2.906846, 35.265398 ], [ -2.895845, 35.273383 ], [ -2.895526, 35.273616 ], [ -2.884841, 35.281429 ], [ -2.883223, 35.282618 ], [ -2.873835, 35.289519 ], [ -2.870996, 35.291618 ], [ -2.862826, 35.297673 ], [ -2.858884, 35.300618 ], [ -2.851815, 35.305917 ], [ -2.846928, 35.309617 ], [ -2.840802, 35.314275 ], [ -2.835145, 35.318614 ], [ -2.829786, 35.32274 ], [ -2.823502, 35.327611 ], [ -2.818768, 35.331295 ], [ -2.81199, 35.336607 ], [ -2.807747, 35.339944 ], [ -2.800606, 35.345601 ], [ -2.796724, 35.348689 ], [ -2.78935, 35.354595 ], [ -2.785697, 35.357533 ], [ -2.778219, 35.363588 ], [ -2.774669, 35.366476 ], [ -2.767214, 35.372581 ], [ -2.763637, 35.375522 ], [ -2.756332, 35.381572 ], [ -2.752603, 35.384674 ], [ -2.745571, 35.390563 ], [ -2.741566, 35.393931 ], [ -2.734924, 35.399553 ], [ -2.730526, 35.403289 ], [ -2.724379, 35.408543 ], [ -2.719483, 35.412743 ], [ -2.713936, 35.417531 ], [ -2.708437, 35.422296 ], [ -2.703595, 35.426519 ], [ -2.697388, 35.431952 ], [ -2.693353, 35.435506 ], [ -2.686336, 35.441711 ], [ -2.683209, 35.444493 ], [ -2.675281, 35.451577 ], [ -2.673164, 35.453479 ], [ -2.664223, 35.461551 ], [ -2.663216, 35.462465 ], [ -2.653369, 35.47145 ], [ -2.653162, 35.471639 ], [ -2.643641, 35.480434 ], [ -2.642097, 35.481862 ], [ -2.633983, 35.489418 ], [ -2.631029, 35.492176 ], [ -2.624401, 35.498401 ], [ -2.619958, 35.502588 ], [ -2.614899, 35.507384 ], [ -2.608884, 35.5131 ], [ -2.605467, 35.516366 ], [ -2.597806, 35.523703 ], [ -2.596106, 35.525348 ], [ -2.586825, 35.534329 ], [ -2.586724, 35.534428 ], [ -2.577664, 35.54331 ], [ -2.575639, 35.545301 ], [ -2.568571, 35.552291 ], [ -2.56455, 35.556278 ], [ -2.559545, 35.561271 ], [ -2.553458, 35.56736 ], [ -2.550621, 35.570251 ], [ -2.542362, 35.578552 ], [ -2.541694, 35.57923 ], [ -2.532901, 35.588209 ], [ -2.531262, 35.589884 ], [ -2.524181, 35.597187 ], [ -2.520158, 35.60133 ], [ -2.515506, 35.606165 ], [ -2.50905, 35.612846 ], [ -2.506889, 35.615143 ], [ -2.498296, 35.62412 ], [ -2.497939, 35.624496 ], [ -2.489881, 35.633097 ], [ -2.486823, 35.63634 ], [ -2.48148, 35.642074 ], [ -2.475703, 35.648232 ], [ -2.473093, 35.65105 ], [ -2.464725, 35.660025 ], [ -2.46458, 35.660181 ], [ -2.456546, 35.669001 ], [ -2.453452, 35.672377 ], [ -2.448382, 35.677976 ], [ -2.44232, 35.684626 ], [ -2.440225, 35.686951 ], [ -2.432139, 35.695926 ], [ -2.431183, 35.696993 ], [ -2.424185, 35.7049 ], [ -2.420043, 35.709519 ], [ -2.416237, 35.713874 ], [ -2.408897, 35.722159 ], [ -2.408293, 35.722848 ], [ -2.400513, 35.731822 ], [ -2.397747, 35.734987 ], [ -2.392746, 35.740795 ], [ -2.386593, 35.747854 ], [ -2.384949, 35.749768 ], [ -2.377261, 35.758741 ], [ -2.375434, 35.760859 ], [ -2.369643, 35.767713 ], [ -2.36427, 35.774007 ], [ -2.362016, 35.776685 ], [ -2.354454, 35.785657 ], [ -2.353102, 35.787268 ], [ -2.347011, 35.794629 ], [ -2.341929, 35.800701 ], [ -2.339535, 35.8036 ], [ -2.332115, 35.812572 ], [ -2.330751, 35.814229 ], [ -2.324845, 35.821543 ], [ -2.319567, 35.82795 ], [ -2.31749, 35.830514 ], [ -2.310222, 35.839484 ], [ -2.308379, 35.841762 ], [ -2.303049, 35.848455 ], [ -2.297186, 35.855694 ], [ -2.295807, 35.857425 ], [ -2.288702, 35.866395 ], [ -2.285988, 35.869756 ], [ -2.281573, 35.875365 ], [ -2.274785, 35.883931 ], [ -2.274469, 35.884334 ], [ -2.267527, 35.893304 ], [ -2.263575, 35.89835 ], [ -2.260546, 35.902273 ], [ -2.253585, 35.911242 ], [ -2.252361, 35.912828 ], [ -2.246746, 35.920211 ], [ -2.241141, 35.927476 ], [ -2.239849, 35.92918 ], [ -2.23307, 35.938149 ], [ -2.229915, 35.942294 ], [ -2.226301, 35.947117 ], [ -2.219514, 35.956085 ], [ -2.218684, 35.957192 ], [ -2.212873, 35.965054 ], [ -2.207448, 35.972277 ], [ -2.206156, 35.974021 ], [ -2.19956, 35.982989 ], [ -2.196205, 35.987479 ], [ -2.192925, 35.991957 ], [ -2.186343, 36.000924 ], [ -2.184957, 36.002824 ], [ -2.179849, 36.009891 ], [ -2.173703, 36.018328 ], [ -2.17332, 36.018858 ], [ -2.166911, 36.027826 ], [ -2.162442, 36.034029 ], [ -2.16047, 36.036793 ], [ -2.154083, 36.045759 ], [ -2.151175, 36.049805 ], [ -2.147683, 36.054726 ], [ -2.141354, 36.063692 ], [ -2.139903, 36.065758 ], [ -2.135069, 36.072659 ], [ -2.128806, 36.081625 ], [ -2.128623, 36.081888 ], [ -2.122586, 36.090591 ], [ -2.117338, 36.098174 ], [ -2.116383, 36.099557 ], [ -2.110203, 36.108523 ], [ -2.106046, 36.114583 ], [ -2.104053, 36.117489 ], [ -2.097927, 36.126455 ], [ -2.094748, 36.131134 ], [ -2.091836, 36.13542 ], [ -2.085772, 36.144385 ], [ -2.083443, 36.147847 ], [ -2.079737, 36.153351 ], [ -2.073737, 36.162316 ], [ -2.072131, 36.164714 ], [ -2.06774, 36.171281 ], [ -2.061808, 36.180246 ], [ -2.060813, 36.181755 ], [ -2.055868, 36.189211 ], [ -2.050026, 36.198176 ], [ -2.049487, 36.199002 ], [ -2.044146, 36.20714 ], [ -2.038376, 36.216106 ], [ -2.038153, 36.21645 ], [ -2.032572, 36.22507 ], [ -2.026856, 36.234035 ], [ -2.026812, 36.234103 ], [ -2.021077, 36.242999 ], [ -2.015471, 36.251965 ], [ -2.015463, 36.251978 ], [ -2.009763, 36.260929 ], [ -2.004224, 36.269894 ], [ -2.004106, 36.270085 ], [ -1.99859, 36.278858 ], [ -1.99311, 36.287824 ], [ -1.99274, 36.288423 ], [ -1.987516, 36.296788 ], [ -1.982137, 36.305753 ], [ -1.981365, 36.307032 ], [ -1.976646, 36.314717 ], [ -1.971326, 36.323683 ], [ -1.969981, 36.325951 ], [ -1.965939, 36.332648 ], [ -1.960704, 36.341613 ], [ -1.958587, 36.345209 ], [ -1.955402, 36.350578 ], [ -1.950188, 36.359543 ], [ -1.947182, 36.36483 ], [ -1.945046, 36.368509 ], [ -1.939876, 36.377475 ], [ -1.935765, 36.384866 ], [ -1.934873, 36.386441 ], [ -1.929699, 36.395406 ], [ -1.924838, 36.404373 ], [ -1.924338, 36.405282 ], [ -1.919771, 36.413338 ], [ -1.914927, 36.422306 ], [ -1.912898, 36.426108 ], [ -1.910062, 36.431272 ], [ -1.905233, 36.440239 ], [ -1.901443, 36.447594 ], [ -1.900578, 36.449207 ], [ -1.895735, 36.458173 ], [ -1.891197, 36.467142 ], [ -1.889975, 36.469551 ], [ -1.886526, 36.476109 ], [ -1.881976, 36.485078 ], [ -1.878489, 36.492281 ], [ -1.877601, 36.494047 ], [ -1.873024, 36.503015 ], [ -1.868741, 36.511985 ], [ -1.866986, 36.515705 ], [ -1.864406, 36.520955 ], [ -1.860087, 36.529925 ], [ -1.856047, 36.538897 ], [ -1.855461, 36.540174 ], [ -1.85175, 36.547866 ], [ -1.847667, 36.556837 ], [ -1.843912, 36.565709 ], [ -1.843866, 36.565811 ], [ -1.839724, 36.574782 ], [ -1.835864, 36.583755 ], [ -1.832336, 36.59255 ], [ -1.832258, 36.59273 ], [ -1.828285, 36.601702 ], [ -1.824614, 36.610676 ], [ -1.82122, 36.619653 ], [ -1.820728, 36.620923 ], [ -1.817556, 36.628628 ], [ -1.814027, 36.637603 ], [ -1.810804, 36.646581 ], [ -1.809076, 36.651541 ], [ -1.807573, 36.65556 ], [ -1.804211, 36.664536 ], [ -1.801127, 36.673516 ], [ -1.798283, 36.682498 ], [ -1.797365, 36.685397 ], [ -1.795287, 36.691478 ], [ -1.792316, 36.700458 ], [ -1.789588, 36.709441 ], [ -1.787074, 36.718426 ], [ -1.785568, 36.72402 ], [ -1.784581, 36.727411 ], [ -1.781949, 36.736394 ], [ -1.779547, 36.74538 ], [ -1.777364, 36.754368 ], [ -1.775342, 36.763358 ], [ -1.773611, 36.771894 ], [ -1.77351, 36.772349 ], [ -1.771447, 36.781338 ], [ -1.769573, 36.790329 ], [ -1.76786, 36.799322 ], [ -1.766357, 36.808316 ], [ -1.765024, 36.817313 ], [ -1.763865, 36.826311 ], [ -1.762836, 36.83531 ], [ -1.761861, 36.84431 ], [ -1.761106, 36.852806 ], [ -1.761054, 36.853312 ], [ -1.760504, 36.862317 ], [ -1.760425, 36.871326 ], [ -1.760444, 36.880336 ], [ -1.760595, 36.884414 ], [ -1.760769, 36.88935 ], [ -1.761635, 36.898369 ], [ -1.763204, 36.907396 ], [ -1.764521, 36.916419 ], [ -1.766391, 36.925449 ], [ -1.768727, 36.934483 ], [ -1.770886, 36.942232 ], [ -1.771293, 36.94352 ], [ -1.774984, 36.952568 ], [ -1.778882, 36.961618 ], [ -1.781703, 36.96796 ], [ -1.783085, 36.970672 ], [ -1.788436, 36.979736 ], [ -1.792637, 36.98674 ], [ -1.794051, 36.988804 ], [ -1.800754, 36.997881 ], [ -1.803635, 37.001817 ], [ -1.808284, 37.006967 ], [ -1.814676, 37.014328 ], [ -1.816296, 37.016058 ], [ -1.824956, 37.025154 ], [ -1.825736, 37.025868 ], [ -1.835629, 37.034269 ], [ -1.836832, 37.035241 ], [ -1.846813, 37.043388 ], [ -1.847937, 37.044221 ], [ -1.859074, 37.051252 ], [ -1.861068, 37.052536 ], [ -1.870229, 37.057149 ], [ -1.877131, 37.061699 ], [ -1.881374, 37.063903 ], [ -1.892448, 37.070853 ], [ -1.892517, 37.070887 ], [ -1.903706, 37.074853 ], [ -1.91279, 37.080051 ], [ -1.914866, 37.080937 ], [ -1.92607, 37.083991 ], [ -1.936268, 37.089274 ], [ -1.93724, 37.089617 ], [ -1.948452, 37.092251 ], [ -1.959643, 37.096495 ], [ -1.965624, 37.098544 ], [ -1.970852, 37.099559 ], [ -1.982072, 37.101761 ], [ -1.993275, 37.10542 ], [ -2.00042, 37.107852 ], [ -2.004484, 37.108631 ], [ -2.015711, 37.110538 ], [ -2.026933, 37.112876 ], [ -2.038146, 37.115928 ], [ -2.043585, 37.117218 ], [ -2.049373, 37.118048 ], [ -2.060602, 37.119965 ], [ -2.07185, 37.120415 ], [ -2.083084, 37.122033 ], [ -2.094315, 37.123932 ], [ -2.105543, 37.126163 ], [ -2.109259, 37.12674 ], [ -2.116782, 37.127413 ], [ -2.128027, 37.128238 ], [ -2.139273, 37.129019 ], [ -2.150519, 37.129797 ], [ -2.161765, 37.130668 ], [ -2.173011, 37.131435 ], [ -2.184259, 37.13209 ], [ -2.195509, 37.132627 ], [ -2.206759, 37.133122 ], [ -2.218009, 37.133654 ], [ -2.229254, 37.134712 ], [ -2.240506, 37.135073 ], [ -2.251762, 37.135074 ], [ -2.263019, 37.134956 ], [ -2.274275, 37.134909 ], [ -2.285529, 37.135115 ], [ -2.296779, 37.135732 ], [ -2.308031, 37.136116 ], [ -2.319287, 37.136135 ], [ -2.330543, 37.136151 ], [ -2.341797, 37.136356 ], [ -2.353048, 37.136901 ], [ -2.361391, 37.137377 ], [ -2.364298, 37.137602 ], [ -2.37555, 37.138217 ], [ -2.386802, 37.13875 ], [ -2.398054, 37.139255 ], [ -2.409305, 37.139899 ], [ -2.420554, 37.140878 ], [ -2.431806, 37.141526 ], [ -2.443058, 37.142194 ], [ -2.454309, 37.143044 ], [ -2.465565, 37.143195 ], [ -2.476808, 37.145254 ], [ -2.488062, 37.145786 ], [ -2.499317, 37.14617 ], [ -2.510572, 37.146532 ], [ -2.521827, 37.146949 ], [ -2.524772, 37.147155 ], [ -2.533074, 37.148622 ], [ -2.544318, 37.150998 ], [ -2.555572, 37.151785 ], [ -2.566819, 37.153739 ], [ -2.578072, 37.154775 ], [ -2.589326, 37.155576 ], [ -2.600582, 37.15624 ], [ -2.602215, 37.15645 ], [ -2.611825, 37.159415 ], [ -2.62307, 37.162329 ], [ -2.634323, 37.163661 ], [ -2.645579, 37.164521 ], [ -2.656835, 37.165484 ], [ -2.657501, 37.165633 ], [ -2.668083, 37.168531 ], [ -2.679319, 37.174326 ], [ -2.69058, 37.174445 ], [ -2.691879, 37.174738 ], [ -2.701817, 37.180883 ], [ -2.71307, 37.183337 ], [ -2.717886, 37.183813 ], [ -2.724324, 37.186042 ], [ -2.735568, 37.191612 ], [ -2.744285, 37.192883 ], [ -2.746825, 37.193722 ], [ -2.758066, 37.201229 ], [ -2.759495, 37.201925 ], [ -2.769308, 37.209049 ], [ -2.77241, 37.210961 ], [ -2.780552, 37.216938 ], [ -2.784593, 37.219994 ], [ -2.791793, 37.226613 ], [ -2.793492, 37.22902 ], [ -2.799809, 37.238041 ], [ -2.803013, 37.245905 ], [ -2.803594, 37.247057 ], [ -2.804524, 37.256069 ], [ -2.804184, 37.265079 ], [ -2.802949, 37.270317 ], [ -2.802129, 37.274085 ], [ -2.796345, 37.283086 ], [ -2.792357, 37.292089 ], [ -2.791609, 37.293447 ], [ -2.784172, 37.301084 ], [ -2.780861, 37.310088 ], [ -2.780279, 37.310795 ], [ -2.771363, 37.319081 ], [ -2.768964, 37.32152 ], [ -2.76002, 37.328068 ], [ -2.75765, 37.331091 ], [ -2.750691, 37.337059 ], [ -2.746327, 37.342189 ], [ -2.742807, 37.346052 ], [ -2.735002, 37.353122 ], [ -2.734063, 37.355043 ], [ -2.723678, 37.362796 ], [ -2.721948, 37.364025 ], [ -2.712358, 37.370802 ], [ -2.70933, 37.373004 ], [ -2.701036, 37.378548 ], [ -2.696461, 37.381982 ], [ -2.689712, 37.386331 ], [ -2.683064, 37.390957 ], [ -2.678386, 37.393913 ], [ -2.669555, 37.39993 ], [ -2.667058, 37.401484 ], [ -2.656322, 37.408902 ], [ -2.655727, 37.40927 ], [ -2.6444, 37.415649 ], [ -2.640822, 37.417866 ], [ -2.63307, 37.422236 ], [ -2.625764, 37.426829 ], [ -2.621738, 37.42882 ], [ -2.610633, 37.43579 ], [ -2.610401, 37.435923 ], [ -2.59907, 37.441567 ], [ -2.593673, 37.444743 ], [ -2.587734, 37.447794 ], [ -2.577954, 37.453697 ], [ -2.576394, 37.454527 ], [ -2.565057, 37.460305 ], [ -2.560827, 37.462645 ], [ -2.553718, 37.466081 ], [ -2.544052, 37.471591 ], [ -2.542374, 37.472446 ], [ -2.531034, 37.477848 ], [ -2.525988, 37.48053 ], [ -2.519691, 37.48343 ], [ -2.509061, 37.48947 ], [ -2.508341, 37.48983 ], [ -2.496998, 37.494831 ], [ -2.49051, 37.498402 ], [ -2.485649, 37.500662 ], [ -2.474297, 37.5066 ], [ -2.472781, 37.507333 ], [ -2.46295, 37.511482 ], [ -2.453778, 37.516257 ], [ -2.451596, 37.517267 ], [ -2.440244, 37.522411 ], [ -2.434871, 37.525178 ], [ -2.428889, 37.527903 ], [ -2.41753, 37.533547 ], [ -2.416324, 37.534097 ], [ -2.406177, 37.538286 ], [ -2.396435, 37.543007 ], [ -2.394817, 37.543728 ], [ -2.383459, 37.548669 ], [ -2.377044, 37.551915 ], [ -2.372094, 37.55437 ], [ -2.36073, 37.559583 ], [ -2.358, 37.560823 ], [ -2.349368, 37.564553 ], [ -2.338003, 37.569667 ], [ -2.337877, 37.569721 ], [ -2.326639, 37.574424 ], [ -2.317119, 37.578613 ], [ -2.315271, 37.579425 ], [ -2.303903, 37.584377 ], [ -2.296534, 37.587501 ], [ -2.292534, 37.58921 ], [ -2.281164, 37.593999 ], [ -2.275417, 37.596383 ], [ -2.269793, 37.598737 ], [ -2.25842, 37.603549 ], [ -2.254443, 37.605262 ], [ -2.247043, 37.608657 ], [ -2.235665, 37.613627 ], [ -2.234476, 37.614144 ], [ -2.224283, 37.618933 ], [ -2.213959, 37.623018 ], [ -2.212907, 37.623471 ], [ -2.201521, 37.628732 ], [ -2.193726, 37.631891 ], [ -2.19014, 37.633485 ], [ -2.178753, 37.638648 ], [ -2.173887, 37.640763 ], [ -2.167358, 37.644301 ], [ -2.155973, 37.648981 ], [ -2.154477, 37.649635 ], [ -2.144575, 37.654665 ], [ -2.134408, 37.658499 ], [ -2.133191, 37.659046 ], [ -2.121789, 37.664805 ], [ -2.115245, 37.667366 ], [ -2.110395, 37.669709 ], [ -2.098997, 37.674815 ], [ -2.095774, 37.676227 ], [ -2.087592, 37.680454 ], [ -2.076199, 37.6849 ], [ -2.075813, 37.685082 ], [ -2.064783, 37.6911 ], [ -2.058162, 37.693951 ], [ -2.053371, 37.696778 ], [ -2.041966, 37.701897 ], [ -2.039952, 37.702814 ], [ -2.030544, 37.708107 ], [ -2.021166, 37.711668 ], [ -2.019142, 37.712644 ], [ -2.007722, 37.718487 ], [ -2.003119, 37.720526 ], [ -1.996292, 37.724939 ], [ -1.98489, 37.729146 ], [ -1.984431, 37.729376 ], [ -1.973448, 37.736184 ], [ -1.968747, 37.738249 ], [ -1.962021, 37.742029 ], [ -1.950607, 37.746732 ], [ -1.949978, 37.747092 ], [ -1.939158, 37.753838 ], [ -1.934546, 37.755963 ], [ -1.927721, 37.75997 ], [ -1.916304, 37.764634 ], [ -1.915954, 37.764802 ], [ -1.904848, 37.771806 ], [ -1.901212, 37.773674 ], [ -1.893397, 37.778495 ], [ -1.88419, 37.782523 ], [ -1.881965, 37.783781 ], [ -1.87051, 37.79045 ], [ -1.868796, 37.791386 ], [ -1.859039, 37.798035 ], [ -1.854681, 37.800258 ], [ -1.847578, 37.804848 ], [ -1.838225, 37.809106 ], [ -1.836135, 37.81037 ], [ -1.824668, 37.817288 ], [ -1.823502, 37.817968 ], [ -1.813185, 37.825091 ], [ -1.810237, 37.826844 ], [ -1.8017, 37.832867 ], [ -1.796846, 37.835717 ], [ -1.790216, 37.84046 ], [ -1.783229, 37.844586 ], [ -1.778733, 37.847773 ], [ -1.769225, 37.853449 ], [ -1.76725, 37.855018 ], [ -1.755765, 37.8622 ], [ -1.755612, 37.862315 ], [ -1.744252, 37.870953 ], [ -1.74393, 37.871199 ], [ -1.732731, 37.879937 ], [ -1.732545, 37.880086 ], [ -1.721833, 37.888979 ], [ -1.721166, 37.891376 ], [ -1.715864, 37.897922 ], [ -1.709639, 37.900358 ], [ -1.703345, 37.906794 ], [ -1.698025, 37.914198 ], [ -1.696795, 37.91573 ], [ -1.686474, 37.924183 ], [ -1.686111, 37.92462 ], [ -1.67977, 37.933557 ], [ -1.674793, 37.941256 ], [ -1.674121, 37.942502 ], [ -1.667441, 37.951435 ], [ -1.663086, 37.959494 ], [ -1.662661, 37.96039 ], [ -1.660936, 37.969378 ], [ -1.658786, 37.978362 ], [ -1.657923, 37.987361 ], [ -1.657839, 37.996369 ], [ -1.658532, 38.005385 ], [ -1.659643, 38.014406 ], [ -1.661025, 38.02343 ], [ -1.661812, 38.029603 ], [ -1.662694, 38.032458 ], [ -1.666194, 38.041506 ], [ -1.669675, 38.050554 ], [ -1.669976, 38.059565 ], [ -1.672258, 38.068599 ], [ -1.672483, 38.069452 ], [ -1.677186, 38.077663 ], [ -1.681358, 38.086719 ], [ -1.683114, 38.095747 ], [ -1.683381, 38.09732 ], [ -1.685022, 38.104776 ], [ -1.689069, 38.11383 ], [ -1.69246, 38.122876 ], [ -1.694246, 38.127423 ], [ -1.696479, 38.131929 ], [ -1.700441, 38.140981 ], [ -1.704051, 38.150029 ], [ -1.705207, 38.152609 ], [ -1.708537, 38.159087 ], [ -1.712916, 38.168143 ], [ -1.716213, 38.175652 ], [ -1.716988, 38.177196 ], [ -1.72157, 38.186254 ], [ -1.725913, 38.19531 ], [ -1.727239, 38.197937 ], [ -1.730719, 38.20437 ], [ -1.735437, 38.213429 ], [ -1.738291, 38.219027 ], [ -1.74018, 38.222488 ], [ -1.745011, 38.231548 ], [ -1.749356, 38.239811 ], [ -1.749791, 38.240607 ], [ -1.754974, 38.249671 ], [ -1.759853, 38.25873 ], [ -1.76044, 38.259776 ], [ -1.765156, 38.267794 ], [ -1.77019, 38.276855 ], [ -1.771538, 38.279295 ], [ -1.775363, 38.285918 ], [ -1.780597, 38.29498 ], [ -1.782647, 38.298496 ], [ -1.785952, 38.304044 ], [ -1.791327, 38.313108 ], [ -1.79377, 38.317218 ], [ -1.796764, 38.322172 ], [ -1.80221, 38.331235 ], [ -1.8049, 38.335845 ], [ -1.807545, 38.340298 ], [ -1.81308, 38.349362 ], [ -1.816041, 38.354132 ], [ -1.818678, 38.358427 ], [ -1.824326, 38.367492 ], [ -1.827194, 38.372037 ], [ -1.830007, 38.376556 ], [ -1.835725, 38.385621 ], [ -1.838354, 38.389799 ], [ -1.8414, 38.394686 ], [ -1.847197, 38.403751 ], [ -1.849523, 38.407347 ], [ -1.852976, 38.412815 ], [ -1.8589, 38.421881 ], [ -1.860702, 38.424635 ], [ -1.864724, 38.430946 ], [ -1.870746, 38.440012 ], [ -1.871888, 38.441749 ], [ -1.876579, 38.449076 ], [ -1.88267, 38.458142 ], [ -1.883081, 38.4588 ], [ -1.888381, 38.467204 ], [ -1.894281, 38.475694 ], [ -1.894666, 38.476272 ], [ -1.900505, 38.485335 ], [ -1.905488, 38.492476 ], [ -1.906773, 38.494401 ], [ -1.912774, 38.503465 ], [ -1.916703, 38.5091 ], [ -1.918987, 38.512531 ], [ -1.925099, 38.521595 ], [ -1.927923, 38.525676 ], [ -1.931212, 38.530658 ], [ -1.937596, 38.539724 ], [ -1.939153, 38.541958 ], [ -1.943648, 38.548787 ], [ -1.950294, 38.557855 ], [ -1.950391, 38.557995 ], [ -1.956236, 38.566916 ], [ -1.96163, 38.574305 ], [ -1.962788, 38.575982 ], [ -1.968941, 38.585044 ], [ -1.972876, 38.590502 ], [ -1.975321, 38.594108 ], [ -1.981736, 38.603172 ], [ -1.98413, 38.606493 ], [ -1.988012, 38.612234 ], [ -1.994788, 38.6213 ], [ -1.995393, 38.622148 ], [ -2.000879, 38.63036 ], [ -2.006658, 38.638032 ], [ -2.007644, 38.639425 ], [ -2.013907, 38.648486 ], [ -2.017929, 38.653883 ], [ -2.020488, 38.657549 ], [ -2.027092, 38.666612 ], [ -2.029207, 38.669537 ], [ -2.033403, 38.675672 ], [ -2.040387, 38.684737 ], [ -2.040494, 38.684886 ], [ -2.046478, 38.693795 ], [ -2.051778, 38.700756 ], [ -2.053277, 38.702858 ], [ -2.059768, 38.711918 ], [ -2.063072, 38.716299 ], [ -2.066373, 38.720978 ], [ -2.073361, 38.730042 ], [ -2.074377, 38.731396 ], [ -2.079761, 38.7391 ], [ -2.085685, 38.746583 ], [ -2.086858, 38.748163 ], [ -2.093528, 38.757223 ], [ -2.097, 38.761651 ], [ -2.100399, 38.766283 ], [ -2.107777, 38.775347 ], [ -2.108327, 38.776058 ], [ -2.114345, 38.784405 ], [ -2.119653, 38.790926 ], [ -2.121593, 38.793467 ], [ -2.128749, 38.802528 ], [ -2.13099, 38.805313 ], [ -2.135707, 38.811588 ], [ -2.142333, 38.819484 ], [ -2.14325, 38.820651 ], [ -2.150276, 38.82971 ], [ -2.15368, 38.833821 ], [ -2.157522, 38.83877 ], [ -2.165038, 38.847469 ], [ -2.165335, 38.847833 ], [ -2.172409, 38.856891 ], [ -2.176396, 38.861575 ], [ -2.179889, 38.865952 ], [ -2.187768, 38.874843 ], [ -2.187911, 38.875015 ], [ -2.195087, 38.884072 ], [ -2.199137, 38.888727 ], [ -2.202741, 38.893132 ], [ -2.21052, 38.901756 ], [ -2.210895, 38.902195 ], [ -2.218348, 38.911253 ], [ -2.221902, 38.915266 ], [ -2.226112, 38.920312 ], [ -2.233295, 38.928139 ], [ -2.234366, 38.929374 ], [ -2.242276, 38.938433 ], [ -2.244691, 38.941109 ], [ -2.250106, 38.947491 ], [ -2.256093, 38.953907 ], [ -2.258428, 38.956551 ], [ -2.266982, 38.965613 ], [ -2.267504, 38.966187 ], [ -2.274805, 38.974669 ], [ -2.278914, 38.979042 ], [ -2.283094, 38.983728 ], [ -2.290334, 38.991217 ], [ -2.29178, 38.992788 ], [ -2.300407, 39.001847 ], [ -2.301759, 39.003271 ], [ -2.308625, 39.010904 ], [ -2.313186, 39.015566 ], [ -2.317255, 39.019962 ], [ -2.324622, 39.027351 ], [ -2.326223, 39.029021 ], [ -2.335282, 39.038081 ], [ -2.336064, 39.03888 ], [ -2.343772, 39.047136 ], [ -2.347505, 39.050852 ], [ -2.352636, 39.056193 ], [ -2.358955, 39.062338 ], [ -2.361825, 39.065251 ], [ -2.370412, 39.073431 ], [ -2.371297, 39.07431 ], [ -2.380529, 39.083366 ], [ -2.381871, 39.084685 ], [ -2.389539, 39.092421 ], [ -2.393333, 39.096032 ], [ -2.398857, 39.101477 ], [ -2.404801, 39.107024 ], [ -2.408437, 39.110533 ], [ -2.416276, 39.117716 ], [ -2.418255, 39.11959 ], [ -2.427756, 39.128151 ], [ -2.428289, 39.128646 ], [ -2.438103, 39.137701 ], [ -2.439238, 39.138742 ], [ -2.447768, 39.146755 ], [ -2.450723, 39.149416 ], [ -2.45767, 39.155808 ], [ -2.462214, 39.159833 ], [ -2.467773, 39.164862 ], [ -2.473709, 39.170037 ], [ -2.478067, 39.173916 ], [ -2.485209, 39.180049 ], [ -2.488542, 39.18297 ], [ -2.496714, 39.189886 ], [ -2.499188, 39.192023 ], [ -2.508222, 39.199604 ], [ -2.509961, 39.201076 ], [ -2.519735, 39.209208 ], [ -2.520837, 39.210128 ], [ -2.531252, 39.218687 ], [ -2.53185, 39.21918 ], [ -2.542772, 39.228046 ], [ -2.543, 39.228231 ], [ -2.554281, 39.237282 ], [ -2.554296, 39.237294 ], [ -2.565673, 39.246332 ], [ -2.565824, 39.246453 ], [ -2.577144, 39.255382 ], [ -2.577355, 39.255548 ], [ -2.588743, 39.26443 ], [ -2.58889, 39.264544 ], [ -2.600428, 39.273419 ], [ -2.600506, 39.273478 ], [ -2.61197, 39.282209 ], [ -2.612391, 39.282525 ], [ -2.623515, 39.290888 ], [ -2.624437, 39.291572 ], [ -2.635063, 39.299481 ], [ -2.636626, 39.300618 ], [ -2.646615, 39.308011 ], [ -2.64893, 39.309662 ], [ -2.65817, 39.316393 ], [ -2.661471, 39.318706 ], [ -2.669728, 39.32462 ], [ -2.674279, 39.32775 ], [ -2.68129, 39.33268 ], [ -2.687391, 39.336793 ], [ -2.692856, 39.340561 ], [ -2.700859, 39.345835 ], [ -2.704424, 39.34829 ], [ -2.714815, 39.354877 ], [ -2.715997, 39.355666 ], [ -2.727571, 39.363368 ], [ -2.72842, 39.363917 ], [ -2.739147, 39.371143 ], [ -2.742024, 39.372954 ], [ -2.750727, 39.378675 ], [ -2.75615, 39.381992 ], [ -2.762309, 39.38593 ], [ -2.770965, 39.391029 ], [ -2.773896, 39.392875 ], [ -2.785485, 39.399722 ], [ -2.786057, 39.400064 ], [ -2.797074, 39.407087 ], [ -2.800559, 39.409097 ], [ -2.808668, 39.414089 ], [ -2.816006, 39.418129 ], [ -2.820264, 39.420643 ], [ -2.831864, 39.426911 ], [ -2.832305, 39.427161 ], [ -2.843463, 39.43395 ], [ -2.847649, 39.436189 ], [ -2.855067, 39.440523 ], [ -2.864464, 39.445216 ], [ -2.866673, 39.446433 ], [ -2.878281, 39.452899 ], [ -2.88088, 39.454241 ], [ -2.889891, 39.459308 ], [ -2.898135, 39.463264 ], [ -2.901504, 39.464797 ], [ -2.913118, 39.470993 ], [ -2.915758, 39.472285 ], [ -2.924734, 39.477152 ], [ -2.934028, 39.481304 ], [ -2.936353, 39.482467 ], [ -2.947974, 39.488441 ], [ -2.952091, 39.490319 ], [ -2.959596, 39.494113 ], [ -2.971221, 39.499064 ], [ -2.971804, 39.499332 ], [ -2.982847, 39.504929 ], [ -2.991107, 39.508342 ], [ -2.994475, 39.509911 ], [ -3.006105, 39.515314 ], [ -3.011049, 39.517349 ], [ -3.017737, 39.520432 ], [ -3.02937, 39.525261 ], [ -3.032033, 39.526352 ], [ -3.041005, 39.530436 ], [ -3.052641, 39.534811 ], [ -3.053991, 39.53535 ], [ -3.064279, 39.539931 ], [ -3.075918, 39.544084 ], [ -3.076594, 39.544344 ], [ -3.087559, 39.549065 ], [ -3.099201, 39.553061 ], [ -3.099925, 39.553333 ], [ -3.110845, 39.557938 ], [ -3.12249, 39.561858 ], [ -3.123733, 39.562317 ], [ -3.134137, 39.566595 ], [ -3.145784, 39.570593 ], [ -3.147748, 39.571295 ], [ -3.157434, 39.575159 ], [ -3.169084, 39.579156 ], [ -3.172306, 39.580268 ], [ -3.180736, 39.583511 ], [ -3.192389, 39.587451 ], [ -3.197742, 39.589234 ], [ -3.204043, 39.591583 ], [ -3.215699, 39.595681 ], [ -3.223667, 39.598194 ], [ -3.227355, 39.599488 ], [ -3.239014, 39.603682 ], [ -3.250569, 39.607145 ], [ -3.250671, 39.607179 ], [ -3.262333, 39.611451 ], [ -3.273994, 39.615015 ], [ -3.277425, 39.616091 ], [ -3.285657, 39.618933 ], [ -3.29732, 39.622674 ], [ -3.305339, 39.625027 ], [ -3.308984, 39.626207 ], [ -3.320651, 39.630092 ], [ -3.332316, 39.633425 ], [ -3.334072, 39.633955 ], [ -3.343985, 39.637184 ], [ -3.355653, 39.640656 ], [ -3.363536, 39.642873 ], [ -3.367322, 39.64403 ], [ -3.378994, 39.647675 ], [ -3.390665, 39.650909 ], [ -3.393758, 39.651781 ], [ -3.402338, 39.654404 ], [ -3.414011, 39.657774 ], [ -3.425248, 39.660676 ], [ -3.425684, 39.660796 ], [ -3.43736, 39.664286 ], [ -3.449036, 39.667465 ], [ -3.45716, 39.669561 ], [ -3.460712, 39.670545 ], [ -3.472391, 39.673863 ], [ -3.484069, 39.67688 ], [ -3.490225, 39.678433 ], [ -3.495748, 39.679924 ], [ -3.507428, 39.682997 ], [ -3.519108, 39.685918 ], [ -3.524656, 39.687289 ], [ -3.53079, 39.688885 ], [ -3.542473, 39.691903 ], [ -3.554155, 39.694728 ], [ -3.56005, 39.69613 ], [ -3.565839, 39.697577 ], [ -3.577524, 39.700484 ], [ -3.589207, 39.703151 ], [ -3.597015, 39.704952 ], [ -3.600893, 39.705872 ], [ -3.612579, 39.708661 ], [ -3.624266, 39.711339 ], [ -3.63526, 39.713755 ], [ -3.635953, 39.713912 ], [ -3.647642, 39.716625 ], [ -3.65933, 39.719222 ], [ -3.671019, 39.721719 ], [ -3.674848, 39.722538 ], [ -3.682709, 39.724266 ], [ -3.694399, 39.726795 ], [ -3.70609, 39.729235 ], [ -3.716288, 39.731296 ], [ -3.71778, 39.731605 ], [ -3.729472, 39.734067 ], [ -3.741165, 39.736439 ], [ -3.752856, 39.738683 ], [ -3.759712, 39.740026 ], [ -3.764549, 39.740977 ], [ -3.776243, 39.743264 ], [ -3.787937, 39.745509 ], [ -3.799631, 39.747708 ], [ -3.80511, 39.748726 ], [ -3.811325, 39.74989 ], [ -3.823021, 39.752053 ], [ -3.834715, 39.754132 ], [ -3.846411, 39.756229 ], [ -3.852988, 39.757391 ], [ -3.858107, 39.75829 ], [ -3.869804, 39.760319 ], [ -3.8815, 39.762323 ], [ -3.893197, 39.764302 ], [ -3.903476, 39.766015 ], [ -3.904895, 39.76625 ], [ -3.916592, 39.768157 ], [ -3.928289, 39.76998 ], [ -3.939987, 39.771846 ], [ -3.951686, 39.773705 ], [ -3.957347, 39.774589 ], [ -3.963384, 39.77551 ], [ -3.975083, 39.777261 ], [ -3.986781, 39.779002 ], [ -3.998481, 39.780734 ], [ -4.01018, 39.782461 ], [ -4.014695, 39.783108 ], [ -4.02188, 39.784116 ], [ -4.033579, 39.785727 ], [ -4.045278, 39.78733 ], [ -4.056978, 39.788925 ], [ -4.068679, 39.790512 ], [ -4.076498, 39.791557 ], [ -4.080379, 39.792061 ], [ -4.092079, 39.793531 ], [ -4.103778, 39.794967 ], [ -4.115479, 39.79642 ], [ -4.127179, 39.79787 ], [ -4.138881, 39.799315 ], [ -4.143889, 39.799918 ], [ -4.150581, 39.800693 ], [ -4.162281, 39.802008 ], [ -4.173981, 39.803317 ], [ -4.185682, 39.804634 ], [ -4.197383, 39.805922 ], [ -4.209084, 39.807211 ], [ -4.217905, 39.808171 ], [ -4.220785, 39.808471 ], [ -4.232485, 39.809634 ], [ -4.244185, 39.810787 ], [ -4.255885, 39.811932 ], [ -4.267586, 39.813068 ], [ -4.279288, 39.814247 ], [ -4.290987, 39.815302 ], [ -4.301208, 39.816272 ], [ -4.302688, 39.816406 ], [ -4.314387, 39.817397 ], [ -4.326087, 39.81838 ], [ -4.337786, 39.819353 ], [ -4.349486, 39.820317 ], [ -4.361186, 39.821271 ], [ -4.372886, 39.82226 ], [ -4.384586, 39.823148 ], [ -4.396286, 39.824084 ], [ -4.397296, 39.82416 ], [ -4.407985, 39.824923 ], [ -4.419683, 39.825733 ], [ -4.431381, 39.826528 ], [ -4.443079, 39.827301 ], [ -4.454777, 39.82805 ], [ -4.466475, 39.82878 ], [ -4.478172, 39.829461 ], [ -4.489868, 39.830121 ], [ -4.501565, 39.830752 ], [ -4.51326, 39.831357 ], [ -4.518991, 39.831636 ], [ -4.524955, 39.831909 ], [ -4.536649, 39.832388 ], [ -4.548342, 39.832843 ], [ -4.560034, 39.833274 ], [ -4.571726, 39.833678 ], [ -4.583418, 39.834057 ], [ -4.595109, 39.834408 ], [ -4.6068, 39.834729 ], [ -4.61849, 39.835022 ], [ -4.630179, 39.835287 ], [ -4.641868, 39.835524 ], [ -4.653557, 39.835735 ], [ -4.665244, 39.835926 ], [ -4.676931, 39.83607 ], [ -4.688617, 39.836192 ], [ -4.700303, 39.836283 ], [ -4.711988, 39.836346 ], [ -4.723672, 39.83638 ], [ -4.735355, 39.836386 ], [ -4.747038, 39.836366 ], [ -4.75872, 39.836319 ], [ -4.770402, 39.836253 ], [ -4.782082, 39.836144 ], [ -4.793762, 39.836005 ], [ -4.805441, 39.835837 ], [ -4.817118, 39.83564 ], [ -4.828796, 39.835416 ], [ -4.840472, 39.835166 ], [ -4.852147, 39.834891 ], [ -4.863822, 39.834592 ], [ -4.875496, 39.834275 ], [ -4.88717, 39.833919 ], [ -4.898842, 39.833535 ], [ -4.910513, 39.833124 ], [ -4.922183, 39.832687 ], [ -4.933853, 39.832224 ], [ -4.945521, 39.831737 ], [ -4.957189, 39.831227 ], [ -4.968856, 39.830695 ], [ -4.980522, 39.830144 ], [ -4.992187, 39.829562 ], [ -5.003851, 39.828953 ], [ -5.015515, 39.82832 ], [ -5.027177, 39.827663 ], [ -5.038838, 39.826984 ], [ -5.050499, 39.826283 ], [ -5.062158, 39.825562 ], [ -5.073817, 39.824821 ], [ -5.085475, 39.824071 ], [ -5.097132, 39.823282 ], [ -5.108788, 39.822466 ], [ -5.109783, 39.822394 ], [ -5.120442, 39.821608 ], [ -5.132095, 39.820727 ], [ -5.143747, 39.819825 ], [ -5.155398, 39.818903 ], [ -5.167048, 39.817961 ], [ -5.178697, 39.817002 ], [ -5.190346, 39.816038 ], [ -5.201994, 39.815037 ], [ -5.21364, 39.814013 ], [ -5.225285, 39.812966 ], [ -5.236929, 39.811896 ], [ -5.248572, 39.810804 ], [ -5.248866, 39.810776 ], [ -5.260213, 39.809679 ], [ -5.271854, 39.808536 ], [ -5.283493, 39.807373 ], [ -5.295131, 39.806194 ], [ -5.306769, 39.804991 ], [ -5.318405, 39.803767 ], [ -5.33004, 39.802521 ], [ -5.341673, 39.801255 ], [ -5.353306, 39.799968 ], [ -5.356231, 39.799639 ], [ -5.364937, 39.798655 ], [ -5.376567, 39.797322 ], [ -5.388196, 39.79597 ], [ -5.399824, 39.794599 ], [ -5.411452, 39.793229 ], [ -5.423077, 39.791818 ], [ -5.434701, 39.790384 ], [ -5.446324, 39.78893 ], [ -5.447848, 39.788737 ], [ -5.457946, 39.787458 ], [ -5.469567, 39.785965 ], [ -5.481186, 39.784453 ], [ -5.492804, 39.78292 ], [ -5.504421, 39.781368 ], [ -5.516037, 39.779796 ], [ -5.527651, 39.778203 ], [ -5.529224, 39.777986 ], [ -5.539264, 39.776597 ], [ -5.550876, 39.77497 ], [ -5.562487, 39.773323 ], [ -5.574096, 39.771655 ], [ -5.585704, 39.769968 ], [ -5.597311, 39.76826 ], [ -5.603519, 39.767337 ], [ -5.608916, 39.766535 ], [ -5.62052, 39.764794 ], [ -5.632123, 39.763033 ], [ -5.643724, 39.761241 ], [ -5.655324, 39.759442 ], [ -5.666923, 39.757627 ], [ -5.67237, 39.756767 ], [ -5.678521, 39.755792 ], [ -5.690117, 39.753937 ], [ -5.701711, 39.752065 ], [ -5.713305, 39.750177 ], [ -5.724897, 39.74827 ], [ -5.736488, 39.746346 ], [ -5.737035, 39.746255 ], [ -5.748077, 39.744398 ], [ -5.759664, 39.742417 ], [ -5.77125, 39.740436 ], [ -5.782836, 39.738446 ], [ -5.79442, 39.736445 ], [ -5.798158, 39.735792 ], [ -5.806002, 39.734409 ], [ -5.817583, 39.732354 ], [ -5.829163, 39.730288 ], [ -5.840741, 39.72821 ], [ -5.852318, 39.726119 ], [ -5.85644, 39.725367 ], [ -5.863893, 39.723995 ], [ -5.875465, 39.721815 ], [ -5.887037, 39.719662 ], [ -5.898609, 39.717511 ], [ -5.91018, 39.715353 ], [ -5.912166, 39.714977 ], [ -5.921747, 39.713139 ], [ -5.933314, 39.710919 ], [ -5.944879, 39.708692 ], [ -5.956443, 39.706454 ], [ -5.96588, 39.704612 ], [ -5.968006, 39.704194 ], [ -5.979566, 39.701902 ], [ -5.991125, 39.699597 ], [ -6.002683, 39.697276 ], [ -6.014239, 39.694947 ], [ -6.017551, 39.694276 ], [ -6.025794, 39.692598 ], [ -6.037347, 39.690236 ], [ -6.048899, 39.687861 ], [ -6.06045, 39.685472 ], [ -6.067735, 39.683955 ], [ -6.071998, 39.683066 ], [ -6.083546, 39.680638 ], [ -6.095091, 39.678194 ], [ -6.106635, 39.675731 ], [ -6.116267, 39.673658 ], [ -6.118177, 39.673246 ], [ -6.129718, 39.670742 ], [ -6.141257, 39.668224 ], [ -6.152794, 39.665695 ], [ -6.163301, 39.663381 ], [ -6.16433, 39.663154 ], [ -6.175865, 39.660593 ], [ -6.187398, 39.658024 ], [ -6.19893, 39.655447 ], [ -6.20934, 39.653113 ], [ -6.21046, 39.652861 ], [ -6.221989, 39.650255 ], [ -6.233517, 39.647644 ], [ -6.245043, 39.645026 ], [ -6.254674, 39.642847 ], [ -6.256569, 39.642413 ], [ -6.268091, 39.639752 ], [ -6.279614, 39.637105 ], [ -6.291137, 39.634496 ], [ -6.299721, 39.632571 ], [ -6.302659, 39.631889 ], [ -6.314175, 39.629163 ], [ -6.325693, 39.626488 ], [ -6.337213, 39.623885 ], [ -6.344279, 39.622291 ], [ -6.34873, 39.621233 ], [ -6.360238, 39.618421 ], [ -6.371751, 39.615729 ], [ -6.383268, 39.613148 ], [ -6.388232, 39.612013 ], [ -6.394777, 39.610418 ], [ -6.406282, 39.60761 ], [ -6.417791, 39.604918 ], [ -6.429305, 39.602331 ], [ -6.431873, 39.601727 ], [ -6.440805, 39.599486 ], [ -6.452305, 39.596661 ], [ -6.463809, 39.593944 ], [ -6.474717, 39.591448 ], [ -6.475316, 39.591301 ], [ -6.486804, 39.588296 ], [ -6.4983, 39.585464 ], [ -6.509803, 39.582785 ], [ -6.516675, 39.581181 ], [ -6.5213, 39.580013 ], [ -6.532786, 39.577045 ], [ -6.544279, 39.574236 ], [ -6.555778, 39.571569 ], [ -6.558506, 39.570903 ], [ -6.567261, 39.568589 ], [ -6.578742, 39.565611 ], [ -6.590233, 39.562819 ], [ -6.599497, 39.560636 ], [ -6.601724, 39.560064 ], [ -6.613196, 39.556956 ], [ -6.624676, 39.554038 ], [ -6.636165, 39.551288 ], [ -6.639824, 39.550375 ], [ -6.647638, 39.548254 ], [ -6.659108, 39.545196 ], [ -6.670587, 39.542317 ], [ -6.679634, 39.540116 ], [ -6.682067, 39.539472 ], [ -6.693526, 39.53627 ], [ -6.704996, 39.53327 ], [ -6.716474, 39.530451 ], [ -6.718705, 39.529868 ], [ -6.727931, 39.52725 ], [ -6.73939, 39.524127 ], [ -6.750859, 39.521194 ], [ -6.75691, 39.519635 ], [ -6.762323, 39.518185 ], [ -6.773769, 39.514866 ], [ -6.78523, 39.511825 ], [ -6.794689, 39.509403 ], [ -6.796692, 39.508846 ], [ -6.808132, 39.505478 ], [ -6.819583, 39.502334 ], [ -6.831044, 39.499385 ], [ -6.831768, 39.499183 ], [ -6.842477, 39.495937 ], [ -6.853919, 39.492683 ], [ -6.865372, 39.489642 ], [ -6.867697, 39.488988 ], [ -6.876802, 39.486214 ], [ -6.888236, 39.482872 ], [ -6.899681, 39.479748 ], [ -6.90299, 39.478805 ], [ -6.911106, 39.476296 ], [ -6.922532, 39.472868 ], [ -6.93397, 39.469669 ], [ -6.937589, 39.468634 ], [ -6.945391, 39.466196 ], [ -6.956809, 39.462702 ], [ -6.968238, 39.459414 ], [ -6.971348, 39.458481 ], [ -6.979649, 39.455814 ], [ -6.99106, 39.452253 ], [ -7.002482, 39.448907 ], [ -7.004342, 39.448346 ], [ -7.013884, 39.44523 ], [ -7.02529, 39.441624 ], [ -7.036454, 39.438231 ], [ -7.036701, 39.438152 ], [ -7.04809, 39.434308 ], [ -7.059488, 39.43064 ], [ -7.067327, 39.428152 ], [ -7.070884, 39.426961 ], [ -7.082272, 39.423158 ], [ -7.093661, 39.419409 ], [ -7.097601, 39.418085 ], [ -7.105041, 39.415512 ], [ -7.116418, 39.411589 ], [ -7.126823, 39.408048 ], [ -7.127796, 39.407708 ], [ -7.13916, 39.403613 ], [ -7.150531, 39.399658 ], [ -7.155018, 39.39804 ], [ -7.161891, 39.395544 ], [ -7.173246, 39.391374 ], [ -7.182157, 39.388064 ], [ -7.184597, 39.387149 ], [ -7.195941, 39.382832 ], [ -7.20728, 39.378463 ], [ -7.208154, 39.378123 ], [ -7.218614, 39.374018 ], [ -7.22994, 39.369487 ], [ -7.23304, 39.368217 ], [ -7.241259, 39.364842 ], [ -7.252575, 39.360193 ], [ -7.256999, 39.358339 ], [ -7.263884, 39.355442 ], [ -7.275172, 39.350364 ], [ -7.279168, 39.348523 ], [ -7.286464, 39.345388 ], [ -7.297781, 39.34086 ], [ -7.308144, 39.33845 ], [ -7.309211, 39.338183 ], [ -7.320326, 39.330409 ], [ -7.324243, 39.32885 ], [ -7.331734, 39.327408 ], [ -7.342848, 39.319691 ], [ -7.345072, 39.319071 ], [ -7.35417, 39.315347 ], [ -7.363472, 39.309379 ], [ -7.36535, 39.308758 ], [ -7.375524, 39.299924 ], [ -7.376356, 39.299416 ], [ -7.387054, 39.290488 ], [ -7.387374, 39.290302 ], [ -7.398508, 39.283089 ], [ -7.40614, 39.280764 ], [ -7.409864, 39.279446 ], [ -7.420933, 39.271257 ], [ -7.421089, 39.271194 ], [ -7.432376, 39.269036 ], [ -7.443584, 39.263124 ], [ -7.448271, 39.261155 ], [ -7.45494, 39.259574 ], [ -7.466426, 39.258073 ], [ -7.477829, 39.255282 ], [ -7.489261, 39.252971 ], [ -7.500803, 39.252391 ], [ -7.512378, 39.25232 ], [ -7.52403, 39.253433 ], [ -7.535714, 39.255051 ], [ -7.547413, 39.256892 ], [ -7.548677, 39.257269 ], [ -7.559359, 39.26253 ], [ -7.571106, 39.265088 ], [ -7.571729, 39.265366 ], [ -7.583203, 39.272973 ], [ -7.585056, 39.273842 ], [ -7.595323, 39.281187 ], [ -7.597442, 39.282354 ], [ -7.607423, 39.289046 ], [ -7.609832, 39.290864 ], [ -7.619615, 39.298251 ], [ -7.620949, 39.299424 ], [ -7.631786, 39.307104 ], [ -7.632634, 39.30796 ], [ -7.64399, 39.316402 ], [ -7.644094, 39.316503 ], [ -7.647173, 39.325381 ], [ -7.656704, 39.333312 ], [ -7.657156, 39.333983 ], [ -7.665237, 39.342659 ], [ -7.669209, 39.347011 ], [ -7.670674, 39.351442 ], [ -7.681663, 39.359849 ], [ -7.681783, 39.359996 ], [ -7.683449, 39.368929 ], [ -7.694438, 39.377406 ], [ -7.694492, 39.377484 ], [ -7.695679, 39.386437 ], [ -7.700723, 39.395234 ], [ -7.707692, 39.401983 ], [ -7.708317, 39.403927 ], [ -7.710358, 39.412846 ], [ -7.720602, 39.421314 ], [ -7.720664, 39.421428 ], [ -7.722639, 39.430348 ], [ -7.727055, 39.439169 ], [ -7.734003, 39.447764 ], [ -7.734045, 39.447885 ], [ -7.738708, 39.456696 ], [ -7.745851, 39.465405 ], [ -7.746968, 39.467644 ], [ -7.750396, 39.47422 ], [ -7.755648, 39.483005 ], [ -7.760053, 39.489166 ], [ -7.761763, 39.491755 ], [ -7.767728, 39.500511 ], [ -7.77299, 39.508411 ], [ -7.773575, 39.509271 ], [ -7.779627, 39.518023 ], [ -7.785862, 39.526603 ], [ -7.785981, 39.526761 ], [ -7.792629, 39.535487 ], [ -7.798654, 39.543512 ], [ -7.799196, 39.544217 ], [ -7.806194, 39.552927 ], [ -7.811361, 39.55912 ], [ -7.813667, 39.561618 ], [ -7.821136, 39.570308 ], [ -7.824002, 39.573668 ], [ -7.828899, 39.578986 ], [ -7.836395, 39.587674 ], [ -7.836626, 39.587913 ], [ -7.845145, 39.596309 ], [ -7.849144, 39.600549 ], [ -7.853683, 39.604952 ], [ -7.861678, 39.613349 ], [ -7.861954, 39.613606 ], [ -7.871551, 39.622203 ], [ -7.874107, 39.624593 ], [ -7.881272, 39.630795 ], [ -7.88653, 39.635693 ], [ -7.891078, 39.639382 ], [ -7.898917, 39.646208 ], [ -7.901072, 39.64796 ], [ -7.911143, 39.656534 ], [ -7.911302, 39.656659 ], [ -7.922496, 39.665052 ], [ -7.923605, 39.665893 ], [ -7.934137, 39.673557 ], [ -7.935889, 39.674817 ], [ -7.946233, 39.682042 ], [ -7.948153, 39.683414 ], [ -7.958603, 39.690513 ], [ -7.960398, 39.691704 ], [ -7.971468, 39.698962 ], [ -7.972623, 39.699672 ], [ -7.984767, 39.70739 ], [ -7.984836, 39.707436 ], [ -7.996975, 39.714146 ], [ -7.999763, 39.715744 ], [ -8.009099, 39.720606 ], [ -8.01525, 39.724074 ], [ -8.02125, 39.727396 ], [ -8.030422, 39.732416 ], [ -8.033382, 39.733912 ], [ -8.045487, 39.740016 ], [ -8.046912, 39.740699 ], [ -8.057554, 39.745565 ], [ -8.064617, 39.748925 ], [ -8.069624, 39.751146 ], [ -8.081683, 39.756535 ], [ -8.083069, 39.757117 ], [ -8.093704, 39.761388 ], [ -8.102947, 39.765242 ], [ -8.105734, 39.76635 ], [ -8.117726, 39.770761 ], [ -8.124364, 39.773296 ], [ -8.129729, 39.775316 ], [ -8.141703, 39.779454 ], [ -8.147041, 39.781289 ], [ -8.153666, 39.783421 ], [ -8.165617, 39.787217 ], [ -8.171794, 39.789185 ], [ -8.177564, 39.790933 ], [ -8.18949, 39.794357 ], [ -8.198488, 39.796989 ], [ -8.201418, 39.797791 ], [ -8.213313, 39.800784 ], [ -8.225222, 39.803933 ], [ -8.228175, 39.804651 ], [ -8.237098, 39.806645 ], [ -8.248971, 39.809306 ], [ -8.260756, 39.812174 ], [ -8.260863, 39.812198 ], [ -8.272717, 39.814573 ], [ -8.284585, 39.817133 ], [ -8.295243, 39.8196 ], [ -8.296466, 39.819856 ], [ -8.308305, 39.822006 ], [ -8.320161, 39.824376 ], [ -8.331662, 39.826926 ], [ -8.332037, 39.827 ], [ -8.343862, 39.828947 ], [ -8.355703, 39.831094 ], [ -8.36756, 39.833435 ], [ -8.371204, 39.834096 ], [ -8.379387, 39.835384 ], [ -8.391213, 39.83731 ], [ -8.403039, 39.839225 ], [ -8.413447, 39.841126 ], [ -8.414881, 39.841349 ], [ -8.426677, 39.842867 ], [ -8.438479, 39.844466 ], [ -8.450299, 39.846272 ], [ -8.460352, 39.84792 ], [ -8.462125, 39.848156 ], [ -8.4739, 39.849395 ], [ -8.485693, 39.850844 ], [ -8.497497, 39.852435 ], [ -8.509299, 39.853983 ], [ -8.51305, 39.854419 ], [ -8.521083, 39.855305 ], [ -8.53286, 39.856544 ], [ -8.544632, 39.85771 ], [ -8.5564, 39.858814 ], [ -8.568162, 39.859854 ], [ -8.575192, 39.860438 ], [ -8.57992, 39.860829 ], [ -8.591672, 39.861736 ], [ -8.60342, 39.862583 ], [ -8.615163, 39.86337 ], [ -8.626901, 39.864094 ], [ -8.638634, 39.864753 ], [ -8.650362, 39.865349 ], [ -8.655014, 39.86556 ], [ -8.662085, 39.865879 ], [ -8.673802, 39.866342 ], [ -8.685514, 39.866743 ], [ -8.697222, 39.867082 ], [ -8.708924, 39.867359 ], [ -8.720621, 39.867571 ], [ -8.732312, 39.86772 ], [ -8.743998, 39.867805 ], [ -8.755679, 39.867826 ], [ -8.767355, 39.867784 ], [ -8.779025, 39.867681 ], [ -8.79069, 39.867517 ], [ -8.801375, 39.867306 ], [ -8.80235, 39.867287 ], [ -8.814003, 39.866987 ], [ -8.825651, 39.866625 ], [ -8.83729, 39.866162 ], [ -8.848922, 39.865616 ], [ -8.860549, 39.865009 ], [ -8.872177, 39.864428 ], [ -8.883793, 39.863701 ], [ -8.89541, 39.862996 ], [ -8.907022, 39.862235 ], [ -8.918631, 39.861431 ], [ -8.921144, 39.861233 ], [ -8.930222, 39.860432 ], [ -8.941803, 39.859325 ], [ -8.953376, 39.858122 ], [ -8.964944, 39.856879 ], [ -8.976499, 39.855484 ], [ -8.988047, 39.854017 ], [ -8.999613, 39.852757 ], [ -9.011129, 39.850931 ], [ -9.022665, 39.849348 ], [ -9.034199, 39.847747 ], [ -9.045734, 39.846154 ], [ -9.04909, 39.84561 ], [ -9.057222, 39.844041 ], [ -9.068688, 39.841698 ], [ -9.08016, 39.83942 ], [ -9.09164, 39.837238 ], [ -9.103126, 39.835139 ], [ -9.113489, 39.833225 ], [ -9.114605, 39.832978 ], [ -9.126009, 39.829969 ], [ -9.137444, 39.827327 ], [ -9.14888, 39.824704 ], [ -9.160327, 39.82221 ], [ -9.162713, 39.821613 ], [ -9.171707, 39.818988 ], [ -9.18309, 39.815804 ], [ -9.194492, 39.812852 ], [ -9.204349, 39.810389 ], [ -9.205897, 39.809938 ], [ -9.217235, 39.806292 ], [ -9.228596, 39.802925 ], [ -9.239977, 39.799779 ], [ -9.241135, 39.799412 ], [ -9.251281, 39.795803 ], [ -9.262614, 39.792154 ], [ -9.273968, 39.788751 ], [ -9.274358, 39.788617 ], [ -9.285239, 39.784455 ], [ -9.296544, 39.780547 ], [ -9.304192, 39.777997 ], [ -9.307847, 39.776632 ], [ -9.319103, 39.772222 ], [ -9.330399, 39.768259 ], [ -9.332508, 39.767453 ], [ -9.341629, 39.763594 ], [ -9.352897, 39.759349 ], [ -9.358933, 39.757006 ], [ -9.364136, 39.754815 ], [ -9.375354, 39.750068 ], [ -9.384095, 39.746623 ], [ -9.386591, 39.745551 ], [ -9.397783, 39.740549 ], [ -9.407942, 39.736307 ], [ -9.408999, 39.735836 ], [ -9.420162, 39.730567 ], [ -9.430611, 39.726052 ], [ -9.431361, 39.725705 ], [ -9.442503, 39.720245 ], [ -9.452194, 39.715854 ], [ -9.453676, 39.715139 ], [ -9.464809, 39.70962 ], [ -9.473128, 39.705688 ], [ -9.475951, 39.704213 ], [ -9.487066, 39.698546 ], [ -9.492987, 39.695578 ], [ -9.498177, 39.692855 ], [ -9.509282, 39.687117 ], [ -9.512509, 39.685484 ], [ -9.520371, 39.681228 ], [ -9.531461, 39.67542 ], [ -9.531466, 39.675417 ], [ -9.542518, 39.669184 ], [ -9.549519, 39.665403 ], [ -9.553584, 39.663115 ], [ -9.564634, 39.656894 ], [ -9.56725, 39.655402 ], [ -9.575663, 39.65048 ], [ -9.584439, 39.645429 ], [ -9.586696, 39.644125 ], [ -9.597708, 39.63757 ], [ -9.601215, 39.635477 ], [ -9.608709, 39.630918 ], [ -9.617611, 39.625544 ], [ -9.619706, 39.624253 ], [ -9.630684, 39.617408 ], [ -9.633502, 39.615639 ], [ -9.641645, 39.610414 ], [ -9.648932, 39.605757 ], [ -9.652599, 39.603367 ], [ -9.663543, 39.596241 ], [ -9.664068, 39.595891 ], [ -9.674461, 39.588862 ], [ -9.678716, 39.586051 ], [ -9.685379, 39.581504 ], [ -9.69307, 39.576226 ], [ -9.696279, 39.573997 ], [ -9.707145, 39.566416 ], [ -9.707169, 39.566399 ], [ -9.718039, 39.558626 ], [ -9.720883, 39.556624 ], [ -9.728904, 39.550819 ], [ -9.734348, 39.546846 ], [ -9.739752, 39.542869 ], [ -9.747551, 39.537082 ], [ -9.750588, 39.534814 ], [ -9.760568, 39.527327 ], [ -9.761414, 39.526685 ], [ -9.772225, 39.51843 ], [ -9.773322, 39.517586 ], [ -9.783024, 39.510074 ], [ -9.785859, 39.507857 ], [ -9.79381, 39.501614 ], [ -9.798241, 39.498136 ], [ -9.804588, 39.493094 ], [ -9.810406, 39.488426 ], [ -9.81535, 39.48444 ], [ -9.82237, 39.478726 ], [ -9.826099, 39.47568 ], [ -9.834162, 39.469036 ], [ -9.836836, 39.466824 ], [ -9.845796, 39.459354 ], [ -9.847561, 39.457876 ], [ -9.857275, 39.44968 ], [ -9.858274, 39.448833 ], [ -9.868598, 39.440014 ], [ -9.868975, 39.439691 ], [ -9.879664, 39.430455 ], [ -9.879778, 39.430356 ], [ -9.890343, 39.421149 ], [ -9.890859, 39.420703 ], [ -9.90101, 39.411754 ], [ -9.901796, 39.411057 ], [ -9.911665, 39.402255 ], [ -9.912597, 39.401418 ], [ -9.922307, 39.392663 ], [ -9.923274, 39.391786 ], [ -9.932939, 39.38299 ], [ -9.933857, 39.382159 ], [ -9.943559, 39.373229 ], [ -9.944306, 39.372538 ], [ -9.954165, 39.363365 ], [ -9.954638, 39.362924 ], [ -9.964761, 39.353415 ], [ -9.964866, 39.353316 ], [ -9.975022, 39.34371 ], [ -9.975347, 39.343402 ], [ -9.985101, 39.334109 ], [ -9.985923, 39.333319 ], [ -9.995077, 39.324513 ], [ -9.996487, 39.323145 ], [ -10.004953, 39.314922 ], [ -10.00704, 39.312881 ], [ -10.014745, 39.305336 ], [ -10.017581, 39.302537 ], [ -10.024453, 39.295754 ], [ -10.028111, 39.29211 ], [ -10.034069, 39.286177 ], [ -10.038628, 39.281591 ], [ -10.04359, 39.276605 ], [ -10.049134, 39.270982 ], [ -10.053025, 39.267037 ], [ -10.059628, 39.260284 ], [ -10.062391, 39.257473 ], [ -10.07011, 39.249503 ], [ -10.071653, 39.247915 ], [ -10.080578, 39.238611 ], [ -10.080818, 39.238362 ], [ -10.090018, 39.228806 ], [ -10.091044, 39.22773 ], [ -10.099152, 39.219253 ], [ -10.101499, 39.216771 ], [ -10.108203, 39.209705 ], [ -10.111941, 39.205717 ], [ -10.117191, 39.20016 ], [ -10.122372, 39.194582 ], [ -10.126071, 39.190621 ], [ -10.132787, 39.183322 ], [ -10.134855, 39.181088 ], [ -10.143187, 39.171951 ], [ -10.143547, 39.171559 ], [ -10.152318, 39.162025 ], [ -10.15359, 39.160628 ], [ -10.161041, 39.152494 ], [ -10.163981, 39.14923 ], [ -10.169669, 39.142967 ], [ -10.174358, 39.137717 ], [ -10.178201, 39.133446 ], [ -10.184719, 39.126083 ], [ -10.186638, 39.123931 ], [ -10.194996, 39.11442 ], [ -10.195065, 39.114341 ], [ -10.203493, 39.104899 ], [ -10.205419, 39.102698 ], [ -10.21189, 39.095385 ], [ -10.215756, 39.090928 ], [ -10.220184, 39.085876 ], [ -10.226076, 39.079018 ], [ -10.228372, 39.076373 ], [ -10.236378, 39.066967 ], [ -10.236457, 39.066876 ], [ -10.244714, 39.057368 ], [ -10.246691, 39.055048 ], [ -10.252897, 39.047864 ], [ -10.256988, 39.04301 ], [ -10.26095, 39.038368 ], [ -10.267263, 39.0308 ], [ -10.268888, 39.028878 ], [ -10.276822, 39.019388 ], [ -10.277531, 39.018541 ], [ -10.284857, 39.009892 ], [ -10.2878, 39.006336 ], [ -10.29278, 39.000402 ], [ -10.29805, 38.993971 ], [ -10.300595, 38.990918 ], [ -10.308284, 38.981478 ], [ -10.308315, 38.981439 ], [ -10.316254, 38.971947 ], [ -10.318531, 38.969154 ], [ -10.324055, 38.962463 ], [ -10.328752, 38.956612 ], [ -10.331696, 38.952988 ], [ -10.338942, 38.943796 ], [ -10.33916, 38.943524 ], [ -10.34679, 38.934049 ], [ -10.349135, 38.931045 ], [ -10.354263, 38.924584 ], [ -10.359295, 38.918011 ], [ -10.361538, 38.915131 ], [ -10.368748, 38.905682 ], [ -10.369432, 38.904784 ], [ -10.376067, 38.896225 ], [ -10.379565, 38.891551 ], [ -10.383209, 38.886779 ], [ -10.389655, 38.877951 ], [ -10.390105, 38.877349 ], [ -10.39723, 38.867903 ], [ -10.399751, 38.864434 ], [ -10.404182, 38.858468 ], [ -10.409805, 38.850543 ], [ -10.410888, 38.849049 ], [ -10.417739, 38.83962 ], [ -10.419852, 38.83663 ], [ -10.4245, 38.830196 ], [ -10.429865, 38.822416 ], [ -10.431022, 38.820787 ], [ -10.43767, 38.81137 ], [ -10.439868, 38.808154 ], [ -10.444222, 38.801959 ], [ -10.449828, 38.793506 ], [ -10.450468, 38.792567 ], [ -10.456982, 38.783158 ], [ -10.459789, 38.778909 ], [ -10.463288, 38.773762 ], [ -10.46935, 38.764381 ], [ -10.469698, 38.763849 ], [ -10.475719, 38.75498 ], [ -10.479608, 38.748833 ], [ -10.481726, 38.745602 ], [ -10.487759, 38.736222 ], [ -10.48948, 38.733486 ], [ -10.493807, 38.726841 ], [ -10.499306, 38.717746 ], [ -10.49947, 38.717484 ], [ -10.505537, 38.708102 ], [ -10.509139, 38.702111 ], [ -10.511244, 38.698742 ], [ -10.516966, 38.689381 ], [ -10.518927, 38.686075 ], [ -10.522672, 38.680021 ], [ -10.528082, 38.67068 ], [ -10.528672, 38.669677 ], [ -10.533791, 38.661319 ], [ -10.538394, 38.653097 ], [ -10.539011, 38.65199 ], [ -10.544661, 38.642632 ], [ -10.548098, 38.636381 ], [ -10.54988, 38.633303 ], [ -10.555234, 38.623964 ], [ -10.557759, 38.619303 ], [ -10.560425, 38.614636 ], [ -10.565549, 38.605312 ], [ -10.567381, 38.601888 ], [ -10.5707, 38.595986 ], [ -10.575639, 38.586674 ], [ -10.576965, 38.584151 ], [ -10.580759, 38.57735 ], [ -10.585509, 38.56805 ], [ -10.586511, 38.566099 ], [ -10.590533, 38.558731 ], [ -10.595146, 38.54944 ], [ -10.596017, 38.547707 ], [ -10.600068, 38.540128 ], [ -10.604562, 38.530844 ], [ -10.605484, 38.528987 ], [ -10.609434, 38.521535 ], [ -10.613817, 38.512258 ], [ -10.614913, 38.509946 ], [ -10.618495, 38.502961 ], [ -10.622829, 38.493687 ], [ -10.624294, 38.490494 ], [ -10.627315, 38.484403 ], [ -10.631616, 38.475131 ], [ -10.633624, 38.470602 ], [ -10.635923, 38.465858 ], [ -10.640225, 38.456585 ], [ -10.642897, 38.450214 ], [ -10.644226, 38.447333 ], [ -10.648571, 38.438057 ], [ -10.652099, 38.429195 ], [ -10.652261, 38.428824 ], [ -10.656662, 38.419545 ], [ -10.660379, 38.410311 ], [ -10.661291, 38.408124 ], [ -10.664519, 38.401048 ], [ -10.668322, 38.391808 ], [ -10.670404, 38.386358 ], [ -10.672019, 38.382574 ], [ -10.675971, 38.373324 ], [ -10.679286, 38.364116 ], [ -10.679425, 38.363761 ], [ -10.683299, 38.354861 ], [ -10.68676, 38.345643 ], [ -10.688426, 38.34103 ], [ -10.69032, 38.336418 ], [ -10.693986, 38.327186 ], [ -10.697041, 38.317995 ], [ -10.697311, 38.317246 ], [ -10.700787, 38.308758 ], [ -10.704066, 38.299551 ], [ -10.706149, 38.293058 ], [ -10.707137, 38.290358 ], [ -10.71069, 38.281134 ], [ -10.713702, 38.271945 ], [ -10.714904, 38.268148 ], [ -10.716907, 38.262743 ], [ -10.720188, 38.253536 ], [ -10.72289, 38.244368 ], [ -10.723549, 38.242238 ], [ -10.726105, 38.235165 ], [ -10.72915, 38.225974 ], [ -10.731654, 38.216818 ], [ -10.732088, 38.215381 ], [ -10.734873, 38.207615 ], [ -10.737751, 38.198435 ], [ -10.740106, 38.189289 ], [ -10.74054, 38.187749 ], [ -10.74312, 38.1801 ], [ -10.745893, 38.170927 ], [ -10.748159, 38.161787 ], [ -10.748875, 38.15906 ], [ -10.750905, 38.152615 ], [ -10.753687, 38.143441 ], [ -10.755898, 38.134305 ], [ -10.757075, 38.129154 ], [ -10.758215, 38.125161 ], [ -10.760975, 38.115989 ], [ -10.763211, 38.106851 ], [ -10.765021, 38.097741 ], [ -10.765083, 38.097487 ], [ -10.767765, 38.088569 ], [ -10.770081, 38.079426 ], [ -10.771965, 38.070311 ], [ -10.772999, 38.065004 ], [ -10.773954, 38.06119 ], [ -10.776425, 38.052036 ], [ -10.778434, 38.042913 ], [ -10.780065, 38.033816 ], [ -10.780695, 38.030498 ], [ -10.782106, 38.024691 ], [ -10.784337, 38.015553 ], [ -10.78602, 38.006452 ], [ -10.787446, 37.997368 ], [ -10.788109, 37.993378 ], [ -10.789121, 37.988267 ], [ -10.790908, 37.979159 ], [ -10.792519, 37.970063 ], [ -10.7941, 37.960969 ], [ -10.79532, 37.954397 ], [ -10.795801, 37.951866 ], [ -10.797593, 37.942758 ], [ -10.799393, 37.933649 ], [ -10.8012, 37.92454 ], [ -10.802698, 37.917024 ], [ -10.803018, 37.915429 ], [ -10.804858, 37.906318 ], [ -10.806711, 37.897205 ], [ -10.808588, 37.888091 ], [ -10.810158, 37.880464 ], [ -10.81048, 37.878976 ], [ -10.812586, 37.869847 ], [ -10.814644, 37.860721 ], [ -10.816484, 37.851609 ], [ -10.817719, 37.844902 ], [ -10.818286, 37.8425 ], [ -10.820785, 37.833345 ], [ -10.822819, 37.82422 ], [ -10.824572, 37.815114 ], [ -10.825434, 37.810827 ], [ -10.826712, 37.805983 ], [ -10.829216, 37.796827 ], [ -10.831163, 37.787708 ], [ -10.832257, 37.778646 ], [ -10.832518, 37.770851 ], [ -10.832556, 37.769638 ], [ -10.832804, 37.760633 ], [ -10.834621, 37.751523 ], [ -10.840202, 37.742161 ], [ -10.840489, 37.739275 ], [ -10.840302, 37.733166 ], [ -10.839992, 37.724198 ], [ -10.842293, 37.715056 ], [ -10.847345, 37.705729 ], [ -10.847687, 37.700455 ], [ -10.847398, 37.696737 ], [ -10.847494, 37.687742 ], [ -10.856085, 37.678179 ], [ -10.855985, 37.672035 ], [ -10.855713, 37.669215 ], [ -10.855389, 37.660249 ], [ -10.859018, 37.651017 ], [ -10.864102, 37.64197 ], [ -10.864105, 37.641688 ], [ -10.863751, 37.632724 ], [ -10.865335, 37.623629 ], [ -10.869861, 37.614337 ], [ -10.871563, 37.605748 ], [ -10.871551, 37.605236 ], [ -10.880523, 37.595645 ], [ -10.881371, 37.591703 ], [ -10.881079, 37.58662 ], [ -10.882191, 37.577557 ], [ -10.890173, 37.568216 ], [ -10.890195, 37.568031 ], [ -10.889296, 37.559953 ], [ -10.888591, 37.559151 ], [ -10.877101, 37.551429 ], [ -10.877023, 37.550941 ], [ -10.864896, 37.542787 ], [ -10.864888, 37.542767 ], [ -10.863906, 37.533844 ], [ -10.851804, 37.525703 ], [ -10.851794, 37.525667 ], [ -10.839652, 37.517496 ], [ -10.83965, 37.517491 ], [ -10.838701, 37.508567 ], [ -10.826569, 37.500397 ], [ -10.826566, 37.500388 ], [ -10.825538, 37.491468 ], [ -10.8135, 37.483357 ], [ -10.813487, 37.483283 ], [ -10.801355, 37.475105 ], [ -10.801353, 37.475101 ], [ -10.800405, 37.466176 ], [ -10.78829, 37.458005 ], [ -10.788287, 37.457992 ], [ -10.776159, 37.449809 ], [ -10.776158, 37.449808 ], [ -10.775224, 37.440881 ], [ -10.763104, 37.432699 ], [ -10.763102, 37.432694 ], [ -10.762107, 37.423772 ], [ -10.750061, 37.415634 ], [ -10.750051, 37.415579 ], [ -10.737937, 37.407392 ], [ -10.737925, 37.40739 ], [ -10.736994, 37.398463 ], [ -10.7249, 37.390285 ], [ -10.724792, 37.390277 ], [ -10.713218, 37.386255 ], [ -10.701939, 37.382788 ], [ -10.701593, 37.38278 ], [ -10.690301, 37.38253 ], [ -10.678312, 37.375487 ], [ -10.677804, 37.375378 ], [ -10.667006, 37.375086 ], [ -10.655068, 37.367872 ], [ -10.655003, 37.367866 ], [ -10.643484, 37.365373 ], [ -10.633481, 37.360286 ], [ -10.631583, 37.359121 ], [ -10.619654, 37.352578 ], [ -10.619086, 37.352231 ], [ -10.608969, 37.343897 ], [ -10.607354, 37.342352 ], [ -10.595429, 37.335794 ], [ -10.595413, 37.335784 ], [ -10.583682, 37.327551 ], [ -10.583298, 37.327171 ], [ -10.575454, 37.319092 ], [ -10.570792, 37.31481 ], [ -10.567415, 37.31062 ], [ -10.558446, 37.303994 ], [ -10.556955, 37.302303 ], [ -10.546276, 37.294895 ], [ -10.545435, 37.294053 ], [ -10.541788, 37.285298 ], [ -10.533366, 37.278377 ], [ -10.532525, 37.276901 ], [ -10.527383, 37.268241 ], [ -10.520624, 37.263482 ], [ -10.518668, 37.259808 ], [ -10.514282, 37.251099 ], [ -10.507508, 37.24478 ], [ -10.506515, 37.242605 ], [ -10.502316, 37.233883 ], [ -10.494339, 37.225471 ], [ -10.494303, 37.225404 ], [ -10.492349, 37.216538 ], [ -10.48923, 37.207747 ], [ -10.480605, 37.200397 ], [ -10.480136, 37.199335 ], [ -10.479112, 37.190411 ], [ -10.476605, 37.18158 ], [ -10.471336, 37.172925 ], [ -10.466054, 37.166962 ], [ -10.465396, 37.164311 ], [ -10.464553, 37.155375 ], [ -10.462507, 37.146515 ], [ -10.459871, 37.137692 ], [ -10.453381, 37.129113 ], [ -10.450621, 37.124424 ], [ -10.449985, 37.120338 ], [ -10.449039, 37.111408 ], [ -10.447636, 37.102507 ], [ -10.446334, 37.093599 ], [ -10.4452, 37.084681 ], [ -10.443707, 37.075786 ], [ -10.440221, 37.067016 ], [ -10.434328, 37.058397 ], [ -10.432659, 37.05589 ], [ -10.431678, 37.049575 ], [ -10.430805, 37.04064 ], [ -10.430069, 37.031697 ], [ -10.42927, 37.022757 ], [ -10.42813, 37.013839 ], [ -10.427125, 37.004913 ], [ -10.426258, 36.995977 ], [ -10.425525, 36.987034 ], [ -10.420958, 36.978331 ], [ -10.423737, 36.969167 ], [ -10.422701, 36.960242 ], [ -10.421806, 36.951309 ], [ -10.421032, 36.942367 ], [ -10.420357, 36.93342 ], [ -10.417197, 36.924629 ], [ -10.41867, 36.915547 ], [ -10.417708, 36.906617 ], [ -10.416832, 36.897683 ], [ -10.416019, 36.888744 ], [ -10.415248, 36.879803 ], [ -10.414506, 36.870859 ], [ -10.414423, 36.869117 ], [ -10.414672, 36.861859 ], [ -10.414382, 36.852888 ], [ -10.420426, 36.843519 ], [ -10.42023, 36.834542 ], [ -10.419973, 36.825568 ], [ -10.419676, 36.816597 ], [ -10.41935, 36.807628 ], [ -10.41839, 36.798699 ], [ -10.41748, 36.789766 ], [ -10.416688, 36.780826 ], [ -10.41644, 36.77464 ], [ -10.417549, 36.771783 ], [ -10.423004, 36.762451 ], [ -10.41819, 36.753763 ], [ -10.423759, 36.744424 ], [ -10.423147, 36.735473 ], [ -10.422586, 36.726519 ], [ -10.422058, 36.717563 ], [ -10.422071, 36.717406 ], [ -10.428961, 36.70814 ], [ -10.429963, 36.699088 ], [ -10.429717, 36.690114 ], [ -10.429348, 36.681148 ], [ -10.428809, 36.672192 ], [ -10.428846, 36.672012 ], [ -10.437148, 36.662679 ], [ -10.437199, 36.653687 ], [ -10.436888, 36.644717 ], [ -10.437009, 36.641023 ], [ -10.439913, 36.635538 ], [ -10.439933, 36.626547 ], [ -10.445205, 36.617227 ], [ -10.445009, 36.608391 ], [ -10.445054, 36.608247 ], [ -10.45346, 36.598729 ], [ -10.453997, 36.589706 ], [ -10.45421, 36.588232 ], [ -10.45943, 36.580375 ], [ -10.462574, 36.571188 ], [ -10.462743, 36.562188 ], [ -10.462821, 36.562021 ], [ -10.471845, 36.552626 ], [ -10.471838, 36.543637 ], [ -10.472134, 36.543097 ], [ -10.481231, 36.534056 ], [ -10.482036, 36.5303 ], [ -10.483205, 36.524943 ], [ -10.490869, 36.51547 ], [ -10.491613, 36.514189 ], [ -10.49976, 36.505919 ], [ -10.501531, 36.501623 ], [ -10.503102, 36.496719 ], [ -10.510749, 36.487247 ], [ -10.511217, 36.486693 ], [ -10.521064, 36.477604 ], [ -10.521429, 36.477216 ], [ -10.530795, 36.467998 ], [ -10.531585, 36.467186 ], [ -10.541706, 36.458317 ], [ -10.541839, 36.45819 ], [ -10.552211, 36.450431 ], [ -10.553581, 36.448573 ], [ -10.562396, 36.440773 ], [ -10.565384, 36.438833 ], [ -10.572531, 36.430625 ], [ -10.583484, 36.428878 ], [ -10.584464, 36.428627 ], [ -10.593636, 36.419052 ], [ -10.592767, 36.41012 ], [ -10.592771, 36.410112 ], [ -10.60294, 36.400481 ], [ -10.60207, 36.391548 ], [ -10.601197, 36.382616 ], [ -10.601198, 36.382608 ], [ -10.611361, 36.372977 ], [ -10.610494, 36.364045 ], [ -10.60962, 36.355113 ], [ -10.609619, 36.355088 ], [ -10.61976, 36.345475 ], [ -10.618912, 36.336541 ], [ -10.618039, 36.327609 ], [ -10.617927, 36.326452 ], [ -10.626775, 36.318061 ], [ -10.627326, 36.309038 ], [ -10.626453, 36.300106 ], [ -10.625579, 36.291174 ], [ -10.625579, 36.29117 ], [ -10.635734, 36.281535 ], [ -10.634863, 36.272603 ], [ -10.633989, 36.263671 ], [ -10.633988, 36.263662 ], [ -10.644133, 36.254032 ], [ -10.643268, 36.2451 ], [ -10.642394, 36.236168 ], [ -10.64239, 36.236119 ], [ -10.652484, 36.226532 ], [ -10.651669, 36.217597 ], [ -10.650795, 36.208665 ], [ -10.649921, 36.199734 ], [ -10.649921, 36.199732 ], [ -10.660064, 36.190094 ], [ -10.659192, 36.181163 ], [ -10.658317, 36.172231 ], [ -10.658317, 36.172227 ], [ -10.668455, 36.162591 ], [ -10.667584, 36.15366 ], [ -10.66671, 36.144729 ], [ -10.666709, 36.144716 ], [ -10.676832, 36.135089 ], [ -10.675972, 36.126157 ], [ -10.675098, 36.117226 ], [ -10.675048, 36.116709 ], [ -10.684594, 36.107627 ], [ -10.684355, 36.098655 ], [ -10.683482, 36.089724 ], [ -10.682607, 36.080793 ], [ -10.682608, 36.080791 ], [ -10.692734, 36.071153 ], [ -10.691861, 36.062222 ], [ -10.690987, 36.053291 ], [ -10.690987, 36.053286 ], [ -10.701105, 36.04365 ], [ -10.700236, 36.03472 ], [ -10.699362, 36.025789 ], [ -10.69936, 36.02576 ], [ -10.709447, 36.01615 ], [ -10.708607, 36.007218 ], [ -10.707732, 35.998287 ], [ -10.706859, 35.989357 ], [ -10.706859, 35.989355 ], [ -10.716973, 35.979716 ], [ -10.716099, 35.970785 ], [ -10.715225, 35.961855 ], [ -10.715226, 35.961852 ], [ -10.725334, 35.952214 ], [ -10.72446, 35.943284 ], [ -10.723587, 35.934354 ], [ -10.723588, 35.934345 ], [ -10.733686, 35.924713 ], [ -10.732817, 35.915782 ], [ -10.731944, 35.906852 ], [ -10.731921, 35.906585 ], [ -10.741722, 35.897232 ], [ -10.741163, 35.888281 ], [ -10.740292, 35.879351 ], [ -10.739417, 35.870421 ], [ -10.736834, 35.861602 ], [ -10.726718, 35.853358 ], [ -10.726611, 35.853278 ], [ -10.723386, 35.844499 ], [ -10.719782, 35.835746 ], [ -10.713199, 35.827913 ], [ -10.71286, 35.827206 ], [ -10.705522, 35.818693 ], [ -10.700442, 35.810217 ], [ -10.700337, 35.810041 ], [ -10.694179, 35.801451 ], [ -10.687868, 35.79287 ], [ -10.6877, 35.792609 ], [ -10.682946, 35.784199 ], [ -10.67738, 35.77557 ], [ -10.67461, 35.771326 ], [ -10.672073, 35.766924 ], [ -10.66705, 35.758259 ], [ -10.66155, 35.750282 ], [ -10.661167, 35.74965 ], [ -10.65657, 35.740957 ], [ -10.651167, 35.732316 ], [ -10.648372, 35.727916 ], [ -10.646024, 35.723658 ], [ -10.640988, 35.714992 ], [ -10.635442, 35.706359 ], [ -10.635247, 35.706027 ], [ -10.631042, 35.697653 ], [ -10.625985, 35.688988 ], [ -10.621995, 35.68272 ], [ -10.620686, 35.680339 ], [ -10.616218, 35.671636 ], [ -10.610978, 35.662982 ], [ -10.608738, 35.659254 ], [ -10.606207, 35.654298 ], [ -10.601608, 35.645603 ], [ -10.596112, 35.636965 ], [ -10.595498, 35.635879 ], [ -10.591832, 35.628249 ], [ -10.587109, 35.619561 ], [ -10.582199, 35.611793 ], [ -10.581725, 35.610914 ], [ -10.577618, 35.602187 ], [ -10.572777, 35.593506 ], [ -10.56885, 35.587079 ], [ -10.567689, 35.58484 ], [ -10.563525, 35.576115 ], [ -10.558608, 35.567438 ], [ -10.555491, 35.562147 ], [ -10.553795, 35.558754 ], [ -10.549585, 35.550032 ], [ -10.544626, 35.541357 ], [ -10.54212, 35.536995 ], [ -10.540027, 35.532658 ], [ -10.535805, 35.523936 ], [ -10.530788, 35.515264 ], [ -10.528738, 35.511614 ], [ -10.52635, 35.506555 ], [ -10.522126, 35.497832 ], [ -10.517098, 35.48916 ], [ -10.515341, 35.485965 ], [ -10.512799, 35.480442 ], [ -10.508578, 35.471718 ], [ -10.503569, 35.463044 ], [ -10.501927, 35.46003 ], [ -10.499321, 35.454322 ], [ -10.495144, 35.445595 ], [ -10.490183, 35.436917 ], [ -10.488495, 35.433797 ], [ -10.485955, 35.428193 ], [ -10.48182, 35.419463 ], [ -10.476912, 35.410781 ], [ -10.475053, 35.407343 ], [ -10.472664, 35.402057 ], [ -10.468579, 35.393323 ], [ -10.463773, 35.384634 ], [ -10.461597, 35.380619 ], [ -10.459456, 35.375915 ], [ -10.455451, 35.367175 ], [ -10.450747, 35.358479 ], [ -10.448132, 35.353689 ], [ -10.446332, 35.349765 ], [ -10.442405, 35.34102 ], [ -10.437578, 35.332331 ], [ -10.434665, 35.32661 ], [ -10.433282, 35.323609 ], [ -10.429491, 35.314855 ], [ -10.425115, 35.306137 ], [ -10.421151, 35.298911 ], [ -10.420465, 35.297436 ], [ -10.416781, 35.288675 ], [ -10.412486, 35.279952 ], [ -10.407678, 35.271548 ], [ -10.407542, 35.271269 ], [ -10.403805, 35.26251 ], [ -10.399389, 35.253794 ], [ -10.394323, 35.245348 ], [ -10.394208, 35.245124 ], [ -10.390309, 35.236376 ], [ -10.385687, 35.227671 ], [ -10.381047, 35.219911 ], [ -10.380578, 35.218996 ], [ -10.376465, 35.21026 ], [ -10.371566, 35.201572 ], [ -10.367866, 35.195403 ], [ -10.366577, 35.192889 ], [ -10.362199, 35.184168 ], [ -10.356937, 35.175501 ], [ -10.354783, 35.17188 ], [ -10.352178, 35.166803 ], [ -10.347428, 35.158105 ], [ -10.34181, 35.149473 ], [ -10.341802, 35.149459 ], [ -10.337414, 35.140738 ], [ -10.332139, 35.132071 ], [ -10.32882, 35.1268 ], [ -10.326962, 35.123397 ], [ -10.322085, 35.114705 ], [ -10.316164, 35.106076 ], [ -10.315989, 35.105789 ], [ -10.311525, 35.097369 ], [ -10.305949, 35.088718 ], [ -10.303132, 35.084404 ], [ -10.300582, 35.080054 ], [ -10.295233, 35.071389 ], [ -10.290385, 35.064165 ], [ -10.289501, 35.062747 ], [ -10.284184, 35.054079 ], [ -10.278376, 35.045441 ], [ -10.277686, 35.044393 ], [ -10.272895, 35.036783 ], [ -10.267164, 35.028139 ], [ -10.265022, 35.024928 ], [ -10.261442, 35.019495 ], [ -10.255711, 35.010851 ], [ -10.252405, 35.005906 ], [ -10.249932, 35.002209 ], [ -10.244108, 34.99357 ], [ -10.239829, 34.987281 ], [ -10.23823, 34.984933 ], [ -10.232305, 34.976299 ], [ -10.227295, 34.969066 ], [ -10.226327, 34.967668 ], [ -10.220302, 34.959039 ], [ -10.214803, 34.951242 ], [ -10.214218, 34.950413 ], [ -10.208119, 34.941788 ], [ -10.202346, 34.933761 ], [ -10.201926, 34.933168 ], [ -10.195845, 34.924541 ], [ -10.189922, 34.916584 ], [ -10.189454, 34.915932 ], [ -10.183374, 34.907304 ], [ -10.17753, 34.899702 ], [ -10.176807, 34.898705 ], [ -10.170693, 34.890079 ], [ -10.165169, 34.883106 ], [ -10.163985, 34.881487 ], [ -10.157778, 34.872865 ], [ -10.152837, 34.866787 ], [ -10.150966, 34.864278 ], [ -10.144455, 34.855674 ], [ -10.140543, 34.850845 ], [ -10.137745, 34.84708 ], [ -10.130864, 34.838496 ], [ -10.128291, 34.835319 ], [ -10.124273, 34.829895 ], [ -10.11696, 34.821335 ], [ -10.116083, 34.820252 ], [ -10.110528, 34.812724 ], [ -10.103874, 34.805112 ], [ -10.103106, 34.80417 ], [ -10.096432, 34.795571 ], [ -10.091677, 34.790055 ], [ -10.089232, 34.787003 ], [ -10.082011, 34.778436 ], [ -10.079531, 34.775529 ], [ -10.075044, 34.769853 ], [ -10.067426, 34.761436 ], [ -10.067323, 34.761314 ], [ -10.060467, 34.752724 ], [ -10.055294, 34.746968 ], [ -10.052959, 34.744171 ], [ -10.045443, 34.735618 ], [ -10.043221, 34.733139 ], [ -10.038172, 34.727051 ], [ -10.031171, 34.719525 ], [ -10.030289, 34.718518 ], [ -10.022936, 34.709954 ], [ -10.019114, 34.705788 ], [ -10.015339, 34.701404 ], [ -10.007182, 34.692885 ], [ -10.007128, 34.692825 ], [ -9.999835, 34.684319 ], [ -9.9951, 34.679321 ], [ -9.991956, 34.675783 ], [ -9.983663, 34.66727 ], [ -9.983152, 34.666724 ], [ -9.976131, 34.658713 ], [ -9.971164, 34.653595 ], [ -9.968034, 34.650188 ], [ -9.95957, 34.641683 ], [ -9.959254, 34.641351 ], [ -9.951842, 34.633136 ], [ -9.947299, 34.628527 ], [ -9.943642, 34.624614 ], [ -9.935418, 34.61653 ], [ -9.935018, 34.616117 ], [ -9.926954, 34.607586 ], [ -9.923508, 34.604155 ], [ -9.91867, 34.599068 ], [ -9.911646, 34.592295 ], [ -9.909949, 34.590574 ], [ -9.901357, 34.582071 ], [ -9.899794, 34.580527 ], [ -9.893041, 34.573553 ], [ -9.887937, 34.568642 ], [ -9.884361, 34.565054 ], [ -9.876129, 34.557321 ], [ -9.875364, 34.556572 ], [ -9.866673, 34.548073 ], [ -9.864311, 34.545825 ], [ -9.858028, 34.53957 ], [ -9.852505, 34.534437 ], [ -9.849049, 34.531085 ], [ -9.840742, 34.523523 ], [ -9.839782, 34.522615 ], [ -9.830781, 34.51413 ], [ -9.828968, 34.512448 ], [ -9.82188, 34.505638 ], [ -9.817199, 34.50138 ], [ -9.812715, 34.497161 ], [ -9.805462, 34.490679 ], [ -9.803313, 34.488696 ], [ -9.793755, 34.480298 ], [ -9.793694, 34.480242 ], [ -9.784523, 34.471762 ], [ -9.782021, 34.469541 ], [ -9.775217, 34.463289 ], [ -9.770308, 34.459016 ], [ -9.765655, 34.454829 ], [ -9.758619, 34.448743 ], [ -9.755946, 34.446377 ], [ -9.746952, 34.438702 ], [ -9.74607, 34.437933 ], [ -9.736217, 34.429487 ], [ -9.73529, 34.428689 ], [ -9.726612, 34.421026 ], [ -9.723616, 34.418482 ], [ -9.716824, 34.412574 ], [ -9.711962, 34.408503 ], [ -9.706866, 34.404131 ], [ -9.700328, 34.398727 ], [ -9.696745, 34.395696 ], [ -9.688709, 34.389105 ], [ -9.686502, 34.387266 ], [ -9.677104, 34.37962 ], [ -9.67616, 34.378841 ], [ -9.665741, 34.370419 ], [ -9.665509, 34.37023 ], [ -9.655497, 34.361987 ], [ -9.653905, 34.360701 ], [ -9.645194, 34.353557 ], [ -9.642311, 34.351253 ], [ -9.634764, 34.345132 ], [ -9.630731, 34.341943 ], [ -9.624214, 34.336714 ], [ -9.619163, 34.33276 ], [ -9.613546, 34.3283 ], [ -9.607605, 34.323665 ], [ -9.60279, 34.319891 ], [ -9.596058, 34.314683 ], [ -9.59194, 34.311485 ], [ -9.584521, 34.305797 ], [ -9.580998, 34.303083 ], [ -9.572994, 34.296996 ], [ -9.569968, 34.294685 ], [ -9.561475, 34.288277 ], [ -9.558852, 34.28629 ], [ -9.549966, 34.27964 ], [ -9.547649, 34.277898 ], [ -9.538473, 34.27119 ], [ -9.536232, 34.269517 ], [ -9.526969, 34.262557 ], [ -9.525023, 34.261124 ], [ -9.515481, 34.254107 ], [ -9.513612, 34.25274 ], [ -9.504001, 34.245727 ], [ -9.502117, 34.24436 ], [ -9.492528, 34.237416 ], [ -9.490538, 34.235983 ], [ -9.481063, 34.229173 ], [ -9.478875, 34.227609 ], [ -9.469606, 34.220997 ], [ -9.467127, 34.219238 ], [ -9.458156, 34.212886 ], [ -9.455291, 34.21087 ], [ -9.446712, 34.204824 ], [ -9.443375, 34.202506 ], [ -9.435275, 34.196836 ], [ -9.431368, 34.194145 ], [ -9.423847, 34.188926 ], [ -9.419252, 34.185788 ], [ -9.412427, 34.181089 ], [ -9.407032, 34.177435 ], [ -9.401014, 34.173326 ], [ -9.394706, 34.169087 ], [ -9.389609, 34.165632 ], [ -9.382278, 34.160742 ], [ -9.378211, 34.158004 ], [ -9.369754, 34.152402 ], [ -9.366821, 34.150446 ], [ -9.357097, 34.144066 ], [ -9.355437, 34.142959 ], [ -9.344341, 34.135734 ], [ -9.344062, 34.13555 ], [ -9.332675, 34.127952 ], [ -9.331814, 34.127389 ], [ -9.321292, 34.120397 ], [ -9.31921, 34.119047 ], [ -9.309919, 34.112925 ], [ -9.306473, 34.110709 ], [ -9.298553, 34.105537 ], [ -9.293591, 34.102378 ], [ -9.287196, 34.098242 ], [ -9.280553, 34.094053 ], [ -9.275848, 34.091038 ], [ -9.267306, 34.085738 ], [ -9.264512, 34.083959 ], [ -9.253859, 34.077431 ], [ -9.253186, 34.077007 ], [ -9.241844, 34.069804 ], [ -9.24072, 34.069106 ], [ -9.230506, 34.06262 ], [ -9.227511, 34.060784 ], [ -9.219177, 34.055551 ], [ -9.21409, 34.052471 ], [ -9.20786, 34.048609 ], [ -9.200425, 34.044168 ], [ -9.196555, 34.041806 ], [ -9.186444, 34.03588 ], [ -9.185264, 34.035165 ], [ -9.173959, 34.02832 ], [ -9.172711, 34.027578 ], [ -9.162652, 34.021413 ], [ -9.158996, 34.019272 ], [ -9.151358, 34.01466 ], [ -9.144968, 34.010981 ], [ -9.140078, 34.008076 ], [ -9.130569, 34.002707 ], [ -9.128813, 34.001682 ], [ -9.117541, 33.995157 ], [ -9.116267, 33.994426 ], [ -9.106261, 33.988509 ], [ -9.102043, 33.986139 ], [ -9.094996, 33.98203 ], [ -9.087436, 33.977869 ], [ -9.083747, 33.975759 ], [ -9.072511, 33.969642 ], [ -9.072463, 33.969616 ], [ -9.061247, 33.963125 ], [ -9.057978, 33.961336 ], [ -9.05, 33.95681 ], [ -9.043015, 33.953078 ], [ -9.038771, 33.950726 ], [ -9.027561, 33.944879 ], [ -9.027499, 33.944846 ], [ -9.016317, 33.938543 ], [ -9.012596, 33.936581 ], [ -9.005092, 33.93245 ], [ -8.997083, 33.928343 ], [ -8.993888, 33.92663 ], [ -8.982683, 33.920781 ], [ -8.981398, 33.920113 ], [ -8.971466, 33.914723 ], [ -8.965826, 33.911874 ], [ -8.960269, 33.908941 ], [ -8.949477, 33.903671 ], [ -8.949096, 33.903477 ], [ -8.93789, 33.897526 ], [ -8.933667, 33.895439 ], [ -8.926703, 33.891822 ], [ -8.917088, 33.887243 ], [ -8.915542, 33.886467 ], [ -8.904357, 33.880752 ], [ -8.900787, 33.87903 ], [ -8.893184, 33.875178 ], [ -8.88383, 33.870846 ], [ -8.882037, 33.869972 ], [ -8.87087, 33.864449 ], [ -8.867036, 33.862653 ], [ -8.859715, 33.85908 ], [ -8.849486, 33.854492 ], [ -8.848585, 33.854065 ], [ -8.837427, 33.848614 ], [ -8.832323, 33.846311 ], [ -8.826289, 33.843442 ], [ -8.81517, 33.838516 ], [ -8.814392, 33.838163 ], [ -8.804027, 33.833225 ], [ -8.796576, 33.830007 ], [ -8.792912, 33.828341 ], [ -8.781795, 33.823398 ], [ -8.778277, 33.821871 ], [ -8.770676, 33.8184 ], [ -8.759585, 33.813812 ], [ -8.759456, 33.813757 ], [ -8.748465, 33.808756 ], [ -8.740794, 33.805632 ], [ -8.737376, 33.804157 ], [ -8.726277, 33.799397 ], [ -8.721663, 33.797525 ], [ -8.715187, 33.794748 ], [ -8.704113, 33.790314 ], [ -8.701951, 33.789443 ], [ -8.693024, 33.78565 ], [ -8.681967, 33.781442 ], [ -8.681802, 33.781377 ], [ -8.670881, 33.776779 ], [ -8.661525, 33.773313 ], [ -8.65983, 33.772645 ], [ -8.648757, 33.768139 ], [ -8.640863, 33.765264 ], [ -8.637711, 33.764044 ], [ -8.626653, 33.759744 ], [ -8.619624, 33.757237 ], [ -8.615616, 33.755742 ], [ -8.60457, 33.7516 ], [ -8.597794, 33.749233 ], [ -8.593539, 33.747658 ], [ -8.582502, 33.743616 ], [ -8.575506, 33.741246 ], [ -8.571481, 33.739801 ], [ -8.560452, 33.735856 ], [ -8.552596, 33.733283 ], [ -8.549442, 33.732189 ], [ -8.538423, 33.728365 ], [ -8.528911, 33.725349 ], [ -8.527425, 33.724851 ], [ -8.516409, 33.72105 ], [ -8.505421, 33.717663 ], [ -8.504701, 33.717435 ], [ -8.494414, 33.713985 ], [ -8.48343, 33.710628 ], [ -8.479836, 33.709544 ], [ -8.47244, 33.707183 ], [ -8.46146, 33.703872 ], [ -8.453849, 33.701698 ], [ -8.450488, 33.700681 ], [ -8.439508, 33.697344 ], [ -8.428548, 33.694321 ], [ -8.426987, 33.693885 ], [ -8.417577, 33.691099 ], [ -8.406618, 33.688065 ], [ -8.399095, 33.68611 ], [ -8.395668, 33.685167 ], [ -8.384711, 33.682136 ], [ -8.373771, 33.679368 ], [ -8.369861, 33.678388 ], [ -8.362826, 33.676522 ], [ -8.351885, 33.673715 ], [ -8.340959, 33.67114 ], [ -8.339194, 33.67072 ], [ -8.330024, 33.668413 ], [ -8.319097, 33.665811 ], [ -8.308185, 33.663432 ], [ -8.306779, 33.663119 ], [ -8.297263, 33.660888 ], [ -8.286349, 33.658465 ], [ -8.275446, 33.656216 ], [ -8.272408, 33.655594 ], [ -8.264539, 33.653894 ], [ -8.253636, 33.651616 ], [ -8.242743, 33.649509 ], [ -8.235473, 33.648167 ], [ -8.231855, 33.647462 ], [ -8.220963, 33.645347 ], [ -8.210079, 33.643368 ], [ -8.199204, 33.64152 ], [ -8.195272, 33.640866 ], [ -8.188328, 33.639649 ], [ -8.177453, 33.637783 ], [ -8.166586, 33.636052 ], [ -8.155727, 33.634447 ], [ -8.150744, 33.633733 ], [ -8.144868, 33.632847 ], [ -8.134013, 33.631284 ], [ -8.123164, 33.629841 ], [ -8.112322, 33.628494 ], [ -8.101484, 33.627215 ], [ -8.098789, 33.62689 ], [ -8.090641, 33.62585 ], [ -8.079796, 33.624451 ], [ -8.068953, 33.623077 ], [ -8.058112, 33.621721 ], [ -8.047273, 33.620404 ], [ -8.044877, 33.620105 ], [ -8.036429, 33.618996 ], [ -8.025585, 33.617589 ], [ -8.014744, 33.616222 ], [ -8.003906, 33.614895 ], [ -7.99307, 33.613613 ], [ -7.990598, 33.61331 ], [ -7.98223, 33.612242 ], [ -7.971389, 33.610871 ], [ -7.960551, 33.609534 ], [ -7.949716, 33.608232 ], [ -7.938882, 33.606963 ], [ -7.935253, 33.606534 ], [ -7.928046, 33.605646 ], [ -7.917209, 33.604299 ], [ -7.906372, 33.602954 ], [ -7.895536, 33.601627 ], [ -7.884704, 33.600361 ], [ -7.8792, 33.59976 ], [ -7.873876, 33.599167 ], [ -7.863174, 33.600206 ], [ -7.852395, 33.599872 ], [ -7.841577, 33.598849 ], [ -7.830711, 33.596965 ], [ -7.819736, 33.593106 ], [ -7.819329, 33.593109 ], [ -7.808993, 33.593407 ], [ -7.798256, 33.593822 ], [ -7.787506, 33.594016 ], [ -7.776741, 33.593914 ], [ -7.765906, 33.592563 ], [ -7.754987, 33.5866 ], [ -7.754817, 33.58659 ], [ -7.744077, 33.586945 ], [ -7.733326, 33.587095 ], [ -7.722559, 33.586968 ], [ -7.711764, 33.586318 ], [ -7.700892, 33.584247 ], [ -7.689935, 33.580604 ], [ -7.682987, 33.580348 ], [ -7.679168, 33.58047 ], [ -7.668422, 33.580703 ], [ -7.657669, 33.580827 ], [ -7.646914, 33.580902 ], [ -7.636103, 33.579939 ], [ -7.625016, 33.573529 ], [ -7.625001, 33.573528 ], [ -7.614259, 33.573844 ], [ -7.603522, 33.574254 ], [ -7.592777, 33.574502 ], [ -7.582023, 33.574596 ], [ -7.57126, 33.574523 ], [ -7.56048, 33.574122 ], [ -7.549523, 33.570366 ], [ -7.542554, 33.567585 ], [ -7.538608, 33.567386 ], [ -7.527817, 33.566766 ], [ -7.517029, 33.566187 ], [ -7.506246, 33.565718 ], [ -7.495468, 33.565334 ], [ -7.484697, 33.565088 ], [ -7.473925, 33.564831 ], [ -7.463159, 33.564692 ], [ -7.452405, 33.564761 ], [ -7.441651, 33.564851 ], [ -7.430908, 33.565158 ], [ -7.420171, 33.565584 ], [ -7.409455, 33.566436 ], [ -7.398768, 33.567843 ], [ -7.388127, 33.570175 ], [ -7.377506, 33.572915 ], [ -7.375614, 33.573611 ], [ -7.367044, 33.578825 ], [ -7.356499, 33.583104 ], [ -7.356193, 33.583303 ], [ -7.346201, 33.592332 ], [ -7.3458, 33.592675 ], [ -7.335916, 33.601866 ], [ -7.335774, 33.602033 ], [ -7.32751, 33.611328 ], [ -7.325797, 33.614748 ], [ -7.32374, 33.620466 ], [ -7.315772, 33.629576 ], [ -7.31568, 33.629753 ], [ -7.312498, 33.63887 ], [ -7.305926, 33.648046 ], [ -7.305633, 33.648116 ], [ -7.306133, 33.657104 ], [ -7.298613, 33.666372 ], [ -7.296814, 33.67544 ], [ -7.296982, 33.68444 ], [ -7.296991, 33.684887 ], [ -7.295978, 33.693481 ], [ -7.293003, 33.70259 ], [ -7.290041, 33.711699 ], [ -7.289154, 33.720736 ], [ -7.288941, 33.729749 ], [ -7.289008, 33.738752 ], [ -7.28939, 33.747744 ], [ -7.289797, 33.756736 ], [ -7.289801, 33.756843 ], [ -7.290103, 33.765731 ], [ -7.290204, 33.774733 ], [ -7.290261, 33.783737 ], [ -7.290622, 33.79273 ], [ -7.29066, 33.801734 ], [ -7.290995, 33.810728 ], [ -7.29101, 33.819733 ], [ -7.291017, 33.828739 ], [ -7.290229, 33.837772 ], [ -7.28861, 33.846834 ], [ -7.288584, 33.855841 ], [ -7.28692, 33.864904 ], [ -7.285988, 33.873942 ], [ -7.285401, 33.882968 ], [ -7.285408, 33.884821 ], [ -7.285671, 33.891965 ], [ -7.285551, 33.900974 ], [ -7.278555, 33.910224 ], [ -7.278647, 33.919226 ], [ -7.276455, 33.92176 ], [ -7.273846, 33.928399 ], [ -7.268769, 33.937581 ], [ -7.267192, 33.946641 ], [ -7.266933, 33.947429 ], [ -7.261154, 33.955857 ], [ -7.257526, 33.964988 ], [ -7.257041, 33.965783 ], [ -7.249443, 33.974274 ], [ -7.246822, 33.977648 ], [ -7.242313, 33.983526 ], [ -7.236522, 33.987941 ], [ -7.229674, 33.992968 ], [ -7.226051, 33.994856 ], [ -7.215442, 33.998992 ], [ -7.204796, 34.002414 ], [ -7.199221, 34.003019 ], [ -7.194032, 34.003441 ], [ -7.18323, 34.003715 ], [ -7.181993, 34.003607 ], [ -7.172284, 34.001057 ], [ -7.161318, 33.997966 ], [ -7.150415, 33.996158 ], [ -7.139602, 33.996196 ], [ -7.139035, 33.996056 ], [ -7.12844, 33.989015 ], [ -7.117582, 33.988102 ], [ -7.115283, 33.987848 ], [ -7.10665, 33.985655 ], [ -7.095567, 33.980046 ], [ -7.084751, 33.979992 ], [ -7.084376, 33.979873 ], [ -7.073724, 33.975498 ], [ -7.062729, 33.97168 ], [ -7.062429, 33.971594 ], [ -7.051554, 33.964039 ], [ -7.040713, 33.96339 ], [ -7.040429, 33.963313 ], [ -7.029542, 33.955777 ], [ -7.018703, 33.955169 ], [ -7.01823, 33.955034 ], [ -7.007524, 33.947316 ], [ -6.99669, 33.946764 ], [ -6.996586, 33.946733 ], [ -6.985517, 33.938979 ], [ -6.974689, 33.938551 ], [ -6.974381, 33.938446 ], [ -6.963498, 33.930306 ], [ -6.952684, 33.930166 ], [ -6.952618, 33.930141 ], [ -6.941498, 33.921948 ], [ -6.931391, 33.921814 ], [ -6.930675, 33.921575 ], [ -6.919493, 33.913402 ], [ -6.918232, 33.913227 ], [ -6.908405, 33.907218 ], [ -6.897502, 33.905052 ], [ -6.896891, 33.904898 ], [ -6.886353, 33.897456 ], [ -6.875513, 33.896652 ], [ -6.875281, 33.896573 ], [ -6.864338, 33.888426 ], [ -6.85353, 33.888301 ], [ -6.853412, 33.888253 ], [ -6.842352, 33.879928 ], [ -6.839985, 33.879665 ], [ -6.831299, 33.874314 ], [ -6.820367, 33.871382 ], [ -6.819984, 33.87128 ], [ -6.809289, 33.865138 ], [ -6.798403, 33.863198 ], [ -6.797797, 33.862959 ], [ -6.787286, 33.856015 ], [ -6.777528, 33.854575 ], [ -6.776387, 33.853736 ], [ -6.765257, 33.846178 ], [ -6.764335, 33.845972 ], [ -6.754383, 33.844441 ], [ -6.743371, 33.839515 ], [ -6.739284, 33.837727 ], [ -6.732349, 33.834339 ], [ -6.721349, 33.829657 ], [ -6.720555, 33.829286 ], [ -6.710312, 33.824078 ], [ -6.702859, 33.820812 ], [ -6.69931, 33.819259 ], [ -6.688291, 33.814043 ], [ -6.684574, 33.812352 ], [ -6.677273, 33.8088 ], [ -6.666274, 33.803997 ], [ -6.666059, 33.803896 ], [ -6.655247, 33.798485 ], [ -6.64842, 33.795411 ], [ -6.644239, 33.793395 ], [ -6.63323, 33.788254 ], [ -6.630387, 33.786936 ], [ -6.622213, 33.782887 ], [ -6.612296, 33.778459 ], [ -6.611215, 33.777942 ], [ -6.600196, 33.772471 ], [ -6.594766, 33.769963 ], [ -6.589188, 33.767218 ], [ -6.578189, 33.762152 ], [ -6.576771, 33.761478 ], [ -6.567172, 33.756621 ], [ -6.55916, 33.752979 ], [ -6.556174, 33.751516 ], [ -6.545165, 33.746129 ], [ -6.541703, 33.744472 ], [ -6.534155, 33.74066 ], [ -6.523982, 33.735971 ], [ -6.523161, 33.735571 ], [ -6.51215, 33.730023 ], [ -6.506626, 33.727457 ], [ -6.501153, 33.72477 ], [ -6.490165, 33.719738 ], [ -6.488488, 33.718962 ], [ -6.479166, 33.714387 ], [ -6.470252, 33.710468 ], [ -6.468188, 33.709503 ], [ -6.457197, 33.704285 ], [ -6.451974, 33.701971 ], [ -6.446215, 33.699275 ], [ -6.435242, 33.694429 ], [ -6.433082, 33.693489 ], [ -6.424258, 33.689302 ], [ -6.41398, 33.68501 ], [ -6.413297, 33.684705 ], [ -6.402316, 33.679564 ], [ -6.395025, 33.676523 ], [ -6.391354, 33.674887 ], [ -6.380387, 33.670051 ], [ -6.375589, 33.668047 ], [ -6.369424, 33.665305 ], [ -6.35847, 33.660729 ], [ -6.35577, 33.659577 ], [ -6.347506, 33.655869 ], [ -6.336563, 33.651543 ], [ -6.335527, 33.651116 ], [ -6.325602, 33.646704 ], [ -6.314936, 33.642661 ], [ -6.314668, 33.642551 ], [ -6.30371, 33.637728 ], [ -6.29427, 33.634204 ], [ -6.292779, 33.633595 ], [ -6.28183, 33.628965 ], [ -6.273183, 33.625755 ], [ -6.270902, 33.624839 ], [ -6.25996, 33.620326 ], [ -6.251693, 33.617312 ], [ -6.249036, 33.616265 ], [ -6.2381, 33.61186 ], [ -6.229756, 33.608878 ], [ -6.227182, 33.607886 ], [ -6.216252, 33.603576 ], [ -6.207271, 33.600453 ], [ -6.20534, 33.599725 ], [ -6.194413, 33.59545 ], [ -6.184284, 33.592037 ], [ -6.183508, 33.591754 ], [ -6.172585, 33.587507 ], [ -6.161685, 33.58389 ], [ -6.160934, 33.583626 ], [ -6.150768, 33.57977 ], [ -6.139869, 33.576126 ], [ -6.137188, 33.575221 ], [ -6.128962, 33.57222 ], [ -6.118064, 33.56855 ], [ -6.112738, 33.566828 ], [ -6.107167, 33.564885 ], [ -6.09627, 33.561185 ], [ -6.087308, 33.558455 ], [ -6.085385, 33.557822 ], [ -6.074489, 33.554097 ], [ -6.063607, 33.550761 ], [ -6.061449, 33.550087 ], [ -6.052718, 33.547179 ], [ -6.041836, 33.543799 ], [ -6.034812, 33.541733 ], [ -6.030961, 33.540588 ], [ -6.020078, 33.537106 ], [ -6.009208, 33.533979 ], [ -6.007218, 33.533396 ], [ -5.99833, 33.530624 ], [ -5.987459, 33.527443 ], [ -5.97871, 33.525075 ], [ -5.976596, 33.524466 ], [ -5.965728, 33.521301 ], [ -5.954869, 33.518389 ], [ -5.948606, 33.516784 ], [ -5.944012, 33.515536 ], [ -5.933153, 33.512606 ], [ -5.922304, 33.509914 ], [ -5.916558, 33.508533 ], [ -5.911455, 33.507234 ], [ -5.900605, 33.504488 ], [ -5.889763, 33.501985 ], [ -5.882397, 33.500321 ], [ -5.878923, 33.499499 ], [ -5.86808, 33.496921 ], [ -5.857243, 33.494508 ], [ -5.846412, 33.492248 ], [ -5.845968, 33.492153 ], [ -5.835575, 33.489818 ], [ -5.824744, 33.487515 ], [ -5.813918, 33.485357 ], [ -5.807103, 33.484029 ], [ -5.803092, 33.48321 ], [ -5.792265, 33.480999 ], [ -5.781442, 33.47891 ], [ -5.770624, 33.476935 ], [ -5.765187, 33.47596 ], [ -5.759805, 33.474948 ], [ -5.748988, 33.472964 ], [ -5.738171, 33.470998 ], [ -5.727359, 33.469172 ], [ -5.719864, 33.467952 ], [ -5.716548, 33.467384 ], [ -5.705736, 33.465507 ], [ -5.694926, 33.463732 ], [ -5.684121, 33.462056 ], [ -5.673318, 33.460474 ], [ -5.670221, 33.46002 ], [ -5.662514, 33.458832 ], [ -5.651712, 33.457227 ], [ -5.640913, 33.455716 ], [ -5.630117, 33.454292 ], [ -5.619323, 33.452945 ], [ -5.613353, 33.45222 ], [ -5.60853, 33.451599 ], [ -5.597735, 33.45018 ], [ -5.586942, 33.448823 ], [ -5.576151, 33.447522 ], [ -5.565362, 33.446276 ], [ -5.554575, 33.445095 ], [ -5.549421, 33.44454 ], [ -5.543787, 33.443892 ], [ -5.532999, 33.442637 ], [ -5.522212, 33.44144 ], [ -5.511427, 33.440296 ], [ -5.500644, 33.4392 ], [ -5.489862, 33.438148 ], [ -5.479082, 33.437136 ], [ -5.477552, 33.436985 ], [ -5.468299, 33.43603 ], [ -5.457513, 33.434797 ], [ -5.446726, 33.433515 ], [ -5.435938, 33.432182 ], [ -5.425149, 33.430833 ], [ -5.414361, 33.429496 ], [ -5.412407, 33.429257 ], [ -5.403574, 33.428156 ], [ -5.392788, 33.426878 ], [ -5.382005, 33.425688 ], [ -5.371226, 33.424649 ], [ -5.360453, 33.423778 ], [ -5.349684, 33.423092 ], [ -5.338921, 33.422611 ], [ -5.328164, 33.42235 ], [ -5.317413, 33.422327 ], [ -5.306668, 33.422526 ], [ -5.295921, 33.422627 ], [ -5.288154, 33.4226 ], [ -5.285168, 33.422517 ], [ -5.274336, 33.419404 ], [ -5.272497, 33.413875 ], [ -5.263312, 33.40883 ], [ -5.257096, 33.405143 ], [ -5.252349, 33.400514 ], [ -5.247995, 33.396295 ], [ -5.241285, 33.388191 ], [ -5.24086, 33.387411 ], [ -5.233732, 33.378526 ], [ -5.230175, 33.373949 ], [ -5.22708, 33.369633 ], [ -5.220778, 33.360732 ], [ -5.219031, 33.358235 ], [ -5.214741, 33.351827 ], [ -5.208753, 33.34292 ], [ -5.207869, 33.341604 ], [ -5.202826, 33.334012 ], [ -5.196765, 33.325106 ], [ -5.196712, 33.325029 ], [ -5.190532, 33.316203 ], [ -5.185584, 33.309431 ], [ -5.183966, 33.307305 ], [ -5.17689, 33.298416 ], [ -5.174503, 33.29556 ], [ -5.16904, 33.28954 ], [ -5.163479, 33.283844 ], [ -5.160008, 33.280684 ], [ -5.152514, 33.274412 ], [ -5.148914, 33.271862 ], [ -5.141604, 33.267148 ], [ -5.133617, 33.263112 ], [ -5.130742, 33.261798 ], [ -5.11992, 33.258022 ], [ -5.109129, 33.255513 ], [ -5.103192, 33.254617 ], [ -5.098362, 33.253966 ], [ -5.087613, 33.253137 ], [ -5.076875, 33.252835 ], [ -5.066147, 33.252907 ], [ -5.055425, 33.253238 ], [ -5.044707, 33.253739 ], [ -5.033991, 33.254348 ], [ -5.023276, 33.255017 ], [ -5.012561, 33.255711 ] ] } },
{ "type": "Feature", "properties": { "fid": 72, "ID": 71, "Intensidad": 11.0 }, "geometry": { "type": "LineString", "coordinates": [ [ -4.883002, 32.714838 ], [ -4.882414, 32.717284 ], [ -4.88321, 32.724734 ], [ -4.8877, 32.717205 ], [ -4.883002, 32.714838 ] ] } },
{ "type": "Feature", "properties": { "fid": 73, "ID": 72, "Intensidad": 11.0 }, "geometry": { "type": "LineString", "coordinates": [ [ -5.03718, 32.458847 ], [ -5.027639, 32.462607 ], [ -5.026639, 32.463025 ], [ -5.016127, 32.468547 ], [ -5.010809, 32.471892 ], [ -5.005642, 32.475367 ], [ -4.998078, 32.48111 ], [ -4.995184, 32.483471 ], [ -4.987434, 32.490293 ], [ -4.984752, 32.492844 ], [ -4.978071, 32.499456 ], [ -4.974346, 32.503466 ], [ -4.969603, 32.508604 ], [ -4.963963, 32.515301 ], [ -4.961855, 32.51774 ], [ -4.954666, 32.526867 ], [ -4.953603, 32.528345 ], [ -4.94777, 32.535989 ], [ -4.943268, 32.542622 ], [ -4.941409, 32.545102 ], [ -4.935295, 32.554211 ], [ -4.932956, 32.558159 ], [ -4.929421, 32.563317 ], [ -4.924037, 32.572414 ], [ -4.92267, 32.575069 ], [ -4.918584, 32.581513 ], [ -4.91382, 32.5906 ], [ -4.912419, 32.593798 ], [ -4.911957, 32.599644 ], [ -4.91082, 32.608676 ], [ -4.908172, 32.617731 ], [ -4.90243, 32.625119 ], [ -4.902001, 32.62684 ], [ -4.901753, 32.635858 ], [ -4.901401, 32.644879 ], [ -4.90083, 32.653902 ], [ -4.900303, 32.662925 ], [ -4.894354, 32.67203 ], [ -4.892925, 32.679662 ], [ -4.892516, 32.681073 ], [ -4.893007, 32.683528 ], [ -4.901084, 32.689958 ], [ -4.902953, 32.698945 ], [ -4.904164, 32.706885 ], [ -4.904266, 32.70794 ], [ -4.90499, 32.716943 ], [ -4.905565, 32.725949 ], [ -4.906012, 32.734957 ], [ -4.906347, 32.743967 ], [ -4.906583, 32.752978 ], [ -4.906734, 32.761991 ], [ -4.906805, 32.771005 ], [ -4.906805, 32.780019 ], [ -4.906739, 32.789035 ], [ -4.906612, 32.798052 ], [ -4.906427, 32.807069 ], [ -4.906355, 32.80972 ], [ -4.906123, 32.816089 ], [ -4.905739, 32.825109 ], [ -4.905306, 32.83413 ], [ -4.904825, 32.843152 ], [ -4.9043, 32.852175 ], [ -4.903731, 32.861198 ], [ -4.903118, 32.870222 ], [ -4.902462, 32.879247 ], [ -4.901764, 32.888272 ], [ -4.901022, 32.897298 ], [ -4.900236, 32.906325 ], [ -4.899406, 32.915352 ], [ -4.89853, 32.92438 ], [ -4.89819, 32.92767 ], [ -4.897509, 32.93341 ], [ -4.89639, 32.942441 ], [ -4.895233, 32.951474 ], [ -4.894035, 32.960506 ], [ -4.892794, 32.96954 ], [ -4.891508, 32.978574 ], [ -4.890174, 32.987608 ], [ -4.888945, 32.995618 ], [ -4.888766, 32.996644 ], [ -4.887126, 33.005684 ], [ -4.885447, 33.014723 ], [ -4.883723, 33.023764 ], [ -4.881952, 33.032805 ], [ -4.880129, 33.041847 ], [ -4.87931, 33.045759 ], [ -4.878094, 33.050892 ], [ -4.875898, 33.05994 ], [ -4.873659, 33.068988 ], [ -4.871371, 33.078037 ], [ -4.869444, 33.085465 ], [ -4.868962, 33.087087 ], [ -4.8662, 33.096143 ], [ -4.863404, 33.105199 ], [ -4.860567, 33.114256 ], [ -4.859416, 33.117833 ], [ -4.857364, 33.123318 ], [ -4.853813, 33.132386 ], [ -4.849476, 33.141465 ], [ -4.849209, 33.142014 ], [ -4.841328, 33.1506 ], [ -4.839305, 33.159644 ], [ -4.838873, 33.160271 ], [ -4.829837, 33.168798 ], [ -4.828406, 33.172441 ], [ -4.822689, 33.177917 ], [ -4.818683, 33.18699 ], [ -4.818007, 33.188018 ], [ -4.808587, 33.196152 ], [ -4.807548, 33.200839 ], [ -4.80675, 33.205193 ], [ -4.806485, 33.214211 ], [ -4.805233, 33.223244 ], [ -4.803063, 33.23229 ], [ -4.798522, 33.24137 ], [ -4.797685, 33.242948 ], [ -4.796718, 33.25041 ], [ -4.796361, 33.25943 ], [ -4.795835, 33.268452 ], [ -4.795025, 33.277478 ], [ -4.793718, 33.286511 ], [ -4.791463, 33.295558 ], [ -4.789182, 33.304605 ], [ -4.789025, 33.313622 ], [ -4.788785, 33.322639 ], [ -4.78865, 33.326004 ], [ -4.788581, 33.331657 ], [ -4.78824, 33.340676 ], [ -4.787493, 33.349701 ], [ -4.78643, 33.35873 ], [ -4.785433, 33.367759 ], [ -4.784248, 33.37679 ], [ -4.782864, 33.385824 ], [ -4.78127, 33.394862 ], [ -4.779492, 33.403715 ], [ -4.779457, 33.403902 ], [ -4.777371, 33.412946 ], [ -4.775065, 33.421993 ], [ -4.772527, 33.431044 ], [ -4.769751, 33.440097 ], [ -4.769496, 33.440841 ], [ -4.766742, 33.449154 ], [ -4.763371, 33.458217 ], [ -4.759935, 33.46728 ], [ -4.759302, 33.468558 ], [ -4.756374, 33.476344 ], [ -4.754768, 33.485381 ], [ -4.75179, 33.494437 ], [ -4.749225, 33.502428 ], [ -4.748967, 33.503492 ], [ -4.747156, 33.512531 ], [ -4.74597, 33.521562 ], [ -4.744761, 33.530593 ], [ -4.743575, 33.539624 ], [ -4.742494, 33.548653 ], [ -4.741584, 33.55768 ], [ -4.74073, 33.566706 ], [ -4.739892, 33.573732 ], [ -4.739611, 33.575736 ], [ -4.738083, 33.584772 ], [ -4.736441, 33.593809 ], [ -4.734816, 33.602846 ], [ -4.733255, 33.611881 ], [ -4.730951, 33.620928 ], [ -4.73012, 33.62371 ], [ -4.727291, 33.629993 ], [ -4.724794, 33.639042 ], [ -4.721036, 33.648108 ], [ -4.719906, 33.652042 ], [ -4.71764, 33.657169 ], [ -4.713868, 33.666236 ], [ -4.711159, 33.675287 ], [ -4.709743, 33.68322 ], [ -4.709499, 33.684324 ], [ -4.707988, 33.693359 ], [ -4.706832, 33.702389 ], [ -4.70462, 33.711433 ], [ -4.703049, 33.720469 ], [ -4.702045, 33.729497 ], [ -4.701402, 33.73852 ], [ -4.700962, 33.74754 ], [ -4.70029, 33.750763 ], [ -4.697497, 33.756601 ], [ -4.694343, 33.765658 ], [ -4.692293, 33.7747 ], [ -4.690779, 33.783735 ], [ -4.69021, 33.787054 ], [ -4.687616, 33.792792 ], [ -4.683021, 33.801869 ], [ -4.680865, 33.810912 ], [ -4.680017, 33.817964 ], [ -4.679496, 33.819945 ], [ -4.677136, 33.828991 ], [ -4.672983, 33.838061 ], [ -4.671137, 33.8471 ], [ -4.670244, 33.856126 ], [ -4.670032, 33.859879 ], [ -4.669107, 33.865155 ], [ -4.664898, 33.874226 ], [ -4.664975, 33.883238 ], [ -4.661072, 33.892305 ], [ -4.660583, 33.901325 ], [ -4.660065, 33.903249 ], [ -4.655233, 33.910411 ], [ -4.652153, 33.919466 ], [ -4.650663, 33.9285 ], [ -4.649844, 33.933902 ], [ -4.648015, 33.937549 ], [ -4.642454, 33.946637 ], [ -4.640428, 33.955678 ], [ -4.639607, 33.964094 ], [ -4.63944, 33.964705 ], [ -4.636585, 33.973756 ], [ -4.632405, 33.982826 ], [ -4.631075, 33.991857 ], [ -4.62973, 34.000888 ], [ -4.629502, 34.001518 ], [ -4.623306, 34.009987 ], [ -4.620625, 34.019036 ], [ -4.619169, 34.027399 ], [ -4.61879, 34.028074 ], [ -4.61169, 34.037181 ], [ -4.609559, 34.046222 ], [ -4.608856, 34.054641 ], [ -4.608689, 34.055248 ], [ -4.603262, 34.064332 ], [ -4.600877, 34.073377 ], [ -4.598602, 34.08242 ], [ -4.598548, 34.082537 ], [ -4.591689, 34.091523 ], [ -4.589144, 34.10057 ], [ -4.588096, 34.103016 ], [ -4.582199, 34.109673 ], [ -4.580546, 34.118708 ], [ -4.577685, 34.125942 ], [ -4.576856, 34.127769 ], [ -4.568625, 34.136888 ], [ -4.567177, 34.143988 ], [ -4.565733, 34.145939 ], [ -4.557817, 34.155053 ], [ -4.556626, 34.159883 ], [ -4.552952, 34.164128 ], [ -4.54643, 34.173224 ], [ -4.546058, 34.175045 ], [ -4.540975, 34.182307 ], [ -4.536695, 34.191374 ], [ -4.535543, 34.193361 ], [ -4.527398, 34.200503 ], [ -4.52521, 34.209544 ], [ -4.524992, 34.209908 ], [ -4.515172, 34.218682 ], [ -4.514328, 34.220341 ], [ -4.507797, 34.227787 ], [ -4.50422, 34.236844 ], [ -4.503777, 34.237313 ], [ -4.493714, 34.245986 ], [ -4.49309, 34.246802 ], [ -4.483342, 34.255126 ], [ -4.482399, 34.256208 ], [ -4.474201, 34.26425 ], [ -4.47172, 34.266437 ], [ -4.463234, 34.273395 ], [ -4.461018, 34.2755 ], [ -4.453978, 34.282518 ], [ -4.450328, 34.285362 ], [ -4.442025, 34.291673 ], [ -4.4396, 34.293152 ], [ -4.428856, 34.30014 ], [ -4.427187, 34.300861 ], [ -4.418051, 34.303612 ], [ -4.409575, 34.310078 ], [ -4.407312, 34.31106 ], [ -4.39648, 34.313007 ], [ -4.386173, 34.319359 ], [ -4.385724, 34.319589 ], [ -4.374903, 34.322348 ], [ -4.36404, 34.322498 ], [ -4.353225, 34.325661 ], [ -4.34238, 34.327006 ], [ -4.331518, 34.3273 ], [ -4.320645, 34.326909 ], [ -4.30976, 34.325715 ], [ -4.298856, 34.323292 ], [ -4.287969, 34.321925 ], [ -4.277639, 34.320539 ], [ -4.277079, 34.32032 ], [ -4.26617, 34.317451 ], [ -4.25532, 34.318485 ], [ -4.244434, 34.317133 ], [ -4.233556, 34.316275 ], [ -4.222683, 34.315752 ], [ -4.211812, 34.315362 ], [ -4.200944, 34.315123 ], [ -4.190077, 34.315031 ], [ -4.179211, 34.31497 ], [ -4.168347, 34.315022 ], [ -4.157483, 34.315175 ], [ -4.146623, 34.315526 ], [ -4.13576, 34.315735 ], [ -4.1249, 34.316135 ], [ -4.114041, 34.316637 ], [ -4.103184, 34.317238 ], [ -4.092327, 34.31796 ], [ -4.081472, 34.31877 ], [ -4.070618, 34.319721 ], [ -4.059766, 34.32082 ], [ -4.048915, 34.322076 ], [ -4.042629, 34.322766 ], [ -4.038062, 34.323144 ], [ -4.027206, 34.323994 ], [ -4.016351, 34.32497 ], [ -4.005498, 34.326083 ], [ -3.994646, 34.327345 ], [ -3.983796, 34.328788 ], [ -3.972947, 34.330434 ], [ -3.962101, 34.332306 ], [ -3.961094, 34.332447 ], [ -3.951247, 34.333502 ], [ -3.940394, 34.334818 ], [ -3.929545, 34.336549 ], [ -3.918693, 34.338063 ], [ -3.907845, 34.340045 ], [ -3.89817, 34.341939 ], [ -3.896999, 34.342119 ], [ -3.886145, 34.343554 ], [ -3.875292, 34.345193 ], [ -3.864445, 34.347359 ], [ -3.853595, 34.349282 ], [ -3.84413, 34.351338 ], [ -3.842748, 34.351577 ], [ -3.831893, 34.353201 ], [ -3.821041, 34.355071 ], [ -3.810191, 34.35724 ], [ -3.799344, 34.359782 ], [ -3.795148, 34.36068 ], [ -3.788492, 34.361822 ], [ -3.777637, 34.363731 ], [ -3.766786, 34.365955 ], [ -3.755937, 34.368569 ], [ -3.749916, 34.369979 ], [ -3.745085, 34.37089 ], [ -3.73423, 34.37294 ], [ -3.723376, 34.375268 ], [ -3.712526, 34.378024 ], [ -3.707441, 34.379247 ], [ -3.701672, 34.38038 ], [ -3.690816, 34.382549 ], [ -3.679962, 34.385088 ], [ -3.669111, 34.388093 ], [ -3.667486, 34.388485 ], [ -3.658253, 34.390306 ], [ -3.647395, 34.392687 ], [ -3.636541, 34.395491 ], [ -3.628425, 34.397706 ], [ -3.625686, 34.398329 ], [ -3.614826, 34.400618 ], [ -3.603968, 34.403298 ], [ -3.593113, 34.406473 ], [ -3.591443, 34.406905 ], [ -3.582252, 34.408878 ], [ -3.571392, 34.411476 ], [ -3.560534, 34.414536 ], [ -3.55492, 34.41609 ], [ -3.549673, 34.417315 ], [ -3.538811, 34.419875 ], [ -3.52795, 34.422884 ], [ -3.519936, 34.425258 ], [ -3.517089, 34.42597 ], [ -3.506226, 34.428764 ], [ -3.495362, 34.43155 ], [ -3.485974, 34.434412 ], [ -3.484499, 34.434801 ], [ -3.473632, 34.437381 ], [ -3.462767, 34.440384 ], [ -3.452665, 34.443555 ], [ -3.451903, 34.443761 ], [ -3.441034, 34.446376 ], [ -3.430167, 34.449418 ], [ -3.420014, 34.452685 ], [ -3.419301, 34.452886 ], [ -3.40843, 34.455579 ], [ -3.397561, 34.458691 ], [ -3.38782, 34.461806 ], [ -3.386692, 34.462122 ], [ -3.375819, 34.464891 ], [ -3.364948, 34.468095 ], [ -3.356188, 34.470917 ], [ -3.354077, 34.471512 ], [ -3.343202, 34.474397 ], [ -3.332329, 34.477698 ], [ -3.324861, 34.480018 ], [ -3.321454, 34.48096 ], [ -3.310577, 34.483864 ], [ -3.299701, 34.487206 ], [ -3.29354, 34.489112 ], [ -3.288824, 34.490411 ], [ -3.277946, 34.493535 ], [ -3.267068, 34.497224 ], [ -3.264151, 34.498193 ], [ -3.256189, 34.500588 ], [ -3.245309, 34.504236 ], [ -3.236961, 34.507263 ], [ -3.23443, 34.508108 ], [ -3.223548, 34.511738 ], [ -3.212668, 34.515949 ], [ -3.211645, 34.516324 ], [ -3.201784, 34.519653 ], [ -3.190902, 34.523938 ], [ -3.187211, 34.525378 ], [ -3.180017, 34.527953 ], [ -3.169132, 34.532288 ], [ -3.163915, 34.534426 ], [ -3.158246, 34.536597 ], [ -3.147359, 34.541063 ], [ -3.141706, 34.543468 ], [ -3.136471, 34.545549 ], [ -3.125582, 34.550221 ], [ -3.120399, 34.552505 ], [ -3.114692, 34.554852 ], [ -3.103801, 34.559753 ], [ -3.09988, 34.561538 ], [ -3.092908, 34.564498 ], [ -3.082015, 34.569657 ], [ -3.08004, 34.570567 ], [ -3.07112, 34.574471 ], [ -3.060797, 34.579592 ], [ -3.060224, 34.579861 ], [ -3.049327, 34.584862 ], [ -3.041875, 34.588614 ], [ -3.038428, 34.590255 ], [ -3.027528, 34.595726 ], [ -3.023789, 34.597633 ], [ -3.016627, 34.601078 ], [ -3.006285, 34.606649 ], [ -3.005724, 34.606936 ], [ -2.994819, 34.612358 ], [ -2.988668, 34.615663 ], [ -2.983914, 34.618114 ], [ -2.973006, 34.624216 ], [ -2.972159, 34.624675 ], [ -2.962097, 34.629877 ], [ -2.955368, 34.633684 ], [ -2.951187, 34.635942 ], [ -2.940275, 34.642323 ], [ -2.939627, 34.642691 ], [ -2.929361, 34.648266 ], [ -2.923541, 34.651696 ], [ -2.918445, 34.654558 ], [ -2.908331, 34.6607 ], [ -2.907528, 34.661167 ], [ -2.896609, 34.667464 ], [ -2.892903, 34.669701 ], [ -2.885688, 34.673899 ], [ -2.877992, 34.678701 ], [ -2.874765, 34.680642 ], [ -2.86384, 34.687646 ], [ -2.863754, 34.6877 ], [ -2.852914, 34.694288 ], [ -2.849148, 34.696697 ], [ -2.841986, 34.701097 ], [ -2.83498, 34.705693 ], [ -2.831055, 34.708168 ], [ -2.821269, 34.714687 ], [ -2.820122, 34.715428 ], [ -2.809187, 34.722628 ], [ -2.807598, 34.723681 ], [ -2.798251, 34.729695 ], [ -2.793865, 34.732672 ], [ -2.787312, 34.736994 ], [ -2.780579, 34.741663 ], [ -2.776371, 34.744499 ], [ -2.767659, 34.750653 ], [ -2.765427, 34.752185 ], [ -2.755039, 34.759642 ], [ -2.754481, 34.760032 ], [ -2.743533, 34.767753 ], [ -2.742293, 34.76863 ], [ -2.732583, 34.775354 ], [ -2.729439, 34.777616 ], [ -2.721631, 34.783158 ], [ -2.716931, 34.786601 ], [ -2.710676, 34.79112 ], [ -2.704678, 34.795586 ], [ -2.699719, 34.799226 ], [ -2.692643, 34.80457 ], [ -2.688759, 34.80746 ], [ -2.680794, 34.813553 ], [ -2.677796, 34.815812 ], [ -2.669104, 34.822536 ], [ -2.66683, 34.824267 ], [ -2.657546, 34.831517 ], [ -2.655862, 34.832875 ], [ -2.646084, 34.840498 ], [ -2.644892, 34.84138 ], [ -2.634645, 34.849478 ], [ -2.633919, 34.850054 ], [ -2.623409, 34.858458 ], [ -2.622943, 34.858832 ], [ -2.612295, 34.867437 ], [ -2.611964, 34.867705 ], [ -2.601288, 34.876415 ], [ -2.600983, 34.876664 ], [ -2.590376, 34.885392 ], [ -2.589999, 34.885703 ], [ -2.579547, 34.894369 ], [ -2.579011, 34.894813 ], [ -2.568787, 34.903345 ], [ -2.568022, 34.903975 ], [ -2.558016, 34.91232 ], [ -2.557029, 34.91317 ], [ -2.547419, 34.921294 ], [ -2.546034, 34.9225 ], [ -2.536977, 34.930268 ], [ -2.535035, 34.931976 ], [ -2.52668, 34.939242 ], [ -2.524033, 34.941589 ], [ -2.516513, 34.948216 ], [ -2.513027, 34.95133 ], [ -2.506457, 34.957189 ], [ -2.502018, 34.96118 ], [ -2.496491, 34.966162 ], [ -2.491006, 34.971118 ], [ -2.486593, 34.975134 ], [ -2.479991, 34.981116 ], [ -2.476702, 34.984105 ], [ -2.468973, 34.991147 ], [ -2.466866, 34.993076 ], [ -2.457952, 35.001285 ], [ -2.457129, 35.002046 ], [ -2.447479, 35.011016 ], [ -2.446927, 35.01153 ], [ -2.4379, 35.019985 ], [ -2.435899, 35.021868 ], [ -2.428394, 35.028954 ], [ -2.424867, 35.032298 ], [ -2.418952, 35.037923 ], [ -2.413832, 35.042809 ], [ -2.409567, 35.046891 ], [ -2.402794, 35.053394 ], [ -2.400233, 35.055858 ], [ -2.391752, 35.064043 ], [ -2.390932, 35.064825 ], [ -2.381688, 35.073792 ], [ -2.380707, 35.074741 ], [ -2.372415, 35.082757 ], [ -2.369659, 35.085472 ], [ -2.363209, 35.091723 ], [ -2.358607, 35.096354 ], [ -2.354158, 35.100688 ], [ -2.347549, 35.107512 ], [ -2.345367, 35.109654 ], [ -2.336684, 35.11862 ], [ -2.336488, 35.118817 ], [ -2.327475, 35.127583 ], [ -2.325426, 35.129685 ], [ -2.318411, 35.136545 ], [ -2.31436, 35.140817 ], [ -2.310042, 35.145511 ], [ -2.303284, 35.152703 ], [ -2.301297, 35.154474 ], [ -2.29284, 35.163438 ], [ -2.29221, 35.164106 ], [ -2.283755, 35.172398 ], [ -2.281134, 35.175277 ], [ -2.275106, 35.181359 ], [ -2.270049, 35.18716 ], [ -2.267019, 35.190324 ], [ -2.259114, 35.199289 ], [ -2.258956, 35.199459 ], [ -2.250179, 35.208247 ], [ -2.247869, 35.210833 ], [ -2.241676, 35.217207 ], [ -2.236772, 35.222935 ], [ -2.233732, 35.22617 ], [ -2.226049, 35.235134 ], [ -2.225667, 35.235558 ], [ -2.217231, 35.24409 ], [ -2.214568, 35.247087 ], [ -2.208818, 35.253048 ], [ -2.203457, 35.259609 ], [ -2.201246, 35.262011 ], [ -2.193261, 35.270971 ], [ -2.192344, 35.272025 ], [ -2.184743, 35.279927 ], [ -2.181229, 35.284191 ], [ -2.176903, 35.288887 ], [ -2.1701, 35.297503 ], [ -2.169794, 35.297851 ], [ -2.161248, 35.306805 ], [ -2.15898, 35.309526 ], [ -2.153208, 35.315762 ], [ -2.147846, 35.322623 ], [ -2.145998, 35.324724 ], [ -2.138164, 35.333681 ], [ -2.136711, 35.335396 ], [ -2.129914, 35.342634 ], [ -2.125572, 35.3482 ], [ -2.122549, 35.351594 ], [ -2.115222, 35.360553 ], [ -2.114425, 35.361515 ], [ -2.106994, 35.369505 ], [ -2.103279, 35.374331 ], [ -2.099651, 35.378463 ], [ -2.092619, 35.387423 ], [ -2.09212, 35.388032 ], [ -2.084446, 35.396374 ], [ -2.080966, 35.40094 ], [ -2.077152, 35.405331 ], [ -2.070296, 35.414291 ], [ -2.069796, 35.414905 ], [ -2.062188, 35.423241 ], [ -2.058633, 35.427935 ], [ -2.05496, 35.432198 ], [ -2.048227, 35.441157 ], [ -2.047454, 35.442042 ], [ -2.040098, 35.450105 ], [ -2.036281, 35.455311 ], [ -2.033091, 35.459062 ], [ -2.02611, 35.468018 ], [ -2.025095, 35.469325 ], [ -2.018319, 35.476968 ], [ -2.013906, 35.483247 ], [ -2.011712, 35.485926 ], [ -2.004384, 35.494878 ], [ -2.002715, 35.4971 ], [ -1.996917, 35.503829 ], [ -1.991508, 35.511876 ], [ -1.990787, 35.51279 ], [ -1.982962, 35.521737 ], [ -1.980312, 35.52538 ], [ -1.975867, 35.530689 ], [ -1.969596, 35.539648 ], [ -1.969094, 35.540371 ], [ -1.962154, 35.548596 ], [ -1.957886, 35.554256 ], [ -1.955206, 35.557548 ], [ -1.948306, 35.566501 ], [ -1.946667, 35.568754 ], [ -1.941023, 35.575449 ], [ -1.935432, 35.58405 ], [ -1.935157, 35.58441 ], [ -1.927443, 35.593353 ], [ -1.92421, 35.598101 ], [ -1.920856, 35.602307 ], [ -1.914297, 35.61126 ], [ -1.912971, 35.613101 ], [ -1.907051, 35.620207 ], [ -1.90172, 35.628641 ], [ -1.901326, 35.629167 ], [ -1.893693, 35.638109 ], [ -1.890484, 35.642823 ], [ -1.88711, 35.64706 ], [ -1.880648, 35.656013 ], [ -1.87923, 35.657961 ], [ -1.873389, 35.664957 ], [ -1.867966, 35.673516 ], [ -1.867664, 35.673915 ], [ -1.860032, 35.682855 ], [ -1.856716, 35.687774 ], [ -1.853521, 35.691805 ], [ -1.846982, 35.700755 ], [ -1.84545, 35.702914 ], [ -1.839856, 35.709698 ], [ -1.834184, 35.718655 ], [ -1.83417, 35.718675 ], [ -1.826571, 35.727593 ], [ -1.822904, 35.733168 ], [ -1.820288, 35.736544 ], [ -1.813593, 35.74549 ], [ -1.811624, 35.748325 ], [ -1.806687, 35.754433 ], [ -1.800868, 35.763387 ], [ -1.800329, 35.764205 ], [ -1.793781, 35.772328 ], [ -1.789041, 35.77929 ], [ -1.787538, 35.781277 ], [ -1.780507, 35.790218 ], [ -1.77775, 35.794329 ], [ -1.773951, 35.799163 ], [ -1.767732, 35.808111 ], [ -1.766445, 35.809951 ], [ -1.760682, 35.81705 ], [ -1.755138, 35.826004 ], [ -1.755129, 35.826017 ], [ -1.747688, 35.834939 ], [ -1.743826, 35.841001 ], [ -1.741657, 35.843887 ], [ -1.734931, 35.852828 ], [ -1.73251, 35.856458 ], [ -1.728372, 35.861771 ], [ -1.722383, 35.870719 ], [ -1.721182, 35.872456 ], [ -1.715426, 35.879656 ], [ -1.709946, 35.888609 ], [ -1.709844, 35.888753 ], [ -1.702632, 35.897542 ], [ -1.698516, 35.904143 ], [ -1.69679, 35.90649 ], [ -1.689996, 35.915427 ], [ -1.687179, 35.919781 ], [ -1.683704, 35.92437 ], [ -1.677512, 35.933313 ], [ -1.675831, 35.935831 ], [ -1.670849, 35.942251 ], [ -1.665179, 35.9512 ], [ -1.664473, 35.952229 ], [ -1.658209, 35.960133 ], [ -1.653106, 35.968798 ], [ -1.652931, 35.969085 ], [ -1.645805, 35.978017 ], [ -1.641748, 35.984643 ], [ -1.64008, 35.986963 ], [ -1.633448, 35.995899 ], [ -1.630379, 36.000786 ], [ -1.627404, 36.004841 ], [ -1.621182, 36.013781 ], [ -1.619002, 36.017181 ], [ -1.614871, 36.02272 ], [ -1.609022, 36.031663 ], [ -1.607615, 36.033816 ], [ -1.602487, 36.040598 ], [ -1.596975, 36.049545 ], [ -1.596219, 36.050684 ], [ -1.590261, 36.058478 ], [ -1.585051, 36.067427 ], [ -1.584815, 36.067782 ], [ -1.578221, 36.076358 ], [ -1.573408, 36.084694 ], [ -1.572994, 36.085307 ], [ -1.5662, 36.094237 ], [ -1.562, 36.101432 ], [ -1.560805, 36.103183 ], [ -1.554257, 36.112115 ], [ -1.550583, 36.118356 ], [ -1.548729, 36.121059 ], [ -1.542412, 36.129994 ], [ -1.539158, 36.135494 ], [ -1.536791, 36.138936 ], [ -1.530688, 36.147872 ], [ -1.527722, 36.152868 ], [ -1.525365, 36.156818 ], [ -1.519122, 36.165752 ], [ -1.516277, 36.170539 ], [ -1.513428, 36.174692 ], [ -1.507544, 36.18363 ], [ -1.504825, 36.188231 ], [ -1.501869, 36.19257 ], [ -1.496034, 36.201507 ], [ -1.493366, 36.206064 ], [ -1.490409, 36.210447 ], [ -1.484621, 36.219385 ], [ -1.481897, 36.224092 ], [ -1.479077, 36.228325 ], [ -1.473335, 36.237263 ], [ -1.470415, 36.242528 ], [ -1.468059, 36.246206 ], [ -1.462202, 36.255142 ], [ -1.458927, 36.260989 ], [ -1.456934, 36.264085 ], [ -1.451095, 36.27302 ], [ -1.447428, 36.27974 ], [ -1.446032, 36.281965 ], [ -1.440099, 36.290898 ], [ -1.435916, 36.298809 ], [ -1.435285, 36.299846 ], [ -1.429255, 36.308777 ], [ -1.424567, 36.317726 ], [ -1.424396, 36.318014 ], [ -1.418634, 36.326658 ], [ -1.413824, 36.335605 ], [ -1.41287, 36.337278 ], [ -1.408181, 36.344541 ], [ -1.403162, 36.353484 ], [ -1.401331, 36.356826 ], [ -1.397854, 36.362424 ], [ -1.392657, 36.371364 ], [ -1.389776, 36.376888 ], [ -1.387749, 36.380309 ], [ -1.382363, 36.389246 ], [ -1.378199, 36.397707 ], [ -1.377925, 36.398196 ], [ -1.372375, 36.407131 ], [ -1.367778, 36.416079 ], [ -1.366621, 36.418263 ], [ -1.362587, 36.425018 ], [ -1.357745, 36.433962 ], [ -1.355024, 36.439469 ], [ -1.3531, 36.442908 ], [ -1.347989, 36.451848 ], [ -1.34374, 36.460799 ], [ -1.343403, 36.46145 ], [ -1.338584, 36.469738 ], [ -1.334143, 36.478686 ], [ -1.331771, 36.483634 ], [ -1.329619, 36.487633 ], [ -1.324809, 36.496576 ], [ -1.320712, 36.505528 ], [ -1.320111, 36.506769 ], [ -1.315919, 36.514471 ], [ -1.311539, 36.523419 ], [ -1.308429, 36.530621 ], [ -1.307575, 36.532373 ], [ -1.302871, 36.541316 ], [ -1.298909, 36.55027 ], [ -1.29672, 36.55536 ], [ -1.294857, 36.559222 ], [ -1.290485, 36.56817 ], [ -1.286664, 36.577125 ], [ -1.284979, 36.58119 ], [ -1.282712, 36.586078 ], [ -1.278588, 36.595028 ], [ -1.275004, 36.603987 ], [ -1.273193, 36.608664 ], [ -1.271341, 36.612944 ], [ -1.26744, 36.621897 ], [ -1.263952, 36.630856 ], [ -1.261351, 36.638239 ], [ -1.26073, 36.639819 ], [ -1.256932, 36.648773 ], [ -1.253579, 36.657734 ], [ -1.250615, 36.6667 ], [ -1.249445, 36.670241 ], [ -1.247444, 36.675664 ], [ -1.244191, 36.684625 ], [ -1.241246, 36.693592 ], [ -1.238591, 36.702562 ], [ -1.237428, 36.706644 ], [ -1.235884, 36.711532 ], [ -1.233193, 36.720502 ], [ -1.230572, 36.729473 ], [ -1.228273, 36.738448 ], [ -1.226187, 36.747427 ], [ -1.225191, 36.752041 ], [ -1.22415, 36.756406 ], [ -1.222017, 36.765384 ], [ -1.220158, 36.774366 ], [ -1.218515, 36.783351 ], [ -1.217054, 36.792339 ], [ -1.215802, 36.80133 ], [ -1.214788, 36.810324 ], [ -1.214029, 36.819322 ], [ -1.21338, 36.828322 ], [ -1.212911, 36.837324 ], [ -1.212707, 36.846331 ], [ -1.212856, 36.855343 ], [ -1.213369, 36.86436 ], [ -1.214031, 36.87338 ], [ -1.215076, 36.882405 ], [ -1.21671, 36.891439 ], [ -1.219436, 36.900489 ], [ -1.221583, 36.908062 ], [ -1.221982, 36.909537 ], [ -1.224644, 36.918586 ], [ -1.227994, 36.927646 ], [ -1.232152, 36.936276 ], [ -1.23236, 36.93672 ], [ -1.237569, 36.945807 ], [ -1.241449, 36.954874 ], [ -1.242897, 36.957215 ], [ -1.247617, 36.963975 ], [ -1.253217, 36.973067 ], [ -1.25375, 36.973609 ], [ -1.261366, 36.982196 ], [ -1.26468, 36.986859 ], [ -1.268656, 36.991312 ], [ -1.275455, 37.00042 ], [ -1.275603, 37.000569 ], [ -1.284785, 37.009565 ], [ -1.286595, 37.011372 ], [ -1.294643, 37.018716 ], [ -1.297608, 37.021389 ], [ -1.305645, 37.027884 ], [ -1.308659, 37.029835 ], [ -1.317608, 37.037063 ], [ -1.319703, 37.038682 ], [ -1.329131, 37.046236 ], [ -1.330753, 37.0474 ], [ -1.341832, 37.054851 ], [ -1.34281, 37.055437 ], [ -1.352968, 37.059791 ], [ -1.360006, 37.064685 ], [ -1.364061, 37.066815 ], [ -1.374263, 37.073891 ], [ -1.375144, 37.074384 ], [ -1.386296, 37.078825 ], [ -1.393734, 37.083166 ], [ -1.397418, 37.084739 ], [ -1.408545, 37.090472 ], [ -1.411995, 37.092421 ], [ -1.419694, 37.095257 ], [ -1.430823, 37.101063 ], [ -1.432307, 37.101701 ], [ -1.442002, 37.104522 ], [ -1.453161, 37.10902 ], [ -1.457941, 37.111047 ], [ -1.464335, 37.112817 ], [ -1.475507, 37.116815 ], [ -1.482619, 37.120375 ], [ -1.486663, 37.121643 ], [ -1.497862, 37.124374 ], [ -1.509025, 37.128969 ], [ -1.511322, 37.129748 ], [ -1.520233, 37.131354 ], [ -1.531431, 37.134251 ], [ -1.541855, 37.139138 ], [ -1.542588, 37.139352 ], [ -1.553808, 37.141232 ], [ -1.565016, 37.14377 ], [ -1.576199, 37.147707 ], [ -1.57936, 37.148603 ], [ -1.587417, 37.149779 ], [ -1.598638, 37.151719 ], [ -1.609842, 37.154645 ], [ -1.618887, 37.15808 ], [ -1.62103, 37.158549 ], [ -1.632265, 37.159858 ], [ -1.643493, 37.161561 ], [ -1.654706, 37.164153 ], [ -1.665907, 37.167494 ], [ -1.666679, 37.167637 ], [ -1.677145, 37.168737 ], [ -1.688382, 37.170092 ], [ -1.699612, 37.171863 ], [ -1.710832, 37.174256 ], [ -1.7215, 37.177251 ], [ -1.722041, 37.177347 ], [ -1.733281, 37.178628 ], [ -1.744521, 37.179934 ], [ -1.755761, 37.181299 ], [ -1.766999, 37.182781 ], [ -1.778234, 37.184468 ], [ -1.789465, 37.186474 ], [ -1.793343, 37.187014 ], [ -1.800707, 37.187764 ], [ -1.811944, 37.189428 ], [ -1.823183, 37.19103 ], [ -1.834425, 37.192461 ], [ -1.84567, 37.193694 ], [ -1.856917, 37.194785 ], [ -1.868166, 37.195805 ], [ -1.879416, 37.196833 ], [ -1.87987, 37.196873 ], [ -1.890667, 37.197759 ], [ -1.901913, 37.199036 ], [ -1.913155, 37.20061 ], [ -1.924404, 37.201787 ], [ -1.935656, 37.202701 ], [ -1.946912, 37.203422 ], [ -1.958169, 37.204023 ], [ -1.969427, 37.204577 ], [ -1.980685, 37.205152 ], [ -1.991943, 37.20581 ], [ -2.003198, 37.206602 ], [ -2.008603, 37.207031 ], [ -2.01445, 37.207722 ], [ -2.025702, 37.208834 ], [ -2.036959, 37.209588 ], [ -2.048219, 37.210077 ], [ -2.059482, 37.210416 ], [ -2.070745, 37.210718 ], [ -2.082007, 37.211084 ], [ -2.093268, 37.211595 ], [ -2.104537, 37.211459 ], [ -2.115747, 37.216342 ], [ -2.127011, 37.216638 ], [ -2.138277, 37.216804 ], [ -2.149543, 37.216918 ], [ -2.16081, 37.217013 ], [ -2.172077, 37.217108 ], [ -2.183344, 37.217218 ], [ -2.186884, 37.217399 ], [ -2.194582, 37.220013 ], [ -2.205862, 37.218879 ], [ -2.21707, 37.224711 ], [ -2.228332, 37.225418 ], [ -2.239595, 37.225988 ], [ -2.25086, 37.22643 ], [ -2.262126, 37.22675 ], [ -2.273394, 37.226949 ], [ -2.273631, 37.226972 ], [ -2.284642, 37.229167 ], [ -2.29587, 37.233709 ], [ -2.307133, 37.234452 ], [ -2.318398, 37.235111 ], [ -2.329664, 37.235645 ], [ -2.333703, 37.236336 ], [ -2.340887, 37.241114 ], [ -2.35216, 37.240945 ], [ -2.3634, 37.244633 ], [ -2.374671, 37.24484 ], [ -2.377356, 37.245583 ], [ -2.38589, 37.25136 ], [ -2.397143, 37.253845 ], [ -2.40841, 37.254673 ], [ -2.408656, 37.254754 ], [ -2.419632, 37.261497 ], [ -2.430895, 37.263008 ], [ -2.432698, 37.263881 ], [ -2.442106, 37.27166 ], [ -2.446401, 37.272956 ], [ -2.453348, 37.276433 ], [ -2.464115, 37.282048 ], [ -2.464583, 37.282365 ], [ -2.473828, 37.291102 ], [ -2.475792, 37.292188 ], [ -2.482697, 37.300151 ], [ -2.485084, 37.309171 ], [ -2.486918, 37.31481 ], [ -2.487621, 37.318192 ], [ -2.487247, 37.3272 ], [ -2.486825, 37.32848 ], [ -2.483819, 37.336195 ], [ -2.478893, 37.345184 ], [ -2.476124, 37.354182 ], [ -2.475355, 37.3551 ], [ -2.466012, 37.363146 ], [ -2.463988, 37.366082 ], [ -2.457838, 37.372119 ], [ -2.452592, 37.380715 ], [ -2.452384, 37.381104 ], [ -2.441695, 37.390064 ], [ -2.441227, 37.390427 ], [ -2.431128, 37.399023 ], [ -2.42986, 37.400027 ], [ -2.419669, 37.407977 ], [ -2.418497, 37.408828 ], [ -2.407145, 37.415895 ], [ -2.405356, 37.416916 ], [ -2.395814, 37.420017 ], [ -2.38865, 37.425841 ], [ -2.384452, 37.427822 ], [ -2.375348, 37.434781 ], [ -2.373084, 37.435978 ], [ -2.36272, 37.443723 ], [ -2.361713, 37.444286 ], [ -2.350349, 37.451482 ], [ -2.342707, 37.452623 ], [ -2.339026, 37.453676 ], [ -2.329032, 37.461556 ], [ -2.327646, 37.462213 ], [ -2.316291, 37.467835 ], [ -2.311777, 37.470467 ], [ -2.304946, 37.472038 ], [ -2.294624, 37.479375 ], [ -2.293567, 37.479827 ], [ -2.282196, 37.486494 ], [ -2.273832, 37.488259 ], [ -2.270863, 37.488956 ], [ -2.260185, 37.497184 ], [ -2.25947, 37.497507 ], [ -2.248145, 37.499079 ], [ -2.238133, 37.506053 ], [ -2.236758, 37.506549 ], [ -2.225417, 37.509485 ], [ -2.215466, 37.514914 ], [ -2.214045, 37.515207 ], [ -2.202641, 37.523833 ], [ -2.202626, 37.523838 ], [ -2.191292, 37.527088 ], [ -2.181702, 37.532704 ], [ -2.179908, 37.53343 ], [ -2.168554, 37.53692 ], [ -2.160053, 37.541562 ], [ -2.157174, 37.542615 ], [ -2.145812, 37.546548 ], [ -2.138277, 37.550414 ], [ -2.134435, 37.551712 ], [ -2.123064, 37.556302 ], [ -2.117058, 37.559267 ], [ -2.111688, 37.561093 ], [ -2.100299, 37.566911 ], [ -2.096729, 37.568123 ], [ -2.088934, 37.570569 ], [ -2.077552, 37.575525 ], [ -2.073951, 37.576956 ], [ -2.066184, 37.579207 ], [ -2.054804, 37.583841 ], [ -2.049821, 37.585773 ], [ -2.043432, 37.587619 ], [ -2.032049, 37.592222 ], [ -2.026266, 37.59459 ], [ -2.020671, 37.596334 ], [ -2.00928, 37.601379 ], [ -2.005365, 37.603425 ], [ -1.997886, 37.606437 ], [ -1.986487, 37.611806 ], [ -1.985318, 37.612264 ], [ -1.975103, 37.615996 ], [ -1.964081, 37.621089 ], [ -1.963702, 37.621244 ], [ -1.952317, 37.625308 ], [ -1.942012, 37.629902 ], [ -1.940917, 37.63034 ], [ -1.929524, 37.634733 ], [ -1.92073, 37.638719 ], [ -1.91812, 37.639796 ], [ -1.906715, 37.644816 ], [ -1.901325, 37.647549 ], [ -1.895302, 37.650306 ], [ -1.883887, 37.655765 ], [ -1.882528, 37.656381 ], [ -1.872477, 37.660826 ], [ -1.862889, 37.665203 ], [ -1.861064, 37.666018 ], [ -1.84965, 37.671102 ], [ -1.843215, 37.67402 ], [ -1.838234, 37.676265 ], [ -1.826813, 37.681588 ], [ -1.824178, 37.682841 ], [ -1.815389, 37.687063 ], [ -1.806135, 37.691669 ], [ -1.803959, 37.692759 ], [ -1.792524, 37.698665 ], [ -1.788849, 37.700502 ], [ -1.781089, 37.704462 ], [ -1.771045, 37.709326 ], [ -1.769656, 37.710021 ], [ -1.758217, 37.715848 ], [ -1.753577, 37.718152 ], [ -1.746776, 37.721671 ], [ -1.736096, 37.726975 ], [ -1.735336, 37.727369 ], [ -1.723885, 37.733576 ], [ -1.719666, 37.735806 ], [ -1.71243, 37.739909 ], [ -1.703496, 37.744638 ], [ -1.700977, 37.746032 ], [ -1.689519, 37.752324 ], [ -1.687447, 37.753469 ], [ -1.678053, 37.758933 ], [ -1.671941, 37.762304 ], [ -1.666588, 37.765415 ], [ -1.656224, 37.771135 ], [ -1.655122, 37.771777 ], [ -1.643646, 37.778615 ], [ -1.641272, 37.779972 ], [ -1.632164, 37.785686 ], [ -1.626922, 37.788815 ], [ -1.62068, 37.792719 ], [ -1.612513, 37.797655 ], [ -1.609194, 37.799755 ], [ -1.59817, 37.806493 ], [ -1.597706, 37.806791 ], [ -1.586207, 37.814271 ], [ -1.584559, 37.815339 ], [ -1.574701, 37.821989 ], [ -1.571125, 37.824186 ], [ -1.563193, 37.829696 ], [ -1.558262, 37.833037 ], [ -1.551678, 37.837627 ], [ -1.545545, 37.84189 ], [ -1.540157, 37.845749 ], [ -1.533157, 37.850744 ], [ -1.528629, 37.854059 ], [ -1.521025, 37.859601 ], [ -1.517096, 37.862524 ], [ -1.509072, 37.868459 ], [ -1.505554, 37.871285 ], [ -1.497327, 37.877318 ], [ -1.494013, 37.879911 ], [ -1.486162, 37.886183 ], [ -1.482455, 37.889186 ], [ -1.475393, 37.895053 ], [ -1.470887, 37.898797 ], [ -1.464891, 37.903925 ], [ -1.459312, 37.908634 ], [ -1.454354, 37.912795 ], [ -1.447727, 37.918779 ], [ -1.444238, 37.92167 ], [ -1.436142, 37.928761 ], [ -1.434213, 37.930545 ], [ -1.424669, 37.939426 ], [ -1.424537, 37.939556 ], [ -1.416061, 37.948319 ], [ -1.412905, 37.951416 ], [ -1.40736, 37.95721 ], [ -1.401268, 37.963342 ], [ -1.398244, 37.966094 ], [ -1.389638, 37.974768 ], [ -1.389437, 37.974982 ], [ -1.381919, 37.983887 ], [ -1.377958, 37.988339 ], [ -1.374287, 37.99279 ], [ -1.366515, 38.001691 ], [ -1.366271, 38.001986 ], [ -1.359228, 38.010597 ], [ -1.354559, 38.016555 ], [ -1.352207, 38.019507 ], [ -1.345641, 38.028423 ], [ -1.342816, 38.032291 ], [ -1.339377, 38.037343 ], [ -1.333371, 38.046266 ], [ -1.33103, 38.049719 ], [ -1.327459, 38.05519 ], [ -1.321679, 38.064115 ], [ -1.319216, 38.068121 ], [ -1.316302, 38.073047 ], [ -1.311404, 38.081984 ], [ -1.307332, 38.089268 ], [ -1.306469, 38.090921 ], [ -1.302322, 38.099869 ], [ -1.297582, 38.108809 ], [ -1.29536, 38.11388 ], [ -1.293567, 38.117758 ], [ -1.289888, 38.126713 ], [ -1.286458, 38.13567 ], [ -1.283243, 38.144371 ], [ -1.283152, 38.14463 ], [ -1.280258, 38.153595 ], [ -1.277186, 38.162558 ], [ -1.274636, 38.171529 ], [ -1.272462, 38.180504 ], [ -1.270794, 38.188426 ], [ -1.270568, 38.189484 ], [ -1.26887, 38.198467 ], [ -1.266957, 38.207447 ], [ -1.265457, 38.216432 ], [ -1.264335, 38.225423 ], [ -1.263581, 38.23442 ], [ -1.263142, 38.243421 ], [ -1.262956, 38.252426 ], [ -1.26259, 38.261428 ], [ -1.262583, 38.270436 ], [ -1.262933, 38.279449 ], [ -1.263639, 38.288467 ], [ -1.264656, 38.297489 ], [ -1.265886, 38.306515 ], [ -1.267097, 38.315541 ], [ -1.267692, 38.319183 ], [ -1.268331, 38.324566 ], [ -1.269766, 38.333595 ], [ -1.271684, 38.342631 ], [ -1.274071, 38.351674 ], [ -1.276838, 38.360722 ], [ -1.278032, 38.365456 ], [ -1.27889, 38.36976 ], [ -1.280625, 38.378793 ], [ -1.282804, 38.387832 ], [ -1.285529, 38.39688 ], [ -1.288532, 38.405433 ], [ -1.288663, 38.405933 ], [ -1.290683, 38.41497 ], [ -1.293019, 38.424011 ], [ -1.295946, 38.433061 ], [ -1.299135, 38.441534 ], [ -1.299306, 38.442118 ], [ -1.301517, 38.451157 ], [ -1.304243, 38.460204 ], [ -1.307635, 38.469261 ], [ -1.309811, 38.474881 ], [ -1.310857, 38.478315 ], [ -1.313501, 38.48736 ], [ -1.316804, 38.496415 ], [ -1.320571, 38.505066 ], [ -1.320716, 38.505479 ], [ -1.323397, 38.514524 ], [ -1.326722, 38.523579 ], [ -1.33098, 38.532648 ], [ -1.331376, 38.533659 ], [ -1.333955, 38.541697 ], [ -1.337443, 38.550754 ], [ -1.341817, 38.559824 ], [ -1.342222, 38.560801 ], [ -1.344958, 38.568875 ], [ -1.348691, 38.577935 ], [ -1.353105, 38.586646 ], [ -1.353263, 38.587007 ], [ -1.356602, 38.596061 ], [ -1.36071, 38.605126 ], [ -1.364013, 38.611785 ], [ -1.365034, 38.614194 ], [ -1.368752, 38.623253 ], [ -1.37335, 38.632325 ], [ -1.374958, 38.63554 ], [ -1.37745, 38.641389 ], [ -1.381669, 38.650454 ], [ -1.385932, 38.658381 ], [ -1.386474, 38.659528 ], [ -1.390445, 38.66859 ], [ -1.395321, 38.677664 ], [ -1.396923, 38.680729 ], [ -1.399653, 38.686731 ], [ -1.40431, 38.695802 ], [ -1.407938, 38.702259 ], [ -1.409248, 38.704876 ], [ -1.413712, 38.713944 ], [ -1.41898, 38.722915 ], [ -1.419037, 38.723023 ], [ -1.423394, 38.732089 ], [ -1.428676, 38.741168 ], [ -1.430028, 38.743564 ], [ -1.433564, 38.75024 ], [ -1.438627, 38.759315 ], [ -1.441096, 38.763549 ], [ -1.443677, 38.76839 ], [ -1.448829, 38.777465 ], [ -1.452182, 38.783018 ], [ -1.454128, 38.786543 ], [ -1.459289, 38.795618 ], [ -1.463283, 38.802016 ], [ -1.464815, 38.804698 ], [ -1.470135, 38.813775 ], [ -1.474399, 38.820596 ], [ -1.475731, 38.822855 ], [ -1.481036, 38.831931 ], [ -1.485527, 38.838884 ], [ -1.486806, 38.841013 ], [ -1.492222, 38.85009 ], [ -1.496668, 38.856843 ], [ -1.498095, 38.859173 ], [ -1.503643, 38.868251 ], [ -1.50782, 38.874484 ], [ -1.509602, 38.877335 ], [ -1.515333, 38.886415 ], [ -1.518984, 38.891854 ], [ -1.521282, 38.895497 ], [ -1.527222, 38.904579 ], [ -1.53016, 38.908908 ], [ -1.533183, 38.913661 ], [ -1.539358, 38.922746 ], [ -1.541347, 38.925646 ], [ -1.545332, 38.931827 ], [ -1.551779, 38.940915 ], [ -1.552546, 38.942034 ], [ -1.55771, 38.949995 ], [ -1.563752, 38.958347 ], [ -1.564258, 38.959083 ], [ -1.570309, 38.968164 ], [ -1.574965, 38.974572 ], [ -1.576811, 38.97725 ], [ -1.583175, 38.986335 ], [ -1.58619, 38.990449 ], [ -1.589649, 38.99542 ], [ -1.596356, 39.004508 ], [ -1.597426, 39.005983 ], [ -1.602702, 39.013591 ], [ -1.608669, 39.021469 ], [ -1.609547, 39.02268 ], [ -1.616044, 39.031764 ], [ -1.619917, 39.036875 ], [ -1.622797, 39.040851 ], [ -1.629692, 39.049939 ], [ -1.631178, 39.051903 ], [ -1.636332, 39.059024 ], [ -1.642445, 39.066827 ], [ -1.643415, 39.068113 ], [ -1.650183, 39.077199 ], [ -1.653718, 39.081723 ], [ -1.65714, 39.086286 ], [ -1.664397, 39.095376 ], [ -1.665004, 39.096156 ], [ -1.671198, 39.104461 ], [ -1.676291, 39.110784 ], [ -1.678471, 39.11355 ], [ -1.68564, 39.122638 ], [ -1.687589, 39.125076 ], [ -1.692716, 39.131724 ], [ -1.698893, 39.139241 ], [ -1.700144, 39.140814 ], [ -1.707368, 39.149901 ], [ -1.710203, 39.153366 ], [ -1.714644, 39.158989 ], [ -1.721523, 39.167178 ], [ -1.722255, 39.168079 ], [ -1.729541, 39.177166 ], [ -1.732845, 39.18111 ], [ -1.737019, 39.186254 ], [ -1.744178, 39.194648 ], [ -1.744756, 39.195344 ], [ -1.752183, 39.204431 ], [ -1.755513, 39.208354 ], [ -1.759769, 39.213518 ], [ -1.766859, 39.221694 ], [ -1.76763, 39.222609 ], [ -1.775225, 39.231695 ], [ -1.778207, 39.235148 ], [ -1.782999, 39.240784 ], [ -1.789564, 39.248285 ], [ -1.790905, 39.249873 ], [ -1.798724, 39.25896 ], [ -1.800925, 39.261479 ], [ -1.806524, 39.268047 ], [ -1.812292, 39.274532 ], [ -1.814554, 39.277136 ], [ -1.822642, 39.286225 ], [ -1.823667, 39.287383 ], [ -1.830505, 39.295311 ], [ -1.835044, 39.300354 ], [ -1.838596, 39.304398 ], [ -1.846431, 39.312973 ], [ -1.846894, 39.313487 ], [ -1.854909, 39.322573 ], [ -1.857819, 39.325788 ], [ -1.86303, 39.331659 ], [ -1.869214, 39.338398 ], [ -1.87133, 39.340747 ], [ -1.879673, 39.349834 ], [ -1.880616, 39.350865 ], [ -1.887836, 39.358919 ], [ -1.89202, 39.363427 ], [ -1.896228, 39.368005 ], [ -1.903433, 39.375682 ], [ -1.904724, 39.377092 ], [ -1.913158, 39.386178 ], [ -1.914849, 39.387986 ], [ -1.921552, 39.395263 ], [ -1.92627, 39.400245 ], [ -1.930099, 39.404348 ], [ -1.937698, 39.412275 ], [ -1.938794, 39.413434 ], [ -1.947421, 39.422519 ], [ -1.949131, 39.424276 ], [ -1.956107, 39.431604 ], [ -1.960568, 39.436233 ], [ -1.964844, 39.440689 ], [ -1.972011, 39.448023 ], [ -1.973708, 39.449774 ], [ -1.982608, 39.458859 ], [ -1.98346, 39.459728 ], [ -1.991431, 39.467942 ], [ -1.994912, 39.471455 ], [ -2.000385, 39.477026 ], [ -2.00637, 39.482992 ], [ -2.009495, 39.48611 ], [ -2.017835, 39.494354 ], [ -2.01868, 39.495195 ], [ -2.027835, 39.504278 ], [ -2.029303, 39.505726 ], [ -2.037019, 39.513361 ], [ -2.040776, 39.51703 ], [ -2.046303, 39.522444 ], [ -2.052255, 39.528195 ], [ -2.055693, 39.531527 ], [ -2.063739, 39.53922 ], [ -2.065204, 39.54061 ], [ -2.074746, 39.549693 ], [ -2.075228, 39.55015 ], [ -2.084309, 39.558775 ], [ -2.086721, 39.561045 ], [ -2.093964, 39.567857 ], [ -2.098219, 39.571822 ], [ -2.103717, 39.576939 ], [ -2.109722, 39.582473 ], [ -2.113611, 39.586022 ], [ -2.121231, 39.592962 ], [ -2.123582, 39.595104 ], [ -2.132743, 39.603408 ], [ -2.133604, 39.604185 ], [ -2.143713, 39.613266 ], [ -2.144261, 39.613756 ], [ -2.153924, 39.622348 ], [ -2.155783, 39.62399 ], [ -2.164251, 39.631429 ], [ -2.16731, 39.634078 ], [ -2.174723, 39.64051 ], [ -2.178842, 39.644072 ], [ -2.185261, 39.649591 ], [ -2.190378, 39.653971 ], [ -2.195904, 39.658671 ], [ -2.201919, 39.663761 ], [ -2.206668, 39.667751 ], [ -2.213464, 39.673427 ], [ -2.217598, 39.676832 ], [ -2.225015, 39.682921 ], [ -2.228665, 39.685912 ], [ -2.236569, 39.69236 ], [ -2.239818, 39.694992 ], [ -2.248127, 39.701687 ], [ -2.25111, 39.704072 ], [ -2.25969, 39.710888 ], [ -2.262565, 39.713151 ], [ -2.271258, 39.719926 ], [ -2.27423, 39.722231 ], [ -2.28283, 39.728862 ], [ -2.286025, 39.73131 ], [ -2.294406, 39.737685 ], [ -2.297984, 39.74039 ], [ -2.305986, 39.74638 ], [ -2.310139, 39.749469 ], [ -2.317571, 39.754936 ], [ -2.32253, 39.758548 ], [ -2.329159, 39.76334 ], [ -2.335099, 39.767627 ], [ -2.340752, 39.771652 ], [ -2.347866, 39.776705 ], [ -2.352348, 39.779845 ], [ -2.360864, 39.785784 ], [ -2.363948, 39.787909 ], [ -2.374111, 39.794862 ], [ -2.375553, 39.795826 ], [ -2.387161, 39.803621 ], [ -2.387643, 39.803941 ], [ -2.398774, 39.811168 ], [ -2.401622, 39.81302 ], [ -2.41039, 39.8186 ], [ -2.415883, 39.822098 ], [ -2.42201, 39.8259 ], [ -2.430412, 39.831177 ], [ -2.433633, 39.833149 ], [ -2.445174, 39.840254 ], [ -2.445259, 39.840306 ], [ -2.456891, 39.847067 ], [ -2.460763, 39.849334 ], [ -2.468525, 39.853734 ], [ -2.476634, 39.858413 ], [ -2.480162, 39.860384 ], [ -2.491802, 39.866883 ], [ -2.49292, 39.867491 ], [ -2.503447, 39.873022 ], [ -2.5101, 39.876571 ], [ -2.515095, 39.879139 ], [ -2.526745, 39.885184 ], [ -2.527672, 39.88565 ], [ -2.538399, 39.89082 ], [ -2.546337, 39.894731 ], [ -2.550056, 39.896489 ], [ -2.561716, 39.901905 ], [ -2.565866, 39.903812 ], [ -2.573379, 39.907117 ], [ -2.585043, 39.912307 ], [ -2.586419, 39.912893 ], [ -2.596713, 39.917079 ], [ -2.608383, 39.921932 ], [ -2.608493, 39.921975 ], [ -2.620058, 39.926282 ], [ -2.631733, 39.930727 ], [ -2.632653, 39.93106 ], [ -2.643412, 39.934815 ], [ -2.655092, 39.938975 ], [ -2.658522, 39.940146 ], [ -2.666775, 39.942871 ], [ -2.678459, 39.94669 ], [ -2.686246, 39.94923 ], [ -2.690145, 39.950472 ], [ -2.701833, 39.954115 ], [ -2.713522, 39.957709 ], [ -2.71554, 39.958311 ], [ -2.725213, 39.961148 ], [ -2.736906, 39.96454 ], [ -2.746763, 39.96739 ], [ -2.7486, 39.967921 ], [ -2.760295, 39.971245 ], [ -2.771991, 39.974441 ], [ -2.779559, 39.976463 ], [ -2.783689, 39.977573 ], [ -2.795388, 39.980682 ], [ -2.807088, 39.983715 ], [ -2.81414, 39.985529 ], [ -2.81879, 39.986737 ], [ -2.830492, 39.989738 ], [ -2.842196, 39.992611 ], [ -2.850469, 39.994588 ], [ -2.8539, 39.995428 ], [ -2.865606, 39.998303 ], [ -2.877313, 40.001074 ], [ -2.888493, 40.003637 ], [ -2.889021, 40.003764 ], [ -2.90073, 40.006602 ], [ -2.912439, 40.009286 ], [ -2.92415, 40.01183 ], [ -2.928012, 40.012674 ], [ -2.935862, 40.01447 ], [ -2.947574, 40.017106 ], [ -2.959288, 40.019659 ], [ -2.969233, 40.021698 ], [ -2.971002, 40.022084 ], [ -2.982718, 40.024757 ], [ -2.994434, 40.027239 ], [ -3.006151, 40.029552 ], [ -3.012019, 40.030707 ], [ -3.017868, 40.03195 ], [ -3.029587, 40.034471 ], [ -3.041306, 40.036853 ], [ -3.053027, 40.03907 ], [ -3.056324, 40.0397 ], [ -3.064748, 40.041496 ], [ -3.07647, 40.043924 ], [ -3.088192, 40.046146 ], [ -3.099915, 40.04819 ], [ -3.102526, 40.048675 ], [ -3.111639, 40.05056 ], [ -3.123364, 40.052912 ], [ -3.13509, 40.055149 ], [ -3.146815, 40.05709 ], [ -3.149876, 40.057629 ], [ -3.158543, 40.059389 ], [ -3.170271, 40.0617 ], [ -3.181999, 40.063784 ], [ -3.193727, 40.065676 ], [ -3.199071, 40.066561 ], [ -3.205457, 40.067783 ], [ -3.217188, 40.070088 ], [ -3.228919, 40.072253 ], [ -3.24065, 40.074113 ], [ -3.249781, 40.075468 ], [ -3.252382, 40.07593 ], [ -3.264116, 40.078285 ], [ -3.27585, 40.080375 ], [ -3.287583, 40.082244 ], [ -3.299317, 40.083924 ], [ -3.301984, 40.08435 ], [ -3.311053, 40.086075 ], [ -3.32279, 40.088209 ], [ -3.334527, 40.090237 ], [ -3.346263, 40.091941 ], [ -3.355638, 40.093203 ], [ -3.358, 40.093596 ], [ -3.36974, 40.095881 ], [ -3.38148, 40.097885 ], [ -3.393219, 40.099658 ], [ -3.404957, 40.101237 ], [ -3.410582, 40.102027 ], [ -3.416698, 40.103087 ], [ -3.428441, 40.105183 ], [ -3.440184, 40.107208 ], [ -3.451925, 40.108876 ], [ -3.463666, 40.110345 ], [ -3.467069, 40.110819 ], [ -3.475411, 40.112289 ], [ -3.487157, 40.114355 ], [ -3.498901, 40.116159 ], [ -3.510645, 40.117748 ], [ -3.522388, 40.119158 ], [ -3.52539, 40.119575 ], [ -3.534136, 40.121112 ], [ -3.545883, 40.12293 ], [ -3.557633, 40.124989 ], [ -3.569379, 40.126526 ], [ -3.581124, 40.127871 ], [ -3.584415, 40.128298 ], [ -3.592875, 40.129734 ], [ -3.604627, 40.131739 ], [ -3.616377, 40.133469 ], [ -3.628125, 40.134978 ], [ -3.639873, 40.136304 ], [ -3.645477, 40.136979 ], [ -3.651624, 40.137954 ], [ -3.663376, 40.139595 ], [ -3.675133, 40.141781 ], [ -3.686885, 40.143302 ], [ -3.698635, 40.144628 ], [ -3.708174, 40.145618 ], [ -3.710385, 40.145929 ], [ -3.722144, 40.148024 ], [ -3.733901, 40.149817 ], [ -3.745656, 40.151367 ], [ -3.757408, 40.152718 ], [ -3.76916, 40.153904 ], [ -3.771708, 40.154218 ], [ -3.780919, 40.155734 ], [ -3.792677, 40.157361 ], [ -3.804438, 40.159266 ], [ -3.816194, 40.160671 ], [ -3.827949, 40.161897 ], [ -3.836835, 40.162771 ], [ -3.839704, 40.16316 ], [ -3.851469, 40.165168 ], [ -3.863231, 40.166886 ], [ -3.87499, 40.168368 ], [ -3.886748, 40.169658 ], [ -3.898504, 40.170789 ], [ -3.902993, 40.171279 ], [ -3.910266, 40.172368 ], [ -3.92203, 40.174034 ], [ -3.933797, 40.175864 ], [ -3.945558, 40.177253 ], [ -3.957317, 40.178464 ], [ -3.969075, 40.179525 ], [ -3.970924, 40.179735 ], [ -3.980843, 40.181287 ], [ -3.992611, 40.183052 ], [ -4.004377, 40.184569 ], [ -4.01614, 40.185884 ], [ -4.027901, 40.187031 ], [ -4.03966, 40.188038 ], [ -4.040507, 40.188136 ], [ -4.051433, 40.189874 ], [ -4.063201, 40.191426 ], [ -4.074971, 40.193036 ], [ -4.086737, 40.194331 ], [ -4.0985, 40.195477 ], [ -4.110262, 40.196493 ], [ -4.110263, 40.196493 ], [ -4.122039, 40.19837 ], [ -4.133813, 40.200062 ], [ -4.145583, 40.201516 ], [ -4.157351, 40.202769 ], [ -4.169116, 40.203851 ], [ -4.180879, 40.204783 ], [ -4.181023, 40.204798 ], [ -4.192655, 40.20646 ], [ -4.204429, 40.208003 ], [ -4.2162, 40.209295 ], [ -4.227968, 40.210435 ], [ -4.239734, 40.21144 ], [ -4.251498, 40.212325 ], [ -4.260958, 40.21296 ], [ -4.263262, 40.213181 ], [ -4.275037, 40.214613 ], [ -4.286811, 40.215955 ], [ -4.298582, 40.217122 ], [ -4.310351, 40.218137 ], [ -4.322117, 40.219023 ], [ -4.333881, 40.219794 ], [ -4.345644, 40.220468 ], [ -4.353482, 40.22092 ], [ -4.357408, 40.221216 ], [ -4.369183, 40.222483 ], [ -4.380955, 40.22358 ], [ -4.392725, 40.224554 ], [ -4.404493, 40.225421 ], [ -4.41626, 40.22619 ], [ -4.428024, 40.226872 ], [ -4.439787, 40.227476 ], [ -4.451549, 40.228009 ], [ -4.46331, 40.228476 ], [ -4.465296, 40.228564 ], [ -4.475077, 40.229207 ], [ -4.486848, 40.230132 ], [ -4.498616, 40.230924 ], [ -4.510383, 40.231646 ], [ -4.522149, 40.232282 ], [ -4.533913, 40.232854 ], [ -4.545676, 40.233367 ], [ -4.557438, 40.233824 ], [ -4.569199, 40.234229 ], [ -4.580959, 40.234585 ], [ -4.592718, 40.234895 ], [ -4.604476, 40.235162 ], [ -4.616233, 40.235387 ], [ -4.621891, 40.23548 ], [ -4.627991, 40.235652 ], [ -4.639756, 40.236188 ], [ -4.651519, 40.236643 ], [ -4.66328, 40.237033 ], [ -4.675041, 40.23738 ], [ -4.6868, 40.237687 ], [ -4.698559, 40.237955 ], [ -4.710317, 40.238184 ], [ -4.722074, 40.238376 ], [ -4.73383, 40.238533 ], [ -4.745585, 40.238654 ], [ -4.75734, 40.238741 ], [ -4.769094, 40.238796 ], [ -4.780846, 40.238818 ], [ -4.79259, 40.23848 ], [ -4.80435, 40.238787 ], [ -4.816101, 40.238751 ], [ -4.827852, 40.238691 ], [ -4.839601, 40.238607 ], [ -4.851351, 40.238498 ], [ -4.863099, 40.238365 ], [ -4.874847, 40.238207 ], [ -4.886593, 40.238025 ], [ -4.89834, 40.237817 ], [ -4.910085, 40.237585 ], [ -4.92183, 40.237328 ], [ -4.933573, 40.237046 ], [ -4.945316, 40.236741 ], [ -4.957059, 40.236436 ], [ -4.968801, 40.236106 ], [ -4.980542, 40.235749 ], [ -4.992282, 40.235364 ], [ -5.004022, 40.23495 ], [ -5.01576, 40.234507 ], [ -5.027497, 40.234034 ], [ -5.039233, 40.233528 ], [ -5.050967, 40.23299 ], [ -5.062701, 40.232417 ], [ -5.074433, 40.23181 ], [ -5.086164, 40.231166 ], [ -5.097891, 40.23042 ], [ -5.109618, 40.229641 ], [ -5.121343, 40.228835 ], [ -5.133067, 40.228004 ], [ -5.144792, 40.227212 ], [ -5.150078, 40.22687 ], [ -5.156519, 40.226503 ], [ -5.168245, 40.225783 ], [ -5.17997, 40.22501 ], [ -5.191693, 40.224188 ], [ -5.203414, 40.223319 ], [ -5.215133, 40.222408 ], [ -5.226851, 40.221462 ], [ -5.238569, 40.220539 ], [ -5.250287, 40.219598 ], [ -5.262003, 40.218633 ], [ -5.273718, 40.217642 ], [ -5.285432, 40.216626 ], [ -5.297144, 40.215583 ], [ -5.304776, 40.214887 ], [ -5.308855, 40.214519 ], [ -5.320566, 40.213437 ], [ -5.332275, 40.212331 ], [ -5.343983, 40.211198 ], [ -5.35569, 40.21004 ], [ -5.367395, 40.208856 ], [ -5.379099, 40.207645 ], [ -5.390801, 40.206408 ], [ -5.402502, 40.205144 ], [ -5.414202, 40.203854 ], [ -5.416419, 40.203605 ], [ -5.425901, 40.202549 ], [ -5.437599, 40.201222 ], [ -5.449295, 40.199868 ], [ -5.460989, 40.198489 ], [ -5.472683, 40.197083 ], [ -5.484374, 40.19565 ], [ -5.496065, 40.19419 ], [ -5.507753, 40.192702 ], [ -5.508177, 40.192648 ], [ -5.519441, 40.191205 ], [ -5.531128, 40.189683 ], [ -5.542812, 40.188133 ], [ -5.554496, 40.186555 ], [ -5.566177, 40.18495 ], [ -5.577857, 40.183316 ], [ -5.587888, 40.181888 ], [ -5.589535, 40.181656 ], [ -5.601213, 40.179986 ], [ -5.612889, 40.178289 ], [ -5.624563, 40.176566 ], [ -5.636235, 40.174815 ], [ -5.647906, 40.173037 ], [ -5.659365, 40.171263 ], [ -5.659575, 40.171231 ], [ -5.671244, 40.16944 ], [ -5.682913, 40.167664 ], [ -5.694581, 40.165859 ], [ -5.706244, 40.163978 ], [ -5.717902, 40.161966 ], [ -5.725168, 40.160728 ], [ -5.729563, 40.160048 ], [ -5.741229, 40.158281 ], [ -5.752891, 40.156427 ], [ -5.764546, 40.154426 ], [ -5.776192, 40.152198 ], [ -5.785798, 40.15028 ], [ -5.787835, 40.149944 ], [ -5.7995, 40.148228 ], [ -5.811158, 40.146349 ], [ -5.822803, 40.144189 ], [ -5.834433, 40.141674 ], [ -5.842899, 40.139887 ], [ -5.84607, 40.139355 ], [ -5.857727, 40.137523 ], [ -5.869372, 40.13543 ], [ -5.881002, 40.133011 ], [ -5.892615, 40.13018 ], [ -5.895646, 40.129576 ], [ -5.904263, 40.128217 ], [ -5.915906, 40.12616 ], [ -5.927536, 40.1238 ], [ -5.939149, 40.121059 ], [ -5.9461, 40.119298 ], [ -5.950761, 40.118333 ], [ -5.962411, 40.116502 ], [ -5.974038, 40.114153 ], [ -5.985645, 40.111365 ], [ -5.995049, 40.109038 ], [ -5.997252, 40.108603 ], [ -6.008887, 40.106507 ], [ -6.020507, 40.104057 ], [ -6.032104, 40.101149 ], [ -6.041181, 40.098831 ], [ -6.043705, 40.098318 ], [ -6.055332, 40.096114 ], [ -6.066942, 40.09354 ], [ -6.07853, 40.090481 ], [ -6.085494, 40.088655 ], [ -6.090124, 40.087596 ], [ -6.101747, 40.085387 ], [ -6.113346, 40.082638 ], [ -6.124915, 40.079266 ], [ -6.127999, 40.07851 ], [ -6.136526, 40.076849 ], [ -6.14813, 40.074286 ], [ -6.159708, 40.071178 ], [ -6.169476, 40.068378 ], [ -6.17128, 40.067965 ], [ -6.182888, 40.065544 ], [ -6.194473, 40.062642 ], [ -6.206025, 40.059086 ], [ -6.209052, 40.058284 ], [ -6.217622, 40.056487 ], [ -6.229211, 40.053747 ], [ -6.240757, 40.050109 ], [ -6.248354, 40.048184 ], [ -6.252338, 40.047239 ], [ -6.263929, 40.044618 ], [ -6.27549, 40.041362 ], [ -6.285708, 40.038127 ], [ -6.287034, 40.037791 ], [ -6.298624, 40.03519 ], [ -6.310183, 40.031974 ], [ -6.32171, 40.028119 ], [ -6.321804, 40.028093 ], [ -6.333296, 40.025516 ], [ -6.344853, 40.022319 ], [ -6.356369, 40.018307 ], [ -6.3572, 40.018069 ], [ -6.367949, 40.015639 ], [ -6.379501, 40.012405 ], [ -6.391011, 40.008357 ], [ -6.392053, 40.008049 ], [ -6.402583, 40.005595 ], [ -6.414125, 40.002222 ], [ -6.425325, 39.998066 ], [ -6.425621, 39.997978 ], [ -6.437187, 39.995143 ], [ -6.448713, 39.991545 ], [ -6.458118, 39.988088 ], [ -6.460214, 39.987472 ], [ -6.471771, 39.984514 ], [ -6.483286, 39.980775 ], [ -6.490859, 39.978103 ], [ -6.494798, 39.976996 ], [ -6.50635, 39.974017 ], [ -6.517862, 39.970277 ], [ -6.52451, 39.96808 ], [ -6.529388, 39.966833 ], [ -6.54094, 39.963924 ], [ -6.552449, 39.960192 ], [ -6.558903, 39.958025 ], [ -6.563969, 39.956703 ], [ -6.575518, 39.953803 ], [ -6.587024, 39.950097 ], [ -6.593417, 39.947956 ], [ -6.598542, 39.946622 ], [ -6.61009, 39.943766 ], [ -6.621597, 39.940135 ], [ -6.628458, 39.937861 ], [ -6.633111, 39.936661 ], [ -6.644661, 39.933899 ], [ -6.656156, 39.930109 ], [ -6.664241, 39.927731 ], [ -6.667678, 39.92685 ], [ -6.679231, 39.924205 ], [ -6.690748, 39.920892 ], [ -6.700262, 39.917583 ], [ -6.702235, 39.917053 ], [ -6.713793, 39.914553 ], [ -6.725319, 39.911456 ], [ -6.736794, 39.907471 ], [ -6.737056, 39.907398 ], [ -6.748353, 39.905021 ], [ -6.759888, 39.902163 ], [ -6.771379, 39.898533 ], [ -6.776211, 39.897126 ], [ -6.78291, 39.89564 ], [ -6.794455, 39.893023 ], [ -6.805965, 39.889789 ], [ -6.814975, 39.886852 ], [ -6.817457, 39.886235 ], [ -6.829014, 39.883892 ], [ -6.840543, 39.88105 ], [ -6.852031, 39.87749 ], [ -6.855563, 39.876506 ], [ -6.863567, 39.874819 ], [ -6.875114, 39.872345 ], [ -6.886628, 39.869313 ], [ -6.896866, 39.866121 ], [ -6.898115, 39.865822 ], [ -6.909676, 39.863654 ], [ -6.921214, 39.861097 ], [ -6.932721, 39.85801 ], [ -6.940808, 39.855632 ], [ -6.944224, 39.854871 ], [ -6.955784, 39.852743 ], [ -6.967322, 39.850241 ], [ -6.978829, 39.84722 ], [ -6.986665, 39.84506 ], [ -6.99034, 39.844294 ], [ -7.001898, 39.84218 ], [ -7.01344, 39.839823 ], [ -7.024956, 39.837021 ], [ -7.034375, 39.834406 ], [ -7.036456, 39.833966 ], [ -7.048024, 39.832077 ], [ -7.059577, 39.829952 ], [ -7.071111, 39.827519 ], [ -7.08262, 39.82468 ], [ -7.087729, 39.823533 ], [ -7.094163, 39.822432 ], [ -7.105729, 39.820583 ], [ -7.117281, 39.818502 ], [ -7.128817, 39.816171 ], [ -7.140335, 39.813553 ], [ -7.145178, 39.812489 ], [ -7.151878, 39.811368 ], [ -7.163453, 39.809723 ], [ -7.175022, 39.807981 ], [ -7.186584, 39.806147 ], [ -7.198169, 39.804689 ], [ -7.209754, 39.803255 ], [ -7.21788, 39.800863 ], [ -7.221254, 39.80043 ], [ -7.232876, 39.799599 ], [ -7.244494, 39.798719 ], [ -7.256113, 39.797866 ], [ -7.267741, 39.797154 ], [ -7.279389, 39.796783 ], [ -7.29098, 39.795476 ], [ -7.302512, 39.79324 ], [ -7.314016, 39.790581 ], [ -7.323238, 39.787977 ], [ -7.325511, 39.787778 ], [ -7.337145, 39.787216 ], [ -7.348741, 39.786035 ], [ -7.360418, 39.786155 ], [ -7.37204, 39.785409 ], [ -7.383673, 39.784836 ], [ -7.395321, 39.784501 ], [ -7.406988, 39.78447 ], [ -7.41864, 39.784195 ], [ -7.423703, 39.784183 ], [ -7.430362, 39.785028 ], [ -7.442137, 39.786658 ], [ -7.453892, 39.787985 ], [ -7.465659, 39.789485 ], [ -7.477378, 39.790253 ], [ -7.489011, 39.789677 ], [ -7.500712, 39.790152 ], [ -7.500994, 39.790207 ], [ -7.512712, 39.795201 ], [ -7.524539, 39.797585 ], [ -7.530293, 39.798065 ], [ -7.536336, 39.799498 ], [ -7.548342, 39.804569 ], [ -7.554145, 39.806131 ], [ -7.560252, 39.808152 ], [ -7.572262, 39.813233 ], [ -7.57429, 39.814338 ], [ -7.584514, 39.821918 ], [ -7.5858, 39.822884 ], [ -7.596747, 39.830271 ], [ -7.597982, 39.831402 ], [ -7.604688, 39.840136 ], [ -7.609453, 39.845643 ], [ -7.611527, 39.848865 ], [ -7.616534, 39.857666 ], [ -7.619902, 39.866533 ], [ -7.622946, 39.872632 ], [ -7.62378, 39.875379 ], [ -7.624359, 39.884356 ], [ -7.624584, 39.893348 ], [ -7.625035, 39.902331 ], [ -7.62596, 39.911295 ], [ -7.630533, 39.920113 ], [ -7.627969, 39.929216 ], [ -7.630408, 39.93812 ], [ -7.639406, 39.94676 ], [ -7.64013, 39.954014 ], [ -7.640311, 39.955724 ], [ -7.641484, 39.964678 ], [ -7.641784, 39.973667 ], [ -7.65158, 39.982274 ], [ -7.654058, 39.986838 ], [ -7.655886, 39.991102 ], [ -7.659699, 39.999949 ], [ -7.663954, 40.008778 ], [ -7.667797, 40.016665 ], [ -7.668277, 40.017604 ], [ -7.67304, 40.026413 ], [ -7.678102, 40.035209 ], [ -7.681143, 40.040583 ], [ -7.683239, 40.044001 ], [ -7.688892, 40.052773 ], [ -7.694292, 40.061482 ], [ -7.694339, 40.061552 ], [ -7.701367, 40.070267 ], [ -7.706922, 40.079042 ], [ -7.707248, 40.079454 ], [ -7.714715, 40.087725 ], [ -7.720068, 40.095372 ], [ -7.720859, 40.096475 ], [ -7.729328, 40.105129 ], [ -7.732745, 40.109129 ], [ -7.737398, 40.113799 ], [ -7.7449, 40.122492 ], [ -7.745434, 40.122975 ], [ -7.75484, 40.131084 ], [ -7.757945, 40.134204 ], [ -7.764457, 40.139688 ], [ -7.770464, 40.145488 ], [ -7.773818, 40.148302 ], [ -7.782988, 40.156775 ], [ -7.783166, 40.156916 ], [ -7.794447, 40.165448 ], [ -7.795374, 40.166054 ], [ -7.806495, 40.173948 ], [ -7.807735, 40.174932 ], [ -7.818692, 40.18244 ], [ -7.82006, 40.183238 ], [ -7.831655, 40.190899 ], [ -7.832374, 40.19136 ], [ -7.844634, 40.198687 ], [ -7.845688, 40.199311 ], [ -7.856813, 40.204823 ], [ -7.861818, 40.207633 ], [ -7.868999, 40.211051 ], [ -7.877636, 40.215967 ], [ -7.881215, 40.217643 ], [ -7.893144, 40.224311 ], [ -7.893449, 40.22446 ], [ -7.90551, 40.228854 ], [ -7.9129, 40.232472 ], [ -7.917646, 40.234251 ], [ -7.929804, 40.239939 ], [ -7.931617, 40.240674 ], [ -7.941814, 40.243559 ], [ -7.953268, 40.248747 ], [ -7.953958, 40.248987 ], [ -7.965921, 40.251932 ], [ -7.977207, 40.256717 ], [ -7.97804, 40.256986 ], [ -7.98998, 40.259571 ], [ -8.002086, 40.264408 ], [ -8.002748, 40.264613 ], [ -8.014067, 40.267526 ], [ -8.026091, 40.271208 ], [ -8.030305, 40.272415 ], [ -8.038064, 40.274188 ], [ -8.050054, 40.277382 ], [ -8.059224, 40.280151 ], [ -8.062071, 40.280926 ], [ -8.074031, 40.283686 ], [ -8.086024, 40.286876 ], [ -8.089739, 40.287809 ], [ -8.097981, 40.289567 ], [ -8.109961, 40.292558 ], [ -8.121224, 40.295415 ], [ -8.121945, 40.295585 ], [ -8.133885, 40.29803 ], [ -8.145845, 40.300715 ], [ -8.155066, 40.302908 ], [ -8.157813, 40.30349 ], [ -8.16976, 40.305987 ], [ -8.181717, 40.308599 ], [ -8.189701, 40.310355 ], [ -8.193672, 40.311169 ], [ -8.205609, 40.313492 ], [ -8.217556, 40.315945 ], [ -8.225989, 40.317716 ], [ -8.229505, 40.318401 ], [ -8.241441, 40.320685 ], [ -8.253383, 40.323043 ], [ -8.263265, 40.32502 ], [ -8.265328, 40.325414 ], [ -8.277255, 40.327558 ], [ -8.289189, 40.329773 ], [ -8.301131, 40.332086 ], [ -8.301989, 40.332246 ], [ -8.313065, 40.334279 ], [ -8.324994, 40.33641 ], [ -8.336926, 40.338559 ], [ -8.341748, 40.339411 ], [ -8.348853, 40.340645 ], [ -8.360778, 40.342689 ], [ -8.372704, 40.344741 ], [ -8.382863, 40.346498 ], [ -8.384631, 40.346798 ], [ -8.396557, 40.348823 ], [ -8.40848, 40.35082 ], [ -8.420402, 40.352786 ], [ -8.424947, 40.353525 ], [ -8.432323, 40.354729 ], [ -8.444243, 40.356654 ], [ -8.456162, 40.358559 ], [ -8.468081, 40.360453 ], [ -8.468246, 40.360479 ], [ -8.480006, 40.362414 ], [ -8.491924, 40.364288 ], [ -8.503839, 40.366108 ], [ -8.512325, 40.367378 ], [ -8.515752, 40.367907 ], [ -8.527671, 40.369759 ], [ -8.539585, 40.371554 ], [ -8.551496, 40.373298 ], [ -8.557683, 40.374199 ], [ -8.563409, 40.37506 ], [ -8.575326, 40.376867 ], [ -8.587238, 40.378607 ], [ -8.599146, 40.380288 ], [ -8.603908, 40.38096 ], [ -8.611058, 40.382009 ], [ -8.622972, 40.383745 ], [ -8.634882, 40.385424 ], [ -8.646787, 40.38705 ], [ -8.651162, 40.387651 ], [ -8.658698, 40.388726 ], [ -8.670612, 40.390442 ], [ -8.682518, 40.392049 ], [ -8.694422, 40.393631 ], [ -8.6993, 40.394279 ], [ -8.70633, 40.395253 ], [ -8.71824, 40.396895 ], [ -8.730147, 40.398484 ], [ -8.742049, 40.400023 ], [ -8.748376, 40.40084 ], [ -8.753955, 40.401589 ], [ -8.765864, 40.403194 ], [ -8.777775, 40.404818 ], [ -8.789673, 40.406278 ], [ -8.798224, 40.407341 ], [ -8.801575, 40.407778 ], [ -8.813484, 40.409358 ], [ -8.825389, 40.410883 ], [ -8.83729, 40.412357 ], [ -8.849055, 40.41377 ], [ -8.849188, 40.413786 ], [ -8.861097, 40.415334 ], [ -8.873001, 40.416833 ], [ -8.884902, 40.418282 ], [ -8.896799, 40.419673 ], [ -8.900658, 40.420136 ], [ -8.908702, 40.421136 ], [ -8.920605, 40.422601 ], [ -8.932507, 40.424032 ], [ -8.944405, 40.425431 ], [ -8.953053, 40.426438 ], [ -8.956305, 40.426829 ], [ -8.968209, 40.428274 ], [ -8.98011, 40.429685 ], [ -8.992009, 40.431064 ], [ -9.003905, 40.432411 ], [ -9.006283, 40.432672 ], [ -9.015806, 40.4338 ], [ -9.027706, 40.435178 ], [ -9.039605, 40.436534 ], [ -9.051503, 40.437876 ], [ -9.060155, 40.438848 ], [ -9.063401, 40.439218 ], [ -9.075301, 40.440574 ], [ -9.0872, 40.441912 ], [ -9.099098, 40.443234 ], [ -9.110995, 40.444539 ], [ -9.114798, 40.444957 ], [ -9.122893, 40.44586 ], [ -9.134788, 40.447133 ], [ -9.146688, 40.448456 ], [ -9.158591, 40.44981 ], [ -9.169312, 40.451046 ], [ -9.170496, 40.451183 ], [ -9.1824, 40.452545 ], [ -9.194304, 40.453896 ], [ -9.206207, 40.455225 ], [ -9.218106, 40.456516 ], [ -9.223814, 40.45711 ], [ -9.230001, 40.457757 ], [ -9.24189, 40.45893 ], [ -9.253773, 40.460024 ], [ -9.265646, 40.461024 ], [ -9.277514, 40.461959 ], [ -9.287059, 40.462671 ], [ -9.289378, 40.462845 ], [ -9.301238, 40.463683 ], [ -9.313092, 40.464467 ], [ -9.324942, 40.465199 ], [ -9.336788, 40.465876 ], [ -9.348628, 40.466502 ], [ -9.360464, 40.467074 ], [ -9.366119, 40.467322 ], [ -9.372294, 40.467594 ], [ -9.38412, 40.468057 ], [ -9.395941, 40.46847 ], [ -9.407756, 40.468824 ], [ -9.419566, 40.469122 ], [ -9.431371, 40.469364 ], [ -9.44317, 40.469551 ], [ -9.454964, 40.469683 ], [ -9.466753, 40.469759 ], [ -9.478537, 40.469781 ], [ -9.483507, 40.469766 ], [ -9.490315, 40.469748 ], [ -9.502088, 40.46966 ], [ -9.513856, 40.469516 ], [ -9.525616, 40.469306 ], [ -9.537371, 40.46903 ], [ -9.549119, 40.468694 ], [ -9.560861, 40.468299 ], [ -9.572598, 40.467845 ], [ -9.584329, 40.467333 ], [ -9.596053, 40.466764 ], [ -9.607772, 40.466141 ], [ -9.619486, 40.465461 ], [ -9.631194, 40.464729 ], [ -9.642905, 40.464037 ], [ -9.654598, 40.463154 ], [ -9.66629, 40.462273 ], [ -9.677975, 40.461332 ], [ -9.689655, 40.460334 ], [ -9.701329, 40.459281 ], [ -9.712997, 40.458176 ], [ -9.72466, 40.45702 ], [ -9.736318, 40.455815 ], [ -9.747183, 40.454608 ], [ -9.747965, 40.454517 ], [ -9.759601, 40.453104 ], [ -9.771231, 40.451641 ], [ -9.782853, 40.45011 ], [ -9.79447, 40.448528 ], [ -9.806082, 40.446901 ], [ -9.817689, 40.445235 ], [ -9.829291, 40.44353 ], [ -9.84089, 40.441795 ], [ -9.852485, 40.440032 ], [ -9.858621, 40.439024 ], [ -9.86406, 40.438069 ], [ -9.875622, 40.436002 ], [ -9.887189, 40.433981 ], [ -9.898747, 40.431881 ], [ -9.910302, 40.429756 ], [ -9.921854, 40.427614 ], [ -9.932052, 40.425628 ], [ -9.933393, 40.425352 ], [ -9.944909, 40.422876 ], [ -9.956423, 40.420396 ], [ -9.967937, 40.417919 ], [ -9.979452, 40.415451 ], [ -9.990245, 40.413112 ], [ -9.990961, 40.412947 ], [ -10.002436, 40.410117 ], [ -10.013926, 40.407442 ], [ -10.025406, 40.404683 ], [ -10.036885, 40.401926 ], [ -10.040222, 40.40107 ], [ -10.048335, 40.398895 ], [ -10.05978, 40.395832 ], [ -10.071227, 40.392795 ], [ -10.082673, 40.389762 ], [ -10.08401, 40.389388 ], [ -10.094087, 40.386436 ], [ -10.105503, 40.383136 ], [ -10.116924, 40.379901 ], [ -10.123929, 40.377928 ], [ -10.128337, 40.376596 ], [ -10.139727, 40.373086 ], [ -10.151118, 40.369593 ], [ -10.160542, 40.366661 ], [ -10.1625, 40.366032 ], [ -10.173861, 40.362277 ], [ -10.185224, 40.358562 ], [ -10.194314, 40.35556 ], [ -10.196579, 40.354787 ], [ -10.207913, 40.350821 ], [ -10.219254, 40.34693 ], [ -10.226058, 40.344577 ], [ -10.230582, 40.34294 ], [ -10.241904, 40.338895 ], [ -10.253221, 40.334827 ], [ -10.256321, 40.333678 ], [ -10.264517, 40.330569 ], [ -10.275808, 40.326284 ], [ -10.284656, 40.322894 ], [ -10.287091, 40.321941 ], [ -10.298357, 40.317451 ], [ -10.309627, 40.313012 ], [ -10.31165, 40.312188 ], [ -10.320871, 40.30835 ], [ -10.33212, 40.303741 ], [ -10.337403, 40.301555 ], [ -10.343353, 40.299004 ], [ -10.354593, 40.294343 ], [ -10.36248, 40.29096 ], [ -10.365813, 40.289514 ], [ -10.37702, 40.284585 ], [ -10.386301, 40.28044 ], [ -10.388217, 40.279579 ], [ -10.399403, 40.274484 ], [ -10.409164, 40.269976 ], [ -10.410579, 40.26932 ], [ -10.421744, 40.264067 ], [ -10.431259, 40.259558 ], [ -10.432903, 40.258774 ], [ -10.444049, 40.253379 ], [ -10.452939, 40.249163 ], [ -10.455201, 40.248056 ], [ -10.46634, 40.242628 ], [ -10.473906, 40.23881 ], [ -10.477458, 40.237036 ], [ -10.488567, 40.231374 ], [ -10.494079, 40.228505 ], [ -10.499667, 40.225642 ], [ -10.510745, 40.219734 ], [ -10.513531, 40.218244 ], [ -10.521828, 40.21389 ], [ -10.532512, 40.20801 ], [ -10.532883, 40.207809 ], [ -10.543946, 40.201818 ], [ -10.551133, 40.197797 ], [ -10.55499, 40.195673 ], [ -10.566039, 40.189594 ], [ -10.569563, 40.187594 ], [ -10.577078, 40.18344 ], [ -10.587219, 40.177439 ], [ -10.588077, 40.176945 ], [ -10.599091, 40.170609 ], [ -10.604615, 40.167298 ], [ -10.610086, 40.164115 ], [ -10.621046, 40.15733 ], [ -10.62125, 40.157206 ], [ -10.63203, 40.150784 ], [ -10.637902, 40.147109 ], [ -10.642988, 40.144022 ], [ -10.653832, 40.137059 ], [ -10.653916, 40.137007 ], [ -10.664868, 40.130232 ], [ -10.670049, 40.126987 ], [ -10.675808, 40.12337 ], [ -10.685477, 40.116966 ], [ -10.686708, 40.116169 ], [ -10.697614, 40.10904 ], [ -10.700751, 40.106953 ], [ -10.708518, 40.10192 ], [ -10.715785, 40.096955 ], [ -10.719392, 40.094552 ], [ -10.730191, 40.086996 ], [ -10.730238, 40.086964 ], [ -10.741107, 40.079592 ], [ -10.744762, 40.077025 ], [ -10.751961, 40.072106 ], [ -10.758977, 40.067076 ], [ -10.762788, 40.064415 ], [ -10.772803, 40.057152 ], [ -10.773597, 40.05658 ], [ -10.784413, 40.048827 ], [ -10.786608, 40.047227 ], [ -10.795225, 40.041064 ], [ -10.800268, 40.037311 ], [ -10.806014, 40.033113 ], [ -10.813517, 40.027421 ], [ -10.81678, 40.024991 ], [ -10.826415, 40.017554 ], [ -10.827526, 40.016712 ], [ -10.83826, 40.008362 ], [ -10.839117, 40.007699 ], [ -10.849011, 40.000166 ], [ -10.851977, 39.997831 ], [ -10.859744, 39.991843 ], [ -10.864635, 39.987976 ], [ -10.870459, 39.983393 ], [ -10.876985, 39.978141 ], [ -10.881156, 39.974804 ], [ -10.889093, 39.968321 ], [ -10.891837, 39.966093 ], [ -10.900985, 39.958515 ], [ -10.902501, 39.957267 ], [ -10.912677, 39.948721 ], [ -10.91315, 39.948326 ], [ -10.923789, 39.939328 ], [ -10.924254, 39.938934 ], [ -10.934423, 39.930307 ], [ -10.935772, 39.92915 ], [ -10.945051, 39.921264 ], [ -10.947234, 39.919369 ], [ -10.955665, 39.912117 ], [ -10.958533, 39.909598 ], [ -10.966261, 39.902844 ], [ -10.96971, 39.899835 ], [ -10.976845, 39.893487 ], [ -10.980638, 39.890087 ], [ -10.987407, 39.883973 ], [ -10.991388, 39.880351 ], [ -10.997953, 39.87434 ], [ -11.001989, 39.870625 ], [ -11.008485, 39.864611 ], [ -11.012466, 39.860906 ], [ -11.019004, 39.854797 ], [ -11.022846, 39.851194 ], [ -11.029512, 39.844918 ], [ -11.033149, 39.841485 ], [ -11.040013, 39.834995 ], [ -11.043406, 39.83178 ], [ -11.050507, 39.825042 ], [ -11.053633, 39.822075 ], [ -11.060996, 39.815071 ], [ -11.063879, 39.812368 ], [ -11.071481, 39.80509 ], [ -11.074024, 39.802668 ], [ -11.081953, 39.795028 ], [ -11.084098, 39.792971 ], [ -11.092415, 39.784906 ], [ -11.094101, 39.783279 ], [ -11.102868, 39.774722 ], [ -11.104033, 39.773591 ], [ -11.11331, 39.764479 ], [ -11.113895, 39.763907 ], [ -11.12375, 39.754242 ], [ -11.12377, 39.754222 ], [ -11.133675, 39.744534 ], [ -11.134189, 39.744026 ], [ -11.14352, 39.734849 ], [ -11.144619, 39.733756 ], [ -11.15333, 39.725166 ], [ -11.155041, 39.723441 ], [ -11.163061, 39.715487 ], [ -11.165454, 39.713072 ], [ -11.17273, 39.705813 ], [ -11.175855, 39.702635 ], [ -11.182316, 39.696143 ], [ -11.186245, 39.692121 ], [ -11.191822, 39.686479 ], [ -11.196622, 39.681529 ], [ -11.201243, 39.676819 ], [ -11.206985, 39.670851 ], [ -11.210576, 39.667166 ], [ -11.217336, 39.660087 ], [ -11.219819, 39.657518 ], [ -11.227672, 39.649228 ], [ -11.228969, 39.647876 ], [ -11.237993, 39.638269 ], [ -11.23802, 39.638241 ], [ -11.247369, 39.628583 ], [ -11.24834, 39.627555 ], [ -11.256629, 39.618932 ], [ -11.258673, 39.616747 ], [ -11.265788, 39.609286 ], [ -11.268991, 39.605835 ], [ -11.27484, 39.599648 ], [ -11.279291, 39.594808 ], [ -11.283781, 39.590018 ], [ -11.289574, 39.583657 ], [ -11.292603, 39.580395 ], [ -11.299837, 39.57237 ], [ -11.301298, 39.570781 ], [ -11.309968, 39.561168 ], [ -11.310091, 39.561033 ], [ -11.318909, 39.551535 ], [ -11.320364, 39.549882 ], [ -11.327694, 39.541912 ], [ -11.330628, 39.538679 ], [ -11.336468, 39.53229 ], [ -11.340868, 39.527301 ], [ -11.345045, 39.522681 ], [ -11.351084, 39.515748 ], [ -11.353466, 39.513083 ], [ -11.361274, 39.504015 ], [ -11.361732, 39.503496 ], [ -11.370364, 39.493882 ], [ -11.371498, 39.492583 ], [ -11.378928, 39.484272 ], [ -11.381706, 39.48105 ], [ -11.387344, 39.474673 ], [ -11.391889, 39.469335 ], [ -11.395603, 39.465084 ], [ -11.402044, 39.457415 ], [ -11.403692, 39.455507 ], [ -11.411764, 39.445931 ], [ -11.412189, 39.445432 ], [ -11.420162, 39.43633 ], [ -11.422361, 39.433708 ], [ -11.428386, 39.426742 ], [ -11.432503, 39.421761 ], [ -11.43642, 39.417167 ], [ -11.442611, 39.409555 ], [ -11.444246, 39.407607 ], [ -11.452159, 39.39804 ], [ -11.452717, 39.397366 ], [ -11.460307, 39.388456 ], [ -11.46284, 39.385344 ], [ -11.468262, 39.378885 ], [ -11.472928, 39.373061 ], [ -11.476014, 39.369328 ], [ -11.482977, 39.360478 ], [ -11.483537, 39.359788 ], [ -11.491443, 39.350219 ], [ -11.493059, 39.348197 ], [ -11.499301, 39.340654 ], [ -11.503121, 39.335783 ], [ -11.506925, 39.331105 ], [ -11.513138, 39.323022 ], [ -11.514293, 39.321575 ], [ -11.521942, 39.312023 ], [ -11.523174, 39.310449 ], [ -11.529639, 39.302468 ], [ -11.533201, 39.297825 ], [ -11.537094, 39.29293 ], [ -11.543178, 39.284828 ], [ -11.544283, 39.283411 ], [ -11.551756, 39.273871 ], [ -11.553175, 39.272017 ], [ -11.559266, 39.264327 ], [ -11.563158, 39.259113 ], [ -11.566514, 39.254803 ], [ -11.573086, 39.245799 ], [ -11.573466, 39.2453 ], [ -11.580937, 39.235759 ], [ -11.583062, 39.232896 ], [ -11.58821, 39.226232 ], [ -11.59299, 39.219634 ], [ -11.595186, 39.216726 ], [ -11.602178, 39.207219 ], [ -11.602899, 39.206241 ], [ -11.609446, 39.197691 ], [ -11.612823, 39.192997 ], [ -11.616425, 39.188184 ], [ -11.622681, 39.179249 ], [ -11.623081, 39.178701 ], [ -11.630243, 39.16918 ], [ -11.632581, 39.165875 ], [ -11.637182, 39.159675 ], [ -11.64243, 39.152105 ], [ -11.643813, 39.150193 ], [ -11.650677, 39.140693 ], [ -11.652284, 39.138408 ], [ -11.65757, 39.131191 ], [ -11.662113, 39.124542 ], [ -11.664131, 39.121713 ], [ -11.670781, 39.112228 ], [ -11.671927, 39.110575 ], [ -11.677589, 39.102731 ], [ -11.681733, 39.096579 ], [ -11.684066, 39.093259 ], [ -11.690531, 39.083787 ], [ -11.691508, 39.082357 ], [ -11.69724, 39.074296 ], [ -11.701285, 39.068176 ], [ -11.703592, 39.064832 ], [ -11.709944, 39.055368 ], [ -11.711027, 39.05375 ], [ -11.71652, 39.045887 ], [ -11.720769, 39.039341 ], [ -11.722741, 39.036432 ], [ -11.729062, 39.026969 ], [ -11.730489, 39.024794 ], [ -11.735478, 39.017499 ], [ -11.740185, 39.010079 ], [ -11.741526, 39.008057 ], [ -11.747837, 38.998594 ], [ -11.749883, 38.995405 ], [ -11.754077, 38.989136 ], [ -11.759528, 38.980336 ], [ -11.759934, 38.979707 ], [ -11.766254, 38.970243 ], [ -11.7692, 38.965514 ], [ -11.772281, 38.960801 ], [ -11.77814, 38.951371 ], [ -11.778818, 38.950294 ], [ -11.784321, 38.941917 ], [ -11.788441, 38.935131 ], [ -11.790116, 38.932491 ], [ -11.796087, 38.923053 ], [ -11.798044, 38.919848 ], [ -11.80202, 38.913616 ], [ -11.807594, 38.904207 ], [ -11.807599, 38.904199 ], [ -11.813652, 38.894761 ], [ -11.817181, 38.888802 ], [ -11.819319, 38.885344 ], [ -11.825029, 38.875924 ], [ -11.826718, 38.873074 ], [ -11.830797, 38.866499 ], [ -11.836198, 38.857102 ], [ -11.836217, 38.85707 ], [ -11.842062, 38.84767 ], [ -11.845736, 38.841258 ], [ -11.847528, 38.838267 ], [ -11.85313, 38.828854 ], [ -11.855223, 38.825211 ], [ -11.858678, 38.819445 ], [ -11.86401, 38.810053 ], [ -11.864672, 38.808902 ], [ -11.869626, 38.800638 ], [ -11.874107, 38.792502 ], [ -11.874825, 38.791255 ], [ -11.880379, 38.781845 ], [ -11.88354, 38.776118 ], [ -11.885601, 38.77246 ], [ -11.890926, 38.763067 ], [ -11.892931, 38.759433 ], [ -11.896234, 38.753675 ], [ -11.901365, 38.744297 ], [ -11.902299, 38.742596 ], [ -11.906693, 38.734903 ], [ -11.911641, 38.725578 ], [ -11.911664, 38.725536 ], [ -11.917001, 38.716142 ], [ -11.92098, 38.708559 ], [ -11.921952, 38.706776 ], [ -11.927159, 38.697391 ], [ -11.930295, 38.691387 ], [ -11.93212, 38.688025 ], [ -11.937169, 38.678652 ], [ -11.939581, 38.674013 ], [ -11.9421, 38.669287 ], [ -11.947027, 38.659923 ], [ -11.948835, 38.656419 ], [ -11.951971, 38.650558 ], [ -11.956779, 38.641203 ], [ -11.958068, 38.638682 ], [ -11.961694, 38.631839 ], [ -11.966407, 38.622491 ], [ -11.967275, 38.620776 ], [ -11.971287, 38.61313 ], [ -11.975911, 38.603788 ], [ -11.976457, 38.6027 ], [ -11.980752, 38.59443 ], [ -11.985286, 38.585095 ], [ -11.985612, 38.584438 ], [ -11.990087, 38.575739 ], [ -11.994538, 38.566411 ], [ -11.994741, 38.565995 ], [ -11.999271, 38.55706 ], [ -12.003683, 38.547734 ], [ -12.003846, 38.547399 ], [ -12.00835, 38.538389 ], [ -12.012712, 38.529067 ], [ -12.012924, 38.528623 ], [ -12.017311, 38.519726 ], [ -12.021626, 38.510408 ], [ -12.021976, 38.509664 ], [ -12.026149, 38.501073 ], [ -12.030419, 38.491757 ], [ -12.030999, 38.490508 ], [ -12.034866, 38.482428 ], [ -12.039093, 38.473116 ], [ -12.039992, 38.471148 ], [ -12.04346, 38.463793 ], [ -12.047638, 38.454484 ], [ -12.048952, 38.451557 ], [ -12.051908, 38.445168 ], [ -12.056081, 38.43586 ], [ -12.057884, 38.431772 ], [ -12.060252, 38.426552 ], [ -12.064402, 38.417245 ], [ -12.066782, 38.411752 ], [ -12.068479, 38.407944 ], [ -12.072604, 38.398639 ], [ -12.075644, 38.391483 ], [ -12.076578, 38.389346 ], [ -12.080685, 38.380042 ], [ -12.084471, 38.370961 ], [ -12.084559, 38.370757 ], [ -12.088643, 38.361455 ], [ -12.09249, 38.352171 ], [ -12.093272, 38.350268 ], [ -12.096428, 38.34288 ], [ -12.100291, 38.333596 ], [ -12.10204, 38.329347 ], [ -12.104152, 38.324311 ], [ -12.108001, 38.315027 ], [ -12.110771, 38.308157 ], [ -12.111759, 38.30575 ], [ -12.115588, 38.296467 ], [ -12.119269, 38.287196 ], [ -12.119465, 38.286709 ], [ -12.123044, 38.277918 ], [ -12.126697, 38.268649 ], [ -12.128122, 38.265002 ], [ -12.130356, 38.25938 ], [ -12.133979, 38.250113 ], [ -12.136722, 38.242879 ], [ -12.137506, 38.240854 ], [ -12.141091, 38.23159 ], [ -12.14458, 38.222334 ], [ -12.145282, 38.22047 ], [ -12.1481, 38.213075 ], [ -12.151562, 38.203821 ], [ -12.153797, 38.197735 ], [ -12.154973, 38.19457 ], [ -12.158399, 38.185319 ], [ -12.161724, 38.176075 ], [ -12.162257, 38.174592 ], [ -12.165072, 38.16683 ], [ -12.168351, 38.15759 ], [ -12.170651, 38.150965 ], [ -12.171567, 38.148355 ], [ -12.174777, 38.13912 ], [ -12.177968, 38.129887 ], [ -12.17899, 38.126936 ], [ -12.181173, 38.120653 ], [ -12.184359, 38.11142 ], [ -12.187305, 38.102751 ], [ -12.187496, 38.102191 ], [ -12.190601, 38.092964 ], [ -12.193616, 38.083745 ], [ -12.19551, 38.077721 ], [ -12.196519, 38.074534 ], [ -12.199399, 38.065326 ], [ -12.202071, 38.056133 ], [ -12.203116, 38.047979 ], [ -12.203275, 38.047057 ], [ -12.20361, 38.038049 ], [ -12.206414, 38.028846 ], [ -12.211091, 38.021199 ], [ -12.211459, 38.019466 ], [ -12.212321, 38.010417 ], [ -12.21518, 38.00121 ], [ -12.219003, 37.993945 ], [ -12.219445, 37.991891 ], [ -12.219872, 37.982876 ], [ -12.221794, 37.973743 ], [ -12.226673, 37.964812 ], [ -12.226756, 37.96437 ], [ -12.225675, 37.955474 ], [ -12.225641, 37.946496 ], [ -12.234497, 37.936925 ], [ -12.234526, 37.936812 ], [ -12.234547, 37.927829 ], [ -12.234565, 37.918847 ], [ -12.237008, 37.909673 ], [ -12.241693, 37.904091 ], [ -12.242259, 37.900276 ], [ -12.241398, 37.891363 ], [ -12.240723, 37.882436 ], [ -12.240316, 37.873488 ], [ -12.2481, 37.86503 ], [ -12.248184, 37.863884 ], [ -12.247422, 37.854963 ], [ -12.247125, 37.846006 ], [ -12.248326, 37.836931 ], [ -12.254953, 37.829539 ], [ -12.255255, 37.827401 ], [ -12.254242, 37.818501 ], [ -12.253232, 37.8096 ], [ -12.252195, 37.800702 ], [ -12.253137, 37.791647 ], [ -12.260637, 37.784782 ], [ -12.260923, 37.782049 ], [ -12.260074, 37.773136 ], [ -12.259301, 37.764217 ], [ -12.258629, 37.75529 ], [ -12.258127, 37.746349 ], [ -12.258022, 37.737377 ], [ -12.262514, 37.728041 ], [ -12.264325, 37.724163 ], [ -12.26428, 37.718921 ], [ -12.263427, 37.710008 ], [ -12.262524, 37.7011 ], [ -12.261519, 37.692199 ], [ -12.260334, 37.683313 ], [ -12.258851, 37.67445 ], [ -12.257611, 37.665568 ], [ -12.257356, 37.656609 ], [ -12.256793, 37.647673 ], [ -12.255866, 37.638766 ], [ -12.25453, 37.629892 ], [ -12.252744, 37.621053 ], [ -12.251409, 37.612179 ], [ -12.250313, 37.603285 ], [ -12.24938, 37.594379 ], [ -12.248073, 37.585503 ], [ -12.246474, 37.576649 ], [ -12.245461, 37.573473 ], [ -12.239901, 37.568188 ], [ -12.234323, 37.559649 ], [ -12.233212, 37.550756 ], [ -12.231581, 37.541905 ], [ -12.229324, 37.534477 ], [ -12.228141, 37.533196 ], [ -12.219049, 37.524932 ], [ -12.21674, 37.516134 ], [ -12.215321, 37.512523 ], [ -12.210729, 37.507627 ], [ -12.204525, 37.499135 ], [ -12.201568, 37.492511 ], [ -12.199711, 37.490533 ], [ -12.192801, 37.482096 ], [ -12.188413, 37.477266 ], [ -12.184659, 37.473754 ], [ -12.176292, 37.46543 ], [ -12.175612, 37.464854 ], [ -12.166014, 37.457254 ], [ -12.163153, 37.455173 ], [ -12.154223, 37.449196 ], [ -12.150905, 37.447187 ], [ -12.140688, 37.441272 ], [ -12.138771, 37.440111 ], [ -12.128014, 37.43328 ], [ -12.126544, 37.432252 ], [ -12.114624, 37.426883 ], [ -12.110543, 37.425659 ], [ -12.102991, 37.42385 ], [ -12.091064, 37.418393 ], [ -12.0897, 37.418296 ], [ -12.07881, 37.410244 ], [ -12.067646, 37.411038 ], [ -12.067242, 37.411055 ], [ -12.055448, 37.403309 ], [ -12.044261, 37.403915 ], [ -12.033102, 37.404741 ], [ -12.027388, 37.40515 ], [ -12.021417, 37.401225 ], [ -12.009739, 37.397761 ], [ -11.998564, 37.398452 ], [ -11.98741, 37.399325 ], [ -11.976251, 37.400161 ], [ -11.970532, 37.400532 ], [ -11.964564, 37.396604 ], [ -11.952904, 37.393259 ], [ -11.941719, 37.39388 ], [ -11.930559, 37.394699 ], [ -11.919396, 37.395504 ], [ -11.918705, 37.395503 ], [ -11.907234, 37.387944 ], [ -11.896031, 37.388406 ], [ -11.884867, 37.389199 ], [ -11.873696, 37.389938 ], [ -11.873673, 37.389937 ], [ -11.861527, 37.382264 ], [ -11.850339, 37.382849 ], [ -11.839177, 37.383663 ], [ -11.838198, 37.383633 ], [ -11.827045, 37.376269 ], [ -11.815821, 37.376544 ], [ -11.804648, 37.37726 ], [ -11.804093, 37.377215 ], [ -11.793182, 37.375491 ], [ -11.781354, 37.370633 ], [ -11.779597, 37.370069 ], [ -11.76941, 37.364771 ], [ -11.75798, 37.363281 ], [ -11.756518, 37.362811 ], [ -11.746069, 37.357676 ], [ -11.734624, 37.356049 ], [ -11.733906, 37.355513 ], [ -11.722498, 37.348579 ], [ -11.720608, 37.347519 ], [ -11.71031, 37.340553 ], [ -11.70908, 37.339392 ], [ -11.703151, 37.330849 ], [ -11.702178, 37.321938 ], [ -11.7049, 37.312754 ], [ -11.706708, 37.309583 ], [ -11.709945, 37.303397 ], [ -11.716485, 37.296939 ], [ -11.724184, 37.293357 ], [ -11.726554, 37.286835 ], [ -11.737275, 37.283402 ], [ -11.737394, 37.283371 ], [ -11.747498, 37.273658 ], [ -11.747502, 37.273636 ], [ -11.757583, 37.263924 ], [ -11.756569, 37.255018 ], [ -11.75657, 37.255009 ], [ -11.766663, 37.245283 ], [ -11.766673, 37.245278 ], [ -11.776767, 37.235546 ], [ -11.776771, 37.235536 ], [ -11.786857, 37.22581 ], [ -11.785824, 37.216905 ], [ -11.785828, 37.216903 ], [ -11.795919, 37.207168 ], [ -11.795921, 37.207165 ], [ -11.806009, 37.19743 ], [ -11.806011, 37.197416 ], [ -11.816084, 37.187693 ], [ -11.815056, 37.178788 ], [ -11.815058, 37.178787 ], [ -11.825141, 37.16905 ], [ -11.825142, 37.169046 ], [ -11.83522, 37.159311 ], [ -11.835223, 37.159289 ], [ -11.845278, 37.149574 ], [ -11.844258, 37.140669 ], [ -11.84426, 37.140666 ], [ -11.854333, 37.130929 ], [ -11.854336, 37.130921 ], [ -11.864401, 37.121189 ], [ -11.864405, 37.121138 ], [ -11.874419, 37.111452 ], [ -11.873431, 37.102546 ], [ -11.873434, 37.102534 ], [ -11.883489, 37.092805 ], [ -11.883494, 37.092725 ], [ -11.89347, 37.08307 ], [ -11.892244, 37.074182 ], [ -11.892345, 37.072667 ], [ -11.899159, 37.064678 ], [ -11.902224, 37.061375 ], [ -11.902471, 37.055446 ], [ -11.903501, 37.046387 ], [ -11.904881, 37.037302 ], [ -11.898745, 37.028785 ], [ -11.898631, 37.019813 ], [ -11.900697, 37.010676 ], [ -11.906401, 37.001672 ], [ -11.906425, 37.001262 ], [ -11.905342, 36.992363 ], [ -11.904643, 36.983435 ], [ -11.903807, 36.974517 ], [ -11.902792, 36.965613 ], [ -11.904224, 36.956524 ], [ -11.901518, 36.947748 ], [ -11.900949, 36.93881 ], [ -11.900212, 36.929885 ], [ -11.899279, 36.920975 ], [ -11.90016, 36.911928 ], [ -11.900811, 36.902898 ], [ -11.900314, 36.893955 ], [ -11.899098, 36.885066 ], [ -11.897, 36.876244 ], [ -11.898911, 36.867119 ], [ -11.898083, 36.858201 ], [ -11.896967, 36.849305 ], [ -11.89571, 36.840419 ], [ -11.894322, 36.831543 ], [ -11.892821, 36.822676 ], [ -11.891213, 36.813817 ], [ -11.889583, 36.804959 ], [ -11.888032, 36.796095 ], [ -11.886351, 36.787241 ], [ -11.88462, 36.778391 ], [ -11.882839, 36.769545 ], [ -11.881009, 36.760702 ], [ -11.879169, 36.75186 ], [ -11.877058, 36.743038 ], [ -11.875388, 36.736204 ], [ -11.874929, 36.734218 ], [ -11.872913, 36.725389 ], [ -11.87089, 36.716561 ], [ -11.868937, 36.707727 ], [ -11.867118, 36.698883 ], [ -11.865383, 36.690033 ], [ -11.863552, 36.68119 ], [ -11.861776, 36.672343 ], [ -11.860096, 36.663488 ], [ -11.858546, 36.654624 ], [ -11.857126, 36.64575 ], [ -11.855778, 36.636871 ], [ -11.858637, 36.627676 ], [ -11.856034, 36.618891 ], [ -11.854318, 36.610039 ], [ -11.853321, 36.601134 ], [ -11.853311, 36.592154 ], [ -11.852752, 36.583216 ], [ -11.853194, 36.574202 ], [ -11.852319, 36.565287 ], [ -11.851787, 36.556347 ], [ -11.851562, 36.547384 ], [ -11.851188, 36.538431 ], [ -11.850118, 36.529531 ], [ -11.849321, 36.520611 ], [ -11.848733, 36.511675 ], [ -11.845158, 36.502962 ], [ -11.847032, 36.493841 ], [ -11.845998, 36.484939 ], [ -11.846002, 36.481387 ], [ -11.848786, 36.47575 ], [ -11.852071, 36.466524 ], [ -11.853075, 36.457469 ], [ -11.852422, 36.448538 ], [ -11.8518, 36.439605 ], [ -11.85129, 36.430663 ], [ -11.851303, 36.43059 ], [ -11.854078, 36.421475 ], [ -11.859055, 36.412122 ], [ -11.858768, 36.403164 ], [ -11.858998, 36.400726 ], [ -11.863164, 36.393855 ], [ -11.866969, 36.384591 ], [ -11.86664, 36.375636 ], [ -11.867054, 36.374056 ], [ -11.873445, 36.366147 ], [ -11.875586, 36.357007 ], [ -11.87599, 36.355105 ], [ -11.880954, 36.347625 ], [ -11.884584, 36.338374 ], [ -11.885039, 36.337171 ], [ -11.889468, 36.329028 ], [ -11.893568, 36.319741 ], [ -11.89406, 36.319025 ], [ -11.903171, 36.310041 ], [ -11.903988, 36.308821 ], [ -11.911749, 36.300417 ], [ -11.913845, 36.298023 ], [ -11.920571, 36.290775 ], [ -11.923751, 36.287671 ], [ -11.93184, 36.280948 ], [ -11.933905, 36.279504 ], [ -11.942188, 36.271189 ], [ -11.943501, 36.266498 ], [ -11.951215, 36.261529 ], [ -11.953838, 36.25996 ], [ -11.964164, 36.253341 ], [ -11.9749, 36.250761 ], [ -11.97495, 36.250719 ], [ -11.985071, 36.24235 ], [ -11.995922, 36.240326 ], [ -11.999403, 36.239926 ], [ -12.006799, 36.238526 ], [ -12.017315, 36.233605 ], [ -12.028075, 36.230813 ], [ -12.039057, 36.229935 ], [ -12.049829, 36.22726 ], [ -12.053169, 36.226858 ], [ -12.060772, 36.226049 ], [ -12.061356, 36.226233 ], [ -12.071964, 36.226995 ], [ -12.073006, 36.225342 ], [ -12.081811, 36.216396 ], [ -12.082919, 36.215606 ], [ -12.092006, 36.208801 ], [ -12.098031, 36.205471 ], [ -12.102314, 36.202189 ], [ -12.111527, 36.195458 ], [ -12.11252, 36.194719 ], [ -12.120928, 36.185758 ], [ -12.122181, 36.182609 ], [ -12.125201, 36.176452 ], [ -12.131689, 36.169214 ], [ -12.132905, 36.166882 ], [ -12.139356, 36.157408 ], [ -12.140874, 36.153086 ], [ -12.141682, 36.148252 ], [ -12.145425, 36.138987 ], [ -12.149507, 36.132274 ], [ -12.149943, 36.129661 ], [ -12.150056, 36.120676 ], [ -12.153587, 36.111426 ], [ -12.157408, 36.105239 ], [ -12.157796, 36.102125 ], [ -12.156694, 36.093233 ], [ -12.156644, 36.08426 ], [ -12.157691, 36.075202 ], [ -12.159429, 36.066091 ], [ -12.163068, 36.059078 ], [ -12.16316, 36.056827 ], [ -12.161969, 36.047942 ], [ -12.161527, 36.038999 ], [ -12.161684, 36.03001 ], [ -12.161757, 36.021028 ], [ -12.161719, 36.012054 ], [ -12.161552, 36.00309 ], [ -12.160832, 35.994169 ], [ -12.159936, 35.985261 ], [ -12.158886, 35.976365 ], [ -12.157703, 35.967479 ], [ -12.156408, 35.958602 ], [ -12.155018, 35.949733 ], [ -12.153222, 35.940894 ], [ -12.15135, 35.932061 ], [ -12.149449, 35.923231 ], [ -12.147602, 35.914396 ], [ -12.145894, 35.905551 ], [ -12.144381, 35.89669 ], [ -12.143498, 35.891024 ], [ -12.142071, 35.887891 ], [ -12.13649, 35.879343 ], [ -12.133266, 35.870613 ], [ -12.130902, 35.861818 ], [ -12.129011, 35.852986 ], [ -12.127449, 35.844129 ], [ -12.12613, 35.835254 ], [ -12.125544, 35.826322 ], [ -12.124507, 35.817425 ], [ -12.123466, 35.813187 ], [ -12.121611, 35.80867 ], [ -12.11744, 35.800012 ], [ -12.113902, 35.791306 ], [ -12.110964, 35.782554 ], [ -12.10866, 35.773753 ], [ -12.108565, 35.764784 ], [ -12.10597, 35.756006 ], [ -12.105802, 35.755476 ], [ -12.103291, 35.747233 ], [ -12.100453, 35.738473 ], [ -12.097472, 35.729724 ], [ -12.094366, 35.720984 ], [ -12.091153, 35.712253 ], [ -12.089234, 35.707021 ], [ -12.088003, 35.703516 ], [ -12.084958, 35.694771 ], [ -12.081855, 35.686031 ], [ -12.078643, 35.677298 ], [ -12.075315, 35.668575 ], [ -12.073203, 35.663046 ], [ -12.072034, 35.659847 ], [ -12.068847, 35.651113 ], [ -12.065556, 35.642386 ], [ -12.062158, 35.633667 ], [ -12.05865, 35.624957 ], [ -12.057552, 35.622203 ], [ -12.055278, 35.616235 ], [ -12.051958, 35.60751 ], [ -12.048496, 35.598796 ], [ -12.044911, 35.590091 ], [ -12.042163, 35.583492 ], [ -12.041323, 35.581385 ], [ -12.037889, 35.572668 ], [ -12.034343, 35.56396 ], [ -12.030677, 35.55526 ], [ -12.027027, 35.546845 ], [ -12.026911, 35.546567 ], [ -12.023395, 35.537856 ], [ -12.019794, 35.529151 ], [ -12.016051, 35.520456 ], [ -12.012187, 35.511771 ], [ -12.012049, 35.511451 ], [ -12.008583, 35.503065 ], [ -12.004868, 35.494368 ], [ -12.001026, 35.48568 ], [ -11.997231, 35.477331 ], [ -11.997087, 35.477 ], [ -11.993402, 35.4683 ], [ -11.989595, 35.459609 ], [ -11.985652, 35.450928 ], [ -11.982535, 35.444149 ], [ -11.981692, 35.442248 ], [ -11.977907, 35.433555 ], [ -11.973998, 35.424872 ], [ -11.969962, 35.416197 ], [ -11.967955, 35.411871 ], [ -11.966012, 35.407516 ], [ -11.962113, 35.398831 ], [ -11.958088, 35.390155 ], [ -11.95393, 35.381488 ], [ -11.953497, 35.380559 ], [ -11.950005, 35.372805 ], [ -11.945976, 35.364128 ], [ -11.941815, 35.355462 ], [ -11.939122, 35.34987 ], [ -11.937678, 35.346793 ], [ -11.933625, 35.338119 ], [ -11.929464, 35.329451 ], [ -11.925203, 35.320792 ], [ -11.92486, 35.320081 ], [ -11.921105, 35.312119 ], [ -11.916917, 35.303454 ], [ -11.912622, 35.294796 ], [ -11.910677, 35.290884 ], [ -11.908336, 35.286137 ], [ -11.903966, 35.277484 ], [ -11.899683, 35.268825 ], [ -11.896609, 35.26262 ], [ -11.895383, 35.260167 ], [ -11.891018, 35.251513 ], [ -11.886673, 35.242857 ], [ -11.882596, 35.234742 ], [ -11.882322, 35.234202 ], [ -11.877898, 35.225552 ], [ -11.87348, 35.216901 ], [ -11.869064, 35.20825 ], [ -11.868661, 35.207466 ], [ -11.86457, 35.199605 ], [ -11.860064, 35.19096 ], [ -11.855589, 35.182313 ], [ -11.854805, 35.180816 ], [ -11.851025, 35.173671 ], [ -11.846464, 35.16503 ], [ -11.841922, 35.156387 ], [ -11.841017, 35.154686 ], [ -11.83729, 35.14775 ], [ -11.832663, 35.139113 ], [ -11.828052, 35.130474 ], [ -11.827297, 35.129075 ], [ -11.823351, 35.121842 ], [ -11.818653, 35.113209 ], [ -11.813983, 35.104574 ], [ -11.813639, 35.103948 ], [ -11.809202, 35.095946 ], [ -11.804446, 35.087317 ], [ -11.800044, 35.079303 ], [ -11.799702, 35.078687 ], [ -11.794852, 35.070064 ], [ -11.790035, 35.061438 ], [ -11.78651, 35.055129 ], [ -11.785201, 35.052814 ], [ -11.780291, 35.044194 ], [ -11.775415, 35.035572 ], [ -11.77303, 35.031378 ], [ -11.770486, 35.026954 ], [ -11.765521, 35.018337 ], [ -11.760592, 35.009718 ], [ -11.759601, 35.008006 ], [ -11.755564, 35.001106 ], [ -11.750547, 34.992493 ], [ -11.746225, 34.985046 ], [ -11.74554, 34.983879 ], [ -11.740431, 34.975272 ], [ -11.735362, 34.966662 ], [ -11.732903, 34.962505 ], [ -11.730245, 34.958055 ], [ -11.72509, 34.94945 ], [ -11.719972, 34.940843 ], [ -11.719621, 34.94026 ], [ -11.714737, 34.932243 ], [ -11.70954, 34.923641 ], [ -11.706394, 34.918445 ], [ -11.704309, 34.915041 ], [ -11.699025, 34.906444 ], [ -11.693781, 34.897844 ], [ -11.693204, 34.896909 ], [ -11.688427, 34.889252 ], [ -11.683111, 34.880656 ], [ -11.680064, 34.875758 ], [ -11.677748, 34.872064 ], [ -11.672343, 34.863474 ], [ -11.666971, 34.854882 ], [ -11.666958, 34.854861 ], [ -11.66149, 34.846298 ], [ -11.656046, 34.83771 ], [ -11.6539, 34.834342 ], [ -11.650544, 34.829126 ], [ -11.645023, 34.820543 ], [ -11.640876, 34.814082 ], [ -11.639501, 34.81196 ], [ -11.633931, 34.80338 ], [ -11.628351, 34.7948 ], [ -11.627889, 34.794095 ], [ -11.622703, 34.786225 ], [ -11.61707, 34.777649 ], [ -11.614943, 34.774427 ], [ -11.611385, 34.769076 ], [ -11.605688, 34.760503 ], [ -11.602029, 34.755005 ], [ -11.599969, 34.751932 ], [ -11.594202, 34.743363 ], [ -11.589149, 34.735839 ], [ -11.588443, 34.734794 ], [ -11.58262, 34.726229 ], [ -11.576805, 34.717663 ], [ -11.576303, 34.716929 ], [ -11.570922, 34.709102 ], [ -11.565047, 34.700539 ], [ -11.563492, 34.698286 ], [ -11.559117, 34.69198 ], [ -11.55318, 34.683421 ], [ -11.550711, 34.679876 ], [ -11.547204, 34.674865 ], [ -11.541205, 34.66631 ], [ -11.53796, 34.661694 ], [ -11.535179, 34.657756 ], [ -11.529123, 34.649204 ], [ -11.525239, 34.643736 ], [ -11.52304, 34.640653 ], [ -11.516924, 34.632105 ], [ -11.512547, 34.626002 ], [ -11.510788, 34.623557 ], [ -11.504614, 34.615012 ], [ -11.499883, 34.608478 ], [ -11.498422, 34.606468 ], [ -11.492188, 34.597926 ], [ -11.487247, 34.591166 ], [ -11.485941, 34.589385 ], [ -11.479649, 34.580846 ], [ -11.474639, 34.574069 ], [ -11.473334, 34.572309 ], [ -11.466977, 34.563774 ], [ -11.462057, 34.557166 ], [ -11.460615, 34.555239 ], [ -11.454204, 34.546707 ], [ -11.449499, 34.540452 ], [ -11.447779, 34.538175 ], [ -11.441311, 34.529646 ], [ -11.436967, 34.523928 ], [ -11.434823, 34.521118 ], [ -11.428296, 34.512593 ], [ -11.42446, 34.507602 ], [ -11.421747, 34.504068 ], [ -11.415163, 34.495546 ], [ -11.411975, 34.491432 ], [ -11.408548, 34.487025 ], [ -11.401909, 34.478505 ], [ -11.399514, 34.475444 ], [ -11.395229, 34.469988 ], [ -11.388532, 34.461471 ], [ -11.387075, 34.459627 ], [ -11.381788, 34.452957 ], [ -11.375029, 34.444444 ], [ -11.374658, 34.443979 ], [ -11.368234, 34.435933 ], [ -11.362265, 34.428504 ], [ -11.361396, 34.427424 ], [ -11.354526, 34.418917 ], [ -11.349892, 34.41319 ], [ -11.347636, 34.410411 ], [ -11.340709, 34.401906 ], [ -11.33754, 34.398028 ], [ -11.333749, 34.393404 ], [ -11.326764, 34.384903 ], [ -11.325207, 34.383017 ], [ -11.319736, 34.376404 ], [ -11.312896, 34.368161 ], [ -11.312684, 34.367907 ], [ -11.305578, 34.359412 ], [ -11.300605, 34.353467 ], [ -11.298464, 34.350918 ], [ -11.291308, 34.342426 ], [ -11.288332, 34.338904 ], [ -11.284117, 34.333935 ], [ -11.276905, 34.325446 ], [ -11.276077, 34.324476 ], [ -11.269643, 34.31696 ], [ -11.263841, 34.310194 ], [ -11.262361, 34.308474 ], [ -11.255036, 34.299991 ], [ -11.251623, 34.296049 ], [ -11.247692, 34.291508 ], [ -11.240303, 34.283028 ], [ -11.239421, 34.28202 ], [ -11.23288, 34.27455 ], [ -11.227238, 34.268133 ], [ -11.225424, 34.266074 ], [ -11.217931, 34.257599 ], [ -11.215072, 34.254378 ], [ -11.210402, 34.249126 ], [ -11.202923, 34.240746 ], [ -11.202841, 34.240655 ], [ -11.195238, 34.232186 ], [ -11.190792, 34.227259 ], [ -11.187602, 34.223718 ], [ -11.179922, 34.215253 ], [ -11.178676, 34.213885 ], [ -11.17221, 34.20679 ], [ -11.166577, 34.200641 ], [ -11.164457, 34.198329 ], [ -11.156668, 34.189869 ], [ -11.154494, 34.187518 ], [ -11.148841, 34.181411 ], [ -11.142427, 34.174517 ], [ -11.140973, 34.172956 ], [ -11.133069, 34.164502 ], [ -11.130376, 34.16164 ], [ -11.125129, 34.15605 ], [ -11.118339, 34.148866 ], [ -11.117142, 34.147601 ], [ -11.109123, 34.139153 ], [ -11.106318, 34.136212 ], [ -11.101064, 34.130707 ], [ -11.094311, 34.12367 ], [ -11.09296, 34.122263 ], [ -11.084822, 34.113821 ], [ -11.082319, 34.111236 ], [ -11.076643, 34.105381 ], [ -11.070341, 34.098916 ], [ -11.068418, 34.096944 ], [ -11.060153, 34.088508 ], [ -11.058377, 34.086702 ], [ -11.05185, 34.080074 ], [ -11.046427, 34.074593 ], [ -11.043505, 34.071642 ], [ -11.035117, 34.063213 ], [ -11.03449, 34.062584 ], [ -11.026694, 34.054785 ], [ -11.022566, 34.050675 ], [ -11.018225, 34.046359 ], [ -11.010656, 34.03887 ], [ -11.00971, 34.037936 ], [ -11.001159, 34.029514 ], [ -10.998759, 34.027164 ], [ -10.99257, 34.021094 ], [ -10.986873, 34.015541 ], [ -10.98393, 34.012676 ], [ -10.975237, 34.004262 ], [ -10.975002, 34.004034 ], [ -10.96652, 33.995848 ], [ -10.963141, 33.992604 ], [ -10.957753, 33.987436 ], [ -10.951293, 33.981275 ], [ -10.948935, 33.979027 ], [ -10.940072, 33.970621 ], [ -10.939457, 33.97004 ], [ -10.931187, 33.962215 ], [ -10.927632, 33.958877 ], [ -10.922237, 33.953812 ], [ -10.91582, 33.94782 ], [ -10.913239, 33.945412 ], [ -10.90419, 33.937014 ], [ -10.904019, 33.936855 ], [ -10.895116, 33.928617 ], [ -10.892228, 33.925959 ], [ -10.885991, 33.920222 ], [ -10.880449, 33.915154 ], [ -10.876813, 33.91183 ], [ -10.868682, 33.904443 ], [ -10.867576, 33.903441 ], [ -10.858307, 33.895053 ], [ -10.856925, 33.893807 ], [ -10.848999, 33.886667 ], [ -10.845178, 33.883244 ], [ -10.839637, 33.878284 ], [ -10.833442, 33.87277 ], [ -10.830218, 33.869903 ], [ -10.821717, 33.862381 ], [ -10.820748, 33.861525 ], [ -10.811239, 33.853148 ], [ -10.810001, 33.852062 ], [ -10.801689, 33.844773 ], [ -10.798295, 33.841813 ], [ -10.792095, 33.8364 ], [ -10.786599, 33.83164 ], [ -10.782429, 33.82803 ], [ -10.774914, 33.821557 ], [ -10.772713, 33.819663 ], [ -10.763238, 33.811551 ], [ -10.762943, 33.811298 ], [ -10.753139, 33.802935 ], [ -10.751571, 33.801603 ], [ -10.743289, 33.794573 ], [ -10.739914, 33.791724 ], [ -10.733383, 33.786215 ], [ -10.728265, 33.781921 ], [ -10.723428, 33.777858 ], [ -10.716626, 33.772189 ], [ -10.713403, 33.769504 ], [ -10.704998, 33.762538 ], [ -10.703325, 33.761153 ], [ -10.693378, 33.75296 ], [ -10.69319, 33.752805 ], [ -10.683023, 33.744458 ], [ -10.681766, 33.74343 ], [ -10.672805, 33.736112 ], [ -10.670162, 33.733965 ], [ -10.662531, 33.72777 ], [ -10.658567, 33.724568 ], [ -10.6522, 33.719429 ], [ -10.64698, 33.715241 ], [ -10.641806, 33.711092 ], [ -10.635403, 33.705983 ], [ -10.631356, 33.702757 ], [ -10.623834, 33.696789 ], [ -10.620849, 33.694425 ], [ -10.612273, 33.687663 ], [ -10.610282, 33.686095 ], [ -10.600721, 33.678601 ], [ -10.599657, 33.677768 ], [ -10.589177, 33.669601 ], [ -10.588974, 33.669443 ], [ -10.578249, 33.66112 ], [ -10.577639, 33.660649 ], [ -10.56747, 33.652799 ], [ -10.566109, 33.651753 ], [ -10.556632, 33.644481 ], [ -10.554587, 33.642918 ], [ -10.545732, 33.636165 ], [ -10.543073, 33.634144 ], [ -10.534774, 33.627851 ], [ -10.531566, 33.625429 ], [ -10.523754, 33.619541 ], [ -10.520067, 33.616773 ], [ -10.512672, 33.611233 ], [ -10.508576, 33.608175 ], [ -10.501538, 33.602926 ], [ -10.497091, 33.599628 ], [ -10.490332, 33.594624 ], [ -10.485614, 33.591142 ], [ -10.479064, 33.586323 ], [ -10.474144, 33.582713 ], [ -10.467735, 33.578025 ], [ -10.462681, 33.57434 ], [ -10.456343, 33.56973 ], [ -10.451225, 33.566018 ], [ -10.444889, 33.561437 ], [ -10.439776, 33.557752 ], [ -10.433372, 33.553147 ], [ -10.428334, 33.549538 ], [ -10.421794, 33.54486 ], [ -10.416898, 33.541373 ], [ -10.410142, 33.536575 ], [ -10.40547, 33.533263 ], [ -10.39843, 33.528293 ], [ -10.394048, 33.525206 ], [ -10.386649, 33.520013 ], [ -10.382632, 33.5172 ], [ -10.3748, 33.511737 ], [ -10.371224, 33.509247 ], [ -10.362886, 33.503463 ], [ -10.359821, 33.501342 ], [ -10.350899, 33.495192 ], [ -10.348426, 33.493492 ], [ -10.338841, 33.486924 ], [ -10.337036, 33.485688 ], [ -10.32671, 33.478658 ], [ -10.325653, 33.477939 ], [ -10.314512, 33.470396 ], [ -10.314276, 33.470236 ], [ -10.302904, 33.462559 ], [ -10.302271, 33.462134 ], [ -10.291537, 33.454929 ], [ -10.28996, 33.453876 ], [ -10.280177, 33.447347 ], [ -10.277575, 33.44562 ], [ -10.268822, 33.439811 ], [ -10.265128, 33.437366 ], [ -10.257473, 33.432319 ], [ -10.252589, 33.429117 ], [ -10.246131, 33.424881 ], [ -10.239977, 33.42087 ], [ -10.234795, 33.417492 ], [ -10.227281, 33.412626 ], [ -10.223465, 33.410153 ], [ -10.214504, 33.404386 ], [ -10.212141, 33.402865 ], [ -10.201642, 33.39615 ], [ -10.200823, 33.395625 ], [ -10.189508, 33.388407 ], [ -10.188735, 33.387914 ], [ -10.178198, 33.381209 ], [ -10.175776, 33.37968 ], [ -10.166893, 33.374063 ], [ -10.162727, 33.371449 ], [ -10.155594, 33.366967 ], [ -10.149588, 33.363223 ], [ -10.144302, 33.359922 ], [ -10.136356, 33.355 ], [ -10.133016, 33.352928 ], [ -10.123023, 33.346781 ], [ -10.121735, 33.345987 ], [ -10.110458, 33.339064 ], [ -10.10964, 33.338563 ], [ -10.099185, 33.332158 ], [ -10.096208, 33.330347 ], [ -10.087916, 33.325287 ], [ -10.082704, 33.322133 ], [ -10.076652, 33.318459 ], [ -10.06911, 33.313922 ], [ -10.065394, 33.311682 ], [ -10.0554, 33.305716 ], [ -10.054143, 33.304964 ], [ -10.042894, 33.298262 ], [ -10.041629, 33.297513 ], [ -10.031651, 33.2916 ], [ -10.027746, 33.289313 ], [ -10.020416, 33.285019 ], [ -10.013695, 33.281122 ], [ -10.009189, 33.278513 ], [ -9.999448, 33.27294 ], [ -9.99797, 33.272091 ], [ -9.986754, 33.265681 ], [ -9.985129, 33.26476 ], [ -9.975542, 33.259308 ], [ -9.970688, 33.256584 ], [ -9.964338, 33.25301 ], [ -9.956063, 33.248418 ], [ -9.953142, 33.246792 ], [ -9.941951, 33.240626 ], [ -9.941282, 33.240258 ], [ -9.930764, 33.234472 ], [ -9.926417, 33.232101 ], [ -9.919582, 33.228371 ], [ -9.911358, 33.223953 ], [ -9.908408, 33.222361 ], [ -9.89724, 33.216395 ], [ -9.896143, 33.215811 ], [ -9.886073, 33.21043 ], [ -9.88083, 33.207673 ], [ -9.874915, 33.204549 ], [ -9.865278, 33.199546 ], [ -9.863764, 33.198756 ], [ -9.852615, 33.192958 ], [ -9.849626, 33.191422 ], [ -9.841472, 33.187222 ], [ -9.833782, 33.183306 ], [ -9.830336, 33.181548 ], [ -9.819205, 33.175931 ], [ -9.817748, 33.175199 ], [ -9.808076, 33.170313 ], [ -9.801583, 33.167097 ], [ -9.796955, 33.16479 ], [ -9.785842, 33.159336 ], [ -9.785168, 33.159006 ], [ -9.774727, 33.153854 ], [ -9.768653, 33.150918 ], [ -9.763621, 33.148469 ], [ -9.752523, 33.143172 ], [ -9.751837, 33.142843 ], [ -9.741424, 33.137832 ], [ -9.734928, 33.134772 ], [ -9.730333, 33.132592 ], [ -9.719248, 33.127409 ], [ -9.717753, 33.126712 ], [ -9.708163, 33.122214 ], [ -9.700408, 33.118659 ], [ -9.697088, 33.117126 ], [ -9.686015, 33.112055 ], [ -9.682839, 33.110615 ], [ -9.674946, 33.107012 ], [ -9.665014, 33.102582 ], [ -9.663886, 33.102078 ], [ -9.652825, 33.097104 ], [ -9.647027, 33.094555 ], [ -9.641771, 33.092221 ], [ -9.630724, 33.087399 ], [ -9.628748, 33.086541 ], [ -9.619676, 33.082564 ], [ -9.610222, 33.078537 ], [ -9.608639, 33.077856 ], [ -9.5976, 33.0731 ], [ -9.591514, 33.07054 ], [ -9.586569, 33.068438 ], [ -9.575543, 33.06383 ], [ -9.572492, 33.062556 ], [ -9.564517, 33.059204 ], [ -9.553503, 33.054723 ], [ -9.553164, 33.054585 ], [ -9.542483, 33.050158 ], [ -9.53363, 33.046621 ], [ -9.531477, 33.045749 ], [ -9.520467, 33.041287 ], [ -9.513823, 33.038669 ], [ -9.509466, 33.036929 ], [ -9.498468, 33.032587 ], [ -9.493685, 33.03073 ], [ -9.487475, 33.028305 ], [ -9.476485, 33.024058 ], [ -9.473204, 33.022806 ], [ -9.465497, 33.019818 ], [ -9.454518, 33.015683 ], [ -9.452417, 33.014894 ], [ -9.443536, 33.011506 ], [ -9.432566, 33.007463 ], [ -9.431299, 33.006995 ], [ -9.421591, 33.003356 ], [ -9.410629, 32.999402 ], [ -9.409826, 32.999111 ], [ -9.399662, 32.995365 ], [ -9.388708, 32.991504 ], [ -9.387983, 32.991241 ], [ -9.377748, 32.987542 ], [ -9.3668, 32.983736 ], [ -9.365794, 32.983385 ], [ -9.355848, 32.97986 ], [ -9.344907, 32.976123 ], [ -9.343216, 32.975545 ], [ -9.333963, 32.972331 ], [ -9.323028, 32.968658 ], [ -9.320226, 32.967721 ], [ -9.312092, 32.964956 ], [ -9.301163, 32.961344 ], [ -9.296817, 32.959914 ], [ -9.290235, 32.957728 ], [ -9.279311, 32.954167 ], [ -9.2729, 32.952128 ], [ -9.268393, 32.950664 ], [ -9.257474, 32.947145 ], [ -9.248485, 32.944362 ], [ -9.246565, 32.943754 ], [ -9.23565, 32.940275 ], [ -9.224748, 32.93696 ], [ -9.223615, 32.936613 ], [ -9.213841, 32.933556 ], [ -9.202943, 32.930286 ], [ -9.198259, 32.928883 ], [ -9.192045, 32.92699 ], [ -9.18115, 32.923734 ], [ -9.172246, 32.921181 ], [ -9.170264, 32.920597 ], [ -9.159371, 32.917356 ], [ -9.148491, 32.914277 ], [ -9.145731, 32.913497 ], [ -9.137607, 32.911141 ], [ -9.126729, 32.908072 ], [ -9.118534, 32.905841 ], [ -9.115857, 32.905092 ], [ -9.10498, 32.90202 ], [ -9.094115, 32.899117 ], [ -9.090707, 32.898209 ], [ -9.083247, 32.896155 ], [ -9.072382, 32.893239 ], [ -9.06207, 32.89061 ], [ -9.061528, 32.890467 ], [ -9.050665, 32.887545 ], [ -9.039811, 32.884769 ], [ -9.032828, 32.883033 ], [ -9.028962, 32.88204 ], [ -9.018109, 32.879244 ], [ -9.007267, 32.876605 ], [ -9.002678, 32.875493 ], [ -8.996423, 32.873927 ], [ -8.98558, 32.871254 ], [ -8.974746, 32.868711 ], [ -8.971655, 32.867987 ], [ -8.963909, 32.86611 ], [ -8.953075, 32.86354 ], [ -8.942249, 32.861099 ], [ -8.939685, 32.860518 ], [ -8.93142, 32.85858 ], [ -8.920593, 32.856109 ], [ -8.909776, 32.853756 ], [ -8.906706, 32.853088 ], [ -8.898954, 32.851332 ], [ -8.888134, 32.848944 ], [ -8.877324, 32.846675 ], [ -8.872622, 32.845701 ], [ -8.866512, 32.844382 ], [ -8.855699, 32.842065 ], [ -8.844894, 32.839868 ], [ -8.837257, 32.838364 ], [ -8.834093, 32.837714 ], [ -8.823286, 32.835464 ], [ -8.812488, 32.833347 ], [ -8.801696, 32.831305 ], [ -8.800523, 32.83108 ], [ -8.790896, 32.829153 ], [ -8.780102, 32.82707 ], [ -8.769315, 32.825088 ], [ -8.762379, 32.82385 ], [ -8.758529, 32.82313 ], [ -8.747739, 32.82109 ], [ -8.736955, 32.819149 ], [ -8.726179, 32.817307 ], [ -8.722553, 32.816685 ], [ -8.7154, 32.81544 ], [ -8.704618, 32.813489 ], [ -8.693844, 32.811679 ], [ -8.683077, 32.80996 ], [ -8.680805, 32.809594 ], [ -8.672304, 32.808148 ], [ -8.661532, 32.806357 ], [ -8.650767, 32.80466 ], [ -8.640008, 32.80305 ], [ -8.636926, 32.802585 ], [ -8.629244, 32.80136 ], [ -8.618481, 32.799672 ], [ -8.607723, 32.798066 ], [ -8.596972, 32.796567 ], [ -8.590404, 32.795678 ], [ -8.586222, 32.795074 ], [ -8.575467, 32.793504 ], [ -8.564718, 32.792013 ], [ -8.553974, 32.790597 ], [ -8.543233, 32.789244 ], [ -8.540585, 32.7889 ], [ -8.532486, 32.787773 ], [ -8.521738, 32.786287 ], [ -8.510993, 32.784849 ], [ -8.500251, 32.783458 ], [ -8.489682, 32.782149 ], [ -8.489514, 32.782126 ], [ -8.478764, 32.780601 ], [ -8.468019, 32.779139 ], [ -8.457278, 32.777738 ], [ -8.446541, 32.776397 ], [ -8.438336, 32.775395 ], [ -8.435804, 32.775063 ], [ -8.425059, 32.773589 ], [ -8.414319, 32.772178 ], [ -8.403582, 32.770833 ], [ -8.392849, 32.769538 ], [ -8.385644, 32.768678 ], [ -8.382115, 32.768225 ], [ -8.371375, 32.7668 ], [ -8.360638, 32.765435 ], [ -8.349905, 32.764127 ], [ -8.339176, 32.762875 ], [ -8.331533, 32.761998 ], [ -8.328446, 32.761618 ], [ -8.31771, 32.760251 ], [ -8.306978, 32.758938 ], [ -8.296249, 32.757674 ], [ -8.285523, 32.756457 ], [ -8.275581, 32.755372 ], [ -8.274799, 32.755281 ], [ -8.264067, 32.753953 ], [ -8.253338, 32.752679 ], [ -8.242613, 32.751456 ], [ -8.23189, 32.750287 ], [ -8.221171, 32.749168 ], [ -8.217755, 32.748799 ], [ -8.210447, 32.747959 ], [ -8.199722, 32.746733 ], [ -8.189, 32.745553 ], [ -8.178281, 32.744418 ], [ -8.167565, 32.743328 ], [ -8.157151, 32.742313 ], [ -8.156851, 32.742281 ], [ -8.146132, 32.74114 ], [ -8.135413, 32.739987 ], [ -8.124698, 32.738901 ], [ -8.113984, 32.737852 ], [ -8.103274, 32.736842 ], [ -8.093221, 32.735932 ], [ -8.092565, 32.735868 ], [ -8.081851, 32.734791 ], [ -8.07114, 32.733758 ], [ -8.060433, 32.732805 ], [ -8.049726, 32.731848 ], [ -8.039022, 32.730922 ], [ -8.028319, 32.73003 ], [ -8.024485, 32.72971 ], [ -8.017614, 32.72911 ], [ -8.00691, 32.728185 ], [ -7.996208, 32.727303 ], [ -7.98551, 32.726474 ], [ -7.974811, 32.725652 ], [ -7.964115, 32.72486 ], [ -7.95342, 32.724099 ], [ -7.94833, 32.723744 ], [ -7.942726, 32.723338 ], [ -7.932032, 32.722577 ], [ -7.921342, 32.721894 ], [ -7.910652, 32.721214 ], [ -7.899963, 32.720548 ], [ -7.889276, 32.719914 ], [ -7.878591, 32.719315 ], [ -7.867908, 32.718753 ], [ -7.858166, 32.718276 ], [ -7.857228, 32.718229 ], [ -7.846549, 32.717738 ], [ -7.83587, 32.717257 ], [ -7.825194, 32.716807 ], [ -7.81452, 32.7164 ], [ -7.803848, 32.716045 ], [ -7.793184, 32.715829 ], [ -7.782514, 32.715501 ], [ -7.771846, 32.715197 ], [ -7.76118, 32.714954 ], [ -7.75052, 32.714805 ], [ -7.739866, 32.714786 ], [ -7.729213, 32.714778 ], [ -7.718567, 32.714904 ], [ -7.717603, 32.714651 ], [ -7.707903, 32.714683 ], [ -7.697271, 32.715084 ], [ -7.686655, 32.715793 ], [ -7.676008, 32.715914 ], [ -7.66536, 32.716005 ], [ -7.654717, 32.716201 ], [ -7.644084, 32.716601 ], [ -7.633464, 32.717253 ], [ -7.622846, 32.71794 ], [ -7.616356, 32.718428 ], [ -7.612234, 32.718745 ], [ -7.601631, 32.719734 ], [ -7.591035, 32.720863 ], [ -7.580447, 32.722157 ], [ -7.569858, 32.723448 ], [ -7.559281, 32.724971 ], [ -7.548717, 32.726756 ], [ -7.538189, 32.729264 ], [ -7.530057, 32.730587 ], [ -7.52762, 32.730969 ], [ -7.517131, 32.734279 ], [ -7.506684, 32.738418 ], [ -7.496136, 32.740586 ], [ -7.495165, 32.740851 ], [ -7.485662, 32.744242 ], [ -7.475188, 32.747914 ], [ -7.466913, 32.750869 ], [ -7.464729, 32.751888 ], [ -7.454321, 32.756924 ], [ -7.445789, 32.760627 ], [ -7.443902, 32.761749 ], [ -7.433566, 32.768278 ], [ -7.429667, 32.770204 ], [ -7.423138, 32.772982 ], [ -7.412805, 32.779624 ], [ -7.412509, 32.779817 ], [ -7.402559, 32.788054 ], [ -7.400799, 32.789235 ], [ -7.392329, 32.796859 ], [ -7.389796, 32.798628 ], [ -7.382085, 32.805423 ], [ -7.378778, 32.80802 ], [ -7.371847, 32.814147 ], [ -7.368323, 32.817392 ], [ -7.361664, 32.824021 ], [ -7.359218, 32.826716 ], [ -7.351499, 32.834333 ], [ -7.350113, 32.836039 ], [ -7.341325, 32.844492 ], [ -7.340635, 32.845375 ], [ -7.331144, 32.854545 ], [ -7.331005, 32.854715 ], [ -7.328999, 32.863791 ], [ -7.321321, 32.872015 ], [ -7.320895, 32.873078 ], [ -7.311142, 32.882228 ], [ -7.310992, 32.882426 ], [ -7.309858, 32.891472 ], [ -7.30136, 32.900688 ], [ -7.301318, 32.900773 ], [ -7.291114, 32.909625 ], [ -7.288695, 32.910213 ], [ -7.285956, 32.919314 ], [ -7.283504, 32.928404 ], [ -7.281627, 32.934322 ], [ -7.278119, 32.937595 ], [ -7.27192, 32.946814 ], [ -7.271692, 32.949824 ], [ -7.270203, 32.955879 ], [ -7.264363, 32.965085 ], [ -7.262227, 32.974164 ], [ -7.26219, 32.974414 ], [ -7.258568, 32.983296 ], [ -7.2534, 32.992479 ], [ -7.252747, 33.000306 ], [ -7.252681, 33.00151 ], [ -7.248928, 33.010644 ], [ -7.243273, 33.019843 ], [ -7.243074, 33.021501 ], [ -7.241797, 33.0289 ], [ -7.236827, 33.038075 ], [ -7.236744, 33.047085 ], [ -7.23458, 33.056165 ], [ -7.234112, 33.057618 ], [ -7.226879, 33.065433 ], [ -7.225459, 33.074487 ], [ -7.225255, 33.083501 ], [ -7.225129, 33.092511 ], [ -7.225092, 33.092664 ], [ -7.218429, 33.101745 ], [ -7.216657, 33.110812 ], [ -7.215975, 33.119841 ], [ -7.215723, 33.12052 ], [ -7.208401, 33.129104 ], [ -7.206854, 33.138163 ], [ -7.206074, 33.142627 ], [ -7.203085, 33.147297 ], [ -7.197036, 33.156508 ], [ -7.196235, 33.160829 ], [ -7.193632, 33.165629 ], [ -7.18929, 33.174782 ], [ -7.186381, 33.178798 ], [ -7.179141, 33.18413 ], [ -7.176141, 33.188741 ], [ -7.171465, 33.193395 ], [ -7.165939, 33.199526 ], [ -7.163593, 33.202666 ], [ -7.15562, 33.207894 ], [ -7.15107, 33.212091 ], [ -7.145256, 33.215336 ], [ -7.13481, 33.221091 ], [ -7.133082, 33.221698 ], [ -7.124233, 33.22408 ], [ -7.113632, 33.226588 ], [ -7.10299, 33.228227 ], [ -7.092215, 33.227021 ], [ -7.081492, 33.226925 ], [ -7.070724, 33.225857 ], [ -7.059953, 33.224733 ], [ -7.055368, 33.22426 ], [ -7.04912, 33.222255 ], [ -7.038229, 33.218485 ], [ -7.027421, 33.216537 ], [ -7.026498, 33.216192 ], [ -7.016373, 33.209304 ], [ -7.005592, 33.207913 ], [ -7.005488, 33.207863 ], [ -6.994499, 33.199641 ], [ -6.993429, 33.199244 ], [ -6.98348, 33.192956 ], [ -6.974556, 33.190842 ], [ -6.972622, 33.189797 ], [ -6.961577, 33.182453 ], [ -6.96124, 33.182259 ], [ -6.950499, 33.17436 ], [ -6.949285, 33.173632 ], [ -6.939399, 33.165727 ], [ -6.93814, 33.164978 ], [ -6.928326, 33.157633 ], [ -6.926301, 33.156345 ], [ -6.917256, 33.149569 ], [ -6.914615, 33.147705 ], [ -6.906146, 33.140563 ], [ -6.904153, 33.139027 ], [ -6.895039, 33.131572 ], [ -6.893702, 33.130346 ], [ -6.883914, 33.122117 ], [ -6.883453, 33.121659 ], [ -6.872974, 33.112977 ], [ -6.872799, 33.112822 ], [ -6.863094, 33.104276 ], [ -6.861638, 33.102433 ], [ -6.855507, 33.095504 ], [ -6.850482, 33.092101 ], [ -6.842177, 33.086908 ], [ -6.83955, 33.086854 ], [ -6.828518, 33.07927 ], [ -6.824983, 33.078429 ], [ -6.818095, 33.069632 ], [ -6.817379, 33.06916 ], [ -6.806402, 33.062746 ], [ -6.803603, 33.061067 ], [ -6.795514, 33.058377 ], [ -6.784787, 33.057746 ], [ -6.776287, 33.05289 ], [ -6.773697, 33.048588 ], [ -6.764246, 33.044246 ], [ -6.762784, 33.043554 ], [ -6.751777, 33.036285 ], [ -6.750176, 33.035662 ], [ -6.74077, 33.028958 ], [ -6.730044, 33.028244 ], [ -6.728089, 33.027316 ], [ -6.719134, 33.023173 ], [ -6.710351, 33.018836 ], [ -6.708213, 33.017798 ], [ -6.6973, 33.012588 ], [ -6.692657, 33.010353 ], [ -6.686393, 33.007468 ], [ -6.675487, 33.002378 ], [ -6.674379, 33.001884 ], [ -6.664602, 32.997749 ], [ -6.654974, 32.993446 ], [ -6.65371, 32.992908 ], [ -6.642837, 32.988516 ], [ -6.634643, 32.985031 ], [ -6.631957, 32.983943 ], [ -6.621089, 32.979601 ], [ -6.613719, 32.97663 ], [ -6.610223, 32.975303 ], [ -6.599365, 32.971197 ], [ -6.591827, 32.968253 ], [ -6.588506, 32.967021 ], [ -6.577659, 32.963112 ], [ -6.569129, 32.959895 ], [ -6.566807, 32.959064 ], [ -6.555968, 32.955296 ], [ -6.545707, 32.951553 ], [ -6.545122, 32.951348 ], [ -6.534292, 32.947779 ], [ -6.523457, 32.944063 ], [ -6.521, 32.943244 ], [ -6.512631, 32.940573 ], [ -6.501806, 32.937055 ], [ -6.495424, 32.934953 ], [ -6.490979, 32.933483 ], [ -6.480159, 32.930063 ], [ -6.469342, 32.926697 ], [ -6.469263, 32.926673 ], [ -6.458529, 32.923424 ], [ -6.44772, 32.920209 ], [ -6.441634, 32.918428 ], [ -6.436913, 32.91706 ], [ -6.426111, 32.913984 ], [ -6.415307, 32.910882 ], [ -6.412825, 32.910209 ], [ -6.404509, 32.907883 ], [ -6.393716, 32.904998 ], [ -6.382929, 32.902285 ], [ -6.381954, 32.902038 ], [ -6.372141, 32.899484 ], [ -6.361356, 32.896786 ], [ -6.350577, 32.894215 ], [ -6.349311, 32.893908 ], [ -6.339794, 32.891501 ], [ -6.329013, 32.888861 ], [ -6.318241, 32.886423 ], [ -6.315488, 32.8858 ], [ -6.307465, 32.883882 ], [ -6.296692, 32.881384 ], [ -6.285925, 32.879045 ], [ -6.279725, 32.877733 ], [ -6.275159, 32.876712 ], [ -6.26439, 32.874274 ], [ -6.253626, 32.871976 ], [ -6.242867, 32.869799 ], [ -6.242391, 32.869697 ], [ -6.232099, 32.867367 ], [ -6.221338, 32.865089 ], [ -6.210583, 32.862971 ], [ -6.203791, 32.861682 ], [ -6.199828, 32.860869 ], [ -6.189068, 32.858593 ], [ -6.178314, 32.856471 ], [ -6.167566, 32.854488 ], [ -6.163344, 32.853701 ], [ -6.156814, 32.852386 ], [ -6.14606, 32.850223 ], [ -6.13531, 32.84816 ], [ -6.124566, 32.846277 ], [ -6.12158, 32.845739 ], [ -6.113817, 32.844205 ], [ -6.103067, 32.84212 ], [ -6.092324, 32.840185 ], [ -6.081585, 32.838386 ], [ -6.078184, 32.837804 ], [ -6.070841, 32.836424 ], [ -6.060096, 32.834411 ], [ -6.049356, 32.832539 ], [ -6.038621, 32.830797 ], [ -6.033087, 32.829895 ], [ -6.027884, 32.828972 ], [ -6.017141, 32.826974 ], [ -6.006404, 32.82515 ], [ -5.995672, 32.823461 ], [ -5.985836, 32.82202 ], [ -5.984945, 32.821874 ], [ -5.974206, 32.819964 ], [ -5.963472, 32.818169 ], [ -5.952742, 32.816499 ], [ -5.942017, 32.814945 ], [ -5.936654, 32.814173 ], [ -5.931289, 32.813305 ], [ -5.920556, 32.811491 ], [ -5.909827, 32.809797 ], [ -5.899102, 32.808212 ], [ -5.888381, 32.806726 ], [ -5.885821, 32.806344 ], [ -5.877651, 32.80498 ], [ -5.866922, 32.803226 ], [ -5.856196, 32.80159 ], [ -5.845475, 32.80006 ], [ -5.834757, 32.798627 ], [ -5.833988, 32.798516 ], [ -5.82403, 32.796897 ], [ -5.813304, 32.79521 ], [ -5.802583, 32.793632 ], [ -5.791864, 32.792153 ], [ -5.781149, 32.790766 ], [ -5.780679, 32.7907 ], [ -5.770425, 32.789075 ], [ -5.759703, 32.787429 ], [ -5.748984, 32.785886 ], [ -5.738268, 32.784438 ], [ -5.727556, 32.783078 ], [ -5.726172, 32.782886 ], [ -5.716834, 32.781428 ], [ -5.706114, 32.7798 ], [ -5.695398, 32.778301 ], [ -5.684682, 32.776783 ], [ -5.673966, 32.77524 ], [ -5.672596, 32.775029 ], [ -5.663243, 32.77347 ], [ -5.652519, 32.771653 ], [ -5.641796, 32.769854 ], [ -5.631073, 32.768057 ], [ -5.624938, 32.767024 ], [ -5.62035, 32.766233 ], [ -5.609626, 32.764376 ], [ -5.598904, 32.762533 ], [ -5.588182, 32.760714 ], [ -5.577898, 32.758989 ], [ -5.577461, 32.758916 ], [ -5.566743, 32.757167 ], [ -5.556026, 32.755472 ], [ -5.545311, 32.753855 ], [ -5.534599, 32.752296 ], [ -5.525649, 32.75104 ], [ -5.523889, 32.750798 ], [ -5.513182, 32.749417 ], [ -5.502479, 32.748137 ], [ -5.491779, 32.746989 ], [ -5.481083, 32.745969 ], [ -5.470391, 32.745053 ], [ -5.459701, 32.744256 ], [ -5.449016, 32.743591 ], [ -5.44838, 32.743561 ], [ -5.438336, 32.743129 ], [ -5.427689, 32.743889 ], [ -5.416931, 32.740516 ], [ -5.41188, 32.735256 ], [ -5.406034, 32.731974 ], [ -5.399462, 32.72648 ], [ -5.395139, 32.723422 ], [ -5.388901, 32.717669 ], [ -5.384221, 32.713895 ], [ -5.379058, 32.708842 ], [ -5.373289, 32.70379 ], [ -5.36957, 32.700008 ], [ -5.362351, 32.693325 ], [ -5.360283, 32.69117 ], [ -5.351408, 32.682624 ], [ -5.351129, 32.682328 ], [ -5.342302, 32.673479 ], [ -5.340464, 32.671723 ], [ -5.333561, 32.664628 ], [ -5.329517, 32.660651 ], [ -5.324849, 32.655776 ], [ -5.318571, 32.649469 ], [ -5.316157, 32.646923 ], [ -5.307625, 32.638227 ], [ -5.307476, 32.638069 ], [ -5.299051, 32.62921 ], [ -5.296678, 32.6268 ], [ -5.290568, 32.620351 ], [ -5.285735, 32.615409 ], [ -5.282016, 32.611492 ], [ -5.274796, 32.604097 ], [ -5.273398, 32.602635 ], [ -5.264791, 32.593776 ], [ -5.263862, 32.592837 ], [ -5.256186, 32.584917 ], [ -5.252932, 32.581643 ], [ -5.247447, 32.576059 ], [ -5.242009, 32.570642 ], [ -5.238572, 32.567204 ], [ -5.231095, 32.559859 ], [ -5.229553, 32.55835 ], [ -5.220383, 32.549498 ], [ -5.220189, 32.549312 ], [ -5.21107, 32.540648 ], [ -5.209291, 32.538984 ], [ -5.201496, 32.531801 ], [ -5.198404, 32.528988 ], [ -5.19162, 32.52296 ], [ -5.187528, 32.519357 ], [ -5.181383, 32.514123 ], [ -5.176664, 32.51013 ], [ -5.170696, 32.505294 ], [ -5.165813, 32.501351 ], [ -5.15943, 32.496473 ], [ -5.154976, 32.493071 ], [ -5.147391, 32.487665 ], [ -5.144154, 32.485351 ], [ -5.134277, 32.478873 ], [ -5.133349, 32.478261 ], [ -5.122562, 32.471858 ], [ -5.119172, 32.470114 ], [ -5.111795, 32.466261 ], [ -5.101052, 32.461608 ], [ -5.100458, 32.461413 ], [ -5.090334, 32.45801 ], [ -5.079642, 32.455493 ], [ -5.06898, 32.454312 ], [ -5.05835, 32.454478 ], [ -5.04775, 32.455992 ], [ -5.03718, 32.458847 ] ] } },
{ "type": "Feature", "properties": { "fid": 74, "ID": 73, "Intensidad": 12.0 }, "geometry": { "type": "LineString", "coordinates": [ [ -4.719059, 31.930754 ], [ -4.719213, 31.93526 ], [ -4.718942, 31.938211 ], [ -4.713656, 31.938282 ] ] } },
{ "type": "Feature", "properties": { "fid": 75, "ID": 74, "Intensidad": 11.5 }, "geometry": { "type": "LineString", "coordinates": [ [ -7.883602, 31.825256 ], [ -7.873682, 31.826328 ], [ -7.873115, 31.826393 ], [ -7.862636, 31.827703 ], [ -7.852159, 31.829047 ], [ -7.841684, 31.830434 ], [ -7.831211, 31.831873 ], [ -7.820741, 31.83337 ], [ -7.810273, 31.834926 ], [ -7.799802, 31.836423 ], [ -7.789333, 31.837982 ], [ -7.784981, 31.838707 ], [ -7.778875, 31.839738 ], [ -7.768421, 31.841594 ], [ -7.757972, 31.84356 ], [ -7.747531, 31.845677 ], [ -7.737091, 31.847845 ], [ -7.727557, 31.849863 ], [ -7.726653, 31.850049 ], [ -7.716217, 31.852298 ], [ -7.705785, 31.854642 ], [ -7.695359, 31.857125 ], [ -7.684942, 31.859793 ], [ -7.682088, 31.860554 ], [ -7.674537, 31.862703 ], [ -7.664141, 31.865817 ], [ -7.653734, 31.868722 ], [ -7.645205, 31.870914 ], [ -7.643322, 31.871555 ], [ -7.632981, 31.875794 ], [ -7.622579, 31.878851 ], [ -7.614345, 31.881045 ], [ -7.612174, 31.881851 ], [ -7.601842, 31.88634 ], [ -7.591448, 31.889606 ], [ -7.586964, 31.891044 ], [ -7.581086, 31.893525 ], [ -7.570736, 31.897704 ], [ -7.560327, 31.900711 ], [ -7.559485, 31.90104 ], [ -7.550021, 31.905828 ], [ -7.539646, 31.909559 ], [ -7.536173, 31.910881 ], [ -7.529314, 31.914204 ], [ -7.518966, 31.918516 ], [ -7.51318, 31.920707 ], [ -7.508622, 31.922946 ], [ -7.498302, 31.927885 ], [ -7.491723, 31.930475 ], [ -7.487959, 31.932366 ], [ -7.477651, 31.937615 ], [ -7.471638, 31.940191 ], [ -7.467327, 31.942529 ], [ -7.457021, 31.947868 ], [ -7.452847, 31.949859 ], [ -7.446724, 31.95339 ], [ -7.436403, 31.958465 ], [ -7.434473, 31.959509 ], [ -7.426145, 31.964859 ], [ -7.417548, 31.969106 ], [ -7.415832, 31.970132 ], [ -7.405577, 31.976656 ], [ -7.40221, 31.978646 ], [ -7.395327, 31.983315 ], [ -7.386827, 31.988186 ], [ -7.385048, 31.98938 ], [ -7.37481, 31.996357 ], [ -7.372865, 31.997676 ], [ -7.364596, 32.003861 ], [ -7.359889, 32.007129 ], [ -7.354379, 32.011353 ], [ -7.346995, 32.016579 ], [ -7.344159, 32.018789 ], [ -7.334583, 32.026011 ], [ -7.33395, 32.026519 ], [ -7.323773, 32.034936 ], [ -7.323222, 32.035406 ], [ -7.313622, 32.043976 ], [ -7.312724, 32.044771 ], [ -7.303482, 32.053281 ], [ -7.302619, 32.054122 ], [ -7.293363, 32.06308 ], [ -7.292972, 32.063456 ], [ -7.284065, 32.072765 ], [ -7.283277, 32.073629 ], [ -7.27593, 32.082047 ], [ -7.273231, 32.085067 ], [ -7.268018, 32.091321 ], [ -7.263194, 32.096773 ], [ -7.259999, 32.100599 ], [ -7.253418, 32.109827 ], [ -7.253228, 32.110043 ], [ -7.245311, 32.119107 ], [ -7.24332, 32.124632 ], [ -7.23351, 32.12851 ], [ -7.232977, 32.1299 ], [ -7.231191, 32.137594 ], [ -7.223798, 32.146849 ], [ -7.223591, 32.155863 ], [ -7.22359, 32.155866 ], [ -7.213592, 32.165204 ], [ -7.213847, 32.174202 ], [ -7.213846, 32.174209 ], [ -7.204139, 32.183533 ], [ -7.204121, 32.192541 ], [ -7.204107, 32.192751 ], [ -7.19663, 32.201797 ], [ -7.194653, 32.21087 ], [ -7.194457, 32.213293 ], [ -7.192601, 32.219945 ], [ -7.194808, 32.220909 ], [ -7.195871, 32.228844 ], [ -7.195239, 32.230273 ], [ -7.185254, 32.238204 ], [ -7.185278, 32.244163 ], [ -7.185331, 32.247208 ], [ -7.182891, 32.256296 ], [ -7.179156, 32.265427 ], [ -7.177545, 32.274488 ], [ -7.177197, 32.283507 ], [ -7.177423, 32.292506 ], [ -7.177744, 32.301503 ], [ -7.177827, 32.310507 ], [ -7.178393, 32.319496 ], [ -7.178203, 32.320943 ], [ -7.17288, 32.328686 ], [ -7.169949, 32.33779 ], [ -7.169515, 32.346811 ], [ -7.169655, 32.355814 ], [ -7.169283, 32.357744 ], [ -7.163912, 32.365011 ], [ -7.160967, 32.374116 ], [ -7.160278, 32.383146 ], [ -7.159883, 32.384187 ], [ -7.153009, 32.392393 ], [ -7.150759, 32.401475 ], [ -7.150112, 32.402654 ], [ -7.142871, 32.410742 ], [ -7.140119, 32.416352 ], [ -7.13746, 32.419927 ], [ -7.12999, 32.427124 ], [ -7.128144, 32.429241 ], [ -7.119676, 32.433882 ], [ -7.111314, 32.4388 ], [ -7.109314, 32.439626 ], [ -7.098802, 32.442079 ], [ -7.088187, 32.442288 ], [ -7.077556, 32.442128 ], [ -7.066899, 32.441414 ], [ -7.056241, 32.44065 ], [ -7.055946, 32.440598 ], [ -7.04538, 32.435356 ], [ -7.034629, 32.4325 ], [ -7.034073, 32.432294 ], [ -7.023704, 32.425726 ], [ -7.015793, 32.423871 ], [ -7.012926, 32.422201 ], [ -7.002021, 32.415813 ], [ -7.001117, 32.41533 ], [ -6.991038, 32.407616 ], [ -6.989286, 32.406698 ], [ -6.98008, 32.399925 ], [ -6.976679, 32.398089 ], [ -6.969133, 32.392467 ], [ -6.96423, 32.389474 ], [ -6.95816, 32.384371 ], [ -6.952823, 32.380824 ], [ -6.947211, 32.376771 ], [ -6.941767, 32.372163 ], [ -6.936178, 32.367172 ], [ -6.932397, 32.363448 ], [ -6.925132, 32.357247 ], [ -6.922916, 32.354735 ], [ -6.914075, 32.347002 ], [ -6.913211, 32.346028 ], [ -6.903063, 32.337743 ], [ -6.90264, 32.337348 ], [ -6.893068, 32.328636 ], [ -6.892021, 32.327739 ], [ -6.88257, 32.319951 ], [ -6.881035, 32.318977 ], [ -6.870112, 32.311637 ], [ -6.869649, 32.31134 ], [ -6.86045, 32.302613 ], [ -6.859071, 32.301482 ], [ -6.849472, 32.29394 ], [ -6.848112, 32.293207 ], [ -6.837267, 32.287585 ], [ -6.827257, 32.285608 ], [ -6.826551, 32.285008 ], [ -6.821015, 32.276788 ], [ -6.815458, 32.273408 ], [ -6.807685, 32.268183 ], [ -6.804582, 32.266948 ], [ -6.793958, 32.266485 ], [ -6.783195, 32.25991 ], [ -6.783015, 32.258353 ], [ -6.777172, 32.251082 ], [ -6.772011, 32.248687 ], [ -6.761157, 32.242606 ], [ -6.760574, 32.242568 ], [ -6.750504, 32.241381 ], [ -6.739637, 32.234941 ], [ -6.736913, 32.234262 ], [ -6.728875, 32.231009 ], [ -6.718073, 32.226102 ], [ -6.71734, 32.225831 ], [ -6.707197, 32.219324 ], [ -6.697157, 32.217414 ], [ -6.696518, 32.217369 ], [ -6.685783, 32.214032 ], [ -6.674999, 32.209433 ], [ -6.674147, 32.209076 ], [ -6.664222, 32.205009 ], [ -6.653978, 32.200652 ], [ -6.65344, 32.20043 ], [ -6.642674, 32.196203 ], [ -6.632858, 32.192251 ], [ -6.631904, 32.191886 ], [ -6.621151, 32.18794 ], [ -6.610645, 32.183879 ], [ -6.61039, 32.183784 ], [ -6.599645, 32.180029 ], [ -6.588894, 32.176066 ], [ -6.587365, 32.175532 ], [ -6.578156, 32.172445 ], [ -6.567415, 32.16869 ], [ -6.563119, 32.167208 ], [ -6.55668, 32.165108 ], [ -6.54595, 32.161599 ], [ -6.537967, 32.158904 ], [ -6.535218, 32.158026 ], [ -6.524497, 32.154723 ], [ -6.51377, 32.15124 ], [ -6.511787, 32.150624 ], [ -6.503055, 32.14806 ], [ -6.492339, 32.144839 ], [ -6.484357, 32.142373 ], [ -6.481622, 32.141575 ], [ -6.470917, 32.138593 ], [ -6.460206, 32.135422 ], [ -6.455752, 32.134147 ], [ -6.449502, 32.132444 ], [ -6.438802, 32.129546 ], [ -6.428098, 32.126521 ], [ -6.425979, 32.125947 ], [ -6.417404, 32.123756 ], [ -6.40671, 32.12098 ], [ -6.396012, 32.11806 ], [ -6.394904, 32.117774 ], [ -6.385325, 32.115414 ], [ -6.374637, 32.112749 ], [ -6.363948, 32.110019 ], [ -6.362371, 32.109632 ], [ -6.353266, 32.107503 ], [ -6.342586, 32.104984 ], [ -6.331903, 32.102389 ], [ -6.328235, 32.101524 ], [ -6.321225, 32.099912 ], [ -6.31055, 32.097499 ], [ -6.299874, 32.09506 ], [ -6.29275, 32.093441 ], [ -6.289201, 32.092662 ], [ -6.278532, 32.090396 ], [ -6.267864, 32.088099 ], [ -6.257194, 32.085761 ], [ -6.255458, 32.085395 ], [ -6.246529, 32.083551 ], [ -6.235865, 32.081364 ], [ -6.225202, 32.079174 ], [ -6.216445, 32.07738 ], [ -6.21454, 32.077 ], [ -6.203882, 32.074943 ], [ -6.193225, 32.072876 ], [ -6.182567, 32.070799 ], [ -6.175378, 32.069406 ], [ -6.171911, 32.068742 ], [ -6.161258, 32.066766 ], [ -6.150605, 32.064802 ], [ -6.139954, 32.062847 ], [ -6.132358, 32.061465 ], [ -6.129303, 32.060919 ], [ -6.118656, 32.059059 ], [ -6.108009, 32.057206 ], [ -6.097362, 32.055352 ], [ -6.087087, 32.053565 ], [ -6.086716, 32.053501 ], [ -6.076073, 32.051725 ], [ -6.065431, 32.049965 ], [ -6.05479, 32.04822 ], [ -6.044149, 32.046488 ], [ -6.039298, 32.045709 ], [ -6.03351, 32.044789 ], [ -6.022872, 32.043127 ], [ -6.012235, 32.041472 ], [ -6.001598, 32.039814 ], [ -5.990963, 32.038191 ], [ -5.98898, 32.037894 ], [ -5.980329, 32.036602 ], [ -5.969696, 32.035037 ], [ -5.959065, 32.033489 ], [ -5.948433, 32.031956 ], [ -5.937803, 32.030434 ], [ -5.935639, 32.030128 ], [ -5.927174, 32.028939 ], [ -5.916545, 32.027447 ], [ -5.905917, 32.025976 ], [ -5.89529, 32.024521 ], [ -5.884664, 32.023082 ], [ -5.879581, 32.022402 ], [ -5.874038, 32.021661 ], [ -5.863414, 32.020259 ], [ -5.85279, 32.018875 ], [ -5.842167, 32.017512 ], [ -5.831545, 32.016167 ], [ -5.820924, 32.014847 ], [ -5.819966, 32.014729 ], [ -5.810304, 32.01354 ], [ -5.799685, 32.012253 ], [ -5.789066, 32.010987 ], [ -5.778449, 32.009745 ], [ -5.767832, 32.008525 ], [ -5.757216, 32.007331 ], [ -5.755444, 32.007135 ], [ -5.746602, 32.006156 ], [ -5.735988, 32.005001 ], [ -5.725375, 32.003871 ], [ -5.714763, 32.002765 ], [ -5.704152, 32.001686 ], [ -5.693542, 32.000635 ], [ -5.683489, 31.999665 ], [ -5.682932, 31.999611 ], [ -5.672324, 31.998594 ], [ -5.661716, 31.99761 ], [ -5.65111, 31.996657 ], [ -5.640505, 31.995735 ], [ -5.6299, 31.994848 ], [ -5.619297, 31.993995 ], [ -5.608696, 31.993181 ], [ -5.598361, 31.992424 ], [ -5.598095, 31.992404 ], [ -5.587495, 31.991625 ], [ -5.576895, 31.99088 ], [ -5.566297, 31.99017 ], [ -5.5557, 31.989501 ], [ -5.545104, 31.988875 ], [ -5.53451, 31.988291 ], [ -5.523916, 31.987749 ], [ -5.513324, 31.987244 ], [ -5.502733, 31.986779 ], [ -5.492144, 31.986357 ], [ -5.481555, 31.985984 ], [ -5.476936, 31.98584 ], [ -5.470968, 31.98565 ], [ -5.460382, 31.985349 ], [ -5.449796, 31.985093 ], [ -5.439213, 31.984885 ], [ -5.42863, 31.98473 ], [ -5.418049, 31.984634 ], [ -5.40747, 31.984595 ], [ -5.396892, 31.984598 ], [ -5.386315, 31.984646 ], [ -5.375739, 31.984761 ], [ -5.365166, 31.984971 ], [ -5.354596, 31.985297 ], [ -5.344028, 31.985733 ], [ -5.333463, 31.986277 ], [ -5.322901, 31.986926 ], [ -5.312341, 31.987689 ], [ -5.301784, 31.98857 ], [ -5.294182, 31.989277 ], [ -5.291229, 31.989547 ], [ -5.280675, 31.990587 ], [ -5.270124, 31.991747 ], [ -5.259577, 31.993068 ], [ -5.249032, 31.994475 ], [ -5.238508, 31.996813 ], [ -5.22796, 31.998116 ], [ -5.217876, 31.99965 ], [ -5.217418, 31.999729 ], [ -5.206894, 32.002097 ], [ -5.196379, 32.004853 ], [ -5.185868, 32.007841 ], [ -5.175316, 32.00911 ], [ -5.173962, 32.009425 ], [ -5.164825, 32.012964 ], [ -5.154306, 32.015683 ], [ -5.143781, 32.018153 ], [ -5.141093, 32.018999 ], [ -5.133301, 32.022616 ], [ -5.122799, 32.026156 ], [ -5.113125, 32.028484 ], [ -5.112277, 32.028835 ], [ -5.101818, 32.034332 ], [ -5.091297, 32.03714 ], [ -5.089375, 32.037893 ], [ -5.080835, 32.042606 ], [ -5.070329, 32.046152 ], [ -5.067852, 32.047261 ], [ -5.059879, 32.052278 ], [ -5.04938, 32.056239 ], [ -5.048885, 32.056585 ], [ -5.038951, 32.063363 ], [ -5.031949, 32.065873 ], [ -5.02846, 32.067819 ], [ -5.017993, 32.073343 ], [ -5.014177, 32.075172 ], [ -5.007541, 32.07965 ], [ -4.997042, 32.08386 ], [ -4.996042, 32.084474 ], [ -4.986599, 32.090739 ], [ -4.981612, 32.093716 ], [ -4.976153, 32.097499 ], [ -4.965669, 32.102559 ], [ -4.963558, 32.103013 ], [ -4.955171, 32.107069 ], [ -4.944601, 32.108173 ], [ -4.93408, 32.111653 ], [ -4.931479, 32.112522 ], [ -4.923563, 32.115346 ], [ -4.913051, 32.119329 ], [ -4.906931, 32.12191 ], [ -4.902552, 32.123951 ], [ -4.892074, 32.129659 ], [ -4.889723, 32.131184 ], [ -4.881634, 32.137285 ], [ -4.878302, 32.140369 ], [ -4.871262, 32.148348 ], [ -4.870439, 32.149501 ], [ -4.865283, 32.158593 ], [ -4.862115, 32.167656 ], [ -4.861079, 32.168805 ], [ -4.858471, 32.176725 ], [ -4.855368, 32.185786 ], [ -4.852987, 32.194836 ], [ -4.851145, 32.201778 ], [ -4.850592, 32.203887 ], [ -4.848397, 32.212935 ], [ -4.846404, 32.22198 ], [ -4.844486, 32.231023 ], [ -4.842558, 32.240067 ], [ -4.841422, 32.245533 ], [ -4.840761, 32.249109 ], [ -4.839209, 32.258147 ], [ -4.83773, 32.267184 ], [ -4.83629, 32.276221 ], [ -4.834904, 32.285256 ], [ -4.833569, 32.294291 ], [ -4.832284, 32.303325 ], [ -4.832013, 32.305321 ], [ -4.831166, 32.312357 ], [ -4.830131, 32.321388 ], [ -4.829143, 32.330417 ], [ -4.828202, 32.339447 ], [ -4.827304, 32.348475 ], [ -4.826447, 32.357503 ], [ -4.825629, 32.36653 ], [ -4.824848, 32.375557 ], [ -4.824101, 32.384583 ], [ -4.823386, 32.393609 ], [ -4.823213, 32.39591 ], [ -4.82276, 32.402634 ], [ -4.822183, 32.411657 ], [ -4.821634, 32.420681 ], [ -4.821109, 32.429704 ], [ -4.820606, 32.438726 ], [ -4.820123, 32.447749 ], [ -4.819657, 32.456771 ], [ -4.819205, 32.465793 ], [ -4.818766, 32.474814 ], [ -4.818335, 32.483836 ], [ -4.817911, 32.492857 ], [ -4.81749, 32.501879 ], [ -4.8168, 32.510904 ], [ -4.816456, 32.519924 ], [ -4.816102, 32.528945 ], [ -4.815742, 32.537965 ], [ -4.815536, 32.543051 ], [ -4.815366, 32.546986 ], [ -4.814969, 32.556007 ], [ -4.814559, 32.565028 ], [ -4.814134, 32.574049 ], [ -4.813691, 32.583071 ], [ -4.812967, 32.592096 ], [ -4.812458, 32.601119 ], [ -4.811917, 32.610142 ], [ -4.811351, 32.619165 ], [ -4.810767, 32.628189 ], [ -4.810223, 32.637212 ], [ -4.809648, 32.646235 ], [ -4.808955, 32.65526 ], [ -4.808092, 32.664288 ], [ -4.807465, 32.671237 ], [ -4.807237, 32.673315 ], [ -4.805725, 32.682352 ], [ -4.804361, 32.691387 ], [ -4.803123, 32.70042 ], [ -4.801973, 32.709452 ], [ -4.800889, 32.718482 ], [ -4.799859, 32.727512 ], [ -4.798867, 32.736541 ], [ -4.79822, 32.741821 ], [ -4.797581, 32.745575 ], [ -4.795882, 32.754614 ], [ -4.794352, 32.763651 ], [ -4.792948, 32.772686 ], [ -4.791638, 32.78172 ], [ -4.790396, 32.790753 ], [ -4.789198, 32.799785 ], [ -4.788775, 32.803015 ], [ -4.787935, 32.808818 ], [ -4.786667, 32.817851 ], [ -4.785493, 32.826883 ], [ -4.784416, 32.835913 ], [ -4.783412, 32.844942 ], [ -4.782458, 32.853971 ], [ -4.781523, 32.862999 ], [ -4.780469, 32.872029 ], [ -4.779666, 32.881055 ], [ -4.779658, 32.881171 ], [ -4.779, 32.890079 ], [ -4.778116, 32.899107 ], [ -4.77754, 32.90813 ], [ -4.77679, 32.917156 ], [ -4.776028, 32.926181 ], [ -4.77477, 32.935214 ], [ -4.773633, 32.944245 ], [ -4.772304, 32.953279 ], [ -4.770583, 32.962079 ], [ -4.770532, 32.962318 ], [ -4.768778, 32.971358 ], [ -4.767213, 32.980395 ], [ -4.76575, 32.989431 ], [ -4.764333, 32.998465 ], [ -4.762927, 33.0075 ], [ -4.761221, 33.016539 ], [ -4.760992, 33.017685 ], [ -4.759213, 33.025582 ], [ -4.757308, 33.034623 ], [ -4.755499, 33.043664 ], [ -4.753831, 33.052702 ], [ -4.752191, 33.06174 ], [ -4.751261, 33.066731 ], [ -4.750438, 33.070779 ], [ -4.748591, 33.07982 ], [ -4.746832, 33.088859 ], [ -4.745185, 33.097897 ], [ -4.74366, 33.106933 ], [ -4.742217, 33.115968 ], [ -4.741589, 33.119318 ], [ -4.740349, 33.125008 ], [ -4.738423, 33.13405 ], [ -4.736572, 33.14309 ], [ -4.734796, 33.15213 ], [ -4.733086, 33.161168 ], [ -4.731806, 33.166725 ], [ -4.730839, 33.170214 ], [ -4.728349, 33.179263 ], [ -4.72597, 33.188311 ], [ -4.723485, 33.19736 ], [ -4.72183, 33.204741 ], [ -4.721375, 33.206404 ], [ -4.718534, 33.215457 ], [ -4.716066, 33.224506 ], [ -4.713952, 33.23355 ], [ -4.712081, 33.24259 ], [ -4.711858, 33.243405 ], [ -4.708987, 33.251647 ], [ -4.706246, 33.260699 ], [ -4.704054, 33.269744 ], [ -4.701836, 33.278789 ], [ -4.701816, 33.27886 ], [ -4.698435, 33.28785 ], [ -4.695445, 33.296905 ], [ -4.692847, 33.305955 ], [ -4.691677, 33.309721 ], [ -4.689735, 33.315012 ], [ -4.686507, 33.32407 ], [ -4.683757, 33.333122 ], [ -4.68153, 33.340444 ], [ -4.680873, 33.342176 ], [ -4.677141, 33.351241 ], [ -4.673892, 33.360299 ], [ -4.671311, 33.367828 ], [ -4.670572, 33.369358 ], [ -4.666052, 33.378433 ], [ -4.662743, 33.387492 ], [ -4.661028, 33.392136 ], [ -4.658929, 33.396558 ], [ -4.654763, 33.405628 ], [ -4.651695, 33.414683 ], [ -4.650748, 33.41684 ], [ -4.646798, 33.423763 ], [ -4.642715, 33.432831 ], [ -4.640401, 33.438364 ], [ -4.638213, 33.441905 ], [ -4.632979, 33.450989 ], [ -4.630012, 33.457824 ], [ -4.628673, 33.46006 ], [ -4.622811, 33.469151 ], [ -4.619596, 33.476115 ], [ -4.618272, 33.478225 ], [ -4.612183, 33.487319 ], [ -4.609164, 33.493799 ], [ -4.607594, 33.496393 ], [ -4.601986, 33.50548 ], [ -4.598721, 33.511074 ], [ -4.596194, 33.514569 ], [ -4.590028, 33.523663 ], [ -4.58823, 33.525948 ], [ -4.581966, 33.53278 ], [ -4.577689, 33.538258 ], [ -4.574328, 33.541892 ], [ -4.567358, 33.550995 ], [ -4.567157, 33.551229 ], [ -4.55877, 33.560118 ], [ -4.556592, 33.562554 ], [ -4.550064, 33.569241 ], [ -4.54602, 33.573658 ], [ -4.541231, 33.578366 ], [ -4.535441, 33.584474 ], [ -4.532529, 33.587489 ], [ -4.524854, 33.594963 ], [ -4.522721, 33.596624 ], [ -4.51424, 33.604125 ], [ -4.512301, 33.605766 ], [ -4.503617, 33.612837 ], [ -4.501034, 33.614918 ], [ -4.492984, 33.621122 ], [ -4.489728, 33.624069 ], [ -4.482369, 33.630581 ], [ -4.47836, 33.63322 ], [ -4.471717, 33.637972 ], [ -4.465265, 33.64239 ], [ -4.461058, 33.645076 ], [ -4.45066, 33.651577 ], [ -4.45039, 33.651737 ], [ -4.439713, 33.657933 ], [ -4.434727, 33.660777 ], [ -4.429033, 33.664071 ], [ -4.418343, 33.669731 ], [ -4.417822, 33.669987 ], [ -4.407641, 33.674673 ], [ -4.397882, 33.679229 ], [ -4.396938, 33.679655 ], [ -4.386224, 33.684018 ], [ -4.375506, 33.688258 ], [ -4.37485, 33.688502 ], [ -4.36478, 33.692018 ], [ -4.354049, 33.69548 ], [ -4.347121, 33.697822 ], [ -4.343318, 33.699072 ], [ -4.332583, 33.702418 ], [ -4.321839, 33.705243 ], [ -4.313423, 33.707199 ], [ -4.31109, 33.707789 ], [ -4.300336, 33.71003 ], [ -4.289575, 33.71183 ], [ -4.278816, 33.713832 ], [ -4.268053, 33.715576 ], [ -4.258041, 33.71679 ], [ -4.257283, 33.716903 ], [ -4.246512, 33.718103 ], [ -4.235736, 33.719052 ], [ -4.224956, 33.719719 ], [ -4.214188, 33.721284 ], [ -4.203403, 33.721623 ], [ -4.192612, 33.721544 ], [ -4.181818, 33.721238 ], [ -4.171024, 33.720888 ], [ -4.160231, 33.720679 ], [ -4.149442, 33.720729 ], [ -4.138655, 33.720981 ], [ -4.12787, 33.721318 ], [ -4.117085, 33.721725 ], [ -4.106301, 33.722192 ], [ -4.095518, 33.722707 ], [ -4.084734, 33.723167 ], [ -4.073951, 33.723742 ], [ -4.063168, 33.724373 ], [ -4.052386, 33.725046 ], [ -4.041604, 33.725748 ], [ -4.030822, 33.726465 ], [ -4.020039, 33.727102 ], [ -4.009257, 33.727847 ], [ -4.006343, 33.728113 ], [ -3.998479, 33.729026 ], [ -3.987703, 33.730312 ], [ -3.976926, 33.731577 ], [ -3.966149, 33.732812 ], [ -3.95537, 33.734011 ], [ -3.94459, 33.735086 ], [ -3.933811, 33.736217 ], [ -3.923031, 33.737329 ], [ -3.919253, 33.737807 ], [ -3.912255, 33.7389 ], [ -3.901481, 33.7406 ], [ -3.890705, 33.742213 ], [ -3.879927, 33.743703 ], [ -3.869148, 33.745138 ], [ -3.858369, 33.746525 ], [ -3.853075, 33.747297 ], [ -3.847593, 33.748265 ], [ -3.836818, 33.750257 ], [ -3.826042, 33.752118 ], [ -3.815265, 33.753861 ], [ -3.804485, 33.755466 ], [ -3.796606, 33.756689 ], [ -3.793707, 33.757224 ], [ -3.782933, 33.759474 ], [ -3.772156, 33.76155 ], [ -3.761378, 33.763477 ], [ -3.750598, 33.76527 ], [ -3.746526, 33.766017 ], [ -3.739821, 33.767484 ], [ -3.729045, 33.769818 ], [ -3.718266, 33.771983 ], [ -3.707486, 33.77398 ], [ -3.700579, 33.775302 ], [ -3.696707, 33.776172 ], [ -3.68593, 33.77875 ], [ -3.675151, 33.781096 ], [ -3.664369, 33.783244 ], [ -3.657876, 33.784552 ], [ -3.653589, 33.785564 ], [ -3.642811, 33.788272 ], [ -3.63203, 33.790721 ], [ -3.621247, 33.792953 ], [ -3.617631, 33.793775 ], [ -3.610466, 33.795661 ], [ -3.599686, 33.798411 ], [ -3.588903, 33.800894 ], [ -3.579193, 33.802977 ], [ -3.578118, 33.803227 ], [ -3.567337, 33.80627 ], [ -3.556554, 33.808987 ], [ -3.545768, 33.811442 ], [ -3.542922, 33.812157 ], [ -3.534984, 33.814435 ], [ -3.5242, 33.817361 ], [ -3.513413, 33.819988 ], [ -3.508074, 33.821321 ], [ -3.502627, 33.822878 ], [ -3.491842, 33.82596 ], [ -3.481053, 33.828733 ], [ -3.474238, 33.83047 ], [ -3.470265, 33.831619 ], [ -3.459478, 33.834853 ], [ -3.448688, 33.837736 ], [ -3.441556, 33.839607 ], [ -3.437898, 33.840696 ], [ -3.427109, 33.844026 ], [ -3.416318, 33.846988 ], [ -3.409841, 33.848732 ], [ -3.405526, 33.85004 ], [ -3.394734, 33.85342 ], [ -3.383941, 33.856429 ], [ -3.378976, 33.857846 ], [ -3.373147, 33.859709 ], [ -3.362354, 33.863102 ], [ -3.351558, 33.866121 ], [ -3.348785, 33.86695 ], [ -3.340763, 33.86963 ], [ -3.329966, 33.873004 ], [ -3.319168, 33.876 ], [ -3.319022, 33.876046 ], [ -3.308371, 33.879742 ], [ -3.297572, 33.883066 ], [ -3.290685, 33.885131 ], [ -3.286773, 33.886432 ], [ -3.275973, 33.890092 ], [ -3.265171, 33.893341 ], [ -3.262443, 33.89421 ], [ -3.25437, 33.897052 ], [ -3.243567, 33.900598 ], [ -3.234709, 33.903281 ], [ -3.232763, 33.90393 ], [ -3.221959, 33.907777 ], [ -3.211154, 33.9112 ], [ -3.207673, 33.912345 ], [ -3.200348, 33.914981 ], [ -3.189541, 33.918663 ], [ -3.180945, 33.921402 ], [ -3.178733, 33.922175 ], [ -3.167925, 33.926125 ], [ -3.157115, 33.929632 ], [ -3.154693, 33.930453 ], [ -3.146305, 33.933548 ], [ -3.135493, 33.937286 ], [ -3.128904, 33.939498 ], [ -3.124681, 33.941035 ], [ -3.113868, 33.944991 ], [ -3.103128, 33.948537 ], [ -3.103053, 33.948564 ], [ -3.092238, 33.952738 ], [ -3.081422, 33.956461 ], [ -3.078291, 33.95757 ], [ -3.070605, 33.960517 ], [ -3.059787, 33.964396 ], [ -3.053499, 33.966599 ], [ -3.048968, 33.968309 ], [ -3.038148, 33.972383 ], [ -3.028869, 33.975622 ], [ -3.027327, 33.9762 ], [ -3.016505, 33.980438 ], [ -3.005682, 33.984243 ], [ -3.00462, 33.984641 ], [ -2.994858, 33.988556 ], [ -2.984033, 33.992496 ], [ -2.980921, 33.993654 ], [ -2.973206, 33.99673 ], [ -2.962379, 34.000762 ], [ -2.957342, 34.002663 ], [ -2.951551, 34.004956 ], [ -2.940721, 34.009128 ], [ -2.933859, 34.011668 ], [ -2.929891, 34.013238 ], [ -2.91906, 34.017521 ], [ -2.910573, 34.020668 ], [ -2.908227, 34.021599 ], [ -2.897393, 34.026008 ], [ -2.887593, 34.029665 ], [ -2.886559, 34.030078 ], [ -2.875722, 34.034621 ], [ -2.865037, 34.038657 ], [ -2.864886, 34.038718 ], [ -2.854047, 34.043392 ], [ -2.843208, 34.04753 ], [ -2.842926, 34.047646 ], [ -2.832367, 34.052259 ], [ -2.821526, 34.056462 ], [ -2.82112, 34.056631 ], [ -2.810682, 34.061254 ], [ -2.799838, 34.06552 ], [ -2.79962, 34.065612 ], [ -2.788992, 34.07039 ], [ -2.778478, 34.074591 ], [ -2.778146, 34.074733 ], [ -2.767297, 34.07969 ], [ -2.757774, 34.083567 ], [ -2.756449, 34.084146 ], [ -2.745597, 34.089082 ], [ -2.737294, 34.09254 ], [ -2.734746, 34.093678 ], [ -2.723892, 34.098595 ], [ -2.717059, 34.10151 ], [ -2.713038, 34.103349 ], [ -2.702182, 34.108244 ], [ -2.697079, 34.110477 ], [ -2.691325, 34.113061 ], [ -2.680466, 34.118051 ], [ -2.677373, 34.119442 ], [ -2.669605, 34.123187 ], [ -2.658745, 34.1279 ], [ -2.657658, 34.128403 ], [ -2.647881, 34.133249 ], [ -2.638538, 34.137363 ], [ -2.637017, 34.138085 ], [ -2.626151, 34.143409 ], [ -2.619766, 34.146321 ], [ -2.615283, 34.148523 ], [ -2.604415, 34.153688 ], [ -2.601097, 34.155277 ], [ -2.593543, 34.159141 ], [ -2.582673, 34.164037 ], [ -2.582281, 34.164229 ], [ -2.571798, 34.16975 ], [ -2.564474, 34.173182 ], [ -2.560923, 34.174982 ], [ -2.550047, 34.180371 ], [ -2.546447, 34.182131 ], [ -2.539168, 34.185973 ], [ -2.52829, 34.191065 ], [ -2.528265, 34.191077 ], [ -2.517406, 34.197 ], [ -2.511322, 34.200025 ], [ -2.506523, 34.2026 ], [ -2.495639, 34.208023 ], [ -2.4938, 34.208969 ], [ -2.48475, 34.214002 ], [ -2.476841, 34.217912 ], [ -2.473863, 34.219514 ], [ -2.462973, 34.225261 ], [ -2.459918, 34.226854 ], [ -2.45208, 34.231281 ], [ -2.443107, 34.235793 ], [ -2.441188, 34.236847 ], [ -2.430291, 34.242914 ], [ -2.426941, 34.244733 ], [ -2.419392, 34.249089 ], [ -2.410481, 34.25367 ], [ -2.408495, 34.254782 ], [ -2.397593, 34.260928 ], [ -2.394526, 34.262606 ], [ -2.386688, 34.267244 ], [ -2.378592, 34.271541 ], [ -2.375784, 34.273164 ], [ -2.364878, 34.279294 ], [ -2.362787, 34.280474 ], [ -2.353966, 34.285857 ], [ -2.347568, 34.289409 ], [ -2.343056, 34.292123 ], [ -2.332146, 34.298045 ], [ -2.331647, 34.298337 ], [ -2.321227, 34.304896 ], [ -2.317098, 34.307271 ], [ -2.310309, 34.311484 ], [ -2.301921, 34.3162 ], [ -2.299391, 34.317745 ], [ -2.288471, 34.324197 ], [ -2.286922, 34.325128 ], [ -2.277544, 34.331197 ], [ -2.272788, 34.334059 ], [ -2.266616, 34.338042 ], [ -2.258115, 34.342986 ], [ -2.25569, 34.344509 ], [ -2.244761, 34.351155 ], [ -2.24355, 34.351911 ], [ -2.233825, 34.358399 ], [ -2.229868, 34.36084 ], [ -2.222888, 34.365463 ], [ -2.215828, 34.369765 ], [ -2.211952, 34.372317 ], [ -2.201354, 34.378685 ], [ -2.201016, 34.378906 ], [ -2.190071, 34.386354 ], [ -2.188153, 34.387613 ], [ -2.179123, 34.393823 ], [ -2.174924, 34.396538 ], [ -2.168174, 34.40117 ], [ -2.161499, 34.405461 ], [ -2.157225, 34.408389 ], [ -2.147856, 34.414381 ], [ -2.146276, 34.415463 ], [ -2.135322, 34.422758 ], [ -2.134527, 34.423301 ], [ -2.12436, 34.430648 ], [ -2.122088, 34.432227 ], [ -2.113397, 34.438458 ], [ -2.109439, 34.441149 ], [ -2.102434, 34.446094 ], [ -2.096637, 34.450069 ], [ -2.091469, 34.453701 ], [ -2.083856, 34.458988 ], [ -2.080501, 34.461343 ], [ -2.071199, 34.467907 ], [ -2.069531, 34.469081 ], [ -2.058758, 34.476825 ], [ -2.058557, 34.476968 ], [ -2.047579, 34.48504 ], [ -2.04662, 34.485745 ], [ -2.036598, 34.493192 ], [ -2.034625, 34.494665 ], [ -2.025613, 34.501419 ], [ -2.02274, 34.503584 ], [ -2.014626, 34.509724 ], [ -2.010973, 34.512503 ], [ -2.003635, 34.518113 ], [ -1.999332, 34.521422 ], [ -1.992641, 34.526592 ], [ -1.987819, 34.530341 ], [ -1.981644, 34.53517 ], [ -1.976443, 34.53926 ], [ -1.970643, 34.543837 ], [ -1.965172, 34.548179 ], [ -1.959639, 34.552584 ], [ -1.954005, 34.557098 ], [ -1.948632, 34.561416 ], [ -1.942946, 34.566016 ], [ -1.937621, 34.570341 ], [ -1.932004, 34.574934 ], [ -1.926607, 34.579368 ], [ -1.921186, 34.583853 ], [ -1.915588, 34.588508 ], [ -1.910525, 34.592772 ], [ -1.904565, 34.597859 ], [ -1.900106, 34.601692 ], [ -1.893537, 34.607325 ], [ -1.889758, 34.610612 ], [ -1.882506, 34.616855 ], [ -1.879464, 34.619531 ], [ -1.871472, 34.626436 ], [ -1.869208, 34.62845 ], [ -1.860434, 34.636057 ], [ -1.858975, 34.637368 ], [ -1.849394, 34.645706 ], [ -1.848754, 34.646286 ], [ -1.838598, 34.655203 ], [ -1.83835, 34.655423 ], [ -1.829228, 34.664126 ], [ -1.827294, 34.665862 ], [ -1.819773, 34.673049 ], [ -1.816235, 34.676241 ], [ -1.810252, 34.681969 ], [ -1.805174, 34.686574 ], [ -1.800677, 34.690889 ], [ -1.794112, 34.696873 ], [ -1.790836, 34.699805 ], [ -1.783049, 34.706948 ], [ -1.781363, 34.708724 ], [ -1.771982, 34.717183 ], [ -1.77151, 34.717638 ], [ -1.762802, 34.726563 ], [ -1.760897, 34.728388 ], [ -1.754121, 34.735488 ], [ -1.749809, 34.739603 ], [ -1.745171, 34.744409 ], [ -1.738722, 34.750544 ], [ -1.73601, 34.753328 ], [ -1.727636, 34.761273 ], [ -1.726686, 34.762244 ], [ -1.717966, 34.771166 ], [ -1.716537, 34.772601 ], [ -1.709909, 34.780093 ], [ -1.705426, 34.784532 ], [ -1.701348, 34.789016 ], [ -1.694321, 34.79589 ], [ -1.69242, 34.797933 ], [ -1.683425, 34.806849 ], [ -1.683215, 34.807073 ], [ -1.675951, 34.815781 ], [ -1.672082, 34.819784 ], [ -1.667829, 34.824705 ], [ -1.66096, 34.831578 ], [ -1.659137, 34.833623 ], [ -1.650613, 34.842541 ], [ -1.649835, 34.843386 ], [ -1.643336, 34.851473 ], [ -1.638687, 34.856349 ], [ -1.635265, 34.860396 ], [ -1.627553, 34.868277 ], [ -1.626643, 34.869312 ], [ -1.619217, 34.878241 ], [ -1.616397, 34.881329 ], [ -1.611728, 34.887168 ], [ -1.605244, 34.893988 ], [ -1.603483, 34.896086 ], [ -1.595625, 34.905009 ], [ -1.594086, 34.90675 ], [ -1.588612, 34.91394 ], [ -1.582915, 34.920093 ], [ -1.580662, 34.92286 ], [ -1.572701, 34.93178 ], [ -1.571749, 34.932896 ], [ -1.566009, 34.940714 ], [ -1.560561, 34.946752 ], [ -1.558182, 34.949634 ], [ -1.550362, 34.958553 ], [ -1.549385, 34.959712 ], [ -1.543819, 34.967488 ], [ -1.538186, 34.973771 ], [ -1.53613, 34.976408 ], [ -1.528757, 34.985331 ], [ -1.52699, 34.98745 ], [ -1.522126, 34.994263 ], [ -1.515785, 35.001393 ], [ -1.514394, 35.003181 ], [ -1.507593, 35.01211 ], [ -1.504569, 35.01574 ], [ -1.5006, 35.021037 ], [ -1.493364, 35.029266 ], [ -1.492854, 35.029953 ], [ -1.486677, 35.038889 ], [ -1.482128, 35.044265 ], [ -1.479541, 35.047812 ], [ -1.472323, 35.056734 ], [ -1.470902, 35.058526 ], [ -1.46608, 35.065667 ], [ -1.459665, 35.073157 ], [ -1.458599, 35.074585 ], [ -1.452389, 35.083518 ], [ -1.448412, 35.088417 ], [ -1.445591, 35.092443 ], [ -1.438253, 35.101361 ], [ -1.437168, 35.102929 ], [ -1.432374, 35.110298 ], [ -1.42591, 35.117993 ], [ -1.425021, 35.119215 ], [ -1.419096, 35.12815 ], [ -1.414636, 35.133703 ], [ -1.412306, 35.137073 ], [ -1.405733, 35.145999 ], [ -1.403363, 35.149099 ], [ -1.39956, 35.15493 ], [ -1.392216, 35.163845 ], [ -1.392095, 35.164012 ], [ -1.386738, 35.172784 ], [ -1.380799, 35.180111 ], [ -1.37967, 35.181702 ], [ -1.373773, 35.190635 ], [ -1.369501, 35.196138 ], [ -1.367213, 35.199558 ], [ -1.360947, 35.208486 ], [ -1.358197, 35.212166 ], [ -1.354835, 35.217415 ], [ -1.348165, 35.226336 ], [ -1.346891, 35.228111 ], [ -1.342508, 35.235271 ], [ -1.335582, 35.243994 ], [ -1.335449, 35.244186 ], [ -1.330202, 35.253125 ], [ -1.324249, 35.260805 ], [ -1.323407, 35.262043 ], [ -1.31789, 35.270978 ], [ -1.312912, 35.277559 ], [ -1.311382, 35.2799 ], [ -1.305712, 35.288832 ], [ -1.301568, 35.294446 ], [ -1.299459, 35.297756 ], [ -1.293639, 35.306686 ], [ -1.290217, 35.311429 ], [ -1.287617, 35.315613 ], [ -1.281641, 35.32454 ], [ -1.278859, 35.328479 ], [ -1.275833, 35.333469 ], [ -1.269685, 35.342392 ], [ -1.267497, 35.345515 ], [ -1.263993, 35.351322 ], [ -1.257788, 35.360245 ], [ -1.256128, 35.362683 ], [ -1.252312, 35.369177 ], [ -1.246115, 35.378099 ], [ -1.244747, 35.38014 ], [ -1.240757, 35.387033 ], [ -1.234575, 35.395954 ], [ -1.233356, 35.397795 ], [ -1.229301, 35.404889 ], [ -1.223132, 35.413809 ], [ -1.221957, 35.415602 ], [ -1.217913, 35.422744 ], [ -1.211756, 35.431665 ], [ -1.210552, 35.43349 ], [ -1.206506, 35.440598 ], [ -1.200463, 35.44952 ], [ -1.199137, 35.451562 ], [ -1.195239, 35.458453 ], [ -1.189337, 35.467376 ], [ -1.187711, 35.469885 ], [ -1.184077, 35.476308 ], [ -1.178315, 35.485233 ], [ -1.176275, 35.488379 ], [ -1.172996, 35.494164 ], [ -1.167366, 35.50309 ], [ -1.164832, 35.506984 ], [ -1.161965, 35.512019 ], [ -1.156458, 35.520946 ], [ -1.153382, 35.525647 ], [ -1.150922, 35.529872 ], [ -1.145507, 35.538801 ], [ -1.141928, 35.54428 ], [ -1.139927, 35.547726 ], [ -1.134738, 35.556657 ], [ -1.130461, 35.563173 ], [ -1.129053, 35.56558 ], [ -1.124055, 35.574513 ], [ -1.118987, 35.582184 ], [ -1.118249, 35.583434 ], [ -1.113426, 35.59237 ], [ -1.107525, 35.601288 ], [ -1.107504, 35.601324 ], [ -1.10282, 35.610225 ], [ -1.097136, 35.619147 ], [ -1.096002, 35.620992 ], [ -1.092123, 35.628078 ], [ -1.086697, 35.637003 ], [ -1.084496, 35.640597 ], [ -1.081553, 35.645932 ], [ -1.076365, 35.654861 ], [ -1.072982, 35.660317 ], [ -1.071039, 35.663786 ], [ -1.066081, 35.672718 ], [ -1.061461, 35.680068 ], [ -1.060566, 35.68164 ], [ -1.055819, 35.690574 ], [ -1.050235, 35.699495 ], [ -1.049929, 35.700022 ], [ -1.045554, 35.70843 ], [ -1.040216, 35.717354 ], [ -1.03838, 35.720456 ], [ -1.035119, 35.726281 ], [ -1.030095, 35.73521 ], [ -1.02683, 35.740654 ], [ -1.024917, 35.744136 ], [ -1.020047, 35.753066 ], [ -1.015273, 35.760908 ], [ -1.014668, 35.761988 ], [ -1.010022, 35.770922 ], [ -1.004748, 35.779846 ], [ -1.003696, 35.78169 ], [ -0.999999, 35.788777 ], [ -0.994976, 35.797704 ], [ -0.992109, 35.80262 ], [ -0.989963, 35.806631 ], [ -0.985164, 35.815561 ], [ -0.980522, 35.823346 ], [ -0.979897, 35.824483 ], [ -0.975219, 35.833415 ], [ -0.97007, 35.842339 ], [ -0.968919, 35.844392 ], [ -0.965344, 35.851269 ], [ -0.960432, 35.860197 ], [ -0.957305, 35.865668 ], [ -0.955469, 35.869123 ], [ -0.950784, 35.878053 ], [ -0.945687, 35.886833 ], [ -0.94561, 35.886975 ], [ -0.941113, 35.895909 ], [ -0.936174, 35.904834 ], [ -0.934045, 35.908661 ], [ -0.931405, 35.913763 ], [ -0.926686, 35.922692 ], [ -0.922404, 35.930203 ], [ -0.921653, 35.931615 ], [ -0.917029, 35.940545 ], [ -0.912118, 35.94947 ], [ -0.91075, 35.951986 ], [ -0.907471, 35.958399 ], [ -0.90274, 35.967327 ], [ -0.899086, 35.973913 ], [ -0.897863, 35.976252 ], [ -0.893338, 35.985182 ], [ -0.888451, 35.994107 ], [ -0.887409, 35.996058 ], [ -0.883902, 36.003037 ], [ -0.879229, 36.011964 ], [ -0.87572, 36.018383 ], [ -0.874428, 36.020889 ], [ -0.869949, 36.02982 ], [ -0.865112, 36.038744 ], [ -0.864022, 36.040809 ], [ -0.860606, 36.047674 ], [ -0.855966, 36.056601 ], [ -0.852314, 36.063324 ], [ -0.851187, 36.065525 ], [ -0.846733, 36.074455 ], [ -0.841993, 36.08338 ], [ -0.840594, 36.086052 ], [ -0.837486, 36.092309 ], [ -0.832944, 36.101237 ], [ -0.828864, 36.10885 ], [ -0.828197, 36.110161 ], [ -0.823839, 36.119091 ], [ -0.8192, 36.128017 ], [ -0.817117, 36.132013 ], [ -0.814677, 36.136944 ], [ -0.810229, 36.145873 ], [ -0.805486, 36.154796 ], [ -0.805367, 36.15503 ], [ -0.801185, 36.163727 ], [ -0.796606, 36.172652 ], [ -0.7936, 36.178423 ], [ -0.792049, 36.181578 ], [ -0.787651, 36.190506 ], [ -0.782983, 36.19943 ], [ -0.781829, 36.201668 ], [ -0.778547, 36.208357 ], [ -0.774056, 36.217283 ], [ -0.770053, 36.224854 ], [ -0.769371, 36.226206 ], [ -0.765072, 36.235135 ], [ -0.760545, 36.24406 ], [ -0.758255, 36.24853 ], [ -0.756082, 36.252986 ], [ -0.751794, 36.261915 ], [ -0.747292, 36.27084 ], [ -0.746439, 36.272587 ], [ -0.7431, 36.27977 ], [ -0.738888, 36.2887 ], [ -0.734592, 36.297414 ], [ -0.734493, 36.297627 ], [ -0.730526, 36.306561 ], [ -0.726399, 36.315492 ], [ -0.722711, 36.323169 ], [ -0.722139, 36.32442 ], [ -0.718253, 36.333356 ], [ -0.714222, 36.342288 ], [ -0.710802, 36.349598 ], [ -0.71008, 36.351218 ], [ -0.706306, 36.360155 ], [ -0.702405, 36.369089 ], [ -0.698858, 36.376933 ], [ -0.698389, 36.378021 ], [ -0.694756, 36.386961 ], [ -0.691018, 36.395898 ], [ -0.687147, 36.404832 ], [ -0.686868, 36.405508 ], [ -0.683654, 36.413773 ], [ -0.68009, 36.422714 ], [ -0.676412, 36.431651 ], [ -0.674826, 36.435527 ], [ -0.672862, 36.440591 ], [ -0.669485, 36.449535 ], [ -0.666016, 36.458476 ], [ -0.662739, 36.466704 ], [ -0.662469, 36.467416 ], [ -0.659267, 36.476362 ], [ -0.656042, 36.485308 ], [ -0.652744, 36.494252 ], [ -0.650573, 36.50015 ], [ -0.64951, 36.503197 ], [ -0.646495, 36.512147 ], [ -0.643546, 36.521098 ], [ -0.640482, 36.530046 ], [ -0.638312, 36.536318 ], [ -0.637437, 36.538995 ], [ -0.634686, 36.547949 ], [ -0.631908, 36.556903 ], [ -0.629107, 36.565856 ], [ -0.626282, 36.574809 ], [ -0.625933, 36.575966 ], [ -0.62371, 36.583767 ], [ -0.621254, 36.592727 ], [ -0.618804, 36.601687 ], [ -0.61629, 36.610645 ], [ -0.613941, 36.619607 ], [ -0.613347, 36.621896 ], [ -0.611711, 36.628571 ], [ -0.6096, 36.637538 ], [ -0.607515, 36.646505 ], [ -0.605464, 36.655472 ], [ -0.603458, 36.664441 ], [ -0.601501, 36.67341 ], [ -0.600409, 36.678605 ], [ -0.599657, 36.682382 ], [ -0.598069, 36.691359 ], [ -0.596551, 36.700337 ], [ -0.595134, 36.709317 ], [ -0.59374, 36.718297 ], [ -0.592411, 36.727279 ], [ -0.591162, 36.736262 ], [ -0.590005, 36.745248 ], [ -0.588954, 36.754235 ], [ -0.588023, 36.763225 ], [ -0.587228, 36.772217 ], [ -0.586582, 36.781213 ], [ -0.58611, 36.790212 ], [ -0.585722, 36.799213 ], [ -0.585432, 36.808215 ], [ -0.585263, 36.81722 ], [ -0.585238, 36.826229 ], [ -0.585377, 36.83524 ], [ -0.585703, 36.844255 ], [ -0.586237, 36.853274 ], [ -0.58713, 36.862301 ], [ -0.587948, 36.871326 ], [ -0.58879, 36.880352 ], [ -0.589726, 36.889379 ], [ -0.590822, 36.89841 ], [ -0.59219, 36.907446 ], [ -0.59311, 36.912115 ], [ -0.594078, 36.916493 ], [ -0.596445, 36.925549 ], [ -0.599616, 36.934622 ], [ -0.601455, 36.943668 ], [ -0.603124, 36.950639 ], [ -0.603777, 36.952723 ], [ -0.606866, 36.961794 ], [ -0.609831, 36.970862 ], [ -0.613067, 36.979936 ], [ -0.613413, 36.980645 ], [ -0.618301, 36.989049 ], [ -0.622814, 36.998148 ], [ -0.624013, 37.000911 ], [ -0.627995, 37.00726 ], [ -0.632072, 37.01635 ], [ -0.634613, 37.021331 ], [ -0.637537, 37.025467 ], [ -0.64312, 37.034587 ], [ -0.645344, 37.037724 ], [ -0.650804, 37.043748 ], [ -0.656131, 37.052413 ], [ -0.656438, 37.052868 ], [ -0.663843, 37.062022 ], [ -0.666953, 37.066086 ], [ -0.671811, 37.071187 ], [ -0.677831, 37.078054 ], [ -0.680574, 37.080368 ], [ -0.688808, 37.08688 ], [ -0.692545, 37.08961 ], [ -0.699819, 37.094682 ], [ -0.704308, 37.098846 ], [ -0.710782, 37.104127 ], [ -0.715155, 37.108065 ], [ -0.721766, 37.112983 ], [ -0.727371, 37.117308 ], [ -0.732788, 37.120629 ], [ -0.742016, 37.126596 ], [ -0.743837, 37.127443 ], [ -0.754887, 37.134286 ], [ -0.75679, 37.135885 ], [ -0.765973, 37.139989 ], [ -0.772684, 37.145194 ], [ -0.77701, 37.147414 ], [ -0.788148, 37.151451 ], [ -0.794791, 37.154616 ], [ -0.799274, 37.155951 ], [ -0.810473, 37.15793 ], [ -0.819567, 37.164083 ], [ -0.821534, 37.164774 ], [ -0.832723, 37.167193 ], [ -0.843824, 37.172743 ], [ -0.845379, 37.173564 ], [ -0.854997, 37.175802 ], [ -0.866206, 37.177598 ], [ -0.877388, 37.180397 ], [ -0.884941, 37.183286 ], [ -0.888554, 37.183808 ], [ -0.89978, 37.185078 ], [ -0.910987, 37.187037 ], [ -0.922159, 37.190313 ], [ -0.928206, 37.193059 ], [ -0.93332, 37.19401 ], [ -0.944566, 37.194632 ], [ -0.955818, 37.195054 ], [ -0.967057, 37.195923 ], [ -0.97829, 37.197056 ], [ -0.989521, 37.198287 ], [ -1.000747, 37.199728 ], [ -1.011962, 37.201579 ], [ -1.021835, 37.203669 ], [ -1.023168, 37.203774 ], [ -1.034424, 37.204106 ], [ -1.045677, 37.204552 ], [ -1.056919, 37.205435 ], [ -1.068171, 37.205955 ], [ -1.079431, 37.206125 ], [ -1.090698, 37.206027 ], [ -1.101969, 37.205783 ], [ -1.113241, 37.205519 ], [ -1.124509, 37.205371 ], [ -1.129741, 37.205422 ], [ -1.135773, 37.205425 ], [ -1.136997, 37.205537 ], [ -1.147023, 37.206015 ], [ -1.15827, 37.206753 ], [ -1.169526, 37.20713 ], [ -1.180787, 37.207304 ], [ -1.192052, 37.207334 ], [ -1.203317, 37.207305 ], [ -1.214583, 37.207312 ], [ -1.225845, 37.207453 ], [ -1.237099, 37.207915 ], [ -1.248346, 37.20873 ], [ -1.259599, 37.209248 ], [ -1.270857, 37.209592 ], [ -1.282118, 37.209804 ], [ -1.29338, 37.209978 ], [ -1.30464, 37.210219 ], [ -1.315897, 37.210633 ], [ -1.327145, 37.211412 ], [ -1.338375, 37.213082 ], [ -1.349621, 37.214023 ], [ -1.360874, 37.214641 ], [ -1.37213, 37.21512 ], [ -1.383387, 37.215563 ], [ -1.394643, 37.216069 ], [ -1.405896, 37.21673 ], [ -1.417143, 37.217699 ], [ -1.428393, 37.218539 ], [ -1.433226, 37.218836 ], [ -1.439643, 37.219364 ], [ -1.450889, 37.220413 ], [ -1.462136, 37.221415 ], [ -1.473383, 37.222468 ], [ -1.484627, 37.223652 ], [ -1.495864, 37.225185 ], [ -1.507108, 37.226435 ], [ -1.51836, 37.227281 ], [ -1.529615, 37.227985 ], [ -1.540871, 37.228636 ], [ -1.549715, 37.229329 ], [ -1.552121, 37.229626 ], [ -1.563345, 37.232045 ], [ -1.57457, 37.234375 ], [ -1.585812, 37.235894 ], [ -1.59706, 37.237056 ], [ -1.608313, 37.23801 ], [ -1.619568, 37.238855 ], [ -1.622289, 37.239205 ], [ -1.630789, 37.241562 ], [ -1.642009, 37.244396 ], [ -1.653249, 37.246212 ], [ -1.664498, 37.247476 ], [ -1.675753, 37.248457 ], [ -1.678166, 37.248852 ], [ -1.686987, 37.250627 ], [ -1.69815, 37.256965 ], [ -1.709411, 37.257686 ], [ -1.720677, 37.258159 ], [ -1.721559, 37.258338 ], [ -1.731829, 37.26542 ], [ -1.743079, 37.266853 ], [ -1.75435, 37.2671 ], [ -1.757268, 37.267728 ], [ -1.765523, 37.273381 ], [ -1.77675, 37.276383 ], [ -1.788019, 37.276848 ], [ -1.788646, 37.277063 ], [ -1.799168, 37.284848 ], [ -1.810426, 37.286106 ], [ -1.811102, 37.2863 ], [ -1.821651, 37.2895 ], [ -1.832848, 37.294729 ], [ -1.834564, 37.295543 ], [ -1.843998, 37.303176 ], [ -1.848051, 37.304685 ], [ -1.855161, 37.310927 ], [ -1.866402, 37.313631 ], [ -1.866755, 37.313875 ], [ -1.877564, 37.32169 ], [ -1.879741, 37.323008 ], [ -1.888709, 37.331101 ], [ -1.889694, 37.332111 ], [ -1.896171, 37.341182 ], [ -1.899794, 37.344755 ], [ -1.903097, 37.350256 ], [ -1.908918, 37.359319 ], [ -1.910798, 37.364325 ], [ -1.91214, 37.368358 ], [ -1.913949, 37.377385 ], [ -1.916633, 37.386419 ], [ -1.914672, 37.39541 ], [ -1.913168, 37.404406 ], [ -1.911399, 37.413399 ], [ -1.91025, 37.422398 ], [ -1.909939, 37.423691 ], [ -1.906294, 37.431371 ], [ -1.900832, 37.44033 ], [ -1.899606, 37.449328 ], [ -1.898237, 37.451171 ], [ -1.889619, 37.458244 ], [ -1.887202, 37.467231 ], [ -1.886685, 37.468039 ], [ -1.877248, 37.476146 ], [ -1.875136, 37.484294 ], [ -1.87457, 37.48513 ], [ -1.864394, 37.494042 ], [ -1.863666, 37.49499 ], [ -1.854147, 37.502952 ], [ -1.852186, 37.506161 ], [ -1.846482, 37.511887 ], [ -1.841315, 37.520846 ], [ -1.840638, 37.521468 ], [ -1.829301, 37.529736 ], [ -1.829195, 37.529814 ], [ -1.818195, 37.538635 ], [ -1.817735, 37.539035 ], [ -1.8068, 37.54753 ], [ -1.806276, 37.547964 ], [ -1.798631, 37.556456 ], [ -1.794774, 37.559437 ], [ -1.785625, 37.565332 ], [ -1.783332, 37.567037 ], [ -1.773978, 37.574221 ], [ -1.771869, 37.575723 ], [ -1.761751, 37.583102 ], [ -1.76041, 37.584025 ], [ -1.749417, 37.591981 ], [ -1.74895, 37.592256 ], [ -1.737505, 37.599414 ], [ -1.73541, 37.600841 ], [ -1.726067, 37.606067 ], [ -1.720753, 37.609692 ], [ -1.714618, 37.613197 ], [ -1.706903, 37.61855 ], [ -1.703162, 37.620653 ], [ -1.693536, 37.627412 ], [ -1.691696, 37.628494 ], [ -1.680267, 37.636274 ], [ -1.680229, 37.636296 ], [ -1.668808, 37.64136 ], [ -1.662887, 37.645087 ], [ -1.657363, 37.647723 ], [ -1.647884, 37.653925 ], [ -1.645899, 37.654981 ], [ -1.634435, 37.662083 ], [ -1.63323, 37.662765 ], [ -1.62301, 37.667 ], [ -1.615594, 37.671568 ], [ -1.61155, 37.673712 ], [ -1.601125, 37.680406 ], [ -1.600079, 37.680903 ], [ -1.588644, 37.686059 ], [ -1.583109, 37.6892 ], [ -1.577197, 37.691783 ], [ -1.566996, 37.698014 ], [ -1.565726, 37.698646 ], [ -1.554286, 37.70383 ], [ -1.548983, 37.706802 ], [ -1.542832, 37.709591 ], [ -1.532983, 37.715613 ], [ -1.531357, 37.716395 ], [ -1.519915, 37.721387 ], [ -1.514221, 37.724387 ], [ -1.508463, 37.726788 ], [ -1.497335, 37.733181 ], [ -1.496987, 37.733349 ], [ -1.485553, 37.737698 ], [ -1.478724, 37.741951 ], [ -1.474072, 37.74428 ], [ -1.462609, 37.749938 ], [ -1.460973, 37.750729 ], [ -1.451164, 37.754599 ], [ -1.441727, 37.759485 ], [ -1.439694, 37.760383 ], [ -1.428246, 37.765077 ], [ -1.421775, 37.768228 ], [ -1.416785, 37.770311 ], [ -1.405309, 37.776122 ], [ -1.403596, 37.776991 ], [ -1.393847, 37.781262 ], [ -1.384728, 37.785743 ], [ -1.382374, 37.786784 ], [ -1.370917, 37.791541 ], [ -1.364418, 37.794471 ], [ -1.359453, 37.796515 ], [ -1.347988, 37.801468 ], [ -1.344069, 37.803195 ], [ -1.336525, 37.806276 ], [ -1.325046, 37.811728 ], [ -1.324624, 37.811928 ], [ -1.313572, 37.816901 ], [ -1.304894, 37.820654 ], [ -1.302101, 37.821851 ], [ -1.290632, 37.826655 ], [ -1.283999, 37.82936 ], [ -1.279164, 37.83134 ], [ -1.267695, 37.836019 ], [ -1.262694, 37.838056 ], [ -1.256223, 37.840738 ], [ -1.244749, 37.845516 ], [ -1.241885, 37.846755 ], [ -1.233261, 37.850827 ], [ -1.221792, 37.855255 ], [ -1.221293, 37.855454 ], [ -1.210307, 37.860289 ], [ -1.199093, 37.864125 ], [ -1.198847, 37.864219 ], [ -1.18736, 37.869202 ], [ -1.176967, 37.872792 ], [ -1.175896, 37.873212 ], [ -1.164406, 37.878229 ], [ -1.155742, 37.881469 ], [ -1.152931, 37.882548 ], [ -1.141427, 37.887974 ], [ -1.136169, 37.890169 ], [ -1.129929, 37.893095 ], [ -1.118443, 37.897699 ], [ -1.115647, 37.89885 ], [ -1.106935, 37.903128 ], [ -1.09546, 37.90718 ], [ -1.094687, 37.907521 ], [ -1.083934, 37.913144 ], [ -1.076005, 37.916225 ], [ -1.07244, 37.917819 ], [ -1.060922, 37.923359 ], [ -1.057651, 37.924931 ], [ -1.04939, 37.929334 ], [ -1.037905, 37.933494 ], [ -1.037668, 37.933607 ], [ -1.026355, 37.940043 ], [ -1.020955, 37.942335 ], [ -1.01483, 37.945594 ], [ -1.003324, 37.950379 ], [ -1.001984, 37.951022 ], [ -0.991766, 37.956978 ], [ -0.985293, 37.959745 ], [ -0.980232, 37.962675 ], [ -0.968712, 37.967779 ], [ -0.967404, 37.968445 ], [ -0.957138, 37.974746 ], [ -0.951961, 37.977185 ], [ -0.945584, 37.980943 ], [ -0.934067, 37.985747 ], [ -0.933831, 37.985875 ], [ -0.922477, 37.993092 ], [ -0.9193, 37.994626 ], [ -0.9109, 37.999908 ], [ -0.903764, 38.003358 ], [ -0.899342, 38.005954 ], [ -0.887796, 38.011547 ], [ -0.886913, 38.012064 ], [ -0.876185, 38.019293 ], [ -0.873514, 38.02083 ], [ -0.864578, 38.026859 ], [ -0.859675, 38.029586 ], [ -0.852978, 38.034058 ], [ -0.844921, 38.038324 ], [ -0.841397, 38.040555 ], [ -0.829816, 38.047007 ], [ -0.829746, 38.047052 ], [ -0.818185, 38.055035 ], [ -0.817, 38.055823 ], [ -0.806543, 38.063367 ], [ -0.804704, 38.064601 ], [ -0.794898, 38.071706 ], [ -0.792217, 38.073375 ], [ -0.783256, 38.079829 ], [ -0.779967, 38.082151 ], [ -0.771602, 38.088295 ], [ -0.768067, 38.090933 ], [ -0.759933, 38.097154 ], [ -0.75662, 38.099722 ], [ -0.748253, 38.106262 ], [ -0.745402, 38.108514 ], [ -0.736568, 38.115465 ], [ -0.734123, 38.117304 ], [ -0.724888, 38.124414 ], [ -0.722927, 38.126095 ], [ -0.713187, 38.133928 ], [ -0.712098, 38.134892 ], [ -0.702387, 38.143709 ], [ -0.701447, 38.144588 ], [ -0.693828, 38.152548 ], [ -0.689674, 38.156169 ], [ -0.684791, 38.161378 ], [ -0.677908, 38.167432 ], [ -0.675314, 38.170197 ], [ -0.666145, 38.17845 ], [ -0.665612, 38.179012 ], [ -0.659128, 38.187889 ], [ -0.654273, 38.192786 ], [ -0.65095, 38.196733 ], [ -0.642474, 38.204693 ], [ -0.641745, 38.205555 ], [ -0.636154, 38.21445 ], [ -0.630543, 38.22056 ], [ -0.628589, 38.223304 ], [ -0.622371, 38.232185 ], [ -0.618598, 38.236695 ], [ -0.615796, 38.241058 ], [ -0.609662, 38.24994 ], [ -0.606608, 38.254023 ], [ -0.604024, 38.258832 ], [ -0.599086, 38.267738 ], [ -0.594516, 38.274278 ], [ -0.593231, 38.276625 ], [ -0.589234, 38.285549 ], [ -0.583839, 38.294445 ], [ -0.582327, 38.297237 ], [ -0.580089, 38.303374 ], [ -0.577033, 38.312318 ], [ -0.572402, 38.321229 ], [ -0.569924, 38.326344 ], [ -0.568647, 38.330157 ], [ -0.566479, 38.339119 ], [ -0.564249, 38.348079 ], [ -0.561804, 38.357035 ], [ -0.558802, 38.365979 ], [ -0.556923, 38.372934 ], [ -0.55653, 38.374938 ], [ -0.555345, 38.38392 ], [ -0.554516, 38.39291 ], [ -0.553616, 38.401897 ], [ -0.552897, 38.410889 ], [ -0.552513, 38.419887 ], [ -0.552468, 38.428893 ], [ -0.552678, 38.437904 ], [ -0.552853, 38.446914 ], [ -0.553272, 38.455929 ], [ -0.553923, 38.461914 ], [ -0.554372, 38.464959 ], [ -0.556083, 38.474001 ], [ -0.557927, 38.483046 ], [ -0.559436, 38.492084 ], [ -0.561529, 38.501134 ], [ -0.563657, 38.510184 ], [ -0.563744, 38.510471 ], [ -0.566915, 38.519258 ], [ -0.569901, 38.528327 ], [ -0.572428, 38.537386 ], [ -0.574119, 38.542932 ], [ -0.575351, 38.546453 ], [ -0.578797, 38.55553 ], [ -0.581859, 38.5646 ], [ -0.58457, 38.573364 ], [ -0.584681, 38.573665 ], [ -0.588589, 38.582752 ], [ -0.592013, 38.591829 ], [ -0.59507, 38.600898 ], [ -0.595121, 38.601025 ], [ -0.599299, 38.609991 ], [ -0.602961, 38.619073 ], [ -0.605751, 38.626574 ], [ -0.606438, 38.62815 ], [ -0.610822, 38.637246 ], [ -0.614565, 38.646329 ], [ -0.616432, 38.650766 ], [ -0.618693, 38.655419 ], [ -0.62305, 38.664514 ], [ -0.626764, 38.673596 ], [ -0.627139, 38.674398 ], [ -0.631574, 38.6827 ], [ -0.63578, 38.691791 ], [ -0.637906, 38.69642 ], [ -0.640245, 38.700888 ], [ -0.644935, 38.709989 ], [ -0.648683, 38.718308 ], [ -0.64908, 38.719078 ], [ -0.654259, 38.728189 ], [ -0.658576, 38.737282 ], [ -0.659503, 38.739078 ], [ -0.663725, 38.746391 ], [ -0.66839, 38.75549 ], [ -0.670347, 38.759277 ], [ -0.673439, 38.764597 ], [ -0.67842, 38.773703 ], [ -0.68121, 38.779092 ], [ -0.683376, 38.782807 ], [ -0.68845, 38.791914 ], [ -0.692086, 38.798667 ], [ -0.693533, 38.801021 ], [ -0.69904, 38.810136 ], [ -0.70299, 38.817571 ], [ -0.703981, 38.819239 ], [ -0.709675, 38.828357 ], [ -0.713908, 38.836197 ], [ -0.714671, 38.837461 ], [ -0.720519, 38.846582 ], [ -0.724843, 38.854456 ], [ -0.725595, 38.855687 ], [ -0.73155, 38.864809 ], [ -0.735796, 38.872324 ], [ -0.736795, 38.873917 ], [ -0.742788, 38.883039 ], [ -0.746764, 38.889893 ], [ -0.748216, 38.89215 ], [ -0.754217, 38.901272 ], [ -0.757745, 38.907215 ], [ -0.759812, 38.910386 ], [ -0.765782, 38.919506 ], [ -0.768738, 38.924317 ], [ -0.77164, 38.928625 ], [ -0.777518, 38.937743 ], [ -0.779741, 38.941249 ], [ -0.783638, 38.946865 ], [ -0.789405, 38.955981 ], [ -0.790753, 38.95805 ], [ -0.795781, 38.965108 ], [ -0.801416, 38.97422 ], [ -0.801774, 38.974751 ], [ -0.808019, 38.983351 ], [ -0.812815, 38.990938 ], [ -0.813869, 38.992467 ], [ -0.82039, 39.001595 ], [ -0.823868, 39.006898 ], [ -0.826592, 39.010717 ], [ -0.832854, 39.019839 ], [ -0.834925, 39.022896 ], [ -0.839389, 39.028967 ], [ -0.845388, 39.038084 ], [ -0.845985, 39.038937 ], [ -0.852207, 39.047216 ], [ -0.857065, 39.054507 ], [ -0.858382, 39.056336 ], [ -0.865096, 39.065465 ], [ -0.868155, 39.069883 ], [ -0.871669, 39.074591 ], [ -0.878018, 39.083713 ], [ -0.879245, 39.085426 ], [ -0.884955, 39.092845 ], [ -0.890346, 39.100748 ], [ -0.891244, 39.101965 ], [ -0.898042, 39.111094 ], [ -0.901463, 39.115682 ], [ -0.904921, 39.120224 ], [ -0.911446, 39.129347 ], [ -0.912577, 39.130882 ], [ -0.918558, 39.138481 ], [ -0.923705, 39.145747 ], [ -0.925117, 39.147604 ], [ -0.932134, 39.156734 ], [ -0.934844, 39.160425 ], [ -0.939119, 39.165864 ], [ -0.945642, 39.174986 ], [ -0.945978, 39.175426 ], [ -0.952984, 39.184121 ], [ -0.957135, 39.189762 ], [ -0.959867, 39.193248 ], [ -0.96677, 39.202374 ], [ -0.968289, 39.204365 ], [ -0.974078, 39.211508 ], [ -0.979453, 39.218785 ], [ -0.980909, 39.220632 ], [ -0.988146, 39.229764 ], [ -0.990627, 39.233006 ], [ -0.99542, 39.238895 ], [ -1.001798, 39.247518 ], [ -1.002189, 39.248018 ], [ -1.009717, 39.257153 ], [ -1.01299, 39.261397 ], [ -1.016976, 39.266282 ], [ -1.023865, 39.275406 ], [ -1.024173, 39.275792 ], [ -1.031539, 39.284542 ], [ -1.03538, 39.289478 ], [ -1.038831, 39.293671 ], [ -1.045897, 39.302796 ], [ -1.046577, 39.303642 ], [ -1.053608, 39.311931 ], [ -1.057794, 39.317276 ], [ -1.060856, 39.321058 ], [ -1.068123, 39.330185 ], [ -1.069005, 39.331272 ], [ -1.075861, 39.339319 ], [ -1.080233, 39.34482 ], [ -1.083268, 39.348447 ], [ -1.090566, 39.357573 ], [ -1.091457, 39.358658 ], [ -1.098397, 39.366707 ], [ -1.102698, 39.372053 ], [ -1.105899, 39.375835 ], [ -1.113241, 39.384961 ], [ -1.113933, 39.385794 ], [ -1.12116, 39.394095 ], [ -1.125186, 39.399045 ], [ -1.128747, 39.403223 ], [ -1.136098, 39.412347 ], [ -1.136431, 39.412743 ], [ -1.144113, 39.421481 ], [ -1.147697, 39.425817 ], [ -1.151846, 39.43061 ], [ -1.158954, 39.439381 ], [ -1.159254, 39.439734 ], [ -1.167293, 39.448867 ], [ -1.17023, 39.452372 ], [ -1.175163, 39.457996 ], [ -1.181502, 39.465706 ], [ -1.182722, 39.467121 ], [ -1.190662, 39.47625 ], [ -1.192785, 39.478752 ], [ -1.198651, 39.48538 ], [ -1.204071, 39.491887 ], [ -1.206347, 39.494505 ], [ -1.214098, 39.50363 ], [ -1.215358, 39.505099 ], [ -1.222209, 39.512761 ], [ -1.226657, 39.518022 ], [ -1.230071, 39.521886 ], [ -1.237698, 39.531008 ], [ -1.237951, 39.531297 ], [ -1.246016, 39.54014 ], [ -1.249266, 39.543885 ], [ -1.254154, 39.549268 ], [ -1.26058, 39.556733 ], [ -1.262075, 39.558393 ], [ -1.270309, 39.567522 ], [ -1.271904, 39.569291 ], [ -1.278784, 39.576653 ], [ -1.283238, 39.581618 ], [ -1.287116, 39.585782 ], [ -1.294572, 39.594134 ], [ -1.29529, 39.594908 ], [ -1.303867, 39.60404 ], [ -1.305919, 39.606253 ], [ -1.312568, 39.613172 ], [ -1.317272, 39.618266 ], [ -1.321142, 39.622302 ], [ -1.328626, 39.630442 ], [ -1.32957, 39.63143 ], [ -1.338362, 39.640562 ], [ -1.339992, 39.642275 ], [ -1.347292, 39.649695 ], [ -1.351365, 39.653947 ], [ -1.356176, 39.658827 ], [ -1.362741, 39.665673 ], [ -1.364997, 39.667957 ], [ -1.373794, 39.677086 ], [ -1.37412, 39.677416 ], [ -1.383069, 39.686222 ], [ -1.385514, 39.688684 ], [ -1.39233, 39.695356 ], [ -1.396912, 39.699962 ], [ -1.401547, 39.704489 ], [ -1.408312, 39.711281 ], [ -1.4107, 39.71362 ], [ -1.419716, 39.72261 ], [ -1.419861, 39.722751 ], [ -1.429422, 39.731887 ], [ -1.431132, 39.733536 ], [ -1.439056, 39.741022 ], [ -1.442554, 39.744379 ], [ -1.448703, 39.750158 ], [ -1.45398, 39.755194 ], [ -1.458364, 39.759292 ], [ -1.465411, 39.765983 ], [ -1.468039, 39.768426 ], [ -1.476845, 39.776746 ], [ -1.477724, 39.777559 ], [ -1.487594, 39.786694 ], [ -1.488287, 39.78734 ], [ -1.497643, 39.79583 ], [ -1.499736, 39.797737 ], [ -1.507777, 39.804967 ], [ -1.51119, 39.80805 ], [ -1.517979, 39.814103 ], [ -1.52265, 39.818288 ], [ -1.528249, 39.823239 ], [ -1.534114, 39.828455 ], [ -1.538582, 39.832376 ], [ -1.545584, 39.838555 ], [ -1.548978, 39.841512 ], [ -1.557057, 39.848593 ], [ -1.559433, 39.850648 ], [ -1.568535, 39.858588 ], [ -1.569908, 39.859783 ], [ -1.580019, 39.868463 ], [ -1.580556, 39.86892 ], [ -1.591323, 39.878057 ], [ -1.591509, 39.878213 ], [ -1.602232, 39.887194 ], [ -1.603004, 39.887838 ], [ -1.613258, 39.896332 ], [ -1.614505, 39.897363 ], [ -1.624376, 39.90547 ], [ -1.62601, 39.90681 ], [ -1.635581, 39.914608 ], [ -1.63752, 39.916186 ], [ -1.646866, 39.923746 ], [ -1.649034, 39.925521 ], [ -1.658191, 39.932884 ], [ -1.660552, 39.934768 ], [ -1.669682, 39.942022 ], [ -1.672076, 39.943912 ], [ -1.681292, 39.95116 ], [ -1.683604, 39.952968 ], [ -1.693018, 39.960298 ], [ -1.695137, 39.961941 ], [ -1.704852, 39.969437 ], [ -1.706675, 39.970836 ], [ -1.716794, 39.978575 ], [ -1.718216, 39.979658 ], [ -1.728839, 39.987713 ], [ -1.729762, 39.988417 ], [ -1.740981, 39.996851 ], [ -1.741313, 39.997099 ], [ -1.752868, 40.00568 ], [ -1.753287, 40.00599 ], [ -1.764427, 40.014177 ], [ -1.765727, 40.015129 ], [ -1.77599, 40.022598 ], [ -1.778294, 40.024268 ], [ -1.787558, 40.030946 ], [ -1.790985, 40.033406 ], [ -1.79913, 40.039225 ], [ -1.803793, 40.042545 ], [ -1.810705, 40.04744 ], [ -1.816693, 40.051683 ], [ -1.822284, 40.055662 ], [ -1.829687, 40.06082 ], [ -1.833867, 40.063728 ], [ -1.84292, 40.069959 ], [ -1.845455, 40.071701 ], [ -1.856323, 40.079097 ], [ -1.857047, 40.07959 ], [ -1.868643, 40.087443 ], [ -1.869822, 40.088235 ], [ -1.880242, 40.095232 ], [ -1.883456, 40.097373 ], [ -1.891845, 40.102953 ], [ -1.897231, 40.106511 ], [ -1.90345, 40.110683 ], [ -1.911044, 40.115647 ], [ -1.91506, 40.118275 ], [ -1.925227, 40.124785 ], [ -1.926675, 40.125719 ], [ -1.938292, 40.133169 ], [ -1.939479, 40.133922 ], [ -1.949913, 40.140589 ], [ -1.953854, 40.143058 ], [ -1.961537, 40.147904 ], [ -1.96848, 40.152195 ], [ -1.973166, 40.155112 ], [ -1.983359, 40.161332 ], [ -1.984798, 40.162217 ], [ -1.996432, 40.169376 ], [ -1.998228, 40.170467 ], [ -2.008069, 40.176523 ], [ -2.013246, 40.179601 ], [ -2.019711, 40.18351 ], [ -2.028663, 40.188737 ], [ -2.031357, 40.190337 ], [ -2.043005, 40.197166 ], [ -2.044218, 40.197872 ], [ -2.054655, 40.204052 ], [ -2.059815, 40.207005 ], [ -2.06631, 40.210784 ], [ -2.075834, 40.216139 ], [ -2.077969, 40.217352 ], [ -2.089629, 40.223971 ], [ -2.091871, 40.225272 ], [ -2.101291, 40.230683 ], [ -2.108111, 40.234403 ], [ -2.112959, 40.237123 ], [ -2.12463, 40.243405 ], [ -2.124873, 40.243537 ], [ -2.136301, 40.249938 ], [ -2.141425, 40.252666 ], [ -2.147977, 40.256249 ], [ -2.158673, 40.261798 ], [ -2.159657, 40.262323 ], [ -2.171337, 40.268663 ], [ -2.175687, 40.270926 ], [ -2.18302, 40.274899 ], [ -2.193318, 40.280056 ], [ -2.19471, 40.280781 ], [ -2.206398, 40.286962 ], [ -2.210828, 40.289182 ], [ -2.21809, 40.292963 ], [ -2.229116, 40.29831 ], [ -2.229787, 40.298648 ], [ -2.241483, 40.30471 ], [ -2.247102, 40.307434 ], [ -2.253184, 40.310496 ], [ -2.264888, 40.316081 ], [ -2.2659, 40.31656 ], [ -2.276592, 40.321935 ], [ -2.284532, 40.325682 ], [ -2.288301, 40.32752 ], [ -2.300011, 40.333133 ], [ -2.303613, 40.334804 ], [ -2.311724, 40.338743 ], [ -2.323302, 40.343926 ], [ -2.323442, 40.343991 ], [ -2.335157, 40.349653 ], [ -2.342825, 40.353044 ], [ -2.346879, 40.35492 ], [ -2.358601, 40.360273 ], [ -2.36288, 40.362162 ], [ -2.370326, 40.365596 ], [ -2.382055, 40.370632 ], [ -2.383533, 40.371279 ], [ -2.393783, 40.375965 ], [ -2.404402, 40.380394 ], [ -2.405517, 40.380879 ], [ -2.417249, 40.386152 ], [ -2.425368, 40.389505 ], [ -2.428986, 40.391065 ], [ -2.440724, 40.396123 ], [ -2.446831, 40.398615 ], [ -2.452464, 40.401013 ], [ -2.464207, 40.405868 ], [ -2.468853, 40.407723 ], [ -2.475952, 40.410657 ], [ -2.487699, 40.415381 ], [ -2.491342, 40.41683 ], [ -2.499447, 40.420158 ], [ -2.511198, 40.424788 ], [ -2.514127, 40.425933 ], [ -2.522951, 40.429489 ], [ -2.534706, 40.434018 ], [ -2.537354, 40.435033 ], [ -2.546462, 40.438627 ], [ -2.558221, 40.443047 ], [ -2.561114, 40.444131 ], [ -2.569981, 40.447523 ], [ -2.581743, 40.451808 ], [ -2.5856, 40.453227 ], [ -2.593507, 40.456157 ], [ -2.605273, 40.460448 ], [ -2.610462, 40.462319 ], [ -2.617041, 40.464706 ], [ -2.62881, 40.468927 ], [ -2.635829, 40.471406 ], [ -2.640581, 40.473096 ], [ -2.652353, 40.477251 ], [ -2.66171, 40.48049 ], [ -2.664127, 40.481333 ], [ -2.675903, 40.485359 ], [ -2.68768, 40.489424 ], [ -2.688107, 40.48957 ], [ -2.699459, 40.493386 ], [ -2.71124, 40.497407 ], [ -2.714889, 40.498644 ], [ -2.723022, 40.501354 ], [ -2.734805, 40.505289 ], [ -2.742039, 40.507713 ], [ -2.74659, 40.509211 ], [ -2.758376, 40.513047 ], [ -2.769666, 40.516776 ], [ -2.770164, 40.516938 ], [ -2.781953, 40.520614 ], [ -2.793744, 40.524405 ], [ -2.798181, 40.525835 ], [ -2.805536, 40.52811 ], [ -2.81733, 40.531798 ], [ -2.826859, 40.534886 ], [ -2.829124, 40.535591 ], [ -2.840921, 40.539129 ], [ -2.852718, 40.542837 ], [ -2.856257, 40.543932 ], [ -2.864517, 40.546378 ], [ -2.876317, 40.54991 ], [ -2.886245, 40.55297 ], [ -2.888118, 40.553527 ], [ -2.899922, 40.556776 ], [ -2.911725, 40.560339 ], [ -2.917219, 40.562002 ], [ -2.923531, 40.563776 ], [ -2.935337, 40.567097 ], [ -2.947145, 40.570702 ], [ -2.948264, 40.571025 ], [ -2.958954, 40.573884 ], [ -2.970764, 40.577213 ], [ -2.980272, 40.58004 ], [ -2.982575, 40.580675 ], [ -2.994388, 40.583731 ], [ -3.006201, 40.586969 ], [ -3.013382, 40.589046 ], [ -3.018016, 40.590254 ], [ -3.029832, 40.593245 ], [ -3.041649, 40.596565 ], [ -3.046922, 40.598042 ], [ -3.053467, 40.599692 ], [ -3.065286, 40.602649 ], [ -3.077106, 40.605928 ], [ -3.081198, 40.607028 ], [ -3.088928, 40.608894 ], [ -3.10075, 40.611782 ], [ -3.112573, 40.615014 ], [ -3.116634, 40.616003 ], [ -3.124397, 40.617773 ], [ -3.136222, 40.620553 ], [ -3.148049, 40.623697 ], [ -3.152909, 40.624965 ], [ -3.159876, 40.62655 ], [ -3.171704, 40.629225 ], [ -3.183533, 40.632239 ], [ -3.190028, 40.633915 ], [ -3.195363, 40.635115 ], [ -3.207194, 40.637651 ], [ -3.219026, 40.640498 ], [ -3.22826, 40.642851 ], [ -3.230859, 40.643414 ], [ -3.242691, 40.645756 ], [ -3.254526, 40.648423 ], [ -3.266363, 40.651489 ], [ -3.267591, 40.651771 ], [ -3.278197, 40.653821 ], [ -3.290034, 40.656278 ], [ -3.301872, 40.659083 ], [ -3.308525, 40.660674 ], [ -3.313711, 40.661721 ], [ -3.325549, 40.663949 ], [ -3.33739, 40.666661 ], [ -3.349232, 40.669347 ], [ -3.35024, 40.66956 ], [ -3.361072, 40.671423 ], [ -3.372913, 40.673663 ], [ -3.384757, 40.67624 ], [ -3.393923, 40.678424 ], [ -3.396603, 40.678949 ], [ -3.408445, 40.680914 ], [ -3.420289, 40.683151 ], [ -3.432136, 40.685724 ], [ -3.439216, 40.687266 ], [ -3.443984, 40.688113 ], [ -3.455829, 40.69015 ], [ -3.467675, 40.692171 ], [ -3.479526, 40.694691 ], [ -3.486086, 40.696083 ], [ -3.491375, 40.696977 ], [ -3.503222, 40.698803 ], [ -3.515072, 40.700879 ], [ -3.526924, 40.703268 ], [ -3.534618, 40.704873 ], [ -3.538777, 40.705566 ], [ -3.550626, 40.707265 ], [ -3.562477, 40.709192 ], [ -3.574333, 40.711504 ], [ -3.585113, 40.713633 ], [ -3.586189, 40.71381 ], [ -3.598038, 40.715349 ], [ -3.609891, 40.71709 ], [ -3.621746, 40.719078 ], [ -3.633605, 40.721369 ], [ -3.638947, 40.722352 ], [ -3.645461, 40.723278 ], [ -3.657314, 40.724813 ], [ -3.669169, 40.726548 ], [ -3.681028, 40.728529 ], [ -3.69289, 40.730819 ], [ -3.694315, 40.731037 ], [ -3.704744, 40.732241 ], [ -3.7166, 40.733714 ], [ -3.728457, 40.735379 ], [ -3.740318, 40.737277 ], [ -3.752183, 40.73946 ], [ -3.753566, 40.73967 ], [ -3.76404, 40.740857 ], [ -3.775897, 40.742221 ], [ -3.787756, 40.743757 ], [ -3.799618, 40.745499 ], [ -3.811484, 40.747497 ], [ -3.816528, 40.748246 ], [ -3.823345, 40.748995 ], [ -3.835202, 40.75022 ], [ -3.847062, 40.751583 ], [ -3.858924, 40.753107 ], [ -3.87079, 40.754826 ], [ -3.882563, 40.756765 ], [ -3.882659, 40.756777 ], [ -3.894518, 40.757883 ], [ -3.906377, 40.75903 ], [ -3.918239, 40.760303 ], [ -3.930103, 40.761726 ], [ -3.941971, 40.763404 ], [ -3.95384, 40.765114 ], [ -3.954549, 40.765196 ], [ -3.9657, 40.76613 ], [ -3.97756, 40.76716 ], [ -3.989423, 40.768288 ], [ -4.001287, 40.769534 ], [ -4.013154, 40.770915 ], [ -4.025024, 40.772459 ], [ -4.03314, 40.773524 ], [ -4.036892, 40.773881 ], [ -4.048752, 40.774736 ], [ -4.060614, 40.775668 ], [ -4.072477, 40.776702 ], [ -4.084343, 40.777831 ], [ -4.09621, 40.779065 ], [ -4.10808, 40.780418 ], [ -4.118593, 40.781732 ], [ -4.119952, 40.781855 ], [ -4.131813, 40.782615 ], [ -4.143675, 40.783405 ], [ -4.155538, 40.784255 ], [ -4.167402, 40.785175 ], [ -4.179269, 40.786175 ], [ -4.19114, 40.787443 ], [ -4.203007, 40.788454 ], [ -4.21488, 40.789737 ], [ -4.215154, 40.78976 ], [ -4.226741, 40.790411 ], [ -4.238603, 40.791067 ], [ -4.250466, 40.791762 ], [ -4.262329, 40.7925 ], [ -4.274194, 40.793287 ], [ -4.28606, 40.794129 ], [ -4.297928, 40.795033 ], [ -4.309797, 40.796008 ], [ -4.32167, 40.797142 ], [ -4.327677, 40.797524 ], [ -4.333535, 40.797827 ], [ -4.345396, 40.798338 ], [ -4.357257, 40.798869 ], [ -4.369119, 40.799421 ], [ -4.380982, 40.799996 ], [ -4.392846, 40.800597 ], [ -4.40471, 40.801228 ], [ -4.416576, 40.80189 ], [ -4.428442, 40.802589 ], [ -4.440309, 40.803328 ], [ -4.45218, 40.804181 ], [ -4.463567, 40.804885 ], [ -4.464047, 40.804906 ], [ -4.475907, 40.805273 ], [ -4.487767, 40.805633 ], [ -4.499627, 40.806 ], [ -4.511488, 40.806373 ], [ -4.523349, 40.80675 ], [ -4.53521, 40.807134 ], [ -4.547071, 40.807521 ], [ -4.558932, 40.807912 ], [ -4.570794, 40.808307 ], [ -4.582656, 40.808705 ], [ -4.594518, 40.809116 ], [ -4.60638, 40.809502 ], [ -4.618241, 40.80988 ], [ -4.630103, 40.810249 ], [ -4.641965, 40.81061 ], [ -4.653826, 40.810964 ], [ -4.661996, 40.8112 ], [ -4.665686, 40.811264 ], [ -4.677542, 40.811379 ], [ -4.689397, 40.81144 ], [ -4.701251, 40.811489 ], [ -4.713104, 40.811525 ], [ -4.724959, 40.811576 ], [ -4.736812, 40.811613 ], [ -4.748666, 40.81163 ], [ -4.760518, 40.811627 ], [ -4.772371, 40.811604 ], [ -4.784222, 40.811561 ], [ -4.796073, 40.811498 ], [ -4.807924, 40.811416 ], [ -4.819774, 40.811316 ], [ -4.831623, 40.811196 ], [ -4.843472, 40.811058 ], [ -4.855321, 40.810917 ], [ -4.867169, 40.810759 ], [ -4.879016, 40.810577 ], [ -4.890863, 40.810372 ], [ -4.902709, 40.810145 ], [ -4.914554, 40.809896 ], [ -4.926399, 40.809626 ], [ -4.938242, 40.809337 ], [ -4.950086, 40.809028 ], [ -4.961928, 40.808701 ], [ -4.97377, 40.808357 ], [ -4.985613, 40.808073 ], [ -4.997455, 40.807709 ], [ -5.009296, 40.807364 ], [ -5.021136, 40.806989 ], [ -5.032976, 40.806586 ], [ -5.044814, 40.806153 ], [ -5.056651, 40.805691 ], [ -5.068487, 40.805199 ], [ -5.080322, 40.804675 ], [ -5.088996, 40.804257 ], [ -5.092156, 40.804098 ], [ -5.103988, 40.803495 ], [ -5.115819, 40.802891 ], [ -5.12765, 40.802252 ], [ -5.139479, 40.801588 ], [ -5.151308, 40.800899 ], [ -5.163135, 40.800186 ], [ -5.174961, 40.79945 ], [ -5.186787, 40.798693 ], [ -5.198611, 40.797915 ], [ -5.210434, 40.797116 ], [ -5.222257, 40.796299 ], [ -5.234078, 40.795465 ], [ -5.245899, 40.794614 ], [ -5.257719, 40.793743 ], [ -5.269537, 40.792848 ], [ -5.281355, 40.791926 ], [ -5.286616, 40.791505 ], [ -5.293171, 40.790974 ], [ -5.304985, 40.789997 ], [ -5.316799, 40.788998 ], [ -5.328612, 40.787978 ], [ -5.340423, 40.786939 ], [ -5.352234, 40.785882 ], [ -5.364043, 40.784809 ], [ -5.375852, 40.78372 ], [ -5.387658, 40.782594 ], [ -5.399464, 40.781447 ], [ -5.41127, 40.780311 ], [ -5.415635, 40.779871 ], [ -5.423071, 40.779077 ], [ -5.43487, 40.777765 ], [ -5.446666, 40.776429 ], [ -5.458463, 40.775084 ], [ -5.470259, 40.77375 ], [ -5.482055, 40.772443 ], [ -5.493853, 40.771178 ], [ -5.505652, 40.769969 ], [ -5.517454, 40.768844 ], [ -5.519073, 40.768655 ], [ -5.529238, 40.767248 ], [ -5.541021, 40.76565 ], [ -5.552806, 40.764123 ], [ -5.564594, 40.762659 ], [ -5.576382, 40.761253 ], [ -5.588173, 40.759901 ], [ -5.599964, 40.758596 ], [ -5.607606, 40.757684 ], [ -5.611748, 40.757089 ], [ -5.623519, 40.755277 ], [ -5.635293, 40.753562 ], [ -5.647071, 40.751972 ], [ -5.65885, 40.750413 ], [ -5.670631, 40.748928 ], [ -5.682415, 40.747505 ], [ -5.687126, 40.746855 ], [ -5.694182, 40.7457 ], [ -5.705944, 40.743766 ], [ -5.717709, 40.741941 ], [ -5.729477, 40.740213 ], [ -5.741249, 40.738572 ], [ -5.753023, 40.73701 ], [ -5.759037, 40.736154 ], [ -5.764786, 40.735181 ], [ -5.776544, 40.733261 ], [ -5.788294, 40.731182 ], [ -5.800054, 40.729343 ], [ -5.811818, 40.727601 ], [ -5.823585, 40.725947 ], [ -5.826139, 40.725526 ], [ -5.835328, 40.723757 ], [ -5.847072, 40.721606 ], [ -5.858821, 40.719589 ], [ -5.870574, 40.717691 ], [ -5.882332, 40.715897 ], [ -5.887858, 40.714994 ], [ -5.894075, 40.713803 ], [ -5.905809, 40.711508 ], [ -5.91755, 40.709382 ], [ -5.929295, 40.707367 ], [ -5.941044, 40.705467 ], [ -5.946526, 40.704507 ], [ -5.952778, 40.703243 ], [ -5.964503, 40.700839 ], [ -5.976235, 40.6986 ], [ -5.987973, 40.696503 ], [ -5.999715, 40.694531 ], [ -6.002132, 40.69407 ], [ -6.011432, 40.692025 ], [ -6.023151, 40.689575 ], [ -6.034877, 40.687296 ], [ -6.04661, 40.685187 ], [ -6.054805, 40.683684 ], [ -6.058336, 40.682945 ], [ -6.070044, 40.680309 ], [ -6.081759, 40.677865 ], [ -6.09348, 40.675585 ], [ -6.105206, 40.67341 ], [ -6.105609, 40.673325 ], [ -6.116903, 40.67063 ], [ -6.128608, 40.668048 ], [ -6.140321, 40.665648 ], [ -6.15204, 40.663404 ], [ -6.153872, 40.663012 ], [ -6.163733, 40.660612 ], [ -6.17543, 40.657943 ], [ -6.187135, 40.65545 ], [ -6.198847, 40.653123 ], [ -6.200642, 40.652721 ], [ -6.210531, 40.650229 ], [ -6.22222, 40.647467 ], [ -6.233918, 40.644907 ], [ -6.245621, 40.642474 ], [ -6.24568, 40.64246 ], [ -6.257294, 40.639433 ], [ -6.268977, 40.636631 ], [ -6.28067, 40.634034 ], [ -6.288864, 40.632234 ], [ -6.292358, 40.631368 ], [ -6.304027, 40.628333 ], [ -6.315706, 40.625522 ], [ -6.327394, 40.622915 ], [ -6.331135, 40.622019 ], [ -6.339061, 40.619902 ], [ -6.350726, 40.616881 ], [ -6.362402, 40.614091 ], [ -6.372156, 40.611825 ], [ -6.374078, 40.611325 ], [ -6.38573, 40.608095 ], [ -6.397394, 40.605127 ], [ -6.409068, 40.602382 ], [ -6.411955, 40.601652 ], [ -6.420718, 40.599177 ], [ -6.432378, 40.596183 ], [ -6.444035, 40.593165 ], [ -6.450686, 40.591497 ], [ -6.455689, 40.590109 ], [ -6.46733, 40.586816 ], [ -6.478983, 40.583786 ], [ -6.488663, 40.581353 ], [ -6.490638, 40.580803 ], [ -6.502268, 40.57737 ], [ -6.513912, 40.574221 ], [ -6.525566, 40.571289 ], [ -6.525811, 40.571221 ], [ -6.537186, 40.567741 ], [ -6.548821, 40.564487 ], [ -6.560469, 40.561492 ], [ -6.561833, 40.561112 ], [ -6.572086, 40.557959 ], [ -6.583711, 40.554582 ], [ -6.595348, 40.551445 ], [ -6.596777, 40.551026 ], [ -6.606954, 40.547768 ], [ -6.618571, 40.544307 ], [ -6.630201, 40.541121 ], [ -6.630742, 40.54096 ], [ -6.6418, 40.537373 ], [ -6.653414, 40.53393 ], [ -6.66466, 40.530886 ], [ -6.665043, 40.530772 ], [ -6.67664, 40.527067 ], [ -6.688257, 40.523728 ], [ -6.69955, 40.52077 ], [ -6.699887, 40.520673 ], [ -6.711488, 40.517087 ], [ -6.723103, 40.513787 ], [ -6.73473, 40.510731 ], [ -6.735116, 40.510622 ], [ -6.74633, 40.507212 ], [ -6.757942, 40.503924 ], [ -6.769567, 40.500883 ], [ -6.771152, 40.500448 ], [ -6.78117, 40.497474 ], [ -6.79278, 40.494208 ], [ -6.804403, 40.491193 ], [ -6.808038, 40.490235 ], [ -6.816012, 40.487943 ], [ -6.82762, 40.4847 ], [ -6.839238, 40.481667 ], [ -6.845798, 40.479981 ], [ -6.850853, 40.478578 ], [ -6.862456, 40.475312 ], [ -6.87407, 40.472266 ], [ -6.884574, 40.46968 ], [ -6.885693, 40.469383 ], [ -6.897293, 40.466105 ], [ -6.908904, 40.463059 ], [ -6.920526, 40.460215 ], [ -6.924037, 40.459343 ], [ -6.932135, 40.457165 ], [ -6.943744, 40.454117 ], [ -6.955361, 40.451239 ], [ -6.965066, 40.448939 ], [ -6.966982, 40.448452 ], [ -6.978585, 40.445366 ], [ -6.990197, 40.442464 ], [ -7.001819, 40.439725 ], [ -7.007093, 40.438486 ], [ -7.013434, 40.436893 ], [ -7.025043, 40.433981 ], [ -7.036662, 40.431263 ], [ -7.048287, 40.42865 ], [ -7.051398, 40.427937 ], [ -7.059901, 40.425866 ], [ -7.071514, 40.423089 ], [ -7.083135, 40.420451 ], [ -7.094762, 40.417937 ], [ -7.09766, 40.417303 ], [ -7.106379, 40.415276 ], [ -7.117997, 40.412633 ], [ -7.129622, 40.410133 ], [ -7.141254, 40.407758 ], [ -7.14726, 40.40653 ], [ -7.152881, 40.405314 ], [ -7.164503, 40.402795 ], [ -7.17613, 40.400387 ], [ -7.187764, 40.398086 ], [ -7.199402, 40.395888 ], [ -7.200983, 40.395585 ], [ -7.211033, 40.393563 ], [ -7.222667, 40.391323 ], [ -7.234305, 40.389142 ], [ -7.245943, 40.386987 ], [ -7.257585, 40.384892 ], [ -7.260345, 40.384408 ], [ -7.269226, 40.382797 ], [ -7.28087, 40.380774 ], [ -7.292525, 40.378928 ], [ -7.304206, 40.377501 ], [ -7.315869, 40.375797 ], [ -7.327615, 40.375403 ], [ -7.335495, 40.372609 ], [ -7.339169, 40.372012 ], [ -7.350862, 40.3708 ], [ -7.362578, 40.36997 ], [ -7.374335, 40.369757 ], [ -7.38614, 40.370298 ], [ -7.397852, 40.369395 ], [ -7.409546, 40.368222 ], [ -7.421236, 40.367002 ], [ -7.432943, 40.366054 ], [ -7.444695, 40.365787 ], [ -7.456234, 40.362293 ], [ -7.468082, 40.363493 ], [ -7.479802, 40.362757 ], [ -7.491574, 40.362798 ], [ -7.503414, 40.363872 ], [ -7.515165, 40.363599 ], [ -7.526913, 40.363294 ], [ -7.53869, 40.363407 ], [ -7.550496, 40.363967 ], [ -7.562225, 40.363383 ], [ -7.565238, 40.36375 ], [ -7.574248, 40.367127 ], [ -7.586194, 40.369731 ], [ -7.598057, 40.371096 ], [ -7.599608, 40.371386 ], [ -7.610134, 40.375592 ], [ -7.622111, 40.378614 ], [ -7.624229, 40.379403 ], [ -7.634298, 40.384662 ], [ -7.641375, 40.387715 ], [ -7.646449, 40.390168 ], [ -7.654741, 40.396177 ], [ -7.658855, 40.399327 ], [ -7.663829, 40.404811 ], [ -7.671585, 40.413118 ], [ -7.671871, 40.413486 ], [ -7.675794, 40.422327 ], [ -7.67808, 40.431235 ], [ -7.681682, 40.44009 ], [ -7.681538, 40.449096 ], [ -7.678892, 40.458204 ], [ -7.680715, 40.46713 ], [ -7.685419, 40.47594 ], [ -7.687925, 40.484838 ], [ -7.688603, 40.4884 ], [ -7.689223, 40.493786 ], [ -7.689793, 40.502763 ], [ -7.700629, 40.511322 ], [ -7.702179, 40.513925 ], [ -7.705339, 40.520131 ], [ -7.710198, 40.528933 ], [ -7.715575, 40.536716 ], [ -7.71619, 40.537688 ], [ -7.722235, 40.546441 ], [ -7.728653, 40.554868 ], [ -7.728884, 40.555169 ], [ -7.735765, 40.563886 ], [ -7.741536, 40.570151 ], [ -7.743681, 40.572561 ], [ -7.751659, 40.581233 ], [ -7.754328, 40.584071 ], [ -7.760125, 40.589884 ], [ -7.767015, 40.596431 ], [ -7.769259, 40.598506 ], [ -7.778577, 40.60712 ], [ -7.779656, 40.60809 ], [ -7.788683, 40.615701 ], [ -7.792223, 40.618637 ], [ -7.799359, 40.624257 ], [ -7.80474, 40.628447 ], [ -7.810422, 40.632796 ], [ -7.817246, 40.638033 ], [ -7.821743, 40.641323 ], [ -7.829718, 40.647116 ], [ -7.833588, 40.649826 ], [ -7.842157, 40.655683 ], [ -7.846039, 40.658303 ], [ -7.854578, 40.663952 ], [ -7.858888, 40.666762 ], [ -7.866977, 40.671888 ], [ -7.872331, 40.675194 ], [ -7.879349, 40.679413 ], [ -7.886135, 40.683609 ], [ -7.891719, 40.686871 ], [ -7.900271, 40.692009 ], [ -7.904082, 40.694179 ], [ -7.914658, 40.700396 ], [ -7.916439, 40.701386 ], [ -7.928784, 40.708388 ], [ -7.929474, 40.708762 ], [ -7.941065, 40.714489 ], [ -7.945837, 40.71706 ], [ -7.953361, 40.72077 ], [ -7.961918, 40.725368 ], [ -7.965674, 40.727236 ], [ -7.977585, 40.733692 ], [ -7.978004, 40.733899 ], [ -7.990234, 40.739206 ], [ -7.995647, 40.741909 ], [ -8.002499, 40.744937 ], [ -8.012754, 40.750165 ], [ -8.0148, 40.751128 ], [ -8.027049, 40.756596 ], [ -8.030833, 40.758376 ], [ -8.039281, 40.761812 ], [ -8.049105, 40.766576 ], [ -8.05156, 40.767619 ], [ -8.063786, 40.772709 ], [ -8.068323, 40.774731 ], [ -8.076015, 40.777809 ], [ -8.086931, 40.782909 ], [ -8.088291, 40.783493 ], [ -8.100486, 40.788101 ], [ -8.107295, 40.791007 ], [ -8.112711, 40.793068 ], [ -8.124948, 40.798176 ], [ -8.127269, 40.799118 ], [ -8.137171, 40.803073 ], [ -8.147318, 40.807223 ], [ -8.149403, 40.808068 ], [ -8.161604, 40.812636 ], [ -8.168441, 40.815275 ], [ -8.173808, 40.817222 ], [ -8.186006, 40.821712 ], [ -8.190273, 40.823292 ], [ -8.198195, 40.826056 ], [ -8.210405, 40.830661 ], [ -8.212306, 40.831295 ], [ -8.222576, 40.834742 ], [ -8.234625, 40.839281 ], [ -8.234789, 40.839339 ], [ -8.246952, 40.843277 ], [ -8.25772, 40.847227 ], [ -8.259156, 40.847717 ], [ -8.271318, 40.85161 ], [ -8.281239, 40.855148 ], [ -8.283513, 40.855895 ], [ -8.295673, 40.859724 ], [ -8.305143, 40.863048 ], [ -8.307864, 40.863924 ], [ -8.32002, 40.86767 ], [ -8.329465, 40.870922 ], [ -8.332208, 40.871788 ], [ -8.344361, 40.875455 ], [ -8.354137, 40.878775 ], [ -8.356546, 40.879511 ], [ -8.368687, 40.882999 ], [ -8.379193, 40.886605 ], [ -8.380881, 40.887122 ], [ -8.393018, 40.890536 ], [ -8.404392, 40.894422 ], [ -8.405216, 40.894673 ], [ -8.417345, 40.89795 ], [ -8.429539, 40.902003 ], [ -8.430231, 40.902204 ], [ -8.441656, 40.905098 ], [ -8.45384, 40.909004 ], [ -8.456912, 40.909939 ], [ -8.465975, 40.912288 ], [ -8.478142, 40.915946 ], [ -8.483708, 40.917663 ], [ -8.490292, 40.919395 ], [ -8.502439, 40.922781 ], [ -8.510831, 40.925364 ], [ -8.514601, 40.926337 ], [ -8.526723, 40.929395 ], [ -8.53791, 40.933062 ], [ -8.53892, 40.933338 ], [ -8.551019, 40.936096 ], [ -8.563199, 40.939799 ], [ -8.566344, 40.940687 ], [ -8.575317, 40.942754 ], [ -8.587462, 40.946019 ], [ -8.595149, 40.948287 ], [ -8.599613, 40.949338 ], [ -8.611724, 40.952171 ], [ -8.623453, 40.955904 ], [ -8.623923, 40.956025 ], [ -8.636002, 40.95846 ], [ -8.648157, 40.961781 ], [ -8.654, 40.963403 ], [ -8.660288, 40.964788 ], [ -8.672417, 40.967772 ], [ -8.683655, 40.970938 ], [ -8.684582, 40.971162 ], [ -8.696651, 40.97342 ], [ -8.708799, 40.976587 ], [ -8.715303, 40.978367 ], [ -8.72093, 40.979545 ], [ -8.733025, 40.982075 ], [ -8.745214, 40.985664 ], [ -8.745965, 40.985836 ], [ -8.75727, 40.987728 ], [ -8.76939, 40.990507 ], [ -8.778862, 40.993184 ], [ -8.781552, 40.993753 ], [ -8.793615, 40.995864 ], [ -8.805758, 40.998876 ], [ -8.812163, 41.000502 ], [ -8.817874, 41.001566 ], [ -8.829948, 41.003773 ], [ -8.842112, 41.006978 ], [ -8.845658, 41.0078 ], [ -8.854189, 41.009198 ], [ -8.866273, 41.011487 ], [ -8.878448, 41.014783 ], [ -8.87974, 41.015058 ], [ -8.890496, 41.016651 ], [ -8.902584, 41.01895 ], [ -8.91475, 41.022258 ], [ -8.914763, 41.022261 ], [ -8.926789, 41.023857 ], [ -8.938873, 41.026092 ], [ -8.951047, 41.029306 ], [ -8.951353, 41.029365 ], [ -8.963074, 41.030892 ], [ -8.975149, 41.032997 ], [ -8.98731, 41.036033 ], [ -8.989189, 41.036396 ], [ -8.999347, 41.037708 ], [ -9.01141, 41.039653 ], [ -9.023544, 41.042378 ], [ -9.028298, 41.043347 ], [ -9.035612, 41.044355 ], [ -9.047655, 41.046064 ], [ -9.059762, 41.04846 ], [ -9.068059, 41.05025 ], [ -9.07187, 41.050851 ], [ -9.083893, 41.052318 ], [ -9.09597, 41.054369 ], [ -9.107884, 41.057135 ], [ -9.108118, 41.057174 ], [ -9.120124, 41.05843 ], [ -9.132168, 41.060102 ], [ -9.144272, 41.06241 ], [ -9.151539, 41.063802 ], [ -9.156351, 41.064436 ], [ -9.168371, 41.065819 ], [ -9.180432, 41.06765 ], [ -9.192553, 41.070096 ], [ -9.194896, 41.070467 ], [ -9.204572, 41.071462 ], [ -9.216594, 41.072854 ], [ -9.228662, 41.07472 ], [ -9.240116, 41.077014 ], [ -9.24078, 41.077111 ], [ -9.252783, 41.078281 ], [ -9.264823, 41.079837 ], [ -9.276893, 41.081694 ], [ -9.287527, 41.083424 ], [ -9.288969, 41.083617 ], [ -9.300995, 41.085006 ], [ -9.313041, 41.086595 ], [ -9.32509, 41.088224 ], [ -9.336943, 41.089703 ], [ -9.337129, 41.089726 ], [ -9.349162, 41.09117 ], [ -9.361193, 41.092587 ], [ -9.373222, 41.093981 ], [ -9.385251, 41.09536 ], [ -9.38918, 41.095803 ], [ -9.397277, 41.096711 ], [ -9.409302, 41.09805 ], [ -9.421326, 41.099367 ], [ -9.433346, 41.100647 ], [ -9.443865, 41.101741 ], [ -9.445364, 41.101897 ], [ -9.457379, 41.10311 ], [ -9.469392, 41.104302 ], [ -9.481405, 41.105482 ], [ -9.493417, 41.106654 ], [ -9.501863, 41.107465 ], [ -9.505427, 41.107807 ], [ -9.517434, 41.108916 ], [ -9.529437, 41.109993 ], [ -9.541439, 41.111042 ], [ -9.553438, 41.11207 ], [ -9.56375, 41.112937 ], [ -9.565436, 41.113079 ], [ -9.577432, 41.114068 ], [ -9.589427, 41.115035 ], [ -9.601417, 41.115956 ], [ -9.613404, 41.116843 ], [ -9.625389, 41.117708 ], [ -9.630695, 41.118083 ], [ -9.637373, 41.118563 ], [ -9.649358, 41.119416 ], [ -9.661344, 41.120282 ], [ -9.673332, 41.121163 ], [ -9.685315, 41.122001 ], [ -9.697295, 41.122797 ], [ -9.700689, 41.123011 ], [ -9.709272, 41.123563 ], [ -9.721246, 41.124301 ], [ -9.733219, 41.12502 ], [ -9.745191, 41.125728 ], [ -9.757162, 41.126434 ], [ -9.769133, 41.127125 ], [ -9.776618, 41.127545 ], [ -9.781101, 41.127797 ], [ -9.793068, 41.128452 ], [ -9.805034, 41.129088 ], [ -9.816998, 41.129711 ], [ -9.82896, 41.130319 ], [ -9.840922, 41.130914 ], [ -9.852882, 41.131491 ], [ -9.857746, 41.131717 ], [ -9.86484, 41.132047 ], [ -9.876796, 41.132584 ], [ -9.88875, 41.133103 ], [ -9.900703, 41.133603 ], [ -9.912653, 41.134086 ], [ -9.924603, 41.134552 ], [ -9.93655, 41.135002 ], [ -9.946565, 41.135365 ], [ -9.948496, 41.135435 ], [ -9.96044, 41.135849 ], [ -9.972382, 41.136247 ], [ -9.984323, 41.136629 ], [ -9.996262, 41.136995 ], [ -10.008199, 41.137339 ], [ -10.020134, 41.137656 ], [ -10.032067, 41.137969 ], [ -10.044001, 41.138278 ], [ -10.045599, 41.138315 ], [ -10.055929, 41.138535 ], [ -10.067853, 41.138762 ], [ -10.079777, 41.138977 ], [ -10.091693, 41.139126 ], [ -10.103615, 41.139323 ], [ -10.115536, 41.139515 ], [ -10.127457, 41.139701 ], [ -10.139376, 41.139881 ], [ -10.151296, 41.140057 ], [ -10.16061, 41.140182 ], [ -10.163212, 41.140205 ], [ -10.175119, 41.140269 ], [ -10.187025, 41.140314 ], [ -10.198928, 41.140344 ], [ -10.210831, 41.140366 ], [ -10.222732, 41.140379 ], [ -10.234633, 41.140386 ], [ -10.246533, 41.140385 ], [ -10.258424, 41.140308 ], [ -10.270321, 41.140281 ], [ -10.282217, 41.140246 ], [ -10.294112, 41.1402 ], [ -10.303557, 41.140154 ], [ -10.306004, 41.140131 ], [ -10.317884, 41.139957 ], [ -10.329763, 41.139771 ], [ -10.341642, 41.139586 ], [ -10.353517, 41.139373 ], [ -10.365391, 41.139147 ], [ -10.377264, 41.13891 ], [ -10.389135, 41.138664 ], [ -10.401005, 41.138407 ], [ -10.412874, 41.13814 ], [ -10.424732, 41.137777 ], [ -10.436596, 41.13747 ], [ -10.448458, 41.13715 ], [ -10.460319, 41.136815 ], [ -10.472177, 41.136465 ], [ -10.484034, 41.136101 ], [ -10.495892, 41.135743 ], [ -10.507743, 41.135335 ], [ -10.519593, 41.134912 ], [ -10.52871, 41.134572 ], [ -10.531439, 41.134463 ], [ -10.543277, 41.133943 ], [ -10.555113, 41.133405 ], [ -10.566946, 41.13285 ], [ -10.578774, 41.132251 ], [ -10.590603, 41.131659 ], [ -10.602429, 41.131049 ], [ -10.614253, 41.130421 ], [ -10.626075, 41.129775 ], [ -10.637894, 41.129112 ], [ -10.649711, 41.128431 ], [ -10.661527, 41.127747 ], [ -10.673338, 41.127022 ], [ -10.685148, 41.126282 ], [ -10.696954, 41.125523 ], [ -10.708759, 41.124749 ], [ -10.720561, 41.123959 ], [ -10.732359, 41.123133 ], [ -10.744151, 41.122262 ], [ -10.755945, 41.121409 ], [ -10.767736, 41.120538 ], [ -10.779525, 41.119647 ], [ -10.791311, 41.118737 ], [ -10.803094, 41.11781 ], [ -10.814878, 41.116886 ], [ -10.826656, 41.115925 ], [ -10.838432, 41.114942 ], [ -10.850205, 41.11394 ], [ -10.861975, 41.112918 ], [ -10.873743, 41.111878 ], [ -10.88551, 41.110831 ], [ -10.897274, 41.109773 ], [ -10.898457, 41.109665 ], [ -10.909031, 41.108656 ], [ -10.920785, 41.107519 ], [ -10.932534, 41.106342 ], [ -10.944275, 41.105098 ], [ -10.956004, 41.103769 ], [ -10.967712, 41.102264 ], [ -10.979412, 41.100705 ], [ -10.991104, 41.099081 ], [ -11.002788, 41.0974 ], [ -11.014466, 41.095668 ], [ -11.026138, 41.093896 ], [ -11.037805, 41.092089 ], [ -11.049471, 41.090281 ], [ -11.050657, 41.090069 ], [ -11.061082, 41.088034 ], [ -11.072688, 41.08575 ], [ -11.084292, 41.083455 ], [ -11.095895, 41.081158 ], [ -11.107497, 41.078867 ], [ -11.119103, 41.076613 ], [ -11.121662, 41.07606 ], [ -11.130657, 41.073942 ], [ -11.1422, 41.071192 ], [ -11.153747, 41.068478 ], [ -11.165297, 41.065806 ], [ -11.176849, 41.063152 ], [ -11.17692, 41.063134 ], [ -11.188333, 41.059965 ], [ -11.199843, 41.056991 ], [ -11.211349, 41.053992 ], [ -11.222858, 41.051034 ], [ -11.223733, 41.050788 ], [ -11.234305, 41.047585 ], [ -11.245762, 41.044221 ], [ -11.25723, 41.040964 ], [ -11.264579, 41.038854 ], [ -11.268679, 41.037555 ], [ -11.280093, 41.033887 ], [ -11.291524, 41.030363 ], [ -11.302172, 41.027142 ], [ -11.30296, 41.026884 ], [ -11.314331, 41.022899 ], [ -11.325725, 41.019111 ], [ -11.336586, 41.015648 ], [ -11.337134, 41.015459 ], [ -11.348469, 41.011223 ], [ -11.35985, 41.007369 ], [ -11.368665, 41.004316 ], [ -11.371213, 41.003381 ], [ -11.382533, 40.999064 ], [ -11.393875, 40.994934 ], [ -11.398712, 40.993124 ], [ -11.405185, 40.99056 ], [ -11.416484, 40.986123 ], [ -11.427575, 40.982011 ], [ -11.427812, 40.981917 ], [ -11.439076, 40.97722 ], [ -11.450366, 40.972744 ], [ -11.454583, 40.971028 ], [ -11.461623, 40.968022 ], [ -11.472877, 40.963296 ], [ -11.480538, 40.960117 ], [ -11.484129, 40.958555 ], [ -11.49535, 40.953597 ], [ -11.505773, 40.949253 ], [ -11.506601, 40.948883 ], [ -11.5178, 40.943769 ], [ -11.529023, 40.938867 ], [ -11.529899, 40.938467 ], [ -11.540198, 40.933599 ], [ -11.551395, 40.928518 ], [ -11.553027, 40.92775 ], [ -11.562549, 40.923123 ], [ -11.573726, 40.917916 ], [ -11.575544, 40.917075 ], [ -11.584876, 40.912509 ], [ -11.596027, 40.907133 ], [ -11.597433, 40.906442 ], [ -11.60715, 40.901555 ], [ -11.61828, 40.896041 ], [ -11.618643, 40.895857 ], [ -11.62938, 40.890309 ], [ -11.639185, 40.885318 ], [ -11.640486, 40.884643 ], [ -11.651566, 40.878794 ], [ -11.65933, 40.874805 ], [ -11.662657, 40.873046 ], [ -11.673728, 40.867153 ], [ -11.679006, 40.864325 ], [ -11.684788, 40.861193 ], [ -11.695837, 40.855169 ], [ -11.698174, 40.85388 ], [ -11.706872, 40.849052 ], [ -11.716894, 40.843466 ], [ -11.717901, 40.842901 ], [ -11.728914, 40.836654 ], [ -11.73519, 40.833081 ], [ -11.739918, 40.830347 ], [ -11.750926, 40.824085 ], [ -11.753305, 40.822708 ], [ -11.761915, 40.817697 ], [ -11.770943, 40.812368 ], [ -11.772889, 40.811218 ], [ -11.783855, 40.804685 ], [ -11.788222, 40.802053 ], [ -11.794809, 40.798087 ], [ -11.805198, 40.791759 ], [ -11.805753, 40.791421 ], [ -11.816688, 40.784708 ], [ -11.822057, 40.781472 ], [ -11.827626, 40.778041 ], [ -11.83842, 40.77122 ], [ -11.838533, 40.771149 ], [ -11.849446, 40.764321 ], [ -11.854668, 40.760975 ], [ -11.860341, 40.757371 ], [ -11.870481, 40.750762 ], [ -11.871215, 40.750288 ], [ -11.882093, 40.74325 ], [ -11.886181, 40.740555 ], [ -11.892959, 40.736134 ], [ -11.901668, 40.730363 ], [ -11.90381, 40.728933 ], [ -11.914653, 40.721685 ], [ -11.916874, 40.720191 ], [ -11.925494, 40.714438 ], [ -11.931934, 40.710028 ], [ -11.936315, 40.707056 ], [ -11.946619, 40.699893 ], [ -11.947116, 40.699551 ], [ -11.957924, 40.692115 ], [ -11.961288, 40.689757 ], [ -11.96872, 40.684606 ], [ -11.975814, 40.679631 ], [ -11.979507, 40.677041 ], [ -11.989936, 40.669534 ], [ -11.990266, 40.669299 ], [ -12.001039, 40.661667 ], [ -12.004132, 40.65943 ], [ -12.011797, 40.653953 ], [ -12.018076, 40.649345 ], [ -12.022536, 40.64611 ], [ -12.031716, 40.639281 ], [ -12.033256, 40.63815 ], [ -12.043973, 40.630182 ], [ -12.045256, 40.629224 ], [ -12.054696, 40.622277 ], [ -12.058899, 40.619158 ], [ -12.065405, 40.614288 ], [ -12.072177, 40.609118 ], [ -12.076093, 40.606161 ], [ -12.08524, 40.599095 ], [ -12.086764, 40.59793 ], [ -12.097424, 40.589644 ], [ -12.09815, 40.589082 ], [ -12.108098, 40.581466 ], [ -12.11117, 40.579059 ], [ -12.118754, 40.573184 ], [ -12.123976, 40.569052 ], [ -12.129395, 40.564809 ], [ -12.136611, 40.559057 ], [ -12.140023, 40.556356 ], [ -12.149066, 40.549075 ], [ -12.150636, 40.547819 ], [ -12.161237, 40.539212 ], [ -12.161372, 40.539104 ], [ -12.171849, 40.530696 ], [ -12.173778, 40.529123 ], [ -12.182448, 40.522113 ], [ -12.186042, 40.519153 ], [ -12.193032, 40.513438 ], [ -12.198128, 40.509196 ], [ -12.203601, 40.504672 ], [ -12.210042, 40.499251 ], [ -12.214152, 40.495797 ], [ -12.221784, 40.489319 ], [ -12.224691, 40.486856 ], [ -12.233401, 40.479396 ], [ -12.235218, 40.477842 ], [ -12.244885, 40.469483 ], [ -12.245731, 40.468752 ], [ -12.256231, 40.459586 ], [ -12.256239, 40.459579 ], [ -12.266728, 40.450412 ], [ -12.267563, 40.449677 ], [ -12.277215, 40.441197 ], [ -12.27881, 40.439779 ], [ -12.28769, 40.431909 ], [ -12.289941, 40.429891 ], [ -12.29815, 40.422535 ], [ -12.300947, 40.420011 ], [ -12.308597, 40.413087 ], [ -12.311834, 40.41014 ], [ -12.319032, 40.403567 ], [ -12.322612, 40.400277 ], [ -12.329453, 40.393972 ], [ -12.333282, 40.390422 ], [ -12.339861, 40.384307 ], [ -12.343853, 40.380574 ], [ -12.350257, 40.374571 ], [ -12.354327, 40.370733 ], [ -12.36064, 40.364764 ], [ -12.364703, 40.360899 ], [ -12.371008, 40.354875 ], [ -12.37498, 40.351073 ], [ -12.381365, 40.344921 ], [ -12.385165, 40.341253 ], [ -12.391708, 40.334895 ], [ -12.395258, 40.33144 ], [ -12.402038, 40.324795 ], [ -12.405259, 40.321634 ], [ -12.412355, 40.314619 ], [ -12.415169, 40.311834 ], [ -12.422658, 40.304367 ], [ -12.424988, 40.302041 ], [ -12.432948, 40.294041 ], [ -12.434724, 40.292254 ], [ -12.443224, 40.28364 ], [ -12.444372, 40.282474 ], [ -12.453484, 40.273143 ], [ -12.453916, 40.272701 ], [ -12.463443, 40.26293 ], [ -12.463738, 40.262626 ], [ -12.472928, 40.253161 ], [ -12.473982, 40.252064 ], [ -12.482326, 40.243398 ], [ -12.484212, 40.241419 ], [ -12.49164, 40.233642 ], [ -12.494428, 40.230692 ], [ -12.500869, 40.223892 ], [ -12.504628, 40.219881 ], [ -12.510014, 40.214149 ], [ -12.514814, 40.208986 ], [ -12.519072, 40.204412 ], [ -12.524982, 40.19799 ], [ -12.528043, 40.194681 ], [ -12.535134, 40.186902 ], [ -12.536914, 40.184959 ], [ -12.545268, 40.175711 ], [ -12.545693, 40.175243 ], [ -12.554536, 40.165522 ], [ -12.555405, 40.164556 ], [ -12.563316, 40.155805 ], [ -12.565527, 40.153324 ], [ -12.572005, 40.146095 ], [ -12.575632, 40.14199 ], [ -12.580604, 40.136392 ], [ -12.585718, 40.130552 ], [ -12.589109, 40.126697 ], [ -12.595785, 40.118993 ], [ -12.597518, 40.117009 ], [ -12.605834, 40.107335 ], [ -12.605841, 40.107327 ], [ -12.614276, 40.097636 ], [ -12.61589, 40.095748 ], [ -12.62261, 40.087953 ], [ -12.625926, 40.084037 ], [ -12.630844, 40.078277 ], [ -12.63594, 40.0722 ], [ -12.638975, 40.06861 ], [ -12.645932, 40.060229 ], [ -12.647002, 40.058951 ], [ -12.655055, 40.049289 ], [ -12.655919, 40.048248 ], [ -12.663128, 40.039626 ], [ -12.6659, 40.036243 ], [ -12.671098, 40.02997 ], [ -12.675858, 40.024101 ], [ -12.678955, 40.020323 ], [ -12.68579, 40.011801 ], [ -12.686693, 40.010686 ], [ -12.694507, 40.001043 ], [ -12.695722, 39.999526 ], [ -12.702302, 39.9914 ], [ -12.705641, 39.987184 ], [ -12.709979, 39.981767 ], [ -12.715534, 39.974675 ], [ -12.717539, 39.972143 ], [ -12.725042, 39.962524 ], [ -12.725406, 39.96205 ], [ -12.732626, 39.952897 ], [ -12.735287, 39.949509 ], [ -12.740175, 39.943274 ], [ -12.745137, 39.936778 ], [ -12.747549, 39.933664 ], [ -12.754834, 39.924062 ], [ -12.754963, 39.923894 ], [ -12.762271, 39.914446 ], [ -12.764797, 39.911098 ], [ -12.769579, 39.904841 ], [ -12.774599, 39.8981 ], [ -12.776754, 39.895247 ], [ -12.78388, 39.885657 ], [ -12.784381, 39.884985 ], [ -12.791129, 39.876056 ], [ -12.794168, 39.871928 ], [ -12.798242, 39.866466 ], [ -12.803919, 39.858647 ], [ -12.805217, 39.856887 ], [ -12.812248, 39.847304 ], [ -12.813665, 39.84535 ], [ -12.819288, 39.837719 ], [ -12.823396, 39.831976 ], [ -12.826178, 39.828147 ], [ -12.832955, 39.818584 ], [ -12.833093, 39.818391 ], [ -12.839916, 39.809005 ], [ -12.842802, 39.804912 ], [ -12.846727, 39.799439 ], [ -12.852471, 39.791176 ], [ -12.853383, 39.789885 ], [ -12.860163, 39.780321 ], [ -12.862142, 39.777482 ], [ -12.866903, 39.77076 ], [ -12.871786, 39.763625 ], [ -12.873469, 39.761213 ], [ -12.880069, 39.751663 ], [ -12.881417, 39.749695 ], [ -12.886707, 39.74211 ], [ -12.891032, 39.735688 ], [ -12.893171, 39.732571 ], [ -12.899621, 39.723033 ], [ -12.900625, 39.721545 ], [ -12.90616, 39.713488 ], [ -12.91021, 39.707377 ], [ -12.912521, 39.703957 ], [ -12.918846, 39.694429 ], [ -12.919768, 39.693042 ], [ -12.925284, 39.684892 ], [ -12.929322, 39.678708 ], [ -12.931547, 39.675369 ], [ -12.937774, 39.665848 ], [ -12.938848, 39.664201 ], [ -12.9441, 39.65632 ], [ -12.948364, 39.649652 ], [ -12.950224, 39.646808 ], [ -12.956387, 39.637292 ], [ -12.957861, 39.634991 ], [ -12.962583, 39.627774 ], [ -12.967335, 39.620201 ], [ -12.968572, 39.618273 ], [ -12.974691, 39.608761 ], [ -12.976804, 39.605402 ], [ -12.980756, 39.599253 ], [ -12.986234, 39.59036 ], [ -12.98661, 39.589764 ], [ -12.992704, 39.580253 ], [ -12.995678, 39.575431 ], [ -12.998631, 39.570756 ], [ -13.004434, 39.56127 ], [ -13.005077, 39.560227 ], [ -13.010421, 39.551768 ], [ -13.014475, 39.545036 ], [ -13.016174, 39.542286 ], [ -13.022003, 39.532797 ], [ -13.023853, 39.52973 ], [ -13.027819, 39.52331 ], [ -13.033194, 39.514193 ], [ -13.033406, 39.513841 ], [ -13.039267, 39.504349 ], [ -13.042549, 39.498785 ], [ -13.044914, 39.494875 ], [ -13.050531, 39.485404 ], [ -13.051868, 39.483147 ], [ -13.056251, 39.475924 ], [ -13.061163, 39.467373 ], [ -13.061699, 39.466467 ], [ -13.067396, 39.456988 ], [ -13.070462, 39.451648 ], [ -13.072898, 39.447526 ], [ -13.078372, 39.438066 ], [ -13.079726, 39.43571 ], [ -13.083927, 39.428599 ], [ -13.08896, 39.419593 ], [ -13.089212, 39.419155 ], [ -13.094794, 39.409686 ], [ -13.098206, 39.403581 ], [ -13.100129, 39.400237 ], [ -13.105511, 39.390785 ], [ -13.107419, 39.387373 ], [ -13.110874, 39.381334 ], [ -13.116094, 39.371895 ], [ -13.116603, 39.370983 ], [ -13.121531, 39.362437 ], [ -13.125781, 39.35458 ], [ -13.126661, 39.353006 ], [ -13.132012, 39.343556 ], [ -13.134947, 39.338121 ], [ -13.137179, 39.334121 ], [ -13.142358, 39.324685 ], [ -13.144084, 39.321487 ], [ -13.147563, 39.315247 ], [ -13.152579, 39.305825 ], [ -13.153192, 39.304687 ], [ -13.157817, 39.296383 ], [ -13.162287, 39.287812 ], [ -13.162741, 39.28697 ], [ -13.167953, 39.27753 ], [ -13.171381, 39.270961 ], [ -13.17292, 39.268112 ], [ -13.177988, 39.258685 ], [ -13.180446, 39.253943 ], [ -13.182963, 39.249266 ], [ -13.187898, 39.239851 ], [ -13.189487, 39.236777 ], [ -13.192892, 39.23043 ], [ -13.197701, 39.221025 ], [ -13.198503, 39.21947 ], [ -13.20271, 39.211602 ], [ -13.2074, 39.202208 ], [ -13.207495, 39.202023 ], [ -13.212423, 39.192784 ], [ -13.216483, 39.184571 ], [ -13.217088, 39.183392 ], [ -13.222037, 39.173974 ], [ -13.225456, 39.167048 ], [ -13.226691, 39.164582 ], [ -13.231573, 39.15517 ], [ -13.234405, 39.149386 ], [ -13.236247, 39.145777 ], [ -13.240988, 39.136377 ], [ -13.243328, 39.131567 ], [ -13.245652, 39.126984 ], [ -13.250305, 39.117592 ], [ -13.252227, 39.113615 ], [ -13.254958, 39.108199 ], [ -13.259535, 39.098814 ], [ -13.261106, 39.09555 ], [ -13.264184, 39.089422 ], [ -13.268694, 39.080042 ], [ -13.269968, 39.077391 ], [ -13.273346, 39.070649 ], [ -13.2778, 39.061274 ], [ -13.278815, 39.05916 ], [ -13.282409, 39.051885 ], [ -13.286869, 39.04251 ], [ -13.287651, 39.040874 ], [ -13.29153, 39.033116 ], [ -13.295887, 39.023749 ], [ -13.296472, 39.022519 ], [ -13.300535, 39.014356 ], [ -13.304849, 39.004993 ], [ -13.305278, 39.004085 ], [ -13.309478, 38.995602 ], [ -13.313748, 38.986243 ], [ -13.314068, 38.985563 ], [ -13.318355, 38.976853 ], [ -13.322585, 38.967497 ], [ -13.322841, 38.966951 ], [ -13.327168, 38.95811 ], [ -13.331355, 38.948758 ], [ -13.331595, 38.94824 ], [ -13.335915, 38.939372 ], [ -13.340065, 38.930023 ], [ -13.340333, 38.929442 ], [ -13.34459, 38.92064 ], [ -13.34872, 38.911292 ], [ -13.349055, 38.910561 ], [ -13.353202, 38.901913 ], [ -13.357311, 38.892568 ], [ -13.357758, 38.89158 ], [ -13.361743, 38.883193 ], [ -13.365835, 38.873849 ], [ -13.366442, 38.872493 ], [ -13.370213, 38.864479 ], [ -13.374288, 38.855136 ], [ -13.375106, 38.853291 ], [ -13.378605, 38.845771 ], [ -13.382612, 38.836434 ], [ -13.383736, 38.833887 ], [ -13.386934, 38.827069 ], [ -13.390986, 38.817727 ], [ -13.392368, 38.814524 ], [ -13.39517, 38.808374 ], [ -13.399229, 38.799032 ], [ -13.400965, 38.794946 ], [ -13.403326, 38.789687 ], [ -13.407393, 38.780344 ], [ -13.409537, 38.775218 ], [ -13.411397, 38.771007 ], [ -13.415473, 38.761664 ], [ -13.41808, 38.755323 ], [ -13.419377, 38.752335 ], [ -13.423465, 38.74299 ], [ -13.426592, 38.735245 ], [ -13.427269, 38.733671 ], [ -13.431385, 38.724324 ], [ -13.43506, 38.715016 ], [ -13.435074, 38.714984 ], [ -13.439199, 38.705666 ], [ -13.44291, 38.696355 ], [ -13.443558, 38.694766 ], [ -13.446915, 38.687017 ], [ -13.450661, 38.677703 ], [ -13.452006, 38.674329 ], [ -13.454527, 38.668377 ], [ -13.45831, 38.65906 ], [ -13.460414, 38.653644 ], [ -13.462024, 38.649748 ], [ -13.465855, 38.640426 ], [ -13.468776, 38.632667 ], [ -13.469396, 38.63113 ], [ -13.473284, 38.621802 ], [ -13.476753, 38.612512 ], [ -13.477117, 38.611577 ], [ -13.480593, 38.603189 ], [ -13.484126, 38.593894 ], [ -13.485441, 38.590395 ], [ -13.487772, 38.584588 ], [ -13.491372, 38.575286 ], [ -13.493707, 38.568845 ], [ -13.49481, 38.565999 ], [ -13.498477, 38.556692 ], [ -13.501747, 38.54742 ], [ -13.501919, 38.546957 ], [ -13.50546, 38.538108 ], [ -13.508804, 38.528829 ], [ -13.510132, 38.525094 ], [ -13.512261, 38.51954 ], [ -13.515704, 38.510253 ], [ -13.518261, 38.502694 ], [ -13.518885, 38.500989 ], [ -13.522438, 38.491691 ], [ -13.525584, 38.482431 ], [ -13.526368, 38.480164 ], [ -13.528983, 38.473147 ], [ -13.532225, 38.463878 ], [ -13.534409, 38.457208 ], [ -13.535334, 38.45462 ], [ -13.538709, 38.445339 ], [ -13.54169, 38.436093 ], [ -13.5424, 38.43394 ], [ -13.544956, 38.426821 ], [ -13.548073, 38.417563 ], [ -13.550322, 38.410227 ], [ -13.550958, 38.408326 ], [ -13.55422, 38.399055 ], [ -13.557088, 38.389819 ], [ -13.558199, 38.386232 ], [ -13.560107, 38.38057 ], [ -13.563126, 38.371321 ], [ -13.565778, 38.362105 ], [ -13.565964, 38.361501 ], [ -13.568886, 38.352848 ], [ -13.571702, 38.343617 ], [ -13.573684, 38.336491 ], [ -13.574324, 38.334404 ], [ -13.577317, 38.325157 ], [ -13.579943, 38.315944 ], [ -13.581319, 38.310927 ], [ -13.582587, 38.306729 ], [ -13.585405, 38.297498 ], [ -13.587854, 38.2883 ], [ -13.588837, 38.284589 ], [ -13.590467, 38.279088 ], [ -13.593126, 38.269872 ], [ -13.595444, 38.260687 ], [ -13.596245, 38.257525 ], [ -13.597958, 38.251484 ], [ -13.600479, 38.24228 ], [ -13.60267, 38.233106 ], [ -13.603519, 38.229572 ], [ -13.604989, 38.223921 ], [ -13.607461, 38.214722 ], [ -13.609546, 38.205558 ], [ -13.610634, 38.200564 ], [ -13.611677, 38.19639 ], [ -13.614014, 38.187203 ], [ -13.616029, 38.178046 ], [ -13.617546, 38.170192 ], [ -13.617832, 38.168908 ], [ -13.620092, 38.159728 ], [ -13.621903, 38.15059 ], [ -13.623724, 38.14145 ], [ -13.624268, 38.138544 ], [ -13.625645, 38.132301 ], [ -13.627579, 38.123152 ], [ -13.62923, 38.114028 ], [ -13.630622, 38.104928 ], [ -13.630663, 38.104688 ], [ -13.632468, 38.095786 ], [ -13.634092, 38.086665 ], [ -13.635494, 38.077564 ], [ -13.636664, 38.068484 ], [ -13.636688, 38.068323 ], [ -13.638308, 38.059361 ], [ -13.639764, 38.050256 ], [ -13.640961, 38.041174 ], [ -13.641888, 38.032116 ], [ -13.642222, 38.028613 ], [ -13.642945, 38.023047 ], [ -13.64322, 38.01405 ], [ -13.644139, 38.004993 ], [ -13.645098, 37.995933 ], [ -13.646035, 37.986875 ], [ -13.646604, 37.981032 ], [ -13.646839, 37.97783 ], [ -13.647222, 37.968823 ], [ -13.647593, 37.959817 ], [ -13.647853, 37.950821 ], [ -13.648337, 37.941805 ], [ -13.648765, 37.932793 ], [ -13.649107, 37.92379 ], [ -13.649149, 37.920863 ], [ -13.649104, 37.914819 ], [ -13.648753, 37.905879 ], [ -13.646206, 37.89714 ], [ -13.645781, 37.888207 ], [ -13.645323, 37.879278 ], [ -13.644626, 37.87037 ], [ -13.643481, 37.861503 ], [ -13.641523, 37.85271 ], [ -13.640202, 37.843859 ], [ -13.637968, 37.835092 ], [ -13.636845, 37.826223 ], [ -13.635458, 37.817378 ], [ -13.633899, 37.808549 ], [ -13.636808, 37.799312 ], [ -13.63119, 37.790853 ], [ -13.62998, 37.781992 ], [ -13.628569, 37.773149 ], [ -13.626974, 37.764324 ], [ -13.625478, 37.755489 ], [ -13.624336, 37.746621 ], [ -13.623012, 37.737771 ], [ -13.621539, 37.728934 ], [ -13.620079, 37.720096 ], [ -13.618861, 37.711235 ], [ -13.618587, 37.710265 ], [ -13.611581, 37.702927 ], [ -13.608055, 37.694277 ], [ -13.605318, 37.685555 ], [ -13.603116, 37.676784 ], [ -13.601812, 37.667931 ], [ -13.60029, 37.659098 ], [ -13.598661, 37.650275 ], [ -13.598651, 37.65025 ], [ -13.589488, 37.642137 ], [ -13.586445, 37.633442 ], [ -13.584382, 37.624658 ], [ -13.582486, 37.615859 ], [ -13.582396, 37.615615 ], [ -13.579207, 37.607185 ], [ -13.570265, 37.599025 ], [ -13.567842, 37.590273 ], [ -13.567208, 37.588306 ], [ -13.561802, 37.581849 ], [ -13.55753, 37.573264 ], [ -13.554193, 37.564595 ], [ -13.552109, 37.561525 ], [ -13.548169, 37.556168 ], [ -13.542109, 37.547744 ], [ -13.538169, 37.542787 ], [ -13.535245, 37.539393 ], [ -13.528107, 37.531065 ], [ -13.52471, 37.527383 ], [ -13.520172, 37.522809 ], [ -13.511979, 37.514576 ], [ -13.511574, 37.514204 ], [ -13.502718, 37.506438 ], [ -13.498742, 37.503141 ], [ -13.492575, 37.498378 ], [ -13.486121, 37.493541 ], [ -13.481292, 37.49042 ], [ -13.473738, 37.485597 ], [ -13.467449, 37.482689 ], [ -13.461608, 37.47943 ], [ -13.453949, 37.474927 ], [ -13.449383, 37.47257 ], [ -13.437779, 37.467401 ], [ -13.437371, 37.467211 ], [ -13.425308, 37.461479 ], [ -13.420915, 37.459934 ], [ -13.413165, 37.455157 ], [ -13.401595, 37.452917 ], [ -13.392669, 37.453478 ], [ -13.390395, 37.453319 ], [ -13.378693, 37.450121 ], [ -13.3671, 37.447709 ], [ -13.355972, 37.44862 ], [ -13.3454, 37.448699 ], [ -13.344727, 37.448693 ], [ -13.333607, 37.449672 ], [ -13.322315, 37.449413 ], [ -13.310151, 37.442868 ], [ -13.310124, 37.442843 ], [ -13.298826, 37.44236 ], [ -13.28695, 37.437876 ], [ -13.285617, 37.436029 ], [ -13.274341, 37.428076 ], [ -13.274305, 37.428051 ], [ -13.26205, 37.420552 ], [ -13.261451, 37.420207 ], [ -13.249741, 37.412877 ], [ -13.249052, 37.412322 ], [ -13.237384, 37.404834 ], [ -13.236843, 37.404418 ], [ -13.23119, 37.39594 ], [ -13.224142, 37.390327 ], [ -13.222186, 37.387754 ], [ -13.211537, 37.380428 ], [ -13.210903, 37.379766 ], [ -13.208118, 37.371036 ], [ -13.197995, 37.363653 ], [ -13.197506, 37.362989 ], [ -13.194315, 37.354294 ], [ -13.184485, 37.347062 ], [ -13.183886, 37.346229 ], [ -13.182201, 37.337402 ], [ -13.176071, 37.328962 ], [ -13.169975, 37.323071 ], [ -13.168929, 37.32061 ], [ -13.16701, 37.311803 ], [ -13.15997, 37.303441 ], [ -13.155289, 37.297708 ], [ -13.154428, 37.294949 ], [ -13.15215, 37.286173 ], [ -13.148561, 37.277511 ], [ -13.140347, 37.270371 ], [ -13.139899, 37.269288 ], [ -13.138558, 37.260431 ], [ -13.136055, 37.251675 ], [ -13.132283, 37.243028 ], [ -13.124504, 37.236266 ], [ -13.123905, 37.234779 ], [ -13.122733, 37.225907 ], [ -13.121299, 37.217058 ], [ -13.118759, 37.208304 ], [ -13.115091, 37.199648 ], [ -13.107399, 37.192662 ], [ -13.106935, 37.191378 ], [ -13.105625, 37.182518 ], [ -13.104501, 37.173642 ], [ -13.102245, 37.164863 ], [ -13.099005, 37.156169 ], [ -13.095686, 37.147482 ], [ -13.091857, 37.138838 ], [ -13.088107, 37.132567 ], [ -13.087498, 37.13024 ], [ -13.08617, 37.121382 ], [ -13.082453, 37.112728 ], [ -13.080369, 37.103934 ], [ -13.077985, 37.095166 ], [ -13.075641, 37.086394 ], [ -13.073316, 37.077621 ], [ -13.070984, 37.068848 ], [ -13.068624, 37.060077 ], [ -13.066204, 37.051312 ], [ -13.065823, 37.049748 ], [ -13.064266, 37.042505 ], [ -13.062421, 37.033691 ], [ -13.060596, 37.024874 ], [ -13.058793, 37.016056 ], [ -13.057006, 37.007236 ], [ -13.055231, 36.998415 ], [ -13.053463, 36.989593 ], [ -13.05125, 36.98081 ], [ -13.049486, 36.971988 ], [ -13.047776, 36.963161 ], [ -13.04611, 36.954331 ], [ -13.044482, 36.945498 ], [ -13.042881, 36.936662 ], [ -13.041305, 36.927824 ], [ -13.039744, 36.918984 ], [ -13.038208, 36.910143 ], [ -13.036699, 36.901299 ], [ -13.035224, 36.892452 ], [ -13.033782, 36.883602 ], [ -13.032369, 36.87475 ], [ -13.030984, 36.865896 ], [ -13.029628, 36.857039 ], [ -13.028299, 36.84818 ], [ -13.026993, 36.839318 ], [ -13.025723, 36.830454 ], [ -13.024476, 36.821588 ], [ -13.02325, 36.81272 ], [ -13.022055, 36.803882 ], [ -13.02205, 36.803849 ], [ -13.022032, 36.80371 ], [ -13.020888, 36.794976 ], [ -13.019759, 36.7861 ], [ -13.018669, 36.77722 ], [ -13.017629, 36.768336 ], [ -13.016638, 36.759448 ], [ -13.015716, 36.750554 ], [ -13.014834, 36.741657 ], [ -13.013989, 36.732756 ], [ -13.013181, 36.723853 ], [ -13.012412, 36.714946 ], [ -13.011685, 36.706035 ], [ -13.011002, 36.697121 ], [ -13.010363, 36.688203 ], [ -13.009753, 36.679283 ], [ -13.009179, 36.670359 ], [ -13.00862, 36.661435 ], [ -13.008084, 36.652508 ], [ -13.007581, 36.643579 ], [ -13.007126, 36.634645 ], [ -13.006728, 36.625707 ], [ -13.006403, 36.616763 ], [ -13.006229, 36.607805 ], [ -13.005917, 36.59886 ], [ -13.00582, 36.594979 ], [ -13.005876, 36.589891 ], [ -13.006047, 36.580905 ], [ -13.006202, 36.57192 ], [ -13.006372, 36.562934 ], [ -13.006579, 36.553944 ], [ -13.006406, 36.544987 ], [ -13.008731, 36.535818 ], [ -13.007589, 36.526944 ], [ -13.007156, 36.519855 ], [ -13.007436, 36.517985 ], [ -13.010283, 36.508772 ], [ -13.011453, 36.499701 ], [ -13.012215, 36.490665 ], [ -13.012662, 36.481655 ], [ -13.0119, 36.472749 ], [ -13.011194, 36.465439 ], [ -13.011472, 36.463813 ], [ -13.017515, 36.45433 ], [ -13.017983, 36.445318 ], [ -13.017681, 36.436373 ], [ -13.017126, 36.427448 ], [ -13.017108, 36.42545 ], [ -13.020706, 36.418174 ], [ -13.024526, 36.408878 ], [ -13.02388, 36.399962 ], [ -13.023095, 36.391057 ], [ -13.023325, 36.38781 ], [ -13.027427, 36.381719 ], [ -13.030809, 36.372461 ], [ -13.03102, 36.363472 ], [ -13.030034, 36.354585 ], [ -13.030086, 36.354386 ], [ -13.037651, 36.344968 ], [ -13.037858, 36.335979 ], [ -13.037863, 36.328826 ], [ -13.038738, 36.326934 ], [ -13.046168, 36.317332 ], [ -13.045738, 36.308398 ], [ -13.046089, 36.306753 ], [ -13.052297, 36.29887 ], [ -13.053867, 36.289766 ], [ -13.054401, 36.285367 ], [ -13.057614, 36.280477 ], [ -13.05986, 36.271316 ], [ -13.062636, 36.263412 ], [ -13.065976, 36.261825 ], [ -13.070918, 36.252435 ], [ -13.071829, 36.248882 ], [ -13.076298, 36.243007 ], [ -13.08072, 36.23366 ], [ -13.080881, 36.23328 ], [ -13.08873, 36.224008 ], [ -13.089567, 36.214966 ], [ -13.089576, 36.214953 ], [ -13.098488, 36.205236 ], [ -13.099231, 36.204047 ], [ -13.107184, 36.195524 ], [ -13.108834, 36.192758 ], [ -13.115466, 36.185847 ], [ -13.118405, 36.181241 ], [ -13.122363, 36.176288 ], [ -13.127895, 36.169129 ], [ -13.130362, 36.166635 ], [ -13.137696, 36.159425 ], [ -13.139517, 36.156882 ], [ -13.147622, 36.150691 ], [ -13.152309, 36.146818 ], [ -13.1577, 36.143148 ], [ -13.164928, 36.136767 ], [ -13.167687, 36.134917 ], [ -13.177558, 36.126714 ], [ -13.177666, 36.126648 ], [ -13.187968, 36.120861 ], [ -13.195524, 36.1162 ], [ -13.198165, 36.114284 ], [ -13.207386, 36.106211 ], [ -13.207854, 36.10384 ], [ -13.218923, 36.103955 ], [ -13.228927, 36.095943 ], [ -13.239644, 36.09446 ], [ -13.239778, 36.094406 ], [ -13.249931, 36.087561 ], [ -13.260612, 36.084739 ], [ -13.27142, 36.082897 ], [ -13.280935, 36.081918 ], [ -13.282317, 36.081737 ], [ -13.293178, 36.080304 ], [ -13.303986, 36.078475 ], [ -13.314171, 36.071927 ], [ -13.325391, 36.073228 ], [ -13.336487, 36.073593 ], [ -13.337464, 36.068034 ], [ -13.345802, 36.0605 ], [ -13.350173, 36.057958 ], [ -13.355973, 36.053896 ], [ -13.366245, 36.048069 ], [ -13.367235, 36.0475 ], [ -13.37632, 36.040764 ], [ -13.38117, 36.037314 ], [ -13.386291, 36.032691 ], [ -13.393151, 36.027298 ], [ -13.396365, 36.025408 ], [ -13.404013, 36.017378 ], [ -13.405717, 36.012711 ], [ -13.408622, 36.008007 ], [ -13.415215, 36.001125 ], [ -13.416916, 35.998312 ], [ -13.424773, 35.99002 ], [ -13.425674, 35.988577 ], [ -13.426708, 35.979519 ], [ -13.433415, 35.972041 ], [ -13.434216, 35.969893 ], [ -13.436696, 35.960708 ], [ -13.442009, 35.953734 ], [ -13.442699, 35.951214 ], [ -13.442495, 35.942266 ], [ -13.450346, 35.933508 ], [ -13.450637, 35.932583 ], [ -13.450557, 35.923624 ], [ -13.451193, 35.914602 ], [ -13.45768, 35.905781 ], [ -13.457839, 35.905051 ], [ -13.459042, 35.895979 ], [ -13.458507, 35.88706 ], [ -13.461286, 35.877849 ], [ -13.463645, 35.868676 ], [ -13.463703, 35.868213 ], [ -13.464207, 35.859661 ], [ -13.465013, 35.850624 ], [ -13.465768, 35.841592 ], [ -13.466196, 35.832588 ], [ -13.466449, 35.823601 ], [ -13.466563, 35.814625 ], [ -13.466567, 35.806869 ], [ -13.466558, 35.80566 ], [ -13.466372, 35.796711 ], [ -13.466072, 35.787772 ], [ -13.465699, 35.778839 ], [ -13.465178, 35.769919 ], [ -13.464528, 35.761011 ], [ -13.463762, 35.752113 ], [ -13.462899, 35.743224 ], [ -13.461954, 35.734342 ], [ -13.460849, 35.725474 ], [ -13.459474, 35.716629 ], [ -13.45796, 35.707797 ], [ -13.456293, 35.698978 ], [ -13.454468, 35.690173 ], [ -13.452489, 35.681382 ], [ -13.45038, 35.672602 ], [ -13.448168, 35.663831 ], [ -13.447033, 35.654965 ], [ -13.446256, 35.646068 ], [ -13.44514, 35.637201 ], [ -13.443809, 35.628353 ], [ -13.442353, 35.619515 ], [ -13.44083, 35.610683 ], [ -13.440435, 35.608958 ], [ -13.437123, 35.602043 ], [ -13.436653, 35.593119 ], [ -13.434229, 35.584366 ], [ -13.43339, 35.575475 ], [ -13.431427, 35.566682 ], [ -13.429274, 35.557905 ], [ -13.426957, 35.549143 ], [ -13.424505, 35.540392 ], [ -13.42195, 35.531651 ], [ -13.419322, 35.522915 ], [ -13.417302, 35.516152 ], [ -13.416738, 35.514176 ], [ -13.414272, 35.505426 ], [ -13.411807, 35.496677 ], [ -13.409284, 35.487932 ], [ -13.406678, 35.479194 ], [ -13.403993, 35.470463 ], [ -13.401224, 35.46174 ], [ -13.39839, 35.453022 ], [ -13.397913, 35.451514 ], [ -13.395724, 35.444289 ], [ -13.393011, 35.43556 ], [ -13.390231, 35.426837 ], [ -13.387381, 35.41812 ], [ -13.384453, 35.40941 ], [ -13.381432, 35.400708 ], [ -13.379716, 35.39573 ], [ -13.378487, 35.391999 ], [ -13.375613, 35.383284 ], [ -13.372656, 35.374575 ], [ -13.36961, 35.365875 ], [ -13.366476, 35.357182 ], [ -13.363249, 35.348497 ], [ -13.362331, 35.345955 ], [ -13.360207, 35.339796 ], [ -13.357157, 35.331095 ], [ -13.353903, 35.322412 ], [ -13.350799, 35.313716 ], [ -13.347471, 35.305039 ], [ -13.345426, 35.299687 ], [ -13.344211, 35.296356 ], [ -13.341053, 35.287664 ], [ -13.337798, 35.278981 ], [ -13.334445, 35.270306 ], [ -13.330986, 35.261639 ], [ -13.32894, 35.256477 ], [ -13.327613, 35.252966 ], [ -13.32434, 35.244283 ], [ -13.320974, 35.235609 ], [ -13.317509, 35.226942 ], [ -13.313929, 35.218286 ], [ -13.312746, 35.215357 ], [ -13.31053, 35.209614 ], [ -13.307146, 35.20094 ], [ -13.303655, 35.192276 ], [ -13.300047, 35.183621 ], [ -13.296788, 35.17592 ], [ -13.296403, 35.174969 ], [ -13.292978, 35.166299 ], [ -13.289443, 35.157637 ], [ -13.285789, 35.148986 ], [ -13.282008, 35.140346 ], [ -13.281058, 35.138116 ], [ -13.278444, 35.131687 ], [ -13.274774, 35.123036 ], [ -13.271134, 35.114383 ], [ -13.26728, 35.105748 ], [ -13.265533, 35.101781 ], [ -13.263565, 35.097101 ], [ -13.259896, 35.08845 ], [ -13.256094, 35.079811 ], [ -13.252148, 35.071183 ], [ -13.250209, 35.066889 ], [ -13.248336, 35.062544 ], [ -13.244578, 35.0539 ], [ -13.240681, 35.045267 ], [ -13.236635, 35.036647 ], [ -13.235059, 35.033238 ], [ -13.232754, 35.028013 ], [ -13.228895, 35.019377 ], [ -13.224893, 35.010753 ], [ -13.220722, 35.002143 ], [ -13.220071, 35.000751 ], [ -13.216836, 34.993509 ], [ -13.212855, 34.984882 ], [ -13.208707, 34.97627 ], [ -13.205208, 34.969138 ], [ -13.204516, 34.967661 ], [ -13.20055, 34.959032 ], [ -13.196421, 34.950418 ], [ -13.192117, 34.941818 ], [ -13.190482, 34.9385 ], [ -13.187991, 34.933203 ], [ -13.183876, 34.924586 ], [ -13.179509, 34.915991 ], [ -13.175883, 34.908771 ], [ -13.175206, 34.90739 ], [ -13.171093, 34.898773 ], [ -13.166793, 34.890171 ], [ -13.16229, 34.881587 ], [ -13.161394, 34.87982 ], [ -13.158084, 34.872977 ], [ -13.153764, 34.864376 ], [ -13.149246, 34.855792 ], [ -13.146997, 34.851503 ], [ -13.144851, 34.847198 ], [ -13.140513, 34.838598 ], [ -13.135972, 34.830015 ], [ -13.132709, 34.823964 ], [ -13.131408, 34.821434 ], [ -13.127051, 34.812835 ], [ -13.122472, 34.804255 ], [ -13.118513, 34.797071 ], [ -13.117784, 34.795684 ], [ -13.113376, 34.787089 ], [ -13.108737, 34.778513 ], [ -13.104403, 34.770783 ], [ -13.103957, 34.769948 ], [ -13.099486, 34.761358 ], [ -13.09478, 34.752787 ], [ -13.090372, 34.745052 ], [ -13.089925, 34.744228 ], [ -13.085386, 34.735643 ], [ -13.080611, 34.727076 ], [ -13.076414, 34.719826 ], [ -13.075692, 34.718522 ], [ -13.071096, 34.709941 ], [ -13.066229, 34.701382 ], [ -13.06252, 34.695032 ], [ -13.061294, 34.692828 ], [ -13.056586, 34.684255 ], [ -13.051598, 34.675705 ], [ -13.048701, 34.670769 ], [ -13.046678, 34.667149 ], [ -13.04185, 34.658586 ], [ -13.036731, 34.650046 ], [ -13.034956, 34.647036 ], [ -13.031843, 34.641487 ], [ -13.026889, 34.632933 ], [ -13.021633, 34.624404 ], [ -13.021283, 34.623812 ], [ -13.016792, 34.61584 ], [ -13.011707, 34.607296 ], [ -13.007635, 34.600718 ], [ -13.006483, 34.598763 ], [ -13.001531, 34.590207 ], [ -12.99624, 34.581679 ], [ -12.994057, 34.57813 ], [ -12.991137, 34.573136 ], [ -12.985992, 34.564595 ], [ -12.980556, 34.556108 ], [ -12.980539, 34.55608 ], [ -12.975529, 34.547528 ], [ -12.970179, 34.539003 ], [ -12.967068, 34.534116 ], [ -12.964867, 34.530475 ], [ -12.959656, 34.521939 ], [ -12.954064, 34.513433 ], [ -12.953667, 34.512775 ], [ -12.948954, 34.504888 ], [ -12.943495, 34.496371 ], [ -12.940273, 34.491427 ], [ -12.938062, 34.487851 ], [ -12.932723, 34.479324 ], [ -12.927005, 34.470827 ], [ -12.926971, 34.470774 ], [ -12.921775, 34.46229 ], [ -12.916139, 34.453785 ], [ -12.913669, 34.450054 ], [ -12.910663, 34.445268 ], [ -12.905145, 34.436753 ], [ -12.900436, 34.429857 ], [ -12.8994, 34.428257 ], [ -12.893988, 34.419733 ], [ -12.888142, 34.411244 ], [ -12.88724, 34.409893 ], [ -12.882704, 34.402722 ], [ -12.876933, 34.394226 ], [ -12.874063, 34.390039 ], [ -12.871261, 34.385722 ], [ -12.865576, 34.377219 ], [ -12.860947, 34.370633 ], [ -12.859682, 34.368732 ], [ -12.854076, 34.360221 ], [ -12.847988, 34.35175 ], [ -12.847882, 34.351596 ], [ -12.842444, 34.343234 ], [ -12.836402, 34.334757 ], [ -12.834817, 34.332493 ], [ -12.830687, 34.326254 ], [ -12.824727, 34.317771 ], [ -12.821789, 34.313652 ], [ -12.818831, 34.309281 ], [ -12.812912, 34.300794 ], [ -12.808808, 34.295153 ], [ -12.806856, 34.292317 ], [ -12.800972, 34.283825 ], [ -12.795865, 34.276921 ], [ -12.794773, 34.275359 ], [ -12.788916, 34.266865 ], [ -12.782958, 34.258935 ], [ -12.782584, 34.258409 ], [ -12.776751, 34.249912 ], [ -12.770316, 34.241463 ], [ -12.770079, 34.241135 ], [ -12.764478, 34.232965 ], [ -12.758055, 34.224515 ], [ -12.75721, 34.223363 ], [ -12.75212, 34.216024 ], [ -12.745677, 34.207574 ], [ -12.744373, 34.205819 ], [ -12.739654, 34.19909 ], [ -12.73318, 34.190642 ], [ -12.731568, 34.188494 ], [ -12.727082, 34.182163 ], [ -12.720571, 34.173717 ], [ -12.718792, 34.171369 ], [ -12.714411, 34.165242 ], [ -12.707857, 34.156798 ], [ -12.706044, 34.154428 ], [ -12.701641, 34.148327 ], [ -12.69504, 34.139887 ], [ -12.693322, 34.13766 ], [ -12.688776, 34.131418 ], [ -12.682121, 34.122981 ], [ -12.680623, 34.121044 ], [ -12.675836, 34.114513 ], [ -12.669065, 34.106084 ], [ -12.667956, 34.10466 ], [ -12.662781, 34.097616 ], [ -12.655889, 34.089195 ], [ -12.655316, 34.088462 ], [ -12.649619, 34.080725 ], [ -12.642691, 34.072338 ], [ -12.642668, 34.072308 ], [ -12.636346, 34.063841 ], [ -12.630078, 34.056272 ], [ -12.629412, 34.055422 ], [ -12.622965, 34.046964 ], [ -12.617488, 34.040368 ], [ -12.616055, 34.038542 ], [ -12.609473, 34.030093 ], [ -12.60492, 34.024603 ], [ -12.602616, 34.021666 ], [ -12.595867, 34.01323 ], [ -12.592378, 34.009023 ], [ -12.589072, 34.004797 ], [ -12.582103, 33.996377 ], [ -12.579868, 33.993671 ], [ -12.575396, 33.987936 ], [ -12.568189, 33.979534 ], [ -12.56739, 33.978563 ], [ -12.561586, 33.971084 ], [ -12.554907, 33.963367 ], [ -12.554347, 33.962683 ], [ -12.547637, 33.95424 ], [ -12.542434, 33.948212 ], [ -12.540493, 33.945831 ], [ -12.533544, 33.937406 ], [ -12.52999, 33.933268 ], [ -12.52652, 33.928986 ], [ -12.519282, 33.920583 ], [ -12.51758, 33.918583 ], [ -12.512405, 33.91215 ], [ -12.505193, 33.904059 ], [ -12.504943, 33.903763 ], [ -12.498106, 33.895327 ], [ -12.492785, 33.889308 ], [ -12.490793, 33.886927 ], [ -12.483614, 33.878516 ], [ -12.480417, 33.874872 ], [ -12.476465, 33.870102 ], [ -12.468913, 33.861719 ], [ -12.468092, 33.860775 ], [ -12.461955, 33.85329 ], [ -12.455747, 33.846451 ], [ -12.454418, 33.844905 ], [ -12.44725, 33.83649 ], [ -12.443416, 33.832219 ], [ -12.4399, 33.828089 ], [ -12.43228, 33.819709 ], [ -12.431137, 33.818419 ], [ -12.425163, 33.811289 ], [ -12.418843, 33.804437 ], [ -12.417507, 33.802909 ], [ -12.410161, 33.794506 ], [ -12.406565, 33.790559 ], [ -12.402726, 33.786109 ], [ -12.394869, 33.777743 ], [ -12.394345, 33.77716 ], [ -12.387691, 33.769325 ], [ -12.38208, 33.763321 ], [ -12.379978, 33.760947 ], [ -12.372371, 33.752561 ], [ -12.369859, 33.74984 ], [ -12.364902, 33.744163 ], [ -12.357666, 33.736581 ], [ -12.35696, 33.735801 ], [ -12.349542, 33.727399 ], [ -12.345448, 33.723044 ], [ -12.341853, 33.719016 ], [ -12.333786, 33.710662 ], [ -12.333302, 33.710138 ], [ -12.326407, 33.702254 ], [ -12.321104, 33.696712 ], [ -12.318534, 33.693884 ], [ -12.310571, 33.68552 ], [ -12.308968, 33.683817 ], [ -12.303003, 33.677125 ], [ -12.29682, 33.670769 ], [ -12.294968, 33.668765 ], [ -12.287079, 33.660393 ], [ -12.284695, 33.657904 ], [ -12.279348, 33.652008 ], [ -12.272588, 33.645156 ], [ -12.271184, 33.643656 ], [ -12.263315, 33.635281 ], [ -12.260478, 33.63235 ], [ -12.255462, 33.626904 ], [ -12.248402, 33.619824 ], [ -12.247198, 33.618557 ], [ -12.239244, 33.610186 ], [ -12.236319, 33.607197 ], [ -12.231311, 33.601813 ], [ -12.224266, 33.594811 ], [ -12.22298, 33.593469 ], [ -12.214923, 33.585104 ], [ -12.212209, 33.582356 ], [ -12.206936, 33.576733 ], [ -12.200174, 33.570066 ], [ -12.198558, 33.568391 ], [ -12.190387, 33.560032 ], [ -12.188149, 33.557834 ], [ -12.182284, 33.551668 ], [ -12.176119, 33.545517 ], [ -12.173982, 33.543318 ], [ -12.165621, 33.534972 ], [ -12.16412, 33.533463 ], [ -12.157613, 33.526598 ], [ -12.152103, 33.521193 ], [ -12.149239, 33.518251 ], [ -12.14061, 33.509923 ], [ -12.140145, 33.509456 ], [ -12.132632, 33.501545 ], [ -12.12813, 33.497143 ], [ -12.124277, 33.493194 ], [ -12.116185, 33.485457 ], [ -12.115596, 33.484867 ], [ -12.107398, 33.476504 ], [ -12.104204, 33.473392 ], [ -12.099072, 33.468149 ], [ -12.092262, 33.461661 ], [ -12.090415, 33.459818 ], [ -12.081864, 33.451479 ], [ -12.080328, 33.449979 ], [ -12.0736, 33.443117 ], [ -12.06838, 33.438125 ], [ -12.065024, 33.434778 ], [ -12.056487, 33.426764 ], [ -12.056174, 33.426458 ], [ -12.047833, 33.4181 ], [ -12.044551, 33.41496 ], [ -12.03934, 33.409753 ], [ -12.032652, 33.403475 ], [ -12.030557, 33.401426 ], [ -12.02171, 33.393102 ], [ -12.020779, 33.392211 ], [ -12.013322, 33.384745 ], [ -12.008871, 33.38057 ], [ -12.004504, 33.376418 ], [ -11.997021, 33.369456 ], [ -11.995653, 33.368093 ], [ -11.986886, 33.359761 ], [ -11.985151, 33.358123 ], [ -11.978312, 33.351414 ], [ -11.97328, 33.346744 ], [ -11.969481, 33.343085 ], [ -11.961452, 33.335751 ], [ -11.960419, 33.334772 ], [ -11.951577, 33.326442 ], [ -11.949613, 33.324614 ], [ -11.942883, 33.318101 ], [ -11.937771, 33.31342 ], [ -11.933938, 33.309777 ], [ -11.92597, 33.302594 ], [ -11.924767, 33.301469 ], [ -11.915784, 33.293146 ], [ -11.914162, 33.291666 ], [ -11.906961, 33.284811 ], [ -11.902346, 33.280625 ], [ -11.897929, 33.27649 ], [ -11.890565, 33.269897 ], [ -11.888708, 33.268182 ], [ -11.879414, 33.259879 ], [ -11.878802, 33.259321 ], [ -11.870555, 33.251543 ], [ -11.867003, 33.248348 ], [ -11.861484, 33.243221 ], [ -11.855236, 33.237676 ], [ -11.85222, 33.234913 ], [ -11.8435, 33.227265 ], [ -11.842783, 33.226616 ], [ -11.833599, 33.218301 ], [ -11.831746, 33.21665 ], [ -11.824497, 33.209978 ], [ -11.819995, 33.206034 ], [ -11.81518, 33.20167 ], [ -11.808269, 33.195641 ], [ -11.805732, 33.193371 ], [ -11.796568, 33.185453 ], [ -11.796146, 33.18508 ], [ -11.786852, 33.176768 ], [ -11.784843, 33.175006 ], [ -11.777572, 33.168454 ], [ -11.773124, 33.164594 ], [ -11.768135, 33.16015 ], [ -11.76143, 33.154393 ], [ -11.75855, 33.151855 ], [ -11.749757, 33.144378 ], [ -11.748831, 33.14357 ], [ -11.739225, 33.135275 ], [ -11.73808, 33.13429 ], [ -11.729806, 33.126966 ], [ -11.726394, 33.124079 ], [ -11.720195, 33.11867 ], [ -11.714726, 33.114034 ], [ -11.7105, 33.110379 ], [ -11.703077, 33.104134 ], [ -11.700699, 33.102095 ], [ -11.691443, 33.09437 ], [ -11.690793, 33.093817 ], [ -11.681002, 33.085529 ], [ -11.679804, 33.084518 ], [ -11.671348, 33.077232 ], [ -11.668157, 33.074562 ], [ -11.661576, 33.068941 ], [ -11.656527, 33.064753 ], [ -11.651689, 33.060658 ], [ -11.644914, 33.055085 ], [ -11.641692, 33.052381 ], [ -11.633317, 33.045553 ], [ -11.631585, 33.044112 ], [ -11.62173, 33.036088 ], [ -11.621434, 33.035844 ], [ -11.611454, 33.027563 ], [ -11.61013, 33.026476 ], [ -11.601492, 33.01928 ], [ -11.598534, 33.016868 ], [ -11.591443, 33.011002 ], [ -11.58695, 33.007362 ], [ -11.581311, 33.002729 ], [ -11.575379, 32.997957 ], [ -11.571094, 32.99446 ], [ -11.56382, 32.988648 ], [ -11.560795, 32.986197 ], [ -11.552272, 32.97943 ], [ -11.550418, 32.977937 ], [ -11.540735, 32.970297 ], [ -11.539966, 32.969682 ], [ -11.529518, 32.961426 ], [ -11.529202, 32.961174 ], [ -11.51921, 32.953158 ], [ -11.51766, 32.951932 ], [ -11.508838, 32.944894 ], [ -11.506127, 32.942762 ], [ -11.498399, 32.936634 ], [ -11.494604, 32.933668 ], [ -11.487894, 32.928377 ], [ -11.48309, 32.924643 ], [ -11.477324, 32.920123 ], [ -11.471585, 32.915689 ], [ -11.466688, 32.911873 ], [ -11.460089, 32.906803 ], [ -11.455987, 32.903626 ], [ -11.448616, 32.898122 ], [ -11.445066, 32.895393 ], [ -11.437124, 32.889228 ], [ -11.434397, 32.887142 ], [ -11.425651, 32.880504 ], [ -11.423546, 32.878902 ], [ -11.414185, 32.87183 ], [ -11.412647, 32.870664 ], [ -11.402727, 32.863205 ], [ -11.401697, 32.862429 ], [ -11.391275, 32.854632 ], [ -11.390693, 32.854195 ], [ -11.37983, 32.846107 ], [ -11.379639, 32.845964 ], [ -11.368545, 32.837735 ], [ -11.368392, 32.837622 ], [ -11.357454, 32.829504 ], [ -11.356956, 32.82914 ], [ -11.346302, 32.821276 ], [ -11.345526, 32.820706 ], [ -11.335089, 32.813051 ], [ -11.334105, 32.812331 ], [ -11.323832, 32.804828 ], [ -11.32269, 32.803996 ], [ -11.312514, 32.796607 ], [ -11.311281, 32.795714 ], [ -11.301146, 32.788389 ], [ -11.29988, 32.787476 ], [ -11.289718, 32.780173 ], [ -11.288485, 32.77929 ], [ -11.278228, 32.771961 ], [ -11.277097, 32.771154 ], [ -11.266676, 32.763751 ], [ -11.265716, 32.763071 ], [ -11.255051, 32.755544 ], [ -11.254343, 32.75505 ], [ -11.243352, 32.747342 ], [ -11.242977, 32.747078 ], [ -11.231638, 32.739139 ], [ -11.231614, 32.739122 ], [ -11.220255, 32.731181 ], [ -11.219902, 32.730936 ], [ -11.208901, 32.723282 ], [ -11.208109, 32.722735 ], [ -11.197555, 32.715432 ], [ -11.196254, 32.714538 ], [ -11.186214, 32.707628 ], [ -11.184333, 32.706343 ], [ -11.174881, 32.699875 ], [ -11.172342, 32.698151 ], [ -11.163556, 32.692193 ], [ -11.160256, 32.689965 ], [ -11.152234, 32.68453 ], [ -11.148131, 32.681779 ], [ -11.14092, 32.676919 ], [ -11.135935, 32.673597 ], [ -11.129612, 32.669361 ], [ -11.123658, 32.665419 ], [ -11.118311, 32.661859 ], [ -11.1113, 32.657244 ], [ -11.107017, 32.654411 ], [ -11.098853, 32.649074 ], [ -11.095731, 32.647022 ], [ -11.086313, 32.640908 ], [ -11.084452, 32.639694 ], [ -11.073673, 32.632748 ], [ -11.073181, 32.632439 ], [ -11.061906, 32.625118 ], [ -11.061075, 32.624583 ], [ -11.050635, 32.617811 ], [ -11.048456, 32.616418 ], [ -11.03937, 32.610561 ], [ -11.035741, 32.608257 ], [ -11.028113, 32.603374 ], [ -11.022922, 32.600102 ], [ -11.016864, 32.596253 ], [ -11.009988, 32.591953 ], [ -11.005623, 32.589199 ], [ -10.996938, 32.583809 ], [ -10.994389, 32.582215 ], [ -10.983755, 32.575673 ], [ -10.983164, 32.575307 ], [ -10.971935, 32.568329 ], [ -10.970639, 32.56753 ], [ -10.960708, 32.561357 ], [ -10.957482, 32.559389 ], [ -10.949489, 32.554459 ], [ -10.944196, 32.551254 ], [ -10.938279, 32.547634 ], [ -10.930766, 32.543127 ], [ -10.927077, 32.540889 ], [ -10.917185, 32.535007 ], [ -10.915885, 32.534225 ], [ -10.904689, 32.52751 ], [ -10.903637, 32.526884 ], [ -10.893494, 32.520784 ], [ -10.890064, 32.51876 ], [ -10.882308, 32.514138 ], [ -10.876332, 32.510645 ], [ -10.871132, 32.507592 ], [ -10.862397, 32.502541 ], [ -10.859964, 32.501116 ], [ -10.848801, 32.494677 ], [ -10.848391, 32.494439 ], [ -10.837631, 32.488137 ], [ -10.834477, 32.48633 ], [ -10.82647, 32.481685 ], [ -10.820376, 32.478231 ], [ -10.815319, 32.475329 ], [ -10.806068, 32.470143 ], [ -10.804178, 32.46907 ], [ -10.793036, 32.462784 ], [ -10.791736, 32.462054 ], [ -10.781893, 32.456462 ], [ -10.777397, 32.453964 ], [ -10.77076, 32.450249 ], [ -10.762808, 32.445888 ], [ -10.759637, 32.444123 ], [ -10.748519, 32.438048 ], [ -10.748099, 32.437817 ], [ -10.737394, 32.431859 ], [ -10.733483, 32.429738 ], [ -10.726279, 32.425778 ], [ -10.718609, 32.421674 ], [ -10.715175, 32.419809 ], [ -10.704077, 32.413898 ], [ -10.703554, 32.413618 ], [ -10.692972, 32.407882 ], [ -10.688564, 32.405556 ], [ -10.68188, 32.402003 ], [ -10.673252, 32.397512 ], [ -10.670798, 32.396216 ], [ -10.659716, 32.390424 ], [ -10.657877, 32.38947 ], [ -10.648633, 32.384602 ], [ -10.642426, 32.38143 ], [ -10.637563, 32.378907 ], [ -10.626665, 32.373407 ], [ -10.626503, 32.373324 ], [ -10.615432, 32.367594 ], [ -10.611015, 32.365375 ], [ -10.604373, 32.361987 ], [ -10.595016, 32.357361 ], [ -10.593327, 32.356514 ], [ -10.582277, 32.350979 ], [ -10.578973, 32.349349 ], [ -10.57123, 32.34547 ], [ -10.562729, 32.341345 ], [ -10.560195, 32.340096 ], [ -10.54916, 32.334686 ], [ -10.546389, 32.333346 ], [ -10.538126, 32.329287 ], [ -10.529852, 32.325355 ], [ -10.527105, 32.324029 ], [ -10.516083, 32.318735 ], [ -10.513199, 32.317369 ], [ -10.505063, 32.313454 ], [ -10.496333, 32.309394 ], [ -10.494056, 32.308318 ], [ -10.483046, 32.303135 ], [ -10.479362, 32.301422 ], [ -10.47204, 32.29797 ], [ -10.46211, 32.293464 ], [ -10.461048, 32.292973 ], [ -10.450046, 32.287844 ], [ -10.444863, 32.285503 ], [ -10.439056, 32.282832 ], [ -10.428075, 32.277921 ], [ -10.427272, 32.27756 ], [ -10.417086, 32.272899 ], [ -10.409626, 32.269617 ], [ -10.406111, 32.268042 ], [ -10.395137, 32.263168 ], [ -10.391751, 32.261685 ], [ -10.384169, 32.258363 ], [ -10.373564, 32.253769 ], [ -10.373206, 32.253609 ], [ -10.362236, 32.248754 ], [ -10.355402, 32.245848 ], [ -10.351281, 32.24406 ], [ -10.340326, 32.239369 ], [ -10.336945, 32.237941 ], [ -10.329374, 32.234681 ], [ -10.318434, 32.230147 ], [ -10.318199, 32.230048 ], [ -10.307484, 32.225469 ], [ -10.299383, 32.222156 ], [ -10.29655, 32.220974 ], [ -10.285612, 32.21642 ], [ -10.280341, 32.214274 ], [ -10.274681, 32.21194 ], [ -10.263756, 32.207522 ], [ -10.260984, 32.206407 ], [ -10.252829, 32.203059 ], [ -10.241915, 32.198756 ], [ -10.241396, 32.19855 ], [ -10.230992, 32.19432 ], [ -10.221643, 32.190699 ], [ -10.220085, 32.190083 ], [ -10.20917, 32.185722 ], [ -10.201693, 32.182856 ], [ -10.198268, 32.181515 ], [ -10.187363, 32.177262 ], [ -10.181465, 32.175025 ], [ -10.176467, 32.173111 ], [ -10.165571, 32.168948 ], [ -10.160932, 32.167208 ], [ -10.154678, 32.164815 ], [ -10.143791, 32.16074 ], [ -10.140171, 32.1594 ], [ -10.132904, 32.156656 ], [ -10.122025, 32.152659 ], [ -10.119136, 32.151604 ], [ -10.111144, 32.148626 ], [ -10.100272, 32.144701 ], [ -10.097826, 32.14382 ], [ -10.089397, 32.140721 ], [ -10.078533, 32.136867 ], [ -10.076227, 32.136047 ], [ -10.067665, 32.13296 ], [ -10.056806, 32.129152 ], [ -10.054333, 32.128288 ], [ -10.045943, 32.125294 ], [ -10.035091, 32.121547 ], [ -10.032157, 32.120539 ], [ -10.024235, 32.11776 ], [ -10.013388, 32.11406 ], [ -10.009668, 32.112804 ], [ -10.00254, 32.110346 ], [ -9.991698, 32.106691 ], [ -9.98685, 32.105083 ], [ -9.980857, 32.103053 ], [ -9.97002, 32.099442 ], [ -9.963639, 32.097379 ], [ -9.959189, 32.095916 ], [ -9.948355, 32.092325 ], [ -9.940105, 32.089688 ], [ -9.93753, 32.088849 ], [ -9.926701, 32.085309 ], [ -9.916189, 32.082013 ], [ -9.915884, 32.081916 ], [ -9.905059, 32.078411 ], [ -9.894246, 32.075049 ], [ -9.891992, 32.074349 ], [ -9.883429, 32.071634 ], [ -9.872619, 32.068298 ], [ -9.867371, 32.066703 ], [ -9.861811, 32.064978 ], [ -9.851006, 32.061686 ], [ -9.842272, 32.059077 ], [ -9.840206, 32.05845 ], [ -9.829402, 32.055159 ], [ -9.818609, 32.051995 ], [ -9.816808, 32.051466 ], [ -9.807811, 32.048768 ], [ -9.79702, 32.045619 ], [ -9.790919, 32.043872 ], [ -9.786232, 32.042502 ], [ -9.775443, 32.039365 ], [ -9.764664, 32.036352 ], [ -9.764485, 32.036301 ], [ -9.753878, 32.033236 ], [ -9.743101, 32.030234 ], [ -9.737701, 32.028743 ], [ -9.732326, 32.027241 ], [ -9.72155, 32.024244 ], [ -9.710783, 32.021353 ], [ -9.710269, 32.021214 ], [ -9.700011, 32.018377 ], [ -9.689246, 32.015491 ], [ -9.682424, 32.0137 ], [ -9.678484, 32.012644 ], [ -9.66772, 32.009758 ], [ -9.656964, 32.006977 ], [ -9.653993, 32.00621 ], [ -9.646206, 32.004158 ], [ -9.635451, 32.00138 ], [ -9.624902, 31.998748 ], [ -9.624704, 31.998698 ], [ -9.613951, 31.995922 ], [ -9.603205, 31.993236 ], [ -9.595302, 31.991305 ], [ -9.592463, 31.990597 ], [ -9.581717, 31.987906 ], [ -9.570978, 31.985304 ], [ -9.565049, 31.983889 ], [ -9.560242, 31.982719 ], [ -9.549504, 31.980112 ], [ -9.538773, 31.977592 ], [ -9.534089, 31.976502 ], [ -9.528042, 31.975063 ], [ -9.517311, 31.972539 ], [ -9.506587, 31.9701 ], [ -9.502379, 31.969145 ], [ -9.495862, 31.967638 ], [ -9.485139, 31.965187 ], [ -9.47442, 31.962805 ], [ -9.469934, 31.961817 ], [ -9.463702, 31.960418 ], [ -9.452985, 31.958032 ], [ -9.442272, 31.955716 ], [ -9.436676, 31.954522 ], [ -9.431561, 31.953409 ], [ -9.420849, 31.951088 ], [ -9.410143, 31.948838 ], [ -9.402512, 31.947263 ], [ -9.39944, 31.946628 ], [ -9.388735, 31.944381 ], [ -9.378034, 31.942185 ], [ -9.367375, 31.940044 ], [ -9.367336, 31.940036 ], [ -9.356636, 31.937851 ], [ -9.34594, 31.935709 ], [ -9.335248, 31.933618 ], [ -9.331339, 31.932859 ], [ -9.324556, 31.931522 ], [ -9.313865, 31.929437 ], [ -9.303177, 31.9274 ], [ -9.294176, 31.92572 ], [ -9.292493, 31.925401 ], [ -9.281808, 31.923394 ], [ -9.271125, 31.921405 ], [ -9.260446, 31.919459 ], [ -9.255839, 31.918627 ], [ -9.249767, 31.917519 ], [ -9.239089, 31.915589 ], [ -9.228414, 31.913696 ], [ -9.217742, 31.911838 ], [ -9.216266, 31.911582 ], [ -9.207069, 31.909972 ], [ -9.196399, 31.90813 ], [ -9.185731, 31.906325 ], [ -9.175282, 31.904594 ], [ -9.175066, 31.904558 ], [ -9.164402, 31.902786 ], [ -9.153738, 31.901027 ], [ -9.143077, 31.899303 ], [ -9.132796, 31.897664 ], [ -9.132418, 31.897603 ], [ -9.12176, 31.895905 ], [ -9.111103, 31.894232 ], [ -9.100449, 31.892587 ], [ -9.089796, 31.890969 ], [ -9.088665, 31.890798 ], [ -9.079144, 31.889354 ], [ -9.068494, 31.88776 ], [ -9.057846, 31.886194 ], [ -9.0472, 31.884658 ], [ -9.042641, 31.884007 ], [ -9.036556, 31.883142 ], [ -9.025913, 31.881644 ], [ -9.015272, 31.880167 ], [ -9.004632, 31.87871 ], [ -8.994274, 31.877309 ], [ -8.993994, 31.877271 ], [ -8.983358, 31.875852 ], [ -8.972722, 31.874448 ], [ -8.962088, 31.873056 ], [ -8.951455, 31.871679 ], [ -8.943789, 31.870691 ], [ -8.940822, 31.870309 ], [ -8.93019, 31.86895 ], [ -8.919561, 31.867618 ], [ -8.90893, 31.866268 ], [ -8.8983, 31.864923 ], [ -8.891897, 31.864118 ], [ -8.887671, 31.863592 ], [ -8.877044, 31.862287 ], [ -8.866418, 31.860987 ], [ -8.855792, 31.859694 ], [ -8.845167, 31.858408 ], [ -8.8384, 31.857597 ], [ -8.834543, 31.857139 ], [ -8.823921, 31.8559 ], [ -8.8133, 31.854669 ], [ -8.802681, 31.853459 ], [ -8.792061, 31.852238 ], [ -8.782634, 31.851156 ], [ -8.781441, 31.851021 ], [ -8.770825, 31.849854 ], [ -8.760209, 31.84869 ], [ -8.749594, 31.847532 ], [ -8.738979, 31.846379 ], [ -8.728364, 31.845231 ], [ -8.724336, 31.844803 ], [ -8.717752, 31.844117 ], [ -8.707142, 31.843033 ], [ -8.696533, 31.841957 ], [ -8.685925, 31.840902 ], [ -8.675317, 31.839833 ], [ -8.664708, 31.838767 ], [ -8.662709, 31.838572 ], [ -8.654103, 31.837753 ], [ -8.6435, 31.836757 ], [ -8.632897, 31.835767 ], [ -8.622294, 31.834785 ], [ -8.611692, 31.833809 ], [ -8.601091, 31.832843 ], [ -8.597071, 31.832487 ], [ -8.590492, 31.831921 ], [ -8.579897, 31.831042 ], [ -8.569301, 31.830162 ], [ -8.558705, 31.829284 ], [ -8.54811, 31.828413 ], [ -8.537516, 31.827549 ], [ -8.526922, 31.826692 ], [ -8.52586, 31.82661 ], [ -8.516333, 31.8259 ], [ -8.505744, 31.82513 ], [ -8.495157, 31.824373 ], [ -8.48457, 31.823631 ], [ -8.473985, 31.822922 ], [ -8.4634, 31.822191 ], [ -8.452815, 31.821469 ], [ -8.446428, 31.821045 ], [ -8.442231, 31.820781 ], [ -8.431652, 31.820154 ], [ -8.421074, 31.819541 ], [ -8.410496, 31.81894 ], [ -8.399919, 31.818355 ], [ -8.389343, 31.817785 ], [ -8.378769, 31.817243 ], [ -8.368195, 31.816699 ], [ -8.357621, 31.816165 ], [ -8.353823, 31.815986 ], [ -8.347051, 31.815687 ], [ -8.336483, 31.815256 ], [ -8.325917, 31.814842 ], [ -8.315351, 31.814446 ], [ -8.304787, 31.814072 ], [ -8.294224, 31.81372 ], [ -8.283664, 31.813417 ], [ -8.273103, 31.813101 ], [ -8.262543, 31.812804 ], [ -8.251984, 31.812526 ], [ -8.241427, 31.812269 ], [ -8.232025, 31.812064 ], [ -8.230871, 31.812042 ], [ -8.220319, 31.811889 ], [ -8.209769, 31.811772 ], [ -8.199221, 31.811693 ], [ -8.188675, 31.811641 ], [ -8.178129, 31.811599 ], [ -8.167585, 31.811581 ], [ -8.157042, 31.81159 ], [ -8.1465, 31.811629 ], [ -8.13596, 31.811702 ], [ -8.125423, 31.811811 ], [ -8.114887, 31.811959 ], [ -8.104354, 31.812168 ], [ -8.093822, 31.812374 ], [ -8.08329, 31.812612 ], [ -8.072761, 31.812885 ], [ -8.062234, 31.813199 ], [ -8.051709, 31.813554 ], [ -8.041186, 31.813956 ], [ -8.030668, 31.81445 ], [ -8.020149, 31.814935 ], [ -8.009632, 31.815454 ], [ -7.999117, 31.816013 ], [ -7.988604, 31.816614 ], [ -7.978094, 31.817263 ], [ -7.967586, 31.817965 ], [ -7.957081, 31.818724 ], [ -7.946579, 31.819558 ], [ -7.936078, 31.820389 ], [ -7.925578, 31.82126 ], [ -7.91508, 31.822178 ], [ -7.904585, 31.823148 ], [ -7.894092, 31.824171 ], [ -7.883602, 31.825256 ] ] } },
{ "type": "Feature", "properties": { "fid": 76, "ID": 75, "Intensidad": 12.0 }, "geometry": { "type": "LineString", "coordinates": [ [ -4.753616, 31.488475 ], [ -4.753752, 31.492982 ], [ -4.752886, 31.495291 ], [ -4.747625, 31.495363 ] ] } },
{ "type": "Feature", "properties": { "fid": 77, "ID": 76, "Intensidad": 12.0 }, "geometry": { "type": "LineString", "coordinates": [ [ -4.772782, 31.434111 ], [ -4.772867, 31.438618 ], [ -4.772866, 31.438619 ], [ -4.767609, 31.438692 ] ] } },
{ "type": "Feature", "properties": { "fid": 78, "ID": 77, "Intensidad": 12.0 }, "geometry": { "type": "LineString", "coordinates": [ [ -7.316457, 31.193492 ], [ -7.316662, 31.197989 ], [ -7.317039, 31.206983 ], [ -7.317029, 31.206991 ], [ -7.306981, 31.216328 ], [ -7.307385, 31.225322 ], [ -7.307381, 31.225325 ], [ -7.297325, 31.234666 ], [ -7.297732, 31.24366 ], [ -7.297729, 31.243662 ], [ -7.28767, 31.253004 ], [ -7.287714, 31.25404 ], [ -7.278809, 31.262307 ], [ -7.278011, 31.271341 ], [ -7.278009, 31.271351 ], [ -7.267954, 31.280683 ], [ -7.26835, 31.289677 ], [ -7.268348, 31.289681 ], [ -7.258282, 31.299019 ], [ -7.258685, 31.308013 ], [ -7.258683, 31.308015 ], [ -7.248613, 31.317355 ], [ -7.249017, 31.326349 ], [ -7.249015, 31.326351 ], [ -7.238941, 31.33569 ], [ -7.239345, 31.344685 ], [ -7.239344, 31.344686 ], [ -7.229267, 31.354025 ], [ -7.22967, 31.363019 ], [ -7.229669, 31.363021 ], [ -7.219589, 31.37236 ], [ -7.219991, 31.381354 ], [ -7.219991, 31.381356 ], [ -7.209909, 31.390693 ], [ -7.21031, 31.399688 ], [ -7.210309, 31.399691 ], [ -7.200225, 31.409027 ], [ -7.200224, 31.409068 ], [ -7.190181, 31.418364 ], [ -7.190541, 31.42736 ], [ -7.190536, 31.427392 ], [ -7.18529, 31.427564 ] ] } },
{ "type": "Feature", "properties": { "fid": 79, "ID": 78, "Intensidad": 12.0 }, "geometry": { "type": "LineString", "coordinates": [ [ -5.104443, 31.212705 ], [ -5.104542, 31.217212 ], [ -5.104505, 31.217219 ], [ -5.094223, 31.226396 ], [ -5.094215, 31.2264 ], [ -5.083728, 31.226683 ], [ -5.073567, 31.235747 ], [ -5.073432, 31.235761 ], [ -5.06315, 31.244931 ], [ -5.063136, 31.244936 ], [ -5.052844, 31.254113 ], [ -5.052839, 31.254115 ], [ -5.042347, 31.25434 ], [ -5.032115, 31.263459 ], [ -5.032045, 31.263469 ], [ -5.021754, 31.272638 ], [ -5.021743, 31.272643 ], [ -5.011443, 31.281817 ], [ -5.011439, 31.281819 ], [ -5.000943, 31.282019 ], [ -4.990679, 31.291157 ], [ -4.990635, 31.291166 ], [ -4.980335, 31.300333 ], [ -4.980325, 31.300337 ], [ -4.970014, 31.309508 ], [ -4.970014, 31.309508 ], [ -4.959514, 31.309697 ], [ -4.949231, 31.318842 ], [ -4.949199, 31.31885 ], [ -4.938891, 31.328015 ], [ -4.938883, 31.328019 ], [ -4.928389, 31.328622 ], [ -4.918583, 31.337337 ], [ -4.918061, 31.337367 ], [ -4.907764, 31.346515 ], [ -4.907739, 31.346523 ], [ -4.897424, 31.355685 ], [ -4.897415, 31.355689 ], [ -4.886913, 31.356008 ], [ -4.876779, 31.365005 ], [ -4.876583, 31.365027 ], [ -4.866276, 31.374175 ], [ -4.866254, 31.374183 ], [ -4.855932, 31.383342 ], [ -4.855924, 31.383346 ], [ -4.845417, 31.383589 ], [ -4.835192, 31.392657 ], [ -4.835081, 31.392676 ], [ -4.824765, 31.401823 ], [ -4.824745, 31.40183 ], [ -4.814416, 31.410986 ], [ -4.814407, 31.410991 ], [ -4.803896, 31.411202 ], [ -4.793632, 31.420296 ], [ -4.793554, 31.420313 ], [ -4.78323, 31.429458 ], [ -4.783211, 31.429468 ], [ -4.777954, 31.429546 ] ] } }
]
}
