{
"type": "FeatureCollection",
"name": "Isolineas Limonero",
"xy_coordinate_resolution": 1e-06,
"features": [
{ "type": "Feature", "properties": { "fid": 1, "ID": 0, "Intensidad": 12.0 }, "geometry": { "type": "LineString", "coordinates": [ [ -6.509054, 40.83024 ], [ -6.508817, 40.825744 ], [ -6.50905, 40.825687 ], [ -6.514966, 40.825513 ] ] } },
{ "type": "Feature", "properties": { "fid": 2, "ID": 1, "Intensidad": 12.0 }, "geometry": { "type": "LineString", "coordinates": [ [ -7.824771, 40.750811 ], [ -7.830674, 40.750612 ], [ -7.831141, 40.750859 ], [ -7.831466, 40.755347 ] ] } },
{ "type": "Feature", "properties": { "fid": 3, "ID": 2, "Intensidad": 12.0 }, "geometry": { "type": "LineString", "coordinates": [ [ -1.546968, 38.405897 ], [ -1.546878, 38.410402 ], [ -1.546763, 38.410571 ], [ -1.54104, 38.4105 ] ] } },
{ "type": "Feature", "properties": { "fid": 4, "ID": 3, "Intensidad": 12.0 }, "geometry": { "type": "LineString", "coordinates": [ [ -1.558712, 38.38802 ], [ -1.558623, 38.392524 ], [ -1.558568, 38.392607 ], [ -1.552846, 38.392537 ] ] } },
{ "type": "Feature", "properties": { "fid": 5, "ID": 4, "Intensidad": 12.0 }, "geometry": { "type": "LineString", "coordinates": [ [ -1.618295, 38.271588 ], [ -1.618244, 38.276094 ], [ -1.617996, 38.276712 ], [ -1.612284, 38.276644 ] ] } },
{ "type": "Feature", "properties": { "fid": 6, "ID": 5, "Intensidad": 12.0 }, "geometry": { "type": "LineString", "coordinates": [ [ -1.625934, 38.158511 ], [ -1.631637, 38.158578 ], [ -1.63177, 38.159101 ], [ -1.631657, 38.163606 ] ] } },
{ "type": "Feature", "properties": { "fid": 7, "ID": 6, "Intensidad": 12.0 }, "geometry": { "type": "LineString", "coordinates": [ [ -14.050353, 38.040198 ], [ -14.044764, 38.04073 ], [ -14.044705, 38.040401 ], [ -14.04334, 38.031557 ], [ -14.030851, 38.023795 ], [ -14.030842, 38.023772 ], [ -14.029494, 38.014927 ], [ -14.016989, 38.007149 ], [ -14.016984, 38.007142 ], [ -14.015642, 37.998296 ], [ -14.013477, 37.989528 ], [ -14.001897, 37.98232 ], [ -14.001794, 37.981662 ], [ -14.000436, 37.972817 ], [ -13.987957, 37.965044 ], [ -13.987952, 37.965025 ], [ -13.986612, 37.956179 ], [ -13.974119, 37.948392 ], [ -13.974116, 37.948387 ], [ -13.972782, 37.939539 ], [ -13.960289, 37.931745 ], [ -13.960289, 37.931745 ], [ -13.958957, 37.922897 ], [ -13.957606, 37.914051 ], [ -13.945142, 37.906272 ], [ -13.945137, 37.906253 ], [ -13.943806, 37.897405 ], [ -13.931327, 37.889611 ], [ -13.931325, 37.889606 ], [ -13.929999, 37.880757 ], [ -13.91752, 37.872959 ], [ -13.917519, 37.872956 ], [ -13.916196, 37.864107 ], [ -13.914851, 37.85526 ], [ -13.902404, 37.847475 ], [ -13.9024, 37.847454 ], [ -13.901076, 37.838605 ], [ -13.888612, 37.830804 ], [ -13.88861, 37.830799 ], [ -13.887292, 37.821949 ], [ -13.874828, 37.814144 ], [ -13.874827, 37.814141 ], [ -13.873512, 37.805291 ], [ -13.872171, 37.796443 ], [ -13.859744, 37.788653 ], [ -13.859738, 37.78863 ], [ -13.858423, 37.77978 ], [ -13.845974, 37.771972 ], [ -13.845972, 37.771967 ], [ -13.844662, 37.763116 ], [ -13.832213, 37.755303 ], [ -13.832212, 37.755301 ], [ -13.830904, 37.746449 ], [ -13.829565, 37.7376 ], [ -13.81716, 37.729809 ], [ -13.817155, 37.72978 ], [ -13.815847, 37.720928 ], [ -13.803413, 37.713114 ], [ -13.803411, 37.713109 ], [ -13.802107, 37.704256 ], [ -13.789675, 37.696439 ], [ -13.789674, 37.696435 ], [ -13.788374, 37.687582 ], [ -13.78703, 37.678733 ], [ -13.774654, 37.670944 ], [ -13.774647, 37.670905 ], [ -13.773341, 37.662052 ], [ -13.760928, 37.654235 ], [ -13.760926, 37.654225 ], [ -13.759629, 37.645372 ], [ -13.747213, 37.637548 ], [ -13.747211, 37.637543 ], [ -13.745893, 37.628691 ], [ -13.745242, 37.624265 ] ] } },
{ "type": "Feature", "properties": { "fid": 8, "ID": 7, "Intensidad": 11.5 }, "geometry": { "type": "LineString", "coordinates": [ [ -12.543734, 37.580731 ], [ -12.53371, 37.590315 ], [ -12.53484, 37.599204 ], [ -12.535988, 37.608093 ], [ -12.537383, 37.61696 ], [ -12.549413, 37.624751 ], [ -12.549444, 37.624957 ], [ -12.550599, 37.633845 ], [ -12.551802, 37.642728 ], [ -12.564051, 37.650655 ], [ -12.574013, 37.640911 ], [ -12.574077, 37.64089 ], [ -12.584154, 37.631535 ], [ -12.584753, 37.631049 ], [ -12.594257, 37.622407 ], [ -12.594946, 37.621231 ], [ -12.596595, 37.612115 ], [ -12.592633, 37.603458 ], [ -12.59169, 37.602607 ], [ -12.58138, 37.5954 ], [ -12.579322, 37.594234 ], [ -12.567667, 37.591349 ], [ -12.557752, 37.588352 ], [ -12.555959, 37.588052 ], [ -12.543734, 37.580731 ] ] } },
{ "type": "Feature", "properties": { "fid": 9, "ID": 8, "Intensidad": 11.0 }, "geometry": { "type": "LineString", "coordinates": [ [ -11.09577, 37.446377 ], [ -11.088472, 37.447395 ], [ -11.096667, 37.454652 ], [ -11.097396, 37.45577 ], [ -11.108948, 37.463933 ], [ -11.108998, 37.463959 ], [ -11.109973, 37.472882 ], [ -11.11091, 37.481807 ], [ -11.111921, 37.490728 ], [ -11.124025, 37.498835 ], [ -11.124033, 37.49888 ], [ -11.125007, 37.507802 ], [ -11.126014, 37.516722 ], [ -11.138146, 37.524842 ], [ -11.138151, 37.524871 ], [ -11.139128, 37.533793 ], [ -11.140137, 37.542713 ], [ -11.152277, 37.550832 ], [ -11.152282, 37.55086 ], [ -11.153261, 37.559781 ], [ -11.154279, 37.568701 ], [ -11.166419, 37.576813 ], [ -11.166427, 37.576845 ], [ -11.167411, 37.585766 ], [ -11.168446, 37.594684 ], [ -11.18057, 37.60278 ], [ -11.191778, 37.601998 ], [ -11.201946, 37.592345 ], [ -11.202002, 37.592316 ], [ -11.21317, 37.591184 ], [ -11.22296, 37.581883 ], [ -11.223422, 37.581799 ], [ -11.234125, 37.576498 ], [ -11.23911, 37.57176 ], [ -11.244841, 37.571325 ], [ -11.256035, 37.570474 ], [ -11.266135, 37.560868 ], [ -11.266253, 37.560848 ], [ -11.277119, 37.557071 ], [ -11.277641, 37.551067 ], [ -11.287204, 37.546293 ], [ -11.290625, 37.54116 ], [ -11.294152, 37.531922 ], [ -11.288208, 37.523353 ], [ -11.284091, 37.518356 ], [ -11.278408, 37.515056 ], [ -11.272127, 37.512205 ], [ -11.263571, 37.507113 ], [ -11.260156, 37.505973 ], [ -11.248841, 37.499161 ], [ -11.248089, 37.498862 ], [ -11.236591, 37.496869 ], [ -11.224891, 37.491853 ], [ -11.224754, 37.491811 ], [ -11.213465, 37.491696 ], [ -11.201557, 37.485967 ], [ -11.195499, 37.48492 ], [ -11.190163, 37.48489 ], [ -11.178483, 37.481212 ], [ -11.167171, 37.477905 ], [ -11.166839, 37.477856 ], [ -11.155565, 37.477864 ], [ -11.143948, 37.474739 ], [ -11.133021, 37.471287 ], [ -11.132286, 37.471185 ], [ -11.124626, 37.462879 ], [ -11.119356, 37.455981 ], [ -11.117379, 37.45439 ], [ -11.107757, 37.452972 ], [ -11.096978, 37.446809 ], [ -11.09577, 37.446377 ] ] } },
{ "type": "Feature", "properties": { "fid": 10, "ID": 9, "Intensidad": 11.0 }, "geometry": { "type": "LineString", "coordinates": [ [ -11.118115, 37.444578 ], [ -11.117452, 37.445395 ], [ -11.118737, 37.450293 ], [ -11.118599, 37.445316 ], [ -11.118115, 37.444578 ] ] } },
{ "type": "Feature", "properties": { "fid": 11, "ID": 10, "Intensidad": 11.0 }, "geometry": { "type": "LineString", "coordinates": [ [ -11.070449, 37.420677 ], [ -11.064344, 37.422084 ], [ -11.071099, 37.426693 ], [ -11.072138, 37.421549 ], [ -11.070449, 37.420677 ] ] } },
{ "type": "Feature", "properties": { "fid": 12, "ID": 11, "Intensidad": 11.0 }, "geometry": { "type": "LineString", "coordinates": [ [ -11.102917, 37.408385 ], [ -11.101629, 37.410528 ], [ -11.10385, 37.41699 ], [ -11.103653, 37.410388 ], [ -11.102917, 37.408385 ] ] } },
{ "type": "Feature", "properties": { "fid": 13, "ID": 12, "Intensidad": 10.5 }, "geometry": { "type": "LineString", "coordinates": [ [ -9.757442, 37.359488 ], [ -9.746945, 37.36116 ], [ -9.7583, 37.369011 ], [ -9.758374, 37.369501 ], [ -9.759167, 37.378453 ], [ -9.759974, 37.387403 ], [ -9.760879, 37.396348 ], [ -9.772781, 37.40457 ], [ -9.772792, 37.40466 ], [ -9.773602, 37.413611 ], [ -9.774415, 37.422561 ], [ -9.775309, 37.431506 ], [ -9.787243, 37.439743 ], [ -9.787251, 37.439815 ], [ -9.788064, 37.448765 ], [ -9.788879, 37.457715 ], [ -9.789783, 37.46666 ], [ -9.801719, 37.474891 ], [ -9.801727, 37.474966 ], [ -9.802542, 37.483916 ], [ -9.80336, 37.492866 ], [ -9.804297, 37.501808 ], [ -9.816209, 37.510015 ], [ -9.816219, 37.510115 ], [ -9.817037, 37.519064 ], [ -9.817857, 37.528013 ], [ -9.818883, 37.536951 ], [ -9.830711, 37.545092 ], [ -9.830728, 37.54526 ], [ -9.831549, 37.554209 ], [ -9.832371, 37.563158 ], [ -9.833748, 37.572074 ], [ -9.84521, 37.579957 ], [ -9.845255, 37.580401 ], [ -9.84608, 37.58935 ], [ -9.846907, 37.598298 ], [ -9.858965, 37.606591 ], [ -9.858969, 37.606591 ], [ -9.871035, 37.61488 ], [ -9.881367, 37.605281 ], [ -9.881447, 37.605235 ], [ -9.888439, 37.59587 ], [ -9.891587, 37.592697 ], [ -9.893293, 37.586589 ], [ -9.901587, 37.578666 ], [ -9.902487, 37.577052 ], [ -9.91204, 37.56956 ], [ -9.912962, 37.56744 ], [ -9.918835, 37.558098 ], [ -9.921654, 37.55145 ], [ -9.922606, 37.548879 ], [ -9.927821, 37.539576 ], [ -9.930146, 37.530442 ], [ -9.930799, 37.528343 ], [ -9.931585, 37.521361 ], [ -9.931473, 37.512372 ], [ -9.931333, 37.503383 ], [ -9.929577, 37.494491 ], [ -9.926988, 37.485647 ], [ -9.926786, 37.485137 ], [ -9.921237, 37.476989 ], [ -9.916744, 37.468257 ], [ -9.913321, 37.459462 ], [ -9.913096, 37.459155 ], [ -9.906624, 37.45086 ], [ -9.900359, 37.443375 ], [ -9.899345, 37.44229 ], [ -9.891074, 37.433779 ], [ -9.887918, 37.430755 ], [ -9.878859, 37.425497 ], [ -9.875894, 37.422621 ], [ -9.870575, 37.416985 ], [ -9.863572, 37.411206 ], [ -9.860995, 37.408547 ], [ -9.85145, 37.401936 ], [ -9.848793, 37.400262 ], [ -9.839498, 37.394494 ], [ -9.832536, 37.39221 ], [ -9.827816, 37.389986 ], [ -9.816617, 37.384136 ], [ -9.815985, 37.383824 ], [ -9.804021, 37.376169 ], [ -9.801946, 37.375988 ], [ -9.792678, 37.375355 ], [ -9.780858, 37.368208 ], [ -9.78076, 37.368177 ], [ -9.768856, 37.359902 ], [ -9.768703, 37.359424 ], [ -9.757442, 37.359488 ] ] } },
{ "type": "Feature", "properties": { "fid": 14, "ID": 13, "Intensidad": 10.0 }, "geometry": { "type": "LineString", "coordinates": [ [ -8.691586, 37.273126 ], [ -8.681358, 37.282351 ], [ -8.681714, 37.291336 ], [ -8.693598, 37.299753 ], [ -8.693606, 37.299765 ], [ -8.694281, 37.308734 ], [ -8.694958, 37.317703 ], [ -8.695637, 37.326672 ], [ -8.696318, 37.335641 ], [ -8.708223, 37.344064 ], [ -8.708224, 37.344067 ], [ -8.708905, 37.353036 ], [ -8.709587, 37.362004 ], [ -8.710269, 37.370973 ], [ -8.710953, 37.379941 ], [ -8.712143, 37.388885 ], [ -8.723521, 37.396926 ], [ -8.723553, 37.397334 ], [ -8.724237, 37.406302 ], [ -8.724923, 37.41527 ], [ -8.725611, 37.424239 ], [ -8.726353, 37.433204 ], [ -8.738216, 37.441579 ], [ -8.738221, 37.441628 ], [ -8.738912, 37.450596 ], [ -8.739607, 37.459564 ], [ -8.740324, 37.468531 ], [ -8.741376, 37.477481 ], [ -8.752262, 37.477512 ], [ -8.752393, 37.476943 ], [ -8.762846, 37.468356 ], [ -8.763249, 37.467411 ], [ -8.773356, 37.458266 ], [ -8.773563, 37.457904 ], [ -8.783049, 37.448437 ], [ -8.783445, 37.442767 ], [ -8.784092, 37.439385 ], [ -8.79375, 37.430101 ], [ -8.793861, 37.429903 ], [ -8.797129, 37.420741 ], [ -8.800969, 37.411551 ], [ -8.802909, 37.402685 ], [ -8.802958, 37.402452 ], [ -8.802367, 37.393479 ], [ -8.802031, 37.384495 ], [ -8.801582, 37.375515 ], [ -8.800965, 37.366544 ], [ -8.800085, 37.357586 ], [ -8.799124, 37.348632 ], [ -8.798169, 37.339678 ], [ -8.797992, 37.339038 ], [ -8.794548, 37.330855 ], [ -8.787553, 37.322197 ], [ -8.784818, 37.31333 ], [ -8.784738, 37.31323 ], [ -8.772945, 37.30491 ], [ -8.772826, 37.304795 ], [ -8.763642, 37.296363 ], [ -8.760799, 37.29482 ], [ -8.749587, 37.288048 ], [ -8.749002, 37.287814 ], [ -8.737701, 37.287294 ], [ -8.725916, 37.2804 ], [ -8.714682, 37.280747 ], [ -8.703463, 37.281297 ], [ -8.703127, 37.281301 ], [ -8.691586, 37.273126 ] ] } },
{ "type": "Feature", "properties": { "fid": 15, "ID": 14, "Intensidad": 6.0 }, "geometry": { "type": "LineString", "coordinates": [ [ -4.224512, 36.962 ], [ -4.224512, 36.961993 ], [ -4.224513, 36.962 ], [ -4.224657, 36.971012 ], [ -4.224657, 36.971012 ], [ -4.224655, 36.971012 ], [ -4.224512, 36.962 ] ] } },
{ "type": "Feature", "properties": { "fid": 16, "ID": 15, "Intensidad": 6.0 }, "geometry": { "type": "LineString", "coordinates": [ [ -4.662055, 36.947668 ], [ -4.662055, 36.947663 ], [ -4.662056, 36.947668 ], [ -4.662056, 36.947668 ], [ -4.662055, 36.947668 ] ] } },
{ "type": "Feature", "properties": { "fid": 17, "ID": 16, "Intensidad": 6.0 }, "geometry": { "type": "LineString", "coordinates": [ [ -4.2353, 36.934847 ], [ -4.235301, 36.934835 ], [ -4.235302, 36.934847 ], [ -4.235301, 36.934848 ], [ -4.2353, 36.934847 ] ] } },
{ "type": "Feature", "properties": { "fid": 18, "ID": 17, "Intensidad": 11.0 }, "geometry": { "type": "LineString", "coordinates": [ [ -11.040177, 36.501673 ], [ -11.039757, 36.506822 ], [ -11.040818, 36.507831 ], [ -11.041051, 36.506734 ], [ -11.040177, 36.501673 ] ] } },
{ "type": "Feature", "properties": { "fid": 19, "ID": 18, "Intensidad": 11.0 }, "geometry": { "type": "LineString", "coordinates": [ [ -11.016951, 36.492356 ], [ -11.010206, 36.499833 ], [ -11.01786, 36.501115 ], [ -11.020896, 36.499111 ], [ -11.016951, 36.492356 ] ] } },
{ "type": "Feature", "properties": { "fid": 20, "ID": 19, "Intensidad": 11.0 }, "geometry": { "type": "LineString", "coordinates": [ [ -11.026267, 36.474906 ], [ -11.021157, 36.481115 ], [ -11.026897, 36.480971 ], [ -11.027479, 36.480687 ], [ -11.026267, 36.474906 ] ] } },
{ "type": "Feature", "properties": { "fid": 21, "ID": 20, "Intensidad": 12.0 }, "geometry": { "type": "LineString", "coordinates": [ [ -13.775523, 36.266898 ], [ -13.774907, 36.26247 ], [ -13.77491, 36.262459 ], [ -13.780374, 36.261955 ] ] } },
{ "type": "Feature", "properties": { "fid": 22, "ID": 21, "Intensidad": 4.0 }, "geometry": { "type": "LineString", "coordinates": [ [ -4.410528, 36.69845 ], [ -4.410224, 36.698546 ], [ -4.399423, 36.7031 ], [ -4.389146, 36.707807 ], [ -4.388331, 36.708493 ], [ -4.377273, 36.715889 ], [ -4.375939, 36.716975 ], [ -4.367873, 36.726081 ], [ -4.366362, 36.731714 ], [ -4.365435, 36.735123 ], [ -4.3603, 36.744196 ], [ -4.35547, 36.748888 ], [ -4.354009, 36.753281 ], [ -4.353981, 36.762295 ], [ -4.354423, 36.771304 ], [ -4.355956, 36.776464 ], [ -4.357836, 36.780279 ], [ -4.365351, 36.789206 ], [ -4.367442, 36.79258 ], [ -4.372506, 36.798138 ], [ -4.378844, 36.803696 ], [ -4.382322, 36.807038 ], [ -4.390186, 36.811323 ], [ -4.400078, 36.815843 ], [ -4.401483, 36.816352 ], [ -4.412741, 36.819228 ], [ -4.423937, 36.818684 ], [ -4.435122, 36.817525 ], [ -4.446313, 36.816723 ], [ -4.457507, 36.816108 ], [ -4.460614, 36.815115 ], [ -4.468619, 36.811218 ], [ -4.479726, 36.806155 ], [ -4.480166, 36.80586 ], [ -4.490768, 36.797758 ], [ -4.491851, 36.7967 ], [ -4.49753, 36.787615 ], [ -4.501667, 36.782189 ], [ -4.503323, 36.778529 ], [ -4.505697, 36.769485 ], [ -4.506492, 36.760462 ], [ -4.505741, 36.751458 ], [ -4.504466, 36.74246 ], [ -4.50255, 36.733471 ], [ -4.500621, 36.728511 ], [ -4.498233, 36.724512 ], [ -4.490339, 36.715597 ], [ -4.489162, 36.714731 ], [ -4.477885, 36.71025 ], [ -4.469903, 36.706838 ], [ -4.466611, 36.705825 ], [ -4.455374, 36.703342 ], [ -4.448035, 36.698092 ], [ -4.444065, 36.696952 ], [ -4.43286, 36.696035 ], [ -4.421673, 36.69608 ], [ -4.410528, 36.69845 ] ] } },
{ "type": "Feature", "properties": { "fid": 23, "ID": 22, "Intensidad": 4.5 }, "geometry": { "type": "LineString", "coordinates": [ [ -4.387667, 36.671542 ], [ -4.386998, 36.671777 ], [ -4.376563, 36.676076 ], [ -4.368319, 36.681007 ], [ -4.365494, 36.68268 ], [ -4.354422, 36.689181 ], [ -4.352853, 36.690198 ], [ -4.343372, 36.697121 ], [ -4.340816, 36.699348 ], [ -4.332391, 36.708456 ], [ -4.33238, 36.708472 ], [ -4.326649, 36.717534 ], [ -4.32218, 36.726598 ], [ -4.321528, 36.728201 ], [ -4.318691, 36.73565 ], [ -4.315727, 36.744697 ], [ -4.313595, 36.753734 ], [ -4.313365, 36.762751 ], [ -4.315086, 36.771745 ], [ -4.317959, 36.780727 ], [ -4.321601, 36.789701 ], [ -4.32262, 36.79184 ], [ -4.325968, 36.798666 ], [ -4.331837, 36.807614 ], [ -4.334145, 36.810414 ], [ -4.339785, 36.816538 ], [ -4.345549, 36.821817 ], [ -4.349901, 36.825437 ], [ -4.356913, 36.830726 ], [ -4.362085, 36.834312 ], [ -4.368254, 36.838185 ], [ -4.378383, 36.843138 ], [ -4.379561, 36.843643 ], [ -4.390839, 36.847436 ], [ -4.402101, 36.850237 ], [ -4.411668, 36.851761 ], [ -4.413345, 36.852026 ], [ -4.424571, 36.852867 ], [ -4.435783, 36.852923 ], [ -4.446988, 36.852579 ], [ -4.458181, 36.851663 ], [ -4.460677, 36.851168 ], [ -4.469347, 36.84927 ], [ -4.48048, 36.845285 ], [ -4.488405, 36.841811 ], [ -4.491592, 36.840244 ], [ -4.502654, 36.83272 ], [ -4.502795, 36.832616 ], [ -4.51369, 36.824005 ], [ -4.514342, 36.823456 ], [ -4.524705, 36.814347 ], [ -4.524744, 36.81431 ], [ -4.533313, 36.805186 ], [ -4.535658, 36.801719 ], [ -4.539033, 36.796099 ], [ -4.543137, 36.787032 ], [ -4.546388, 36.778136 ], [ -4.546443, 36.777976 ], [ -4.548637, 36.768934 ], [ -4.548393, 36.759924 ], [ -4.547264, 36.750925 ], [ -4.545717, 36.744723 ], [ -4.545025, 36.74194 ], [ -4.542174, 36.732964 ], [ -4.538575, 36.723997 ], [ -4.53394, 36.715476 ], [ -4.533704, 36.715046 ], [ -4.527409, 36.706113 ], [ -4.522457, 36.700673 ], [ -4.518957, 36.697208 ], [ -4.511071, 36.690621 ], [ -4.50801, 36.688334 ], [ -4.499726, 36.682477 ], [ -4.494049, 36.679496 ], [ -4.488432, 36.67689 ], [ -4.477169, 36.672833 ], [ -4.468233, 36.670803 ], [ -4.465936, 36.670323 ], [ -4.454722, 36.668714 ], [ -4.443516, 36.66756 ], [ -4.432322, 36.667051 ], [ -4.421144, 36.66737 ], [ -4.409981, 36.668545 ], [ -4.398827, 36.670166 ], [ -4.387667, 36.671542 ] ] } },
{ "type": "Feature", "properties": { "fid": 24, "ID": 23, "Intensidad": 7.0 }, "geometry": { "type": "LineString", "coordinates": [ [ -4.934834, 36.655122 ], [ -4.935257, 36.653925 ], [ -4.936224, 36.655099 ], [ -4.935294, 36.655374 ], [ -4.934834, 36.655122 ] ] } },
{ "type": "Feature", "properties": { "fid": 25, "ID": 24, "Intensidad": 5.0 }, "geometry": { "type": "LineString", "coordinates": [ [ -4.409359, 36.634388 ], [ -4.402309, 36.635543 ], [ -4.398211, 36.63613 ], [ -4.387063, 36.637889 ], [ -4.375931, 36.640589 ], [ -4.365323, 36.644986 ], [ -4.364831, 36.645168 ], [ -4.353737, 36.650088 ], [ -4.345857, 36.654222 ], [ -4.342657, 36.655948 ], [ -4.331593, 36.662865 ], [ -4.33075, 36.663405 ], [ -4.320529, 36.669865 ], [ -4.317203, 36.67257 ], [ -4.309504, 36.67929 ], [ -4.306824, 36.681698 ], [ -4.298948, 36.690798 ], [ -4.298522, 36.691395 ], [ -4.291937, 36.699888 ], [ -4.287648, 36.708949 ], [ -4.287628, 36.708993 ], [ -4.282797, 36.718015 ], [ -4.279614, 36.727063 ], [ -4.277565, 36.736099 ], [ -4.276941, 36.739417 ], [ -4.275593, 36.745134 ], [ -4.273959, 36.754165 ], [ -4.273447, 36.763185 ], [ -4.274149, 36.772191 ], [ -4.27601, 36.781185 ], [ -4.277729, 36.786935 ], [ -4.278565, 36.790171 ], [ -4.281342, 36.799155 ], [ -4.285523, 36.808123 ], [ -4.289387, 36.814116 ], [ -4.291153, 36.817076 ], [ -4.297321, 36.826023 ], [ -4.300865, 36.830244 ], [ -4.304616, 36.834957 ], [ -4.312282, 36.842463 ], [ -4.3138, 36.843869 ], [ -4.323652, 36.851801 ], [ -4.324942, 36.852759 ], [ -4.335001, 36.859717 ], [ -4.338267, 36.861623 ], [ -4.346327, 36.86617 ], [ -4.357613, 36.870337 ], [ -4.357824, 36.870415 ], [ -4.368907, 36.874832 ], [ -4.380185, 36.878325 ], [ -4.383122, 36.879137 ], [ -4.391461, 36.881716 ], [ -4.402729, 36.884602 ], [ -4.413972, 36.88606 ], [ -4.425199, 36.88667 ], [ -4.436414, 36.886634 ], [ -4.447615, 36.885832 ], [ -4.458811, 36.884798 ], [ -4.469986, 36.882643 ], [ -4.481143, 36.879617 ], [ -4.486655, 36.877887 ], [ -4.492294, 36.876367 ], [ -4.503425, 36.872107 ], [ -4.510833, 36.868568 ], [ -4.514537, 36.866938 ], [ -4.525627, 36.860744 ], [ -4.527875, 36.859337 ], [ -4.536697, 36.853647 ], [ -4.541204, 36.850151 ], [ -4.547719, 36.844299 ], [ -4.551103, 36.841009 ], [ -4.558682, 36.832149 ], [ -4.558882, 36.831894 ], [ -4.567001, 36.822774 ], [ -4.569623, 36.819088 ], [ -4.573675, 36.813672 ], [ -4.578796, 36.804591 ], [ -4.580442, 36.800275 ], [ -4.58234, 36.795531 ], [ -4.585197, 36.786479 ], [ -4.587417, 36.777436 ], [ -4.588502, 36.768408 ], [ -4.588737, 36.759392 ], [ -4.588166, 36.750386 ], [ -4.586592, 36.741393 ], [ -4.585028, 36.732401 ], [ -4.58207, 36.723426 ], [ -4.578724, 36.716479 ], [ -4.57784, 36.714469 ], [ -4.573596, 36.705512 ], [ -4.567156, 36.696583 ], [ -4.567128, 36.696543 ], [ -4.560961, 36.687651 ], [ -4.555649, 36.682119 ], [ -4.552459, 36.678749 ], [ -4.544254, 36.671685 ], [ -4.542042, 36.66987 ], [ -4.532895, 36.662881 ], [ -4.530237, 36.661009 ], [ -4.521559, 36.655127 ], [ -4.515805, 36.65218 ], [ -4.510268, 36.649517 ], [ -4.499004, 36.645271 ], [ -4.492919, 36.643455 ], [ -4.487756, 36.64177 ], [ -4.476509, 36.638271 ], [ -4.465284, 36.635924 ], [ -4.458171, 36.634872 ], [ -4.454072, 36.634191 ], [ -4.442871, 36.633003 ], [ -4.431685, 36.632639 ], [ -4.420512, 36.632966 ], [ -4.409359, 36.634388 ] ] } },
{ "type": "Feature", "properties": { "fid": 26, "ID": 25, "Intensidad": 5.5 }, "geometry": { "type": "LineString", "coordinates": [ [ -4.38619, 36.589123 ], [ -4.379402, 36.590741 ], [ -4.375065, 36.591832 ], [ -4.363947, 36.594973 ], [ -4.35283, 36.598259 ], [ -4.347096, 36.600124 ], [ -4.34172, 36.601965 ], [ -4.330618, 36.606199 ], [ -4.323108, 36.609407 ], [ -4.319526, 36.611087 ], [ -4.308452, 36.617086 ], [ -4.305971, 36.61861 ], [ -4.297395, 36.62426 ], [ -4.292441, 36.627771 ], [ -4.28635, 36.632292 ], [ -4.280435, 36.636915 ], [ -4.275315, 36.641055 ], [ -4.26935, 36.646048 ], [ -4.264288, 36.650435 ], [ -4.259046, 36.655171 ], [ -4.253274, 36.660743 ], [ -4.249899, 36.664281 ], [ -4.242688, 36.673371 ], [ -4.242303, 36.673976 ], [ -4.237366, 36.68244 ], [ -4.232531, 36.691504 ], [ -4.231432, 36.693719 ], [ -4.228229, 36.700563 ], [ -4.224394, 36.709616 ], [ -4.220918, 36.718666 ], [ -4.220653, 36.719556 ], [ -4.218448, 36.727705 ], [ -4.216694, 36.736737 ], [ -4.215508, 36.745763 ], [ -4.214901, 36.754783 ], [ -4.215116, 36.763795 ], [ -4.216173, 36.772798 ], [ -4.217771, 36.781795 ], [ -4.219759, 36.790789 ], [ -4.221916, 36.79923 ], [ -4.222063, 36.799779 ], [ -4.224812, 36.808764 ], [ -4.228015, 36.817745 ], [ -4.231878, 36.826719 ], [ -4.233614, 36.830017 ], [ -4.236823, 36.835681 ], [ -4.242502, 36.844636 ], [ -4.245118, 36.848302 ], [ -4.249119, 36.85358 ], [ -4.256561, 36.862494 ], [ -4.25658, 36.862515 ], [ -4.265528, 36.871434 ], [ -4.267958, 36.873636 ], [ -4.27573, 36.880338 ], [ -4.279332, 36.883246 ], [ -4.287532, 36.889225 ], [ -4.290684, 36.891348 ], [ -4.301559, 36.898086 ], [ -4.30202, 36.898356 ], [ -4.313343, 36.904468 ], [ -4.318122, 36.906916 ], [ -4.32466, 36.910162 ], [ -4.335967, 36.915142 ], [ -4.337379, 36.915715 ], [ -4.347301, 36.921625 ], [ -4.358565, 36.924025 ], [ -4.360438, 36.924466 ], [ -4.369839, 36.926932 ], [ -4.381123, 36.930376 ], [ -4.39238, 36.932296 ], [ -4.403613, 36.93286 ], [ -4.405348, 36.932957 ], [ -4.414864, 36.934372 ], [ -4.426102, 36.935162 ], [ -4.437321, 36.934979 ], [ -4.448526, 36.933998 ], [ -4.459674, 36.932302 ], [ -4.459716, 36.932299 ], [ -4.47093, 36.931834 ], [ -4.482136, 36.930961 ], [ -4.493317, 36.928862 ], [ -4.504433, 36.923456 ], [ -4.506253, 36.922707 ], [ -4.515602, 36.920789 ], [ -4.526741, 36.916705 ], [ -4.533566, 36.913344 ], [ -4.537864, 36.911868 ], [ -4.548968, 36.906166 ], [ -4.55092, 36.904105 ], [ -4.560043, 36.899091 ], [ -4.566537, 36.894887 ], [ -4.571113, 36.8919 ], [ -4.580236, 36.885692 ], [ -4.582173, 36.884296 ], [ -4.592078, 36.876521 ], [ -4.593205, 36.875465 ], [ -4.600794, 36.86739 ], [ -4.604173, 36.863723 ], [ -4.609033, 36.858266 ], [ -4.615122, 36.851215 ], [ -4.616767, 36.849148 ], [ -4.623105, 36.840048 ], [ -4.626, 36.83547 ], [ -4.628623, 36.830959 ], [ -4.632814, 36.821888 ], [ -4.636244, 36.812828 ], [ -4.636695, 36.811398 ], [ -4.638941, 36.803777 ], [ -4.641252, 36.794732 ], [ -4.643323, 36.78569 ], [ -4.645179, 36.776651 ], [ -4.646708, 36.767617 ], [ -4.646921, 36.765684 ], [ -4.64764, 36.75859 ], [ -4.647663, 36.749577 ], [ -4.646498, 36.740579 ], [ -4.646372, 36.740009 ], [ -4.644395, 36.731595 ], [ -4.641801, 36.722617 ], [ -4.638886, 36.713644 ], [ -4.635604, 36.704676 ], [ -4.634366, 36.701706 ], [ -4.631725, 36.695716 ], [ -4.627222, 36.686764 ], [ -4.622705, 36.679243 ], [ -4.621779, 36.677824 ], [ -4.615047, 36.668902 ], [ -4.611207, 36.664287 ], [ -4.607407, 36.659992 ], [ -4.59977, 36.652033 ], [ -4.598818, 36.651094 ], [ -4.589407, 36.642207 ], [ -4.588367, 36.641269 ], [ -4.579158, 36.633329 ], [ -4.57699, 36.631576 ], [ -4.56766, 36.624468 ], [ -4.565638, 36.623025 ], [ -4.554313, 36.615687 ], [ -4.554204, 36.61563 ], [ -4.543036, 36.610621 ], [ -4.533777, 36.606881 ], [ -4.531771, 36.606098 ], [ -4.520514, 36.60192 ], [ -4.510039, 36.598171 ], [ -4.509261, 36.597904 ], [ -4.498019, 36.594411 ], [ -4.486787, 36.591332 ], [ -4.478386, 36.589554 ], [ -4.475569, 36.589006 ], [ -4.464364, 36.587296 ], [ -4.453167, 36.585985 ], [ -4.441984, 36.585391 ], [ -4.430812, 36.585378 ], [ -4.419645, 36.585699 ], [ -4.40848, 36.586108 ], [ -4.397328, 36.587222 ], [ -4.38619, 36.589123 ] ] } },
{ "type": "Feature", "properties": { "fid": 27, "ID": 26, "Intensidad": 10.0 }, "geometry": { "type": "LineString", "coordinates": [ [ -8.89816, 36.452632 ], [ -8.89816, 36.452631 ], [ -8.89816, 36.452632 ], [ -8.89816, 36.452632 ], [ -8.89816, 36.452632 ] ] } },
{ "type": "Feature", "properties": { "fid": 28, "ID": 27, "Intensidad": 10.0 }, "geometry": { "type": "LineString", "coordinates": [ [ -8.851079, 36.419008 ], [ -8.840726, 36.428462 ], [ -8.84134, 36.437433 ], [ -8.841332, 36.437435 ], [ -8.830913, 36.446946 ], [ -8.831586, 36.455914 ], [ -8.831585, 36.455918 ], [ -8.821165, 36.465426 ], [ -8.821834, 36.474394 ], [ -8.822507, 36.483362 ], [ -8.822507, 36.483363 ], [ -8.812079, 36.492874 ], [ -8.812751, 36.501842 ], [ -8.812751, 36.501852 ], [ -8.80233, 36.511353 ], [ -8.802991, 36.520322 ], [ -8.803663, 36.52929 ], [ -8.803663, 36.529292 ], [ -8.793228, 36.538801 ], [ -8.793898, 36.547769 ], [ -8.7939, 36.547805 ], [ -8.783501, 36.557277 ], [ -8.78413, 36.566248 ], [ -8.7848, 36.575217 ], [ -8.784799, 36.575225 ], [ -8.774364, 36.584726 ], [ -8.775032, 36.593695 ], [ -8.775074, 36.594362 ], [ -8.765403, 36.603164 ], [ -8.7757, 36.602725 ], [ -8.786857, 36.602693 ], [ -8.797939, 36.601664 ], [ -8.809053, 36.601074 ], [ -8.820173, 36.600549 ], [ -8.820627, 36.60047 ], [ -8.830866, 36.594387 ], [ -8.841811, 36.591568 ], [ -8.852866, 36.590224 ], [ -8.863967, 36.589483 ], [ -8.864946, 36.589289 ], [ -8.874638, 36.5831 ], [ -8.885539, 36.57975 ], [ -8.896621, 36.578791 ], [ -8.896803, 36.578711 ], [ -8.907211, 36.571396 ], [ -8.914259, 36.568842 ], [ -8.918087, 36.567766 ], [ -8.928594, 36.559338 ], [ -8.928855, 36.559114 ], [ -8.939008, 36.549731 ], [ -8.939119, 36.549601 ], [ -8.944171, 36.540347 ], [ -8.948802, 36.532089 ], [ -8.949192, 36.531095 ], [ -8.950819, 36.522013 ], [ -8.949072, 36.5131 ], [ -8.950727, 36.504017 ], [ -8.946057, 36.49525 ], [ -8.945874, 36.486258 ], [ -8.944792, 36.477312 ], [ -8.944549, 36.476688 ], [ -8.939644, 36.468568 ], [ -8.932158, 36.459941 ], [ -8.932121, 36.459842 ], [ -8.926119, 36.451242 ], [ -8.919851, 36.444995 ], [ -8.915052, 36.442792 ], [ -8.908224, 36.438538 ], [ -8.896913, 36.434692 ], [ -8.89679, 36.434588 ], [ -8.885027, 36.426295 ], [ -8.873935, 36.426839 ], [ -8.862843, 36.427382 ], [ -8.862774, 36.427378 ], [ -8.851079, 36.419008 ] ] } },
{ "type": "Feature", "properties": { "fid": 29, "ID": 28, "Intensidad": 6.0 }, "geometry": { "type": "LineString", "coordinates": [ [ -4.363065, 36.544827 ], [ -4.358695, 36.545908 ], [ -4.351941, 36.547256 ], [ -4.340823, 36.550072 ], [ -4.329727, 36.554223 ], [ -4.327393, 36.555275 ], [ -4.318629, 36.558355 ], [ -4.307534, 36.562706 ], [ -4.303417, 36.564554 ], [ -4.296441, 36.567302 ], [ -4.285364, 36.572856 ], [ -4.283546, 36.573783 ], [ -4.274276, 36.577925 ], [ -4.265529, 36.58299 ], [ -4.263209, 36.584302 ], [ -4.252158, 36.591817 ], [ -4.251674, 36.592151 ], [ -4.24111, 36.599632 ], [ -4.238984, 36.601297 ], [ -4.230078, 36.608661 ], [ -4.228333, 36.610422 ], [ -4.219068, 36.619175 ], [ -4.21863, 36.619535 ], [ -4.209429, 36.628643 ], [ -4.208063, 36.630193 ], [ -4.2011, 36.637741 ], [ -4.197089, 36.643494 ], [ -4.194506, 36.646822 ], [ -4.188095, 36.6559 ], [ -4.186145, 36.658943 ], [ -4.181878, 36.664976 ], [ -4.176996, 36.674038 ], [ -4.175255, 36.678172 ], [ -4.172754, 36.683094 ], [ -4.168779, 36.692147 ], [ -4.166105, 36.701187 ], [ -4.164518, 36.707992 ], [ -4.163834, 36.710224 ], [ -4.160874, 36.719267 ], [ -4.158458, 36.728304 ], [ -4.156989, 36.737332 ], [ -4.156103, 36.746355 ], [ -4.155749, 36.755372 ], [ -4.155788, 36.764386 ], [ -4.156293, 36.773395 ], [ -4.15737, 36.782398 ], [ -4.159315, 36.791393 ], [ -4.161662, 36.800384 ], [ -4.164845, 36.809367 ], [ -4.166112, 36.813288 ], [ -4.167352, 36.818356 ], [ -4.169729, 36.827347 ], [ -4.173131, 36.836327 ], [ -4.1778, 36.844773 ], [ -4.178034, 36.845292 ], [ -4.182032, 36.854266 ], [ -4.188484, 36.863216 ], [ -4.189342, 36.866232 ], [ -4.190985, 36.872204 ], [ -4.200788, 36.881088 ], [ -4.200811, 36.881119 ], [ -4.205419, 36.890086 ], [ -4.212245, 36.896342 ], [ -4.214555, 36.899007 ], [ -4.223623, 36.906408 ], [ -4.225379, 36.907909 ], [ -4.234987, 36.915394 ], [ -4.236387, 36.916809 ], [ -4.235143, 36.925055 ], [ -4.223911, 36.924435 ], [ -4.212606, 36.919143 ], [ -4.202322, 36.917159 ], [ -4.201352, 36.917085 ], [ -4.190109, 36.915593 ], [ -4.178826, 36.91159 ], [ -4.167585, 36.910189 ], [ -4.162751, 36.917553 ], [ -4.163366, 36.92656 ], [ -4.166756, 36.935541 ], [ -4.168051, 36.940734 ], [ -4.169602, 36.944526 ], [ -4.178093, 36.953456 ], [ -4.179602, 36.962455 ], [ -4.17961, 36.962468 ], [ -4.186187, 36.971403 ], [ -4.19111, 36.979955 ], [ -4.192235, 36.980356 ], [ -4.201474, 36.989276 ], [ -4.202629, 36.998273 ], [ -4.21371, 36.989152 ], [ -4.213716, 36.989133 ], [ -4.213717, 36.989151 ], [ -4.21386, 36.998163 ], [ -4.214003, 37.007176 ], [ -4.21601, 37.016169 ], [ -4.218347, 37.025158 ], [ -4.214364, 37.029854 ], [ -4.214196, 37.034214 ], [ -4.214436, 37.034414 ], [ -4.225303, 37.043113 ], [ -4.22582, 37.043465 ], [ -4.237159, 37.049581 ], [ -4.240819, 37.051965 ], [ -4.248487, 37.054974 ], [ -4.259098, 37.060786 ], [ -4.259829, 37.061069 ], [ -4.271163, 37.066587 ], [ -4.278065, 37.069597 ], [ -4.282481, 37.071099 ], [ -4.29379, 37.074919 ], [ -4.303456, 37.078334 ], [ -4.305101, 37.078834 ], [ -4.316393, 37.081614 ], [ -4.3277, 37.085145 ], [ -4.333655, 37.087011 ], [ -4.339, 37.08826 ], [ -4.350287, 37.090621 ], [ -4.361582, 37.093351 ], [ -4.370947, 37.095599 ], [ -4.372876, 37.09595 ], [ -4.384139, 37.096874 ], [ -4.395399, 37.097575 ], [ -4.406655, 37.09804 ], [ -4.417907, 37.098295 ], [ -4.429155, 37.098357 ], [ -4.4404, 37.098253 ], [ -4.451642, 37.097966 ], [ -4.46288, 37.097474 ], [ -4.474116, 37.096905 ], [ -4.485336, 37.095525 ], [ -4.496559, 37.094324 ], [ -4.498179, 37.09406 ], [ -4.507758, 37.091926 ], [ -4.518953, 37.089395 ], [ -4.530151, 37.087022 ], [ -4.541351, 37.084794 ], [ -4.542475, 37.084479 ], [ -4.552518, 37.080948 ], [ -4.563699, 37.077886 ], [ -4.574889, 37.075241 ], [ -4.57556, 37.075031 ], [ -4.586046, 37.071107 ], [ -4.597192, 37.06647 ], [ -4.600338, 37.065686 ], [ -4.608338, 37.061944 ], [ -4.61949, 37.057736 ], [ -4.622379, 37.056373 ], [ -4.630594, 37.051326 ], [ -4.63934, 37.047127 ], [ -4.641702, 37.045208 ], [ -4.652786, 37.038059 ], [ -4.652991, 37.037925 ], [ -4.663832, 37.029232 ], [ -4.664403, 37.028752 ], [ -4.670407, 37.019655 ], [ -4.663465, 37.010739 ], [ -4.663238, 37.001999 ], [ -4.66323, 37.00173 ], [ -4.66323, 37.001629 ], [ -4.663329, 36.992715 ], [ -4.674063, 36.983551 ], [ -4.673867, 36.974541 ], [ -4.67367, 36.965531 ], [ -4.673671, 36.965529 ], [ -4.684889, 36.965128 ], [ -4.687909, 36.956316 ], [ -4.695721, 36.94729 ], [ -4.695772, 36.947191 ], [ -4.700277, 36.938113 ], [ -4.704571, 36.929039 ], [ -4.706479, 36.926379 ], [ -4.707489, 36.919984 ], [ -4.706802, 36.910981 ], [ -4.706115, 36.910047 ], [ -4.694746, 36.903283 ], [ -4.683539, 36.903765 ], [ -4.672399, 36.907375 ], [ -4.661258, 36.910945 ], [ -4.650052, 36.911527 ], [ -4.646512, 36.902818 ], [ -4.649652, 36.893762 ], [ -4.649669, 36.893742 ], [ -4.659807, 36.884607 ], [ -4.660657, 36.883198 ], [ -4.667593, 36.875485 ], [ -4.671444, 36.866418 ], [ -4.671504, 36.866319 ], [ -4.679599, 36.857289 ], [ -4.681867, 36.848244 ], [ -4.6823, 36.847335 ], [ -4.687223, 36.839155 ], [ -4.6907, 36.830092 ], [ -4.692929, 36.821047 ], [ -4.692931, 36.821043 ], [ -4.696461, 36.811984 ], [ -4.698983, 36.802934 ], [ -4.700994, 36.793892 ], [ -4.702374, 36.784859 ], [ -4.703197, 36.778635 ], [ -4.703712, 36.775827 ], [ -4.705528, 36.766788 ], [ -4.706423, 36.757762 ], [ -4.706875, 36.748742 ], [ -4.706039, 36.73974 ], [ -4.704342, 36.730751 ], [ -4.701951, 36.722233 ], [ -4.70185, 36.721774 ], [ -4.700043, 36.712786 ], [ -4.697638, 36.703807 ], [ -4.693811, 36.694848 ], [ -4.689974, 36.686401 ], [ -4.689761, 36.685892 ], [ -4.68635, 36.676927 ], [ -4.681461, 36.667983 ], [ -4.678279, 36.66298 ], [ -4.676147, 36.659044 ], [ -4.669995, 36.650117 ], [ -4.66673, 36.646013 ], [ -4.663177, 36.641199 ], [ -4.655425, 36.632294 ], [ -4.655251, 36.632097 ], [ -4.648082, 36.623382 ], [ -4.643799, 36.619192 ], [ -4.639147, 36.614492 ], [ -4.632397, 36.608521 ], [ -4.629109, 36.605616 ], [ -4.621024, 36.599075 ], [ -4.617895, 36.596755 ], [ -4.609683, 36.591069 ], [ -4.605136, 36.587914 ], [ -4.598347, 36.583111 ], [ -4.591199, 36.579087 ], [ -4.587044, 36.576713 ], [ -4.575756, 36.570929 ], [ -4.574426, 36.570296 ], [ -4.564467, 36.565046 ], [ -4.554429, 36.561545 ], [ -4.553218, 36.561064 ], [ -4.541955, 36.556316 ], [ -4.530728, 36.55331 ], [ -4.52915, 36.552858 ], [ -4.519489, 36.549648 ], [ -4.508265, 36.546711 ], [ -4.497062, 36.544845 ], [ -4.493806, 36.544292 ], [ -4.485852, 36.542532 ], [ -4.474648, 36.540547 ], [ -4.463458, 36.539278 ], [ -4.452278, 36.538471 ], [ -4.441107, 36.538194 ], [ -4.429938, 36.537996 ], [ -4.418779, 36.538338 ], [ -4.407622, 36.53884 ], [ -4.396462, 36.539126 ], [ -4.385309, 36.539862 ], [ -4.374176, 36.541702 ], [ -4.363065, 36.544827 ] ] } },
{ "type": "Feature", "properties": { "fid": 30, "ID": 29, "Intensidad": 6.5 }, "geometry": { "type": "LineString", "coordinates": [ [ -4.339509, 36.473896 ], [ -4.338934, 36.474019 ], [ -4.328387, 36.475923 ], [ -4.317276, 36.478601 ], [ -4.306171, 36.481672 ], [ -4.300742, 36.483456 ], [ -4.295071, 36.48514 ], [ -4.283976, 36.488985 ], [ -4.275288, 36.492745 ], [ -4.272895, 36.493701 ], [ -4.261808, 36.498165 ], [ -4.253975, 36.501985 ], [ -4.250734, 36.503487 ], [ -4.239657, 36.508741 ], [ -4.234949, 36.511198 ], [ -4.228583, 36.514276 ], [ -4.218093, 36.520385 ], [ -4.217522, 36.520726 ], [ -4.206449, 36.526548 ], [ -4.201518, 36.529568 ], [ -4.195387, 36.53322 ], [ -4.187172, 36.538726 ], [ -4.184335, 36.540588 ], [ -4.174385, 36.547866 ], [ -4.173291, 36.548683 ], [ -4.162927, 36.556993 ], [ -4.162257, 36.55756 ], [ -4.152437, 36.566109 ], [ -4.151233, 36.567308 ], [ -4.142861, 36.575215 ], [ -4.140216, 36.577759 ], [ -4.133806, 36.584316 ], [ -4.129218, 36.589642 ], [ -4.125911, 36.593405 ], [ -4.118924, 36.602485 ], [ -4.118243, 36.60338 ], [ -4.111784, 36.611566 ], [ -4.107285, 36.618552 ], [ -4.105967, 36.620634 ], [ -4.099846, 36.629705 ], [ -4.096354, 36.635942 ], [ -4.09464, 36.638767 ], [ -4.089468, 36.647829 ], [ -4.085521, 36.656879 ], [ -4.085469, 36.656992 ], [ -4.080964, 36.665935 ], [ -4.077759, 36.674978 ], [ -4.075278, 36.684014 ], [ -4.074693, 36.6863 ], [ -4.072722, 36.693052 ], [ -4.070485, 36.702086 ], [ -4.068749, 36.711115 ], [ -4.067391, 36.720142 ], [ -4.066457, 36.729164 ], [ -4.065497, 36.738187 ], [ -4.064849, 36.747207 ], [ -4.06445, 36.754733 ], [ -4.064349, 36.756225 ], [ -4.063827, 36.765244 ], [ -4.06367, 36.774259 ], [ -4.063925, 36.783271 ], [ -4.064681, 36.792278 ], [ -4.065004, 36.794796 ], [ -4.06577, 36.801282 ], [ -4.067308, 36.810282 ], [ -4.069368, 36.819278 ], [ -4.071996, 36.828268 ], [ -4.07531, 36.837252 ], [ -4.076902, 36.844416 ], [ -4.077296, 36.846248 ], [ -4.078741, 36.855249 ], [ -4.083832, 36.864216 ], [ -4.088503, 36.871915 ], [ -4.08884, 36.873184 ], [ -4.090202, 36.882185 ], [ -4.091086, 36.891191 ], [ -4.088818, 36.894102 ], [ -4.077687, 36.900265 ], [ -4.06834, 36.900412 ], [ -4.066471, 36.900444 ], [ -4.066171, 36.900431 ], [ -4.055247, 36.900031 ], [ -4.044036, 36.900594 ], [ -4.044001, 36.900628 ], [ -4.038988, 36.909686 ], [ -4.033061, 36.918642 ], [ -4.033027, 36.918752 ], [ -4.032851, 36.927767 ], [ -4.032563, 36.936783 ], [ -4.029252, 36.945826 ], [ -4.028829, 36.954843 ], [ -4.028974, 36.963856 ], [ -4.029523, 36.972865 ], [ -4.030913, 36.981866 ], [ -4.032695, 36.990864 ], [ -4.034152, 36.999402 ], [ -4.034252, 36.999865 ], [ -4.035734, 37.008865 ], [ -4.038219, 37.017857 ], [ -4.04109, 37.026846 ], [ -4.042886, 37.035844 ], [ -4.036092, 37.044917 ], [ -4.034823, 37.048857 ], [ -4.023597, 37.049894 ], [ -4.022587, 37.054047 ], [ -4.023682, 37.056244 ], [ -4.028382, 37.063011 ], [ -4.035072, 37.067211 ], [ -4.043627, 37.071891 ], [ -4.046395, 37.072998 ], [ -4.05773, 37.079549 ], [ -4.060364, 37.080756 ], [ -4.069045, 37.084537 ], [ -4.074396, 37.089644 ], [ -4.080416, 37.093374 ], [ -4.088281, 37.098531 ], [ -4.09177, 37.100881 ], [ -4.101878, 37.107418 ], [ -4.103126, 37.108299 ], [ -4.114487, 37.115935 ], [ -4.115036, 37.116309 ], [ -4.125853, 37.123791 ], [ -4.12801, 37.1252 ], [ -4.137218, 37.131418 ], [ -4.141531, 37.134084 ], [ -4.148583, 37.138847 ], [ -4.155899, 37.142958 ], [ -4.159937, 37.145402 ], [ -4.171283, 37.151367 ], [ -4.172132, 37.151812 ], [ -4.18264, 37.157858 ], [ -4.189217, 37.160655 ], [ -4.193976, 37.162929 ], [ -4.205309, 37.167724 ], [ -4.210171, 37.169456 ], [ -4.216633, 37.171857 ], [ -4.227964, 37.176372 ], [ -4.234045, 37.178223 ], [ -4.239286, 37.180222 ], [ -4.250613, 37.184315 ], [ -4.261286, 37.186949 ], [ -4.26192, 37.187151 ], [ -4.273255, 37.191549 ], [ -4.284563, 37.194295 ], [ -4.291483, 37.195637 ], [ -4.295866, 37.196755 ], [ -4.307179, 37.19969 ], [ -4.318477, 37.201731 ], [ -4.329765, 37.203186 ], [ -4.338722, 37.204126 ], [ -4.34105, 37.20447 ], [ -4.352349, 37.206459 ], [ -4.363639, 37.207945 ], [ -4.374923, 37.209079 ], [ -4.386202, 37.209941 ], [ -4.39747, 37.210136 ], [ -4.408753, 37.211161 ], [ -4.420024, 37.211585 ], [ -4.431294, 37.211877 ], [ -4.43553, 37.212005 ], [ -4.442566, 37.212303 ], [ -4.453836, 37.212632 ], [ -4.465101, 37.212649 ], [ -4.476358, 37.212283 ], [ -4.487604, 37.211385 ], [ -4.48783, 37.211359 ], [ -4.498849, 37.210414 ], [ -4.510085, 37.209023 ], [ -4.521311, 37.207166 ], [ -4.532524, 37.204691 ], [ -4.543174, 37.201638 ], [ -4.543722, 37.201517 ], [ -4.554943, 37.199517 ], [ -4.566151, 37.196901 ], [ -4.57734, 37.193404 ], [ -4.581786, 37.192116 ], [ -4.588542, 37.190587 ], [ -4.599741, 37.18766 ], [ -4.610908, 37.183281 ], [ -4.612275, 37.182692 ], [ -4.622088, 37.179579 ], [ -4.633262, 37.175619 ], [ -4.638593, 37.173318 ], [ -4.644426, 37.171264 ], [ -4.655576, 37.166334 ], [ -4.660429, 37.164001 ], [ -4.666726, 37.161477 ], [ -4.677849, 37.155432 ], [ -4.679254, 37.154723 ], [ -4.688993, 37.150416 ], [ -4.697492, 37.14545 ], [ -4.700107, 37.144155 ], [ -4.711219, 37.137892 ], [ -4.71407, 37.136199 ], [ -4.722338, 37.131983 ], [ -4.730432, 37.126949 ], [ -4.733436, 37.125241 ], [ -4.744517, 37.117874 ], [ -4.744758, 37.117726 ], [ -4.755625, 37.11174 ], [ -4.760543, 37.10848 ], [ -4.766705, 37.10446 ], [ -4.774236, 37.099263 ], [ -4.77778, 37.097073 ], [ -4.787534, 37.09005 ], [ -4.788836, 37.088991 ], [ -4.799612, 37.080855 ], [ -4.799883, 37.080595 ], [ -4.810916, 37.071731 ], [ -4.811002, 37.071669 ], [ -4.821983, 37.064418 ], [ -4.824911, 37.062443 ], [ -4.832959, 37.053379 ], [ -4.833453, 37.053298 ], [ -4.832743, 37.044384 ], [ -4.832736, 37.044296 ], [ -4.82207, 37.035448 ], [ -4.832306, 37.026278 ], [ -4.832091, 37.017268 ], [ -4.832091, 37.017267 ], [ -4.836748, 37.008183 ], [ -4.838983, 36.999136 ], [ -4.840938, 36.990093 ], [ -4.842509, 36.983427 ], [ -4.843201, 36.981045 ], [ -4.845392, 36.971998 ], [ -4.846806, 36.962963 ], [ -4.847751, 36.953936 ], [ -4.847922, 36.94492 ], [ -4.847317, 36.935917 ], [ -4.84587, 36.926926 ], [ -4.841915, 36.917975 ], [ -4.840851, 36.914598 ], [ -4.838444, 36.909016 ], [ -4.831524, 36.90011 ], [ -4.829224, 36.897522 ], [ -4.820473, 36.891267 ], [ -4.817779, 36.887891 ], [ -4.806439, 36.882632 ], [ -4.805402, 36.882484 ], [ -4.795163, 36.880005 ], [ -4.785098, 36.873777 ], [ -4.783742, 36.871151 ], [ -4.782758, 36.8648 ], [ -4.782682, 36.855788 ], [ -4.782948, 36.846771 ], [ -4.783145, 36.845468 ], [ -4.78575, 36.837715 ], [ -4.790714, 36.828628 ], [ -4.791348, 36.819605 ], [ -4.792769, 36.81057 ], [ -4.79343, 36.80586 ], [ -4.794575, 36.80153 ], [ -4.797305, 36.792476 ], [ -4.798573, 36.783443 ], [ -4.7998, 36.774412 ], [ -4.800258, 36.765392 ], [ -4.800345, 36.756377 ], [ -4.800085, 36.747368 ], [ -4.799482, 36.738364 ], [ -4.797311, 36.729383 ], [ -4.795907, 36.720391 ], [ -4.793849, 36.711409 ], [ -4.791248, 36.702435 ], [ -4.791002, 36.70152 ], [ -4.789078, 36.693454 ], [ -4.786687, 36.684477 ], [ -4.783442, 36.675512 ], [ -4.779237, 36.666562 ], [ -4.778995, 36.666001 ], [ -4.77586, 36.657599 ], [ -4.771663, 36.648648 ], [ -4.76724, 36.640991 ], [ -4.766566, 36.639711 ], [ -4.761993, 36.630765 ], [ -4.755866, 36.621842 ], [ -4.755617, 36.621461 ], [ -4.750433, 36.612909 ], [ -4.744068, 36.604941 ], [ -4.743345, 36.603999 ], [ -4.736516, 36.595085 ], [ -4.732575, 36.590693 ], [ -4.728636, 36.586186 ], [ -4.721133, 36.57859 ], [ -4.719901, 36.577299 ], [ -4.710737, 36.568418 ], [ -4.709717, 36.567468 ], [ -4.701229, 36.55954 ], [ -4.69832, 36.557038 ], [ -4.690788, 36.550675 ], [ -4.686947, 36.547603 ], [ -4.679439, 36.541822 ], [ -4.675594, 36.538951 ], [ -4.667006, 36.532983 ], [ -4.664261, 36.531121 ], [ -4.65295, 36.524259 ], [ -4.652797, 36.524167 ], [ -4.641643, 36.517445 ], [ -4.637705, 36.515361 ], [ -4.630352, 36.511294 ], [ -4.619659, 36.506594 ], [ -4.619087, 36.506325 ], [ -4.607819, 36.50114 ], [ -4.59966, 36.49785 ], [ -4.596563, 36.496454 ], [ -4.585311, 36.491868 ], [ -4.576885, 36.489139 ], [ -4.574076, 36.488117 ], [ -4.562835, 36.483955 ], [ -4.551615, 36.480833 ], [ -4.550402, 36.480473 ], [ -4.540385, 36.477148 ], [ -4.529171, 36.474227 ], [ -4.517971, 36.471969 ], [ -4.517553, 36.471881 ], [ -4.506764, 36.469328 ], [ -4.495571, 36.467397 ], [ -4.48439, 36.46601 ], [ -4.473218, 36.465146 ], [ -4.46205, 36.464418 ], [ -4.45089, 36.464131 ], [ -4.439735, 36.464139 ], [ -4.428585, 36.464396 ], [ -4.417437, 36.464764 ], [ -4.406294, 36.465439 ], [ -4.395144, 36.465737 ], [ -4.383998, 36.466203 ], [ -4.37286, 36.467207 ], [ -4.36173, 36.468641 ], [ -4.350615, 36.470962 ], [ -4.339509, 36.473896 ] ] } },
{ "type": "Feature", "properties": { "fid": 31, "ID": 30, "Intensidad": 7.0 }, "geometry": { "type": "LineString", "coordinates": [ [ -4.371042, 36.363831 ], [ -4.360177, 36.365608 ], [ -4.359933, 36.365642 ], [ -4.348815, 36.366987 ], [ -4.337704, 36.368739 ], [ -4.326601, 36.370982 ], [ -4.315504, 36.373628 ], [ -4.309711, 36.375187 ], [ -4.304409, 36.376439 ], [ -4.293312, 36.379211 ], [ -4.282227, 36.382701 ], [ -4.276249, 36.384563 ], [ -4.271138, 36.386061 ], [ -4.260046, 36.389284 ], [ -4.248968, 36.393421 ], [ -4.247574, 36.393881 ], [ -4.237876, 36.396738 ], [ -4.226793, 36.400753 ], [ -4.220548, 36.403174 ], [ -4.215711, 36.404855 ], [ -4.204628, 36.408938 ], [ -4.196517, 36.412432 ], [ -4.193552, 36.413599 ], [ -4.182471, 36.418026 ], [ -4.174708, 36.421663 ], [ -4.171399, 36.423111 ], [ -4.160326, 36.428226 ], [ -4.155185, 36.430868 ], [ -4.149257, 36.433765 ], [ -4.138433, 36.440043 ], [ -4.1382, 36.44018 ], [ -4.12714, 36.446497 ], [ -4.122977, 36.449204 ], [ -4.116089, 36.453625 ], [ -4.109374, 36.458346 ], [ -4.105045, 36.461379 ], [ -4.096924, 36.467475 ], [ -4.094007, 36.469686 ], [ -4.085322, 36.476596 ], [ -4.082974, 36.478504 ], [ -4.074385, 36.485709 ], [ -4.071945, 36.48783 ], [ -4.064025, 36.494816 ], [ -4.060921, 36.497696 ], [ -4.054219, 36.503918 ], [ -4.049903, 36.508189 ], [ -4.045007, 36.513013 ], [ -4.038897, 36.51987 ], [ -4.036876, 36.522098 ], [ -4.029214, 36.531179 ], [ -4.027905, 36.532822 ], [ -4.02169, 36.540258 ], [ -4.016929, 36.547219 ], [ -4.015375, 36.549327 ], [ -4.008807, 36.558397 ], [ -4.005966, 36.562975 ], [ -4.002976, 36.56746 ], [ -3.99727, 36.576522 ], [ -3.995023, 36.580634 ], [ -3.991946, 36.585581 ], [ -3.986704, 36.594639 ], [ -3.984095, 36.599897 ], [ -3.98194, 36.603693 ], [ -3.976937, 36.612748 ], [ -3.973195, 36.621763 ], [ -3.973181, 36.621793 ], [ -3.968225, 36.630848 ], [ -3.964468, 36.639892 ], [ -3.962317, 36.645877 ], [ -3.961027, 36.648934 ], [ -3.957141, 36.65798 ], [ -3.954137, 36.667018 ], [ -3.951767, 36.676052 ], [ -3.951517, 36.676888 ], [ -3.948753, 36.68509 ], [ -3.946296, 36.694124 ], [ -3.944708, 36.70315 ], [ -3.942879, 36.712179 ], [ -3.941758, 36.721202 ], [ -3.940979, 36.730061 ], [ -3.940963, 36.730223 ], [ -3.939955, 36.739245 ], [ -3.939246, 36.748264 ], [ -3.938822, 36.757282 ], [ -3.938696, 36.766297 ], [ -3.938858, 36.77531 ], [ -3.939429, 36.784319 ], [ -3.940159, 36.793328 ], [ -3.941385, 36.802332 ], [ -3.941903, 36.805645 ], [ -3.942658, 36.811336 ], [ -3.944123, 36.820338 ], [ -3.94611, 36.829336 ], [ -3.94759, 36.838339 ], [ -3.948624, 36.847344 ], [ -3.948272, 36.856361 ], [ -3.947543, 36.865381 ], [ -3.946011, 36.874407 ], [ -3.943802, 36.883439 ], [ -3.942883, 36.885503 ], [ -3.938883, 36.892491 ], [ -3.933017, 36.901551 ], [ -3.931885, 36.903439 ], [ -3.927106, 36.910612 ], [ -3.922632, 36.91966 ], [ -3.920912, 36.923946 ], [ -3.918879, 36.928703 ], [ -3.91567, 36.937742 ], [ -3.913354, 36.946774 ], [ -3.9118, 36.955799 ], [ -3.910902, 36.96482 ], [ -3.910547, 36.973837 ], [ -3.910571, 36.98285 ], [ -3.910894, 36.991862 ], [ -3.91148, 37.000871 ], [ -3.912261, 37.009879 ], [ -3.913021, 37.018887 ], [ -3.914149, 37.027892 ], [ -3.915385, 37.036896 ], [ -3.916988, 37.045897 ], [ -3.919163, 37.054894 ], [ -3.920993, 37.063893 ], [ -3.922681, 37.070509 ], [ -3.923186, 37.07289 ], [ -3.925035, 37.081889 ], [ -3.927212, 37.090886 ], [ -3.929844, 37.099879 ], [ -3.932659, 37.10887 ], [ -3.934463, 37.11432 ], [ -3.93557, 37.117861 ], [ -3.938495, 37.126851 ], [ -3.941655, 37.13584 ], [ -3.945166, 37.144826 ], [ -3.946124, 37.147335 ], [ -3.948874, 37.153809 ], [ -3.952563, 37.162793 ], [ -3.956233, 37.171777 ], [ -3.957741, 37.176066 ], [ -3.959686, 37.180763 ], [ -3.963016, 37.189749 ], [ -3.965989, 37.198739 ], [ -3.967757, 37.207738 ], [ -3.96952, 37.216722 ], [ -3.969524, 37.216736 ], [ -3.970574, 37.225741 ], [ -3.969746, 37.234338 ], [ -3.969724, 37.234762 ], [ -3.96975, 37.243775 ], [ -3.969869, 37.243975 ], [ -3.981109, 37.243681 ], [ -3.981135, 37.24368 ], [ -3.981136, 37.243681 ], [ -3.985379, 37.252659 ], [ -3.992541, 37.254096 ], [ -4.003909, 37.261436 ], [ -4.004049, 37.261516 ], [ -4.015262, 37.267451 ], [ -4.020119, 37.270391 ], [ -4.026623, 37.273986 ], [ -4.034893, 37.279276 ], [ -4.037995, 37.281123 ], [ -4.048626, 37.288169 ], [ -4.049374, 37.288647 ], [ -4.060747, 37.295586 ], [ -4.063082, 37.297053 ], [ -4.072122, 37.302492 ], [ -4.077836, 37.305933 ], [ -4.083519, 37.310791 ], [ -4.091684, 37.314819 ], [ -4.094882, 37.316543 ], [ -4.10625, 37.322532 ], [ -4.108577, 37.323675 ], [ -4.117621, 37.328654 ], [ -4.127225, 37.332512 ], [ -4.128971, 37.33318 ], [ -4.14034, 37.338894 ], [ -4.147034, 37.341335 ], [ -4.151691, 37.343339 ], [ -4.163044, 37.347837 ], [ -4.170738, 37.350116 ], [ -4.174385, 37.351434 ], [ -4.185734, 37.35548 ], [ -4.197061, 37.358114 ], [ -4.200189, 37.358833 ], [ -4.208397, 37.361222 ], [ -4.219728, 37.363976 ], [ -4.231047, 37.365915 ], [ -4.242358, 37.367387 ], [ -4.242496, 37.367409 ], [ -4.253686, 37.369828 ], [ -4.265008, 37.371807 ], [ -4.276321, 37.373287 ], [ -4.287629, 37.374455 ], [ -4.298933, 37.375366 ], [ -4.303407, 37.375767 ], [ -4.310244, 37.376659 ], [ -4.32156, 37.378174 ], [ -4.33287, 37.379411 ], [ -4.344177, 37.380397 ], [ -4.355479, 37.381067 ], [ -4.366783, 37.381912 ], [ -4.378083, 37.382468 ], [ -4.389381, 37.382904 ], [ -4.400676, 37.383235 ], [ -4.41197, 37.383444 ], [ -4.414533, 37.383502 ], [ -4.423267, 37.383839 ], [ -4.434563, 37.384188 ], [ -4.445856, 37.384348 ], [ -4.457145, 37.384328 ], [ -4.468426, 37.383852 ], [ -4.479714, 37.383748 ], [ -4.490992, 37.383173 ], [ -4.502106, 37.382422 ], [ -4.502266, 37.382414 ], [ -4.513545, 37.381888 ], [ -4.524821, 37.381217 ], [ -4.536094, 37.380419 ], [ -4.547351, 37.378876 ], [ -4.558625, 37.378155 ], [ -4.569879, 37.37649 ], [ -4.581127, 37.374579 ], [ -4.591716, 37.372237 ], [ -4.592363, 37.372121 ], [ -4.603617, 37.370531 ], [ -4.61486, 37.368451 ], [ -4.626087, 37.365688 ], [ -4.636023, 37.36262 ], [ -4.637301, 37.362309 ], [ -4.648535, 37.359931 ], [ -4.65975, 37.356724 ], [ -4.669443, 37.35314 ], [ -4.670946, 37.352694 ], [ -4.682165, 37.349768 ], [ -4.693355, 37.345576 ], [ -4.698231, 37.343718 ], [ -4.704553, 37.341765 ], [ -4.715743, 37.337681 ], [ -4.723353, 37.334342 ], [ -4.726919, 37.33305 ], [ -4.738104, 37.328849 ], [ -4.746187, 37.324995 ], [ -4.749267, 37.323768 ], [ -4.760441, 37.31922 ], [ -4.767543, 37.315665 ], [ -4.771597, 37.313961 ], [ -4.782753, 37.308767 ], [ -4.787515, 37.306353 ], [ -4.793909, 37.303613 ], [ -4.805032, 37.297173 ], [ -4.805232, 37.297071 ], [ -4.816191, 37.292316 ], [ -4.823909, 37.287772 ], [ -4.827314, 37.286005 ], [ -4.838425, 37.27927 ], [ -4.83971, 37.278515 ], [ -4.849555, 37.273435 ], [ -4.85609, 37.269247 ], [ -4.860658, 37.26656 ], [ -4.870115, 37.260014 ], [ -4.871742, 37.258965 ], [ -4.882815, 37.251028 ], [ -4.883147, 37.250795 ], [ -4.8939, 37.24367 ], [ -4.896734, 37.241566 ], [ -4.904963, 37.235545 ], [ -4.908977, 37.232356 ], [ -4.916007, 37.226739 ], [ -4.920309, 37.223161 ], [ -4.927026, 37.217065 ], [ -4.930476, 37.213983 ], [ -4.938031, 37.206943 ], [ -4.940276, 37.204811 ], [ -4.948876, 37.195657 ], [ -4.949, 37.19553 ], [ -4.958179, 37.186491 ], [ -4.959975, 37.184465 ], [ -4.96673, 37.177337 ], [ -4.970908, 37.171942 ], [ -4.97407, 37.168203 ], [ -4.981031, 37.159074 ], [ -4.981803, 37.158055 ], [ -4.988698, 37.149933 ], [ -4.99267, 37.143278 ], [ -4.994437, 37.140824 ], [ -5.000957, 37.131702 ], [ -5.003491, 37.126906 ], [ -5.00605, 37.122604 ], [ -5.011665, 37.113496 ], [ -5.014225, 37.107428 ], [ -5.015777, 37.104414 ], [ -5.020745, 37.095317 ], [ -5.023872, 37.086251 ], [ -5.024837, 37.083537 ], [ -5.027662, 37.077174 ], [ -5.030923, 37.068106 ], [ -5.033194, 37.059054 ], [ -5.034959, 37.050012 ], [ -5.035161, 37.04915 ], [ -5.037488, 37.040956 ], [ -5.039792, 37.031904 ], [ -5.041327, 37.022865 ], [ -5.042261, 37.013836 ], [ -5.043199, 37.004808 ], [ -5.043521, 36.99579 ], [ -5.043385, 36.98678 ], [ -5.042582, 36.977781 ], [ -5.040768, 36.968799 ], [ -5.037997, 36.959835 ], [ -5.034397, 36.950884 ], [ -5.032433, 36.946761 ], [ -5.030375, 36.94194 ], [ -5.026114, 36.933 ], [ -5.02063, 36.924806 ], [ -5.020204, 36.924088 ], [ -5.015355, 36.915158 ], [ -5.008929, 36.906502 ], [ -5.008763, 36.906257 ], [ -5.006823, 36.897277 ], [ -4.997258, 36.889125 ], [ -4.996922, 36.888431 ], [ -4.994005, 36.879468 ], [ -4.994825, 36.870441 ], [ -4.996553, 36.862084 ], [ -4.9976, 36.861382 ], [ -5.005437, 36.852237 ], [ -5.007202, 36.843195 ], [ -5.007264, 36.842956 ], [ -5.009642, 36.834141 ], [ -5.011629, 36.825094 ], [ -5.013551, 36.816049 ], [ -5.014454, 36.807021 ], [ -5.015461, 36.797991 ], [ -5.015933, 36.78897 ], [ -5.016167, 36.779953 ], [ -5.0162, 36.77094 ], [ -5.016063, 36.761929 ], [ -5.01579, 36.752921 ], [ -5.01538, 36.743915 ], [ -5.014834, 36.734912 ], [ -5.014306, 36.725908 ], [ -5.012868, 36.716919 ], [ -5.009435, 36.707964 ], [ -5.006677, 36.698998 ], [ -5.004066, 36.690029 ], [ -5.00329, 36.681029 ], [ -5.003002, 36.679287 ], [ -5.000452, 36.672064 ], [ -4.99394, 36.66316 ], [ -4.991701, 36.654184 ], [ -4.991074, 36.650443 ], [ -4.989775, 36.645204 ], [ -4.981354, 36.636331 ], [ -4.97947, 36.627349 ], [ -4.979294, 36.627015 ], [ -4.969026, 36.618509 ], [ -4.967832, 36.609516 ], [ -4.967664, 36.609241 ], [ -4.959265, 36.600644 ], [ -4.956088, 36.591683 ], [ -4.956044, 36.591618 ], [ -4.946945, 36.582819 ], [ -4.944483, 36.5761 ], [ -4.943351, 36.573865 ], [ -4.935372, 36.564981 ], [ -4.932954, 36.561703 ], [ -4.921888, 36.556186 ], [ -4.921647, 36.556109 ], [ -4.921435, 36.556194 ], [ -4.92029, 36.565225 ], [ -4.920604, 36.574234 ], [ -4.921137, 36.583238 ], [ -4.921551, 36.592245 ], [ -4.921913, 36.601252 ], [ -4.921981, 36.610264 ], [ -4.922222, 36.619274 ], [ -4.921763, 36.628294 ], [ -4.920212, 36.637332 ], [ -4.912537, 36.639451 ], [ -4.909877, 36.637499 ], [ -4.901143, 36.630735 ], [ -4.899768, 36.628647 ], [ -4.892863, 36.619744 ], [ -4.889573, 36.614656 ], [ -4.888264, 36.610804 ], [ -4.881248, 36.601901 ], [ -4.877963, 36.59675 ], [ -4.876529, 36.592962 ], [ -4.87298, 36.584005 ], [ -4.866276, 36.575451 ], [ -4.866122, 36.575099 ], [ -4.858419, 36.566206 ], [ -4.854687, 36.557908 ], [ -4.854355, 36.557256 ], [ -4.846867, 36.548359 ], [ -4.843184, 36.543792 ], [ -4.841233, 36.539433 ], [ -4.831712, 36.53082 ], [ -4.831514, 36.530569 ], [ -4.821296, 36.521712 ], [ -4.820321, 36.521123 ], [ -4.812851, 36.512827 ], [ -4.808884, 36.509326 ], [ -4.80344, 36.503957 ], [ -4.797479, 36.498756 ], [ -4.793412, 36.495094 ], [ -4.786096, 36.489015 ], [ -4.7828, 36.48624 ], [ -4.774725, 36.479675 ], [ -4.771847, 36.477389 ], [ -4.76337, 36.470901 ], [ -4.760228, 36.468548 ], [ -4.752027, 36.462575 ], [ -4.747955, 36.459715 ], [ -4.740695, 36.454624 ], [ -4.734976, 36.45089 ], [ -4.729378, 36.447234 ], [ -4.72084, 36.442081 ], [ -4.718075, 36.440386 ], [ -4.706782, 36.433897 ], [ -4.70569, 36.433285 ], [ -4.695491, 36.427404 ], [ -4.689742, 36.424498 ], [ -4.684216, 36.421595 ], [ -4.672956, 36.416373 ], [ -4.671574, 36.41574 ], [ -4.661693, 36.410961 ], [ -4.651466, 36.407006 ], [ -4.650454, 36.406586 ], [ -4.639208, 36.401835 ], [ -4.628411, 36.398309 ], [ -4.627985, 36.398155 ], [ -4.616753, 36.393957 ], [ -4.605541, 36.390684 ], [ -4.601828, 36.389654 ], [ -4.594328, 36.387299 ], [ -4.583123, 36.384247 ], [ -4.571931, 36.381832 ], [ -4.568329, 36.381085 ], [ -4.560736, 36.379208 ], [ -4.549546, 36.37683 ], [ -4.53837, 36.375106 ], [ -4.527197, 36.373536 ], [ -4.519928, 36.372697 ], [ -4.516028, 36.372131 ], [ -4.504853, 36.370345 ], [ -4.493684, 36.368913 ], [ -4.48252, 36.367717 ], [ -4.471363, 36.366858 ], [ -4.460197, 36.365535 ], [ -4.451841, 36.36453 ], [ -4.449031, 36.364128 ], [ -4.437859, 36.362456 ], [ -4.426694, 36.361063 ], [ -4.415539, 36.360265 ], [ -4.404399, 36.360279 ], [ -4.393265, 36.360591 ], [ -4.38215, 36.362022 ], [ -4.371042, 36.363831 ] ] } },
{ "type": "Feature", "properties": { "fid": 32, "ID": 31, "Intensidad": 12.0 }, "geometry": { "type": "LineString", "coordinates": [ [ -13.785205, 36.257047 ], [ -13.784596, 36.252619 ], [ -13.783376, 36.243762 ], [ -13.783377, 36.243752 ], [ -13.793061, 36.233911 ], [ -13.793072, 36.233901 ], [ -13.802756, 36.224057 ], [ -13.80153, 36.215202 ], [ -13.801533, 36.215198 ], [ -13.81122, 36.205349 ], [ -13.80999, 36.196494 ], [ -13.809991, 36.196491 ], [ -13.819675, 36.18664 ], [ -13.818445, 36.177786 ], [ -13.818445, 36.177785 ], [ -13.828128, 36.167932 ], [ -13.828126, 36.167908 ], [ -13.837781, 36.158081 ], [ -13.836576, 36.149225 ], [ -13.836577, 36.149222 ], [ -13.846253, 36.139371 ], [ -13.845018, 36.130517 ], [ -13.845022, 36.130515 ], [ -13.854696, 36.120663 ], [ -13.853463, 36.111809 ], [ -13.853464, 36.111808 ], [ -13.863136, 36.101955 ], [ -13.861902, 36.093102 ], [ -13.861903, 36.093101 ], [ -13.871571, 36.083248 ], [ -13.871572, 36.083244 ], [ -13.881235, 36.073394 ], [ -13.880004, 36.06454 ], [ -13.880005, 36.064539 ], [ -13.889668, 36.054686 ], [ -13.888433, 36.045833 ], [ -13.888435, 36.045832 ], [ -13.898095, 36.035978 ], [ -13.89686, 36.027126 ], [ -13.896862, 36.027125 ], [ -13.906518, 36.017271 ], [ -13.906517, 36.017253 ], [ -13.916153, 36.007418 ], [ -13.914938, 35.998564 ], [ -13.91494, 35.998562 ], [ -13.924591, 35.988709 ], [ -13.923356, 35.979857 ], [ -13.923358, 35.979856 ], [ -13.933006, 35.970002 ], [ -13.93177, 35.96115 ], [ -13.931772, 35.961148 ], [ -13.941417, 35.951295 ], [ -13.940181, 35.942443 ], [ -13.940183, 35.942441 ], [ -13.949825, 35.932588 ], [ -13.949827, 35.932585 ], [ -13.959465, 35.922732 ], [ -13.95823, 35.913881 ], [ -13.958232, 35.913879 ], [ -13.967868, 35.904025 ], [ -13.966632, 35.895175 ], [ -13.966634, 35.895171 ], [ -13.976266, 35.885319 ], [ -13.97503, 35.876469 ], [ -13.975033, 35.876464 ], [ -13.984661, 35.866613 ], [ -13.984664, 35.866596 ], [ -13.994277, 35.856757 ], [ -13.993052, 35.847906 ], [ -13.993058, 35.847895 ], [ -14.002674, 35.83805 ], [ -14.001438, 35.829201 ], [ -14.001447, 35.829177 ], [ -14.011046, 35.819345 ], [ -14.009812, 35.810496 ], [ -14.009826, 35.810414 ], [ -14.015256, 35.809911 ] ] } },
{ "type": "Feature", "properties": { "fid": 33, "ID": 32, "Intensidad": 12.0 }, "geometry": { "type": "LineString", "coordinates": [ [ -14.017545, 35.787368 ], [ -14.016912, 35.782945 ], [ -14.015748, 35.774089 ], [ -14.015734, 35.773984 ], [ -14.021161, 35.773481 ] ] } },
{ "type": "Feature", "properties": { "fid": 34, "ID": 33, "Intensidad": 7.5 }, "geometry": { "type": "LineString", "coordinates": [ [ -4.302122, 36.239052 ], [ -4.298044, 36.240098 ], [ -4.291042, 36.24166 ], [ -4.279964, 36.244465 ], [ -4.26889, 36.247489 ], [ -4.261193, 36.249506 ], [ -4.25781, 36.250283 ], [ -4.246724, 36.252697 ], [ -4.235644, 36.255533 ], [ -4.224705, 36.2589 ], [ -4.224572, 36.258937 ], [ -4.213488, 36.261688 ], [ -4.202413, 36.265024 ], [ -4.193197, 36.268233 ], [ -4.191344, 36.268816 ], [ -4.180269, 36.272253 ], [ -4.169206, 36.276608 ], [ -4.166866, 36.277508 ], [ -4.158136, 36.280548 ], [ -4.147074, 36.285143 ], [ -4.143289, 36.28675 ], [ -4.136009, 36.289572 ], [ -4.12495, 36.294557 ], [ -4.121852, 36.295968 ], [ -4.113886, 36.299299 ], [ -4.102833, 36.304883 ], [ -4.102243, 36.305165 ], [ -4.091769, 36.309755 ], [ -4.083117, 36.314354 ], [ -4.080715, 36.31554 ], [ -4.069658, 36.321142 ], [ -4.065291, 36.323529 ], [ -4.058602, 36.32695 ], [ -4.048897, 36.332689 ], [ -4.047553, 36.333441 ], [ -4.036499, 36.339681 ], [ -4.032939, 36.341842 ], [ -4.025447, 36.346186 ], [ -4.018021, 36.350985 ], [ -4.0144, 36.353252 ], [ -4.004367, 36.360115 ], [ -4.003357, 36.360794 ], [ -3.992314, 36.368439 ], [ -3.991184, 36.36924 ], [ -3.98127, 36.37625 ], [ -3.978462, 36.37836 ], [ -3.970231, 36.384602 ], [ -3.966612, 36.387471 ], [ -3.959196, 36.39349 ], [ -3.955498, 36.396575 ], [ -3.948167, 36.403035 ], [ -3.945177, 36.405671 ], [ -3.937141, 36.413111 ], [ -3.93537, 36.414763 ], [ -3.926262, 36.423849 ], [ -3.926122, 36.423989 ], [ -3.916971, 36.432935 ], [ -3.915101, 36.43493 ], [ -3.908247, 36.442017 ], [ -3.904088, 36.44682 ], [ -3.900201, 36.451092 ], [ -3.893088, 36.460152 ], [ -3.893081, 36.46016 ], [ -3.885082, 36.469234 ], [ -3.882081, 36.473208 ], [ -3.877945, 36.478302 ], [ -3.871633, 36.487362 ], [ -3.871091, 36.488111 ], [ -3.864566, 36.496428 ], [ -3.860102, 36.503472 ], [ -3.858703, 36.505485 ], [ -3.852329, 36.514546 ], [ -3.84912, 36.519913 ], [ -3.846707, 36.5236 ], [ -3.841099, 36.532654 ], [ -3.838154, 36.538179 ], [ -3.836075, 36.541704 ], [ -3.830914, 36.550755 ], [ -3.827208, 36.558893 ], [ -3.826748, 36.559798 ], [ -3.821794, 36.568847 ], [ -3.817903, 36.577888 ], [ -3.816281, 36.581828 ], [ -3.813902, 36.58693 ], [ -3.809974, 36.595971 ], [ -3.806773, 36.605007 ], [ -3.805391, 36.609084 ], [ -3.803473, 36.614044 ], [ -3.800101, 36.623081 ], [ -3.797345, 36.632114 ], [ -3.795038, 36.641144 ], [ -3.794562, 36.642922 ], [ -3.792289, 36.650176 ], [ -3.789732, 36.659208 ], [ -3.787614, 36.668236 ], [ -3.785851, 36.677262 ], [ -3.78441, 36.686286 ], [ -3.783857, 36.689878 ], [ -3.782835, 36.695311 ], [ -3.781254, 36.704335 ], [ -3.780263, 36.713356 ], [ -3.778979, 36.722379 ], [ -3.778258, 36.731398 ], [ -3.777721, 36.740415 ], [ -3.777434, 36.749432 ], [ -3.777292, 36.758447 ], [ -3.777388, 36.76746 ], [ -3.777858, 36.776471 ], [ -3.77813, 36.785484 ], [ -3.77883, 36.794493 ], [ -3.779734, 36.803502 ], [ -3.780922, 36.812508 ], [ -3.782493, 36.821512 ], [ -3.784495, 36.830513 ], [ -3.785339, 36.835318 ], [ -3.785924, 36.839517 ], [ -3.786807, 36.848526 ], [ -3.787542, 36.857535 ], [ -3.787953, 36.866546 ], [ -3.788173, 36.875559 ], [ -3.788097, 36.884573 ], [ -3.787899, 36.893589 ], [ -3.78742, 36.902606 ], [ -3.786842, 36.911624 ], [ -3.786189, 36.918354 ], [ -3.785883, 36.920644 ], [ -3.783963, 36.92967 ], [ -3.78195, 36.938698 ], [ -3.779849, 36.947725 ], [ -3.777852, 36.956752 ], [ -3.775736, 36.96578 ], [ -3.775457, 36.966641 ], [ -3.772171, 36.974817 ], [ -3.768558, 36.983855 ], [ -3.765853, 36.992886 ], [ -3.764536, 36.997345 ], [ -3.763041, 37.001918 ], [ -3.761146, 37.010944 ], [ -3.761241, 37.019957 ], [ -3.759604, 37.028982 ], [ -3.760914, 37.037987 ], [ -3.761925, 37.046994 ], [ -3.764731, 37.05599 ], [ -3.765128, 37.056371 ], [ -3.77644, 37.063313 ], [ -3.777137, 37.064923 ], [ -3.787781, 37.072749 ], [ -3.788587, 37.073861 ], [ -3.794524, 37.082835 ], [ -3.799222, 37.091583 ], [ -3.799335, 37.091817 ], [ -3.803031, 37.100806 ], [ -3.806304, 37.109797 ], [ -3.809104, 37.118792 ], [ -3.810823, 37.124752 ], [ -3.811711, 37.127787 ], [ -3.814132, 37.136784 ], [ -3.816505, 37.145782 ], [ -3.818501, 37.154782 ], [ -3.820395, 37.163782 ], [ -3.821967, 37.172785 ], [ -3.822636, 37.176599 ], [ -3.823648, 37.181787 ], [ -3.825769, 37.190785 ], [ -3.827779, 37.199785 ], [ -3.829568, 37.208786 ], [ -3.831723, 37.217784 ], [ -3.833609, 37.226785 ], [ -3.834489, 37.230504 ], [ -3.835929, 37.235782 ], [ -3.838637, 37.244776 ], [ -3.841206, 37.253771 ], [ -3.843874, 37.262766 ], [ -3.846188, 37.269104 ], [ -3.847228, 37.271755 ], [ -3.850428, 37.280746 ], [ -3.855227, 37.289724 ], [ -3.857754, 37.294944 ], [ -3.859418, 37.298707 ], [ -3.86521, 37.307678 ], [ -3.858, 37.316637 ], [ -3.846826, 37.316825 ], [ -3.846722, 37.316827 ], [ -3.835499, 37.322015 ], [ -3.832411, 37.32594 ], [ -3.824344, 37.333532 ], [ -3.822907, 37.33502 ], [ -3.813164, 37.343022 ], [ -3.812283, 37.344107 ], [ -3.803622, 37.353179 ], [ -3.80202, 37.356204 ], [ -3.799681, 37.362219 ], [ -3.79089, 37.371136 ], [ -3.790789, 37.371293 ], [ -3.7864, 37.380335 ], [ -3.783504, 37.389368 ], [ -3.779875, 37.397514 ], [ -3.779664, 37.398406 ], [ -3.778614, 37.407426 ], [ -3.776519, 37.416453 ], [ -3.776715, 37.425465 ], [ -3.777537, 37.434473 ], [ -3.779652, 37.443472 ], [ -3.780372, 37.445454 ], [ -3.783642, 37.452459 ], [ -3.790582, 37.461426 ], [ -3.791859, 37.463209 ], [ -3.79988, 37.470377 ], [ -3.80328, 37.474297 ], [ -3.810017, 37.479321 ], [ -3.814686, 37.483678 ], [ -3.820398, 37.488262 ], [ -3.826085, 37.492167 ], [ -3.835528, 37.497169 ], [ -3.83746, 37.498371 ], [ -3.848313, 37.506091 ], [ -3.848859, 37.506403 ], [ -3.858993, 37.515027 ], [ -3.860275, 37.515752 ], [ -3.87168, 37.523908 ], [ -3.87174, 37.523947 ], [ -3.883069, 37.530498 ], [ -3.887419, 37.532843 ], [ -3.894455, 37.536637 ], [ -3.904261, 37.541728 ], [ -3.90584, 37.542561 ], [ -3.917226, 37.548494 ], [ -3.921539, 37.550608 ], [ -3.928611, 37.554125 ], [ -3.939992, 37.559304 ], [ -3.940359, 37.559472 ], [ -3.951377, 37.564618 ], [ -3.960175, 37.568325 ], [ -3.962756, 37.569445 ], [ -3.974137, 37.574284 ], [ -3.981503, 37.577163 ], [ -3.985515, 37.578779 ], [ -3.996894, 37.583217 ], [ -4.00459, 37.585981 ], [ -4.00827, 37.587346 ], [ -4.019647, 37.591489 ], [ -4.029732, 37.594778 ], [ -4.03102, 37.595216 ], [ -4.042397, 37.599122 ], [ -4.053769, 37.602604 ], [ -4.056907, 37.60355 ], [ -4.065142, 37.606143 ], [ -4.076514, 37.60947 ], [ -4.087086, 37.612289 ], [ -4.087882, 37.612512 ], [ -4.099254, 37.61575 ], [ -4.110623, 37.618663 ], [ -4.120425, 37.62099 ], [ -4.121989, 37.62138 ], [ -4.133359, 37.624244 ], [ -4.144724, 37.62677 ], [ -4.156088, 37.629228 ], [ -4.158037, 37.629639 ], [ -4.167454, 37.631718 ], [ -4.178819, 37.634068 ], [ -4.190181, 37.636224 ], [ -4.201406, 37.638218 ], [ -4.201542, 37.638243 ], [ -4.212905, 37.640377 ], [ -4.224265, 37.642323 ], [ -4.235624, 37.644133 ], [ -4.246982, 37.645807 ], [ -4.253274, 37.646691 ], [ -4.258339, 37.647431 ], [ -4.269695, 37.649028 ], [ -4.28105, 37.650491 ], [ -4.292404, 37.65182 ], [ -4.303755, 37.653032 ], [ -4.315105, 37.654139 ], [ -4.324014, 37.654931 ], [ -4.326454, 37.655151 ], [ -4.337802, 37.656139 ], [ -4.349149, 37.657009 ], [ -4.360494, 37.657766 ], [ -4.371837, 37.658405 ], [ -4.383178, 37.658944 ], [ -4.394518, 37.659376 ], [ -4.405855, 37.659702 ], [ -4.417191, 37.659926 ], [ -4.428524, 37.660047 ], [ -4.439856, 37.660067 ], [ -4.451186, 37.659993 ], [ -4.462514, 37.659808 ], [ -4.473839, 37.659492 ], [ -4.485162, 37.659048 ], [ -4.496481, 37.658477 ], [ -4.507797, 37.657728 ], [ -4.519113, 37.656975 ], [ -4.530424, 37.656037 ], [ -4.541733, 37.654979 ], [ -4.553039, 37.653796 ], [ -4.564342, 37.652477 ], [ -4.568778, 37.651929 ], [ -4.575643, 37.651104 ], [ -4.586942, 37.649659 ], [ -4.598238, 37.648092 ], [ -4.609531, 37.646397 ], [ -4.62082, 37.644553 ], [ -4.632106, 37.642608 ], [ -4.635447, 37.642011 ], [ -4.643391, 37.640635 ], [ -4.654674, 37.638584 ], [ -4.665953, 37.636408 ], [ -4.677228, 37.634067 ], [ -4.685372, 37.632296 ], [ -4.6885, 37.631637 ], [ -4.699772, 37.629244 ], [ -4.71104, 37.626696 ], [ -4.722303, 37.623968 ], [ -4.727527, 37.622674 ], [ -4.733565, 37.621229 ], [ -4.744826, 37.618471 ], [ -4.756081, 37.615522 ], [ -4.764854, 37.61311 ], [ -4.767332, 37.61245 ], [ -4.778585, 37.609458 ], [ -4.789832, 37.606298 ], [ -4.798966, 37.603582 ], [ -4.801075, 37.602975 ], [ -4.812319, 37.599752 ], [ -4.823557, 37.596304 ], [ -4.830498, 37.594085 ], [ -4.834791, 37.592757 ], [ -4.846024, 37.589226 ], [ -4.857249, 37.585389 ], [ -4.859559, 37.584619 ], [ -4.868475, 37.581679 ], [ -4.879695, 37.577736 ], [ -4.886616, 37.575178 ], [ -4.89091, 37.573635 ], [ -4.902123, 37.56954 ], [ -4.911661, 37.565763 ], [ -4.913327, 37.565121 ], [ -4.924532, 37.56079 ], [ -4.935003, 37.55637 ], [ -4.935725, 37.556072 ], [ -4.946921, 37.551484 ], [ -4.956853, 37.546998 ], [ -4.958103, 37.546444 ], [ -4.969286, 37.541501 ], [ -4.977336, 37.537645 ], [ -4.980458, 37.536177 ], [ -4.991625, 37.530744 ], [ -4.996412, 37.528312 ], [ -5.002786, 37.525112 ], [ -5.013934, 37.519097 ], [ -5.014111, 37.519 ], [ -5.02508, 37.513047 ], [ -5.030887, 37.5097 ], [ -5.036214, 37.506652 ], [ -5.046705, 37.500415 ], [ -5.047341, 37.500041 ], [ -5.058466, 37.493462 ], [ -5.062244, 37.491133 ], [ -5.069583, 37.486643 ], [ -5.077156, 37.48186 ], [ -5.080692, 37.479621 ], [ -5.091433, 37.472596 ], [ -5.091793, 37.47236 ], [ -5.102889, 37.464994 ], [ -5.105314, 37.463338 ], [ -5.113975, 37.457375 ], [ -5.118594, 37.454089 ], [ -5.125051, 37.449465 ], [ -5.1313, 37.444848 ], [ -5.136115, 37.44125 ], [ -5.14349, 37.435616 ], [ -5.14717, 37.432751 ], [ -5.155108, 37.426393 ], [ -5.15821, 37.423863 ], [ -5.166215, 37.417178 ], [ -5.169237, 37.41459 ], [ -5.176765, 37.407973 ], [ -5.180247, 37.404831 ], [ -5.186771, 37.398776 ], [ -5.191239, 37.394536 ], [ -5.19632, 37.389587 ], [ -5.202205, 37.383462 ], [ -5.204971, 37.380414 ], [ -5.21272, 37.371258 ], [ -5.21312, 37.37076 ], [ -5.21975, 37.362114 ], [ -5.223975, 37.356154 ], [ -5.22615, 37.352982 ], [ -5.232033, 37.34386 ], [ -5.234759, 37.339293 ], [ -5.237424, 37.334746 ], [ -5.24243, 37.32564 ], [ -5.245453, 37.319574 ], [ -5.246968, 37.316542 ], [ -5.251274, 37.307448 ], [ -5.255098, 37.298363 ], [ -5.256028, 37.296038 ], [ -5.258728, 37.289282 ], [ -5.262237, 37.280204 ], [ -5.265211, 37.271135 ], [ -5.266439, 37.267214 ], [ -5.268131, 37.262067 ], [ -5.270962, 37.253001 ], [ -5.273386, 37.243943 ], [ -5.275515, 37.23489 ], [ -5.276588, 37.229959 ], [ -5.277575, 37.225839 ], [ -5.279697, 37.216786 ], [ -5.281466, 37.20774 ], [ -5.283386, 37.198691 ], [ -5.284914, 37.18965 ], [ -5.286252, 37.180612 ], [ -5.286347, 37.180078 ], [ -5.288003, 37.171567 ], [ -5.289569, 37.162525 ], [ -5.290886, 37.153487 ], [ -5.292035, 37.144453 ], [ -5.292986, 37.135423 ], [ -5.293769, 37.126396 ], [ -5.294394, 37.117372 ], [ -5.294826, 37.108351 ], [ -5.295144, 37.099333 ], [ -5.295153, 37.09899 ], [ -5.29541, 37.090316 ], [ -5.295491, 37.081303 ], [ -5.295228, 37.072296 ], [ -5.294839, 37.063291 ], [ -5.294033, 37.054295 ], [ -5.293724, 37.051586 ], [ -5.293054, 37.045302 ], [ -5.291938, 37.036311 ], [ -5.290741, 37.027322 ], [ -5.289383, 37.018337 ], [ -5.28772, 37.009357 ], [ -5.285734, 37.000383 ], [ -5.283239, 36.991419 ], [ -5.280466, 36.984089 ], [ -5.279948, 36.98247 ], [ -5.2769, 36.973516 ], [ -5.270944, 36.964618 ], [ -5.268483, 36.95869 ], [ -5.267677, 36.955669 ], [ -5.265693, 36.946694 ], [ -5.26505, 36.937694 ], [ -5.265627, 36.928671 ], [ -5.2669, 36.919635 ], [ -5.267268, 36.91771 ], [ -5.271211, 36.91054 ], [ -5.274595, 36.901463 ], [ -5.27753, 36.892395 ], [ -5.277718, 36.891874 ], [ -5.280871, 36.883318 ], [ -5.284095, 36.874244 ], [ -5.286927, 36.865177 ], [ -5.288007, 36.860829 ], [ -5.28939, 36.856118 ], [ -5.291767, 36.847059 ], [ -5.29362, 36.838011 ], [ -5.295013, 36.828972 ], [ -5.296099, 36.819939 ], [ -5.296894, 36.810911 ], [ -5.297464, 36.802243 ], [ -5.297495, 36.801887 ], [ -5.298257, 36.79286 ], [ -5.2988, 36.783838 ], [ -5.299114, 36.774819 ], [ -5.299259, 36.765804 ], [ -5.299272, 36.756791 ], [ -5.299054, 36.747783 ], [ -5.29849, 36.738782 ], [ -5.297619, 36.729786 ], [ -5.296454, 36.720796 ], [ -5.294929, 36.711813 ], [ -5.294733, 36.710656 ], [ -5.293614, 36.702826 ], [ -5.292135, 36.693842 ], [ -5.290343, 36.684864 ], [ -5.288255, 36.675892 ], [ -5.285725, 36.666928 ], [ -5.28269, 36.657974 ], [ -5.281914, 36.655532 ], [ -5.280187, 36.649009 ], [ -5.27753, 36.640047 ], [ -5.274343, 36.631096 ], [ -5.270423, 36.622158 ], [ -5.269701, 36.620348 ], [ -5.267315, 36.613204 ], [ -5.263842, 36.604258 ], [ -5.259577, 36.595326 ], [ -5.257679, 36.591347 ], [ -5.255677, 36.586387 ], [ -5.25177, 36.577449 ], [ -5.246938, 36.568527 ], [ -5.245781, 36.566277 ], [ -5.242833, 36.559592 ], [ -5.238054, 36.550669 ], [ -5.233973, 36.544059 ], [ -5.232721, 36.541756 ], [ -5.227616, 36.532839 ], [ -5.222263, 36.525019 ], [ -5.221619, 36.523938 ], [ -5.216224, 36.515026 ], [ -5.210609, 36.507719 ], [ -5.209513, 36.506137 ], [ -5.203284, 36.49724 ], [ -5.199004, 36.492002 ], [ -5.196092, 36.488359 ], [ -5.188542, 36.479485 ], [ -5.187459, 36.478225 ], [ -5.181326, 36.470605 ], [ -5.175933, 36.464982 ], [ -5.173013, 36.461743 ], [ -5.164458, 36.453389 ], [ -5.163969, 36.452895 ], [ -5.15505, 36.444043 ], [ -5.152995, 36.442152 ], [ -5.145598, 36.4352 ], [ -5.141557, 36.431698 ], [ -5.13546, 36.426369 ], [ -5.130144, 36.42203 ], [ -5.124556, 36.417551 ], [ -5.118753, 36.413063 ], [ -5.112992, 36.408743 ], [ -5.10738, 36.404663 ], [ -5.100465, 36.399951 ], [ -5.096026, 36.396904 ], [ -5.087209, 36.39117 ], [ -5.084684, 36.389486 ], [ -5.073434, 36.382397 ], [ -5.073351, 36.382343 ], [ -5.06201, 36.374806 ], [ -5.06008, 36.373615 ], [ -5.050679, 36.367569 ], [ -5.045995, 36.364843 ], [ -5.039363, 36.360821 ], [ -5.030763, 36.35609 ], [ -5.028061, 36.354548 ], [ -5.016775, 36.348817 ], [ -5.011655, 36.3474 ], [ -5.005539, 36.344951 ], [ -4.994674, 36.338671 ], [ -4.994237, 36.338486 ], [ -4.983035, 36.335882 ], [ -4.972775, 36.330021 ], [ -4.971744, 36.329713 ], [ -4.960541, 36.326976 ], [ -4.949797, 36.321385 ], [ -4.949264, 36.321247 ], [ -4.938123, 36.320953 ], [ -4.92697, 36.320149 ], [ -4.915829, 36.319826 ], [ -4.904719, 36.320802 ], [ -4.896928, 36.322236 ], [ -4.893681, 36.324732 ], [ -4.886541, 36.331414 ], [ -4.88559, 36.340443 ], [ -4.894213, 36.346704 ], [ -4.898554, 36.349251 ], [ -4.89429, 36.349894 ], [ -4.883156, 36.350059 ], [ -4.872093, 36.353171 ], [ -4.860944, 36.352731 ], [ -4.849791, 36.352068 ], [ -4.840614, 36.350158 ], [ -4.838587, 36.349271 ], [ -4.827298, 36.342817 ], [ -4.817747, 36.341494 ], [ -4.81612, 36.341062 ], [ -4.804822, 36.334041 ], [ -4.800817, 36.332737 ], [ -4.793609, 36.330666 ], [ -4.782353, 36.325382 ], [ -4.779589, 36.324041 ], [ -4.771078, 36.319166 ], [ -4.762928, 36.315274 ], [ -4.75982, 36.313618 ], [ -4.748559, 36.307877 ], [ -4.745751, 36.306513 ], [ -4.737296, 36.30198 ], [ -4.727384, 36.297766 ], [ -4.726058, 36.297147 ], [ -4.714803, 36.291437 ], [ -4.709159, 36.289014 ], [ -4.703566, 36.286522 ], [ -4.692331, 36.281577 ], [ -4.689223, 36.280283 ], [ -4.681095, 36.276568 ], [ -4.669877, 36.272328 ], [ -4.667922, 36.271568 ], [ -4.65865, 36.267634 ], [ -4.647443, 36.26376 ], [ -4.644882, 36.262873 ], [ -4.63623, 36.25961 ], [ -4.625031, 36.256053 ], [ -4.618578, 36.254218 ], [ -4.61384, 36.252841 ], [ -4.602648, 36.249511 ], [ -4.591473, 36.246978 ], [ -4.584412, 36.245661 ], [ -4.580305, 36.244806 ], [ -4.569137, 36.242569 ], [ -4.557977, 36.240718 ], [ -4.546824, 36.239179 ], [ -4.535677, 36.237912 ], [ -4.530359, 36.237351 ], [ -4.52453, 36.236643 ], [ -4.513383, 36.235377 ], [ -4.502242, 36.234354 ], [ -4.491105, 36.233571 ], [ -4.479973, 36.233025 ], [ -4.468843, 36.232611 ], [ -4.457716, 36.232331 ], [ -4.446595, 36.232383 ], [ -4.435466, 36.231979 ], [ -4.424345, 36.231995 ], [ -4.413224, 36.232052 ], [ -4.402103, 36.232063 ], [ -4.390978, 36.23189 ], [ -4.379851, 36.231628 ], [ -4.368726, 36.231423 ], [ -4.357604, 36.231425 ], [ -4.346489, 36.231782 ], [ -4.335384, 36.232772 ], [ -4.324282, 36.233982 ], [ -4.313196, 36.236145 ], [ -4.302122, 36.239052 ] ] } },
{ "type": "Feature", "properties": { "fid": 35, "ID": 34, "Intensidad": 10.5 }, "geometry": { "type": "LineString", "coordinates": [ [ -9.897558, 36.048027 ], [ -9.897723, 36.047683 ], [ -9.901404, 36.047805 ], [ -9.897877, 36.049433 ], [ -9.897558, 36.048027 ] ] } },
{ "type": "Feature", "properties": { "fid": 36, "ID": 35, "Intensidad": 8.0 }, "geometry": { "type": "LineString", "coordinates": [ [ -4.29928, 36.066977 ], [ -4.290656, 36.068899 ], [ -4.288221, 36.069385 ], [ -4.277162, 36.071899 ], [ -4.266109, 36.074749 ], [ -4.255057, 36.077775 ], [ -4.252686, 36.078317 ], [ -4.243993, 36.080076 ], [ -4.232928, 36.082373 ], [ -4.221867, 36.084927 ], [ -4.210987, 36.08776 ], [ -4.21081, 36.087801 ], [ -4.199743, 36.09006 ], [ -4.188679, 36.092627 ], [ -4.177621, 36.095567 ], [ -4.171771, 36.097165 ], [ -4.16656, 36.098431 ], [ -4.155498, 36.10121 ], [ -4.144442, 36.104483 ], [ -4.137961, 36.106506 ], [ -4.133385, 36.107789 ], [ -4.122326, 36.110973 ], [ -4.111275, 36.114823 ], [ -4.108449, 36.115797 ], [ -4.100219, 36.118375 ], [ -4.089168, 36.122348 ], [ -4.082268, 36.125052 ], [ -4.078118, 36.126539 ], [ -4.067066, 36.130632 ], [ -4.058494, 36.134279 ], [ -4.05602, 36.135249 ], [ -4.044969, 36.139561 ], [ -4.036287, 36.143488 ], [ -4.033925, 36.14448 ], [ -4.022875, 36.149099 ], [ -4.015308, 36.152683 ], [ -4.011831, 36.154271 ], [ -4.000783, 36.159277 ], [ -3.995515, 36.161864 ], [ -3.989737, 36.164525 ], [ -3.978694, 36.170155 ], [ -3.976955, 36.171032 ], [ -3.967646, 36.175442 ], [ -3.958853, 36.180193 ], [ -3.956603, 36.181347 ], [ -3.945557, 36.187107 ], [ -3.941498, 36.189346 ], [ -3.934512, 36.193017 ], [ -3.92511, 36.198488 ], [ -3.92347, 36.199407 ], [ -3.912425, 36.205653 ], [ -3.909103, 36.207626 ], [ -3.901379, 36.212051 ], [ -3.893821, 36.216756 ], [ -3.890337, 36.218866 ], [ -3.879516, 36.225877 ], [ -3.879297, 36.226017 ], [ -3.868252, 36.232937 ], [ -3.865155, 36.234997 ], [ -3.857208, 36.240197 ], [ -3.851548, 36.244109 ], [ -3.846168, 36.24789 ], [ -3.838694, 36.253215 ], [ -3.835126, 36.255688 ], [ -3.826179, 36.262317 ], [ -3.824086, 36.263874 ], [ -3.814241, 36.271414 ], [ -3.813047, 36.272336 ], [ -3.802721, 36.280507 ], [ -3.802008, 36.28108 ], [ -3.791604, 36.289596 ], [ -3.79097, 36.290124 ], [ -3.780863, 36.298681 ], [ -3.779933, 36.299489 ], [ -3.7705, 36.307763 ], [ -3.768896, 36.309213 ], [ -3.760522, 36.316842 ], [ -3.757861, 36.319357 ], [ -3.750939, 36.325918 ], [ -3.746827, 36.329984 ], [ -3.741776, 36.33499 ], [ -3.735797, 36.341218 ], [ -3.733063, 36.344058 ], [ -3.724817, 36.353123 ], [ -3.724769, 36.353176 ], [ -3.716548, 36.362188 ], [ -3.713742, 36.365475 ], [ -3.708763, 36.371249 ], [ -3.702721, 36.378813 ], [ -3.701511, 36.380307 ], [ -3.694343, 36.389364 ], [ -3.691702, 36.392919 ], [ -3.687542, 36.398418 ], [ -3.681292, 36.407468 ], [ -3.680691, 36.40838 ], [ -3.675072, 36.416519 ], [ -3.669687, 36.425076 ], [ -3.669375, 36.425565 ], [ -3.663566, 36.434613 ], [ -3.658692, 36.443402 ], [ -3.658545, 36.443655 ], [ -3.653119, 36.4527 ], [ -3.648473, 36.46174 ], [ -3.647704, 36.463213 ], [ -3.643513, 36.470781 ], [ -3.639074, 36.47982 ], [ -3.636726, 36.484903 ], [ -3.634757, 36.488858 ], [ -3.63038, 36.497896 ], [ -3.626631, 36.50693 ], [ -3.625761, 36.508979 ], [ -3.622517, 36.515966 ], [ -3.618707, 36.525001 ], [ -3.615435, 36.534032 ], [ -3.61481, 36.535678 ], [ -3.611701, 36.543066 ], [ -3.60825, 36.552098 ], [ -3.605287, 36.561128 ], [ -3.603876, 36.565434 ], [ -3.602151, 36.570159 ], [ -3.598912, 36.579189 ], [ -3.596084, 36.588218 ], [ -3.593621, 36.597245 ], [ -3.592966, 36.599526 ], [ -3.590876, 36.606273 ], [ -3.587937, 36.615302 ], [ -3.585441, 36.624329 ], [ -3.583269, 36.633354 ], [ -3.58208, 36.637951 ], [ -3.58085, 36.642381 ], [ -3.578217, 36.651408 ], [ -3.575925, 36.660434 ], [ -3.573865, 36.669458 ], [ -3.572069, 36.678481 ], [ -3.571227, 36.682298 ], [ -3.570068, 36.687505 ], [ -3.567897, 36.69653 ], [ -3.566039, 36.705553 ], [ -3.564417, 36.714575 ], [ -3.562965, 36.723596 ], [ -3.561675, 36.732617 ], [ -3.560532, 36.741637 ], [ -3.560474, 36.742095 ], [ -3.559281, 36.750657 ], [ -3.558243, 36.759676 ], [ -3.557442, 36.768694 ], [ -3.556861, 36.777711 ], [ -3.556566, 36.786727 ], [ -3.556538, 36.795741 ], [ -3.556791, 36.804754 ], [ -3.557338, 36.813766 ], [ -3.558189, 36.822776 ], [ -3.559348, 36.831785 ], [ -3.560863, 36.840792 ], [ -3.561206, 36.84252 ], [ -3.56261, 36.849798 ], [ -3.564673, 36.858802 ], [ -3.567138, 36.867805 ], [ -3.570103, 36.876805 ], [ -3.572723, 36.883672 ], [ -3.573494, 36.885803 ], [ -3.576882, 36.8948 ], [ -3.5801, 36.903799 ], [ -3.582992, 36.912799 ], [ -3.584198, 36.917536 ], [ -3.585132, 36.921802 ], [ -3.586499, 36.93081 ], [ -3.587359, 36.939819 ], [ -3.58772, 36.948832 ], [ -3.587555, 36.957847 ], [ -3.586906, 36.966864 ], [ -3.58576, 36.975883 ], [ -3.584686, 36.981479 ], [ -3.583848, 36.984907 ], [ -3.581223, 36.993934 ], [ -3.57978, 37.002955 ], [ -3.578594, 37.011974 ], [ -3.579664, 37.020983 ], [ -3.5817, 37.029987 ], [ -3.584414, 37.038988 ], [ -3.585136, 37.040102 ], [ -3.594023, 37.047954 ], [ -3.596464, 37.05146 ], [ -3.599126, 37.056942 ], [ -3.607804, 37.063929 ], [ -3.610721, 37.065897 ], [ -3.619105, 37.071003 ], [ -3.62529, 37.074835 ], [ -3.630402, 37.077509 ], [ -3.640959, 37.083765 ], [ -3.641704, 37.084236 ], [ -3.653019, 37.092337 ], [ -3.653462, 37.09271 ], [ -3.66367, 37.101667 ], [ -3.664354, 37.102347 ], [ -3.672305, 37.110633 ], [ -3.675711, 37.114631 ], [ -3.679813, 37.119603 ], [ -3.68624, 37.12858 ], [ -3.6871, 37.129899 ], [ -3.692024, 37.13756 ], [ -3.697109, 37.146544 ], [ -3.698531, 37.149332 ], [ -3.70173, 37.155531 ], [ -3.70589, 37.164519 ], [ -3.709474, 37.173512 ], [ -3.710026, 37.174973 ], [ -3.712912, 37.182505 ], [ -3.715924, 37.1915 ], [ -3.718736, 37.200497 ], [ -3.721233, 37.209495 ], [ -3.721629, 37.211047 ], [ -3.72353, 37.218495 ], [ -3.725621, 37.227495 ], [ -3.727471, 37.236498 ], [ -3.729007, 37.245502 ], [ -3.730203, 37.254508 ], [ -3.730858, 37.263517 ], [ -3.730981, 37.27253 ], [ -3.729825, 37.281551 ], [ -3.725886, 37.290588 ], [ -3.722756, 37.299621 ], [ -3.722477, 37.299964 ], [ -3.711683, 37.308701 ], [ -3.711284, 37.308898 ], [ -3.700011, 37.309576 ], [ -3.688774, 37.314196 ], [ -3.677524, 37.317585 ], [ -3.676903, 37.317919 ], [ -3.666303, 37.324348 ], [ -3.661803, 37.327018 ], [ -3.655087, 37.331924 ], [ -3.649645, 37.336099 ], [ -3.643883, 37.341035 ], [ -3.639516, 37.345167 ], [ -3.632687, 37.351575 ], [ -3.630006, 37.354232 ], [ -3.621492, 37.362549 ], [ -3.620752, 37.363294 ], [ -3.613953, 37.372343 ], [ -3.61032, 37.376766 ], [ -3.607154, 37.381391 ], [ -3.600233, 37.39044 ], [ -3.599157, 37.392751 ], [ -3.596071, 37.399474 ], [ -3.591586, 37.40851 ], [ -3.588044, 37.415528 ], [ -3.587224, 37.417545 ], [ -3.584559, 37.426572 ], [ -3.581769, 37.435599 ], [ -3.578712, 37.444627 ], [ -3.577016, 37.450459 ], [ -3.576287, 37.453652 ], [ -3.574371, 37.462675 ], [ -3.573494, 37.471692 ], [ -3.572117, 37.480712 ], [ -3.570914, 37.489731 ], [ -3.569933, 37.498749 ], [ -3.569061, 37.507767 ], [ -3.568421, 37.516783 ], [ -3.567871, 37.525799 ], [ -3.567575, 37.534813 ], [ -3.567446, 37.543827 ], [ -3.567435, 37.55284 ], [ -3.567649, 37.561852 ], [ -3.567961, 37.570864 ], [ -3.568344, 37.579875 ], [ -3.569052, 37.588885 ], [ -3.56981, 37.597894 ], [ -3.570591, 37.606904 ], [ -3.571628, 37.615912 ], [ -3.572721, 37.624919 ], [ -3.573831, 37.633927 ], [ -3.57502, 37.642934 ], [ -3.576647, 37.651939 ], [ -3.578248, 37.660944 ], [ -3.578656, 37.662739 ], [ -3.580615, 37.669946 ], [ -3.583346, 37.678945 ], [ -3.586097, 37.687944 ], [ -3.589937, 37.696938 ], [ -3.590268, 37.698108 ], [ -3.592648, 37.705937 ], [ -3.597918, 37.714924 ], [ -3.601728, 37.723917 ], [ -3.601816, 37.72406 ], [ -3.608882, 37.732893 ], [ -3.613283, 37.739244 ], [ -3.615821, 37.74187 ], [ -3.6246, 37.750837 ], [ -3.624726, 37.750943 ], [ -3.636144, 37.759388 ], [ -3.636717, 37.759785 ], [ -3.647556, 37.766825 ], [ -3.650483, 37.768722 ], [ -3.658968, 37.773892 ], [ -3.665357, 37.777652 ], [ -3.670377, 37.780507 ], [ -3.681303, 37.786573 ], [ -3.681785, 37.786833 ], [ -3.693191, 37.792675 ], [ -3.698795, 37.795484 ], [ -3.704598, 37.798353 ], [ -3.716004, 37.803834 ], [ -3.717188, 37.804386 ], [ -3.727409, 37.809082 ], [ -3.736767, 37.813278 ], [ -3.738815, 37.814191 ], [ -3.750221, 37.819148 ], [ -3.757325, 37.82216 ], [ -3.761627, 37.823979 ], [ -3.773033, 37.828689 ], [ -3.77884, 37.831032 ], [ -3.78444, 37.833295 ], [ -3.795847, 37.837804 ], [ -3.801243, 37.839895 ], [ -3.807254, 37.842229 ], [ -3.818661, 37.846526 ], [ -3.824755, 37.848745 ], [ -3.830069, 37.850691 ], [ -3.841476, 37.854738 ], [ -3.84977, 37.85758 ], [ -3.852883, 37.858655 ], [ -3.86429, 37.86251 ], [ -3.875696, 37.86616 ], [ -3.876441, 37.866397 ], [ -3.887104, 37.86982 ], [ -3.89851, 37.873301 ], [ -3.904917, 37.875194 ], [ -3.909916, 37.876689 ], [ -3.921323, 37.880023 ], [ -3.932728, 37.883178 ], [ -3.935592, 37.883966 ], [ -3.944134, 37.886315 ], [ -3.95554, 37.889374 ], [ -3.966945, 37.892257 ], [ -3.968756, 37.89271 ], [ -3.978351, 37.895156 ], [ -3.989756, 37.897945 ], [ -4.00116, 37.900591 ], [ -4.004798, 37.901421 ], [ -4.012565, 37.903227 ], [ -4.02397, 37.905797 ], [ -4.035373, 37.908235 ], [ -4.044394, 37.910088 ], [ -4.046776, 37.910588 ], [ -4.058181, 37.912956 ], [ -4.069584, 37.915215 ], [ -4.080986, 37.917357 ], [ -4.088294, 37.918703 ], [ -4.092388, 37.919468 ], [ -4.103791, 37.921548 ], [ -4.115193, 37.923524 ], [ -4.126593, 37.9254 ], [ -4.137993, 37.927174 ], [ -4.138428, 37.927241 ], [ -4.149394, 37.928957 ], [ -4.160793, 37.930644 ], [ -4.172192, 37.932247 ], [ -4.183589, 37.933759 ], [ -4.194986, 37.935191 ], [ -4.198806, 37.935653 ], [ -4.206383, 37.936586 ], [ -4.217779, 37.937923 ], [ -4.229174, 37.939177 ], [ -4.240568, 37.940345 ], [ -4.251961, 37.941451 ], [ -4.263353, 37.94247 ], [ -4.274745, 37.943436 ], [ -4.279544, 37.943815 ], [ -4.286136, 37.944342 ], [ -4.297526, 37.945192 ], [ -4.308915, 37.945966 ], [ -4.320303, 37.946675 ], [ -4.33169, 37.947313 ], [ -4.343076, 37.947889 ], [ -4.354461, 37.948398 ], [ -4.365845, 37.948833 ], [ -4.377228, 37.94922 ], [ -4.388609, 37.949531 ], [ -4.39999, 37.949787 ], [ -4.41137, 37.949979 ], [ -4.422748, 37.950121 ], [ -4.434125, 37.950156 ], [ -4.445499, 37.950076 ], [ -4.456871, 37.949892 ], [ -4.468241, 37.949606 ], [ -4.479609, 37.949222 ], [ -4.490975, 37.948741 ], [ -4.502339, 37.94817 ], [ -4.513701, 37.947504 ], [ -4.525061, 37.946759 ], [ -4.536419, 37.94592 ], [ -4.547775, 37.945003 ], [ -4.559128, 37.943996 ], [ -4.57048, 37.942911 ], [ -4.581829, 37.941742 ], [ -4.593177, 37.940492 ], [ -4.598162, 37.939918 ], [ -4.604523, 37.939189 ], [ -4.615866, 37.937808 ], [ -4.627209, 37.93639 ], [ -4.638549, 37.934872 ], [ -4.649886, 37.933287 ], [ -4.661222, 37.931615 ], [ -4.672526, 37.929872 ], [ -4.672555, 37.929868 ], [ -4.683888, 37.928127 ], [ -4.695218, 37.926315 ], [ -4.706546, 37.924418 ], [ -4.717872, 37.922441 ], [ -4.729195, 37.920384 ], [ -4.731231, 37.920011 ], [ -4.740517, 37.918346 ], [ -4.751838, 37.91625 ], [ -4.763156, 37.914067 ], [ -4.774472, 37.911799 ], [ -4.78208, 37.910241 ], [ -4.785786, 37.909497 ], [ -4.797099, 37.907203 ], [ -4.808409, 37.904822 ], [ -4.819717, 37.902351 ], [ -4.827918, 37.900526 ], [ -4.831023, 37.899848 ], [ -4.842329, 37.897388 ], [ -4.853633, 37.89486 ], [ -4.864934, 37.892251 ], [ -4.871036, 37.890837 ], [ -4.876234, 37.889647 ], [ -4.887533, 37.887021 ], [ -4.898829, 37.884336 ], [ -4.910123, 37.881585 ], [ -4.911815, 37.88117 ], [ -4.921416, 37.87883 ], [ -4.932707, 37.876017 ], [ -4.943995, 37.873147 ], [ -4.950291, 37.871527 ], [ -4.955281, 37.870236 ], [ -4.966565, 37.86725 ], [ -4.977846, 37.864232 ], [ -4.986377, 37.861912 ], [ -4.989126, 37.861157 ], [ -5.000401, 37.857979 ], [ -5.011674, 37.854754 ], [ -5.020065, 37.852327 ], [ -5.022945, 37.851475 ], [ -5.03421, 37.848041 ], [ -5.045474, 37.844587 ], [ -5.05129, 37.842776 ], [ -5.056734, 37.841051 ], [ -5.067987, 37.837285 ], [ -5.079241, 37.833592 ], [ -5.080204, 37.833257 ], [ -5.090484, 37.829549 ], [ -5.101726, 37.825512 ], [ -5.106379, 37.82378 ], [ -5.112959, 37.821224 ], [ -5.124186, 37.816772 ], [ -5.13015, 37.814342 ], [ -5.135406, 37.812099 ], [ -5.146616, 37.807131 ], [ -5.151395, 37.804944 ], [ -5.157815, 37.801866 ], [ -5.169009, 37.796447 ], [ -5.170723, 37.795578 ], [ -5.180187, 37.790577 ], [ -5.188414, 37.786239 ], [ -5.191362, 37.784627 ], [ -5.202525, 37.778366 ], [ -5.205056, 37.776918 ], [ -5.213678, 37.771821 ], [ -5.220775, 37.767611 ], [ -5.224825, 37.765137 ], [ -5.235926, 37.758313 ], [ -5.235965, 37.758289 ], [ -5.247092, 37.751083 ], [ -5.250196, 37.749031 ], [ -5.258211, 37.743685 ], [ -5.264062, 37.739754 ], [ -5.269323, 37.736146 ], [ -5.277505, 37.730483 ], [ -5.280428, 37.728425 ], [ -5.290556, 37.721219 ], [ -5.291525, 37.720523 ], [ -5.302613, 37.712407 ], [ -5.303216, 37.711961 ], [ -5.313692, 37.704101 ], [ -5.315532, 37.702709 ], [ -5.324765, 37.695637 ], [ -5.327574, 37.69346 ], [ -5.335829, 37.687003 ], [ -5.339351, 37.684216 ], [ -5.346886, 37.678213 ], [ -5.350909, 37.674975 ], [ -5.357935, 37.669263 ], [ -5.362237, 37.665738 ], [ -5.368977, 37.660166 ], [ -5.373352, 37.656503 ], [ -5.380009, 37.650849 ], [ -5.38415, 37.647274 ], [ -5.39103, 37.641243 ], [ -5.394621, 37.638051 ], [ -5.402038, 37.631341 ], [ -5.404776, 37.628833 ], [ -5.413033, 37.621131 ], [ -5.414632, 37.619621 ], [ -5.424013, 37.610566 ], [ -5.424169, 37.610414 ], [ -5.433479, 37.601211 ], [ -5.434981, 37.599698 ], [ -5.442514, 37.592013 ], [ -5.445933, 37.588441 ], [ -5.451269, 37.582821 ], [ -5.456867, 37.576732 ], [ -5.459706, 37.573634 ], [ -5.467779, 37.564485 ], [ -5.467807, 37.564454 ], [ -5.475855, 37.555274 ], [ -5.478678, 37.551913 ], [ -5.483572, 37.546101 ], [ -5.489549, 37.53864 ], [ -5.490928, 37.536935 ], [ -5.498166, 37.527771 ], [ -5.500399, 37.524839 ], [ -5.505198, 37.518611 ], [ -5.511218, 37.510219 ], [ -5.511774, 37.50946 ], [ -5.518424, 37.500307 ], [ -5.522013, 37.495003 ], [ -5.524667, 37.491163 ], [ -5.530705, 37.482023 ], [ -5.532769, 37.478774 ], [ -5.536625, 37.472885 ], [ -5.542161, 37.463754 ], [ -5.543486, 37.461514 ], [ -5.547709, 37.454624 ], [ -5.552787, 37.445503 ], [ -5.554157, 37.443051 ], [ -5.557878, 37.436382 ], [ -5.562789, 37.427264 ], [ -5.56478, 37.423345 ], [ -5.567572, 37.41815 ], [ -5.572208, 37.409038 ], [ -5.575353, 37.402297 ], [ -5.576531, 37.399932 ], [ -5.581068, 37.390822 ], [ -5.584998, 37.381725 ], [ -5.585867, 37.379726 ], [ -5.589196, 37.372622 ], [ -5.593008, 37.363528 ], [ -5.596296, 37.354834 ], [ -5.596459, 37.354441 ], [ -5.600324, 37.345345 ], [ -5.603652, 37.336261 ], [ -5.606545, 37.327186 ], [ -5.606615, 37.326977 ], [ -5.609899, 37.318101 ], [ -5.612794, 37.309026 ], [ -5.615286, 37.299959 ], [ -5.616755, 37.294141 ], [ -5.617675, 37.290895 ], [ -5.620131, 37.28183 ], [ -5.622354, 37.27277 ], [ -5.624172, 37.263718 ], [ -5.625695, 37.254673 ], [ -5.626478, 37.249529 ], [ -5.62716, 37.24563 ], [ -5.628633, 37.236586 ], [ -5.629812, 37.227548 ], [ -5.6307, 37.218517 ], [ -5.631444, 37.20949 ], [ -5.632031, 37.200465 ], [ -5.632469, 37.191444 ], [ -5.632762, 37.182427 ], [ -5.632881, 37.173413 ], [ -5.632855, 37.164402 ], [ -5.632673, 37.155395 ], [ -5.6323, 37.146392 ], [ -5.631729, 37.137393 ], [ -5.630933, 37.1284 ], [ -5.629878, 37.119412 ], [ -5.628551, 37.11043 ], [ -5.626836, 37.101457 ], [ -5.624616, 37.092495 ], [ -5.621749, 37.083547 ], [ -5.62063, 37.080455 ], [ -5.618733, 37.074602 ], [ -5.615554, 37.065661 ], [ -5.612628, 37.056714 ], [ -5.610294, 37.047754 ], [ -5.608661, 37.038779 ], [ -5.607771, 37.029787 ], [ -5.607614, 37.020779 ], [ -5.6081, 37.011757 ], [ -5.609138, 37.002722 ], [ -5.61058, 36.993679 ], [ -5.612308, 36.984629 ], [ -5.614154, 36.975577 ], [ -5.616098, 36.966523 ], [ -5.616652, 36.964628 ], [ -5.619099, 36.957445 ], [ -5.622308, 36.948363 ], [ -5.625381, 36.939283 ], [ -5.626868, 36.93527 ], [ -5.629059, 36.93019 ], [ -5.632642, 36.9211 ], [ -5.635514, 36.912024 ], [ -5.637099, 36.906549 ], [ -5.638312, 36.902951 ], [ -5.641341, 36.893872 ], [ -5.643818, 36.884805 ], [ -5.64586, 36.875748 ], [ -5.647051, 36.869968 ], [ -5.647843, 36.866692 ], [ -5.650093, 36.85763 ], [ -5.65191, 36.848578 ], [ -5.653421, 36.839533 ], [ -5.654671, 36.830493 ], [ -5.655656, 36.82146 ], [ -5.656351, 36.814761 ], [ -5.656625, 36.812427 ], [ -5.657681, 36.803391 ], [ -5.658501, 36.794361 ], [ -5.65911, 36.785336 ], [ -5.659534, 36.776315 ], [ -5.659788, 36.767298 ], [ -5.659873, 36.758284 ], [ -5.659842, 36.749273 ], [ -5.659722, 36.740264 ], [ -5.659497, 36.731257 ], [ -5.659187, 36.722253 ], [ -5.658762, 36.71325 ], [ -5.658235, 36.704251 ], [ -5.657596, 36.695253 ], [ -5.656768, 36.68626 ], [ -5.655956, 36.677266 ], [ -5.654943, 36.668277 ], [ -5.653782, 36.659291 ], [ -5.652461, 36.650309 ], [ -5.650963, 36.64133 ], [ -5.650236, 36.637141 ], [ -5.649483, 36.632351 ], [ -5.647991, 36.623373 ], [ -5.646314, 36.614398 ], [ -5.644447, 36.605428 ], [ -5.642355, 36.596462 ], [ -5.640011, 36.587502 ], [ -5.637255, 36.578551 ], [ -5.637038, 36.577849 ], [ -5.634706, 36.569596 ], [ -5.631825, 36.560648 ], [ -5.628519, 36.551709 ], [ -5.624705, 36.542781 ], [ -5.62468, 36.542717 ], [ -5.621355, 36.533842 ], [ -5.617544, 36.524914 ], [ -5.613165, 36.515998 ], [ -5.612575, 36.514759 ], [ -5.609215, 36.507073 ], [ -5.604767, 36.498158 ], [ -5.600601, 36.490421 ], [ -5.600007, 36.48925 ], [ -5.595646, 36.480332 ], [ -5.590602, 36.47143 ], [ -5.588702, 36.468116 ], [ -5.585738, 36.462523 ], [ -5.58067, 36.453621 ], [ -5.576866, 36.447471 ], [ -5.575293, 36.444725 ], [ -5.570148, 36.435824 ], [ -5.565077, 36.428076 ], [ -5.56438, 36.426935 ], [ -5.559133, 36.418036 ], [ -5.553321, 36.409517 ], [ -5.553089, 36.409153 ], [ -5.5477, 36.400256 ], [ -5.5416, 36.391837 ], [ -5.541287, 36.39138 ], [ -5.535351, 36.382494 ], [ -5.529928, 36.375469 ], [ -5.528576, 36.373625 ], [ -5.521936, 36.364753 ], [ -5.518298, 36.360288 ], [ -5.514873, 36.35589 ], [ -5.507224, 36.347038 ], [ -5.506716, 36.346441 ], [ -5.499953, 36.338178 ], [ -5.495148, 36.332906 ], [ -5.492008, 36.329332 ], [ -5.483625, 36.320665 ], [ -5.483468, 36.320497 ], [ -5.475322, 36.311653 ], [ -5.472106, 36.308424 ], [ -5.466659, 36.30282 ], [ -5.460618, 36.297042 ], [ -5.457507, 36.293996 ], [ -5.449155, 36.286345 ], [ -5.447905, 36.28518 ], [ -5.43802, 36.27637 ], [ -5.437708, 36.276091 ], [ -5.428232, 36.267556 ], [ -5.426266, 36.265872 ], [ -5.417997, 36.258751 ], [ -5.414841, 36.256128 ], [ -5.407366, 36.249953 ], [ -5.403432, 36.246784 ], [ -5.396351, 36.241161 ], [ -5.392036, 36.237796 ], [ -5.384962, 36.232376 ], [ -5.380652, 36.229121 ], [ -5.373162, 36.223598 ], [ -5.36928, 36.220742 ], [ -5.360945, 36.214827 ], [ -5.357919, 36.212669 ], [ -5.348248, 36.206064 ], [ -5.346573, 36.205003 ], [ -5.335232, 36.19743 ], [ -5.335049, 36.197309 ], [ -5.323891, 36.189791 ], [ -5.321934, 36.188551 ], [ -5.312561, 36.182462 ], [ -5.308147, 36.179805 ], [ -5.301245, 36.175518 ], [ -5.293354, 36.171076 ], [ -5.289945, 36.169078 ], [ -5.278656, 36.16292 ], [ -5.27764, 36.162363 ], [ -5.26736, 36.156469 ], [ -5.261736, 36.153652 ], [ -5.256083, 36.150652 ], [ -5.244825, 36.145409 ], [ -5.24392, 36.144974 ], [ -5.233555, 36.13967 ], [ -5.225515, 36.136304 ], [ -5.222311, 36.13485 ], [ -5.211066, 36.129904 ], [ -5.205245, 36.127666 ], [ -5.199834, 36.125386 ], [ -5.188609, 36.121064 ], [ -5.18268, 36.119066 ], [ -5.177395, 36.117108 ], [ -5.166184, 36.113215 ], [ -5.156504, 36.110527 ], [ -5.154994, 36.110058 ], [ -5.143793, 36.106434 ], [ -5.132613, 36.103601 ], [ -5.125689, 36.102064 ], [ -5.121441, 36.100993 ], [ -5.110265, 36.098231 ], [ -5.099112, 36.0963 ], [ -5.087961, 36.094422 ], [ -5.083754, 36.093787 ], [ -5.076811, 36.092548 ], [ -5.065663, 36.090769 ], [ -5.054519, 36.089084 ], [ -5.04338, 36.087604 ], [ -5.032247, 36.086338 ], [ -5.026924, 36.085749 ], [ -5.021114, 36.085035 ], [ -5.009982, 36.083794 ], [ -4.998858, 36.082808 ], [ -4.987736, 36.081948 ], [ -4.976631, 36.081732 ], [ -4.965578, 36.083593 ], [ -4.954487, 36.083939 ], [ -4.94335, 36.082456 ], [ -4.932314, 36.085033 ], [ -4.921246, 36.086376 ], [ -4.910172, 36.087436 ], [ -4.908766, 36.08769 ], [ -4.899131, 36.089938 ], [ -4.888168, 36.09568 ], [ -4.884488, 36.097088 ], [ -4.877199, 36.101263 ], [ -4.866574, 36.106383 ], [ -4.86623, 36.106882 ], [ -4.859063, 36.115513 ], [ -4.858426, 36.124537 ], [ -4.855581, 36.126221 ], [ -4.850063, 36.133681 ], [ -4.84469, 36.135389 ], [ -4.833578, 36.135195 ], [ -4.822484, 36.13576 ], [ -4.811344, 36.134356 ], [ -4.810672, 36.134283 ], [ -4.800183, 36.131977 ], [ -4.788975, 36.127568 ], [ -4.777836, 36.12611 ], [ -4.774412, 36.125812 ], [ -4.766705, 36.124975 ], [ -4.755526, 36.121723 ], [ -4.744353, 36.11867 ], [ -4.739612, 36.117308 ], [ -4.733171, 36.115191 ], [ -4.721987, 36.111525 ], [ -4.711839, 36.108694 ], [ -4.710814, 36.108372 ], [ -4.699635, 36.104867 ], [ -4.688461, 36.101576 ], [ -4.682633, 36.100094 ], [ -4.677294, 36.098562 ], [ -4.666126, 36.09546 ], [ -4.65497, 36.092882 ], [ -4.648823, 36.091549 ], [ -4.643815, 36.090316 ], [ -4.632657, 36.08761 ], [ -4.62151, 36.085349 ], [ -4.61037, 36.083435 ], [ -4.608422, 36.083084 ], [ -4.599224, 36.081161 ], [ -4.588082, 36.079098 ], [ -4.576948, 36.077375 ], [ -4.565821, 36.076004 ], [ -4.554699, 36.074858 ], [ -4.554064, 36.074787 ], [ -4.54357, 36.073376 ], [ -4.532447, 36.072103 ], [ -4.521327, 36.071023 ], [ -4.510211, 36.070126 ], [ -4.499098, 36.069393 ], [ -4.487988, 36.068806 ], [ -4.476882, 36.068415 ], [ -4.465774, 36.067898 ], [ -4.454669, 36.067546 ], [ -4.443565, 36.067242 ], [ -4.441477, 36.06718 ], [ -4.43246, 36.066836 ], [ -4.421354, 36.066434 ], [ -4.410249, 36.066073 ], [ -4.399145, 36.065755 ], [ -4.388036, 36.06514 ], [ -4.376925, 36.064386 ], [ -4.365814, 36.063642 ], [ -4.354705, 36.063052 ], [ -4.343602, 36.062752 ], [ -4.332507, 36.062878 ], [ -4.32142, 36.063556 ], [ -4.310343, 36.064836 ], [ -4.29928, 36.066977 ] ] } },
{ "type": "Feature", "properties": { "fid": 37, "ID": 36, "Intensidad": 8.5 }, "geometry": { "type": "LineString", "coordinates": [ [ -5.046727, 35.787545 ], [ -5.04527, 35.787979 ], [ -5.035769, 35.791491 ], [ -5.02479, 35.79463 ], [ -5.013957, 35.797522 ], [ -5.013805, 35.797562 ], [ -5.002833, 35.801065 ], [ -4.991852, 35.804234 ], [ -4.980862, 35.807077 ], [ -4.980834, 35.807086 ], [ -4.969898, 35.811022 ], [ -4.958921, 35.814484 ], [ -4.952534, 35.816564 ], [ -4.947951, 35.818252 ], [ -4.936996, 35.822667 ], [ -4.928496, 35.825966 ], [ -4.926038, 35.827021 ], [ -4.915101, 35.832318 ], [ -4.909378, 35.835286 ], [ -4.904177, 35.838211 ], [ -4.893715, 35.844548 ], [ -4.893269, 35.844834 ], [ -4.882388, 35.852694 ], [ -4.880972, 35.853762 ], [ -4.871531, 35.861643 ], [ -4.869907, 35.862949 ], [ -4.860706, 35.8721 ], [ -4.860688, 35.872107 ], [ -4.850907, 35.881272 ], [ -4.84988, 35.882614 ], [ -4.842621, 35.890414 ], [ -4.839043, 35.892755 ], [ -4.828122, 35.899389 ], [ -4.827001, 35.899667 ], [ -4.817101, 35.90171 ], [ -4.806079, 35.904021 ], [ -4.795026, 35.905009 ], [ -4.783965, 35.905605 ], [ -4.772914, 35.906723 ], [ -4.761781, 35.904128 ], [ -4.750669, 35.902423 ], [ -4.739575, 35.901544 ], [ -4.728492, 35.901197 ], [ -4.728059, 35.901132 ], [ -4.71737, 35.898975 ], [ -4.706246, 35.896669 ], [ -4.695118, 35.894152 ], [ -4.689069, 35.892672 ], [ -4.683982, 35.89123 ], [ -4.672837, 35.887824 ], [ -4.661701, 35.884777 ], [ -4.659039, 35.884076 ], [ -4.650561, 35.881572 ], [ -4.63943, 35.878715 ], [ -4.628311, 35.876408 ], [ -4.623949, 35.875541 ], [ -4.617191, 35.873996 ], [ -4.606074, 35.871701 ], [ -4.594963, 35.869715 ], [ -4.583861, 35.868159 ], [ -4.57605, 35.867165 ], [ -4.572761, 35.866641 ], [ -4.561657, 35.864927 ], [ -4.550559, 35.863477 ], [ -4.539467, 35.862347 ], [ -4.528379, 35.861396 ], [ -4.517299, 35.860827 ], [ -4.506215, 35.86004 ], [ -4.495137, 35.859569 ], [ -4.487056, 35.859285 ], [ -4.484059, 35.859146 ], [ -4.472981, 35.858643 ], [ -4.461905, 35.858298 ], [ -4.450832, 35.858085 ], [ -4.439761, 35.858002 ], [ -4.428693, 35.858032 ], [ -4.417626, 35.858165 ], [ -4.406561, 35.858416 ], [ -4.395501, 35.85892 ], [ -4.384437, 35.859231 ], [ -4.373377, 35.859798 ], [ -4.362319, 35.860496 ], [ -4.357279, 35.860821 ], [ -4.351261, 35.861172 ], [ -4.340204, 35.861913 ], [ -4.329147, 35.862712 ], [ -4.318092, 35.863588 ], [ -4.307037, 35.864528 ], [ -4.295983, 35.865539 ], [ -4.284931, 35.866646 ], [ -4.273879, 35.867851 ], [ -4.262829, 35.869151 ], [ -4.25178, 35.870523 ], [ -4.247927, 35.871022 ], [ -4.24073, 35.871877 ], [ -4.229679, 35.873214 ], [ -4.218631, 35.87476 ], [ -4.207586, 35.876541 ], [ -4.196545, 35.878587 ], [ -4.186617, 35.880659 ], [ -4.185506, 35.880854 ], [ -4.17446, 35.882622 ], [ -4.163416, 35.884646 ], [ -4.152378, 35.887039 ], [ -4.141344, 35.889784 ], [ -4.139837, 35.890127 ], [ -4.130301, 35.891982 ], [ -4.119261, 35.894429 ], [ -4.108226, 35.897313 ], [ -4.100463, 35.899509 ], [ -4.097193, 35.90031 ], [ -4.086153, 35.902932 ], [ -4.075119, 35.906068 ], [ -4.066454, 35.908831 ], [ -4.064089, 35.909492 ], [ -4.053051, 35.912432 ], [ -4.042021, 35.916004 ], [ -4.035818, 35.918115 ], [ -4.030989, 35.919564 ], [ -4.019958, 35.92322 ], [ -4.00893, 35.927271 ], [ -4.008671, 35.927361 ], [ -3.997894, 35.930688 ], [ -3.986867, 35.934924 ], [ -3.982579, 35.936593 ], [ -3.975836, 35.938954 ], [ -3.964807, 35.943252 ], [ -3.958748, 35.945801 ], [ -3.953779, 35.947688 ], [ -3.94275, 35.952194 ], [ -3.936469, 35.954992 ], [ -3.931722, 35.956918 ], [ -3.920695, 35.96173 ], [ -3.915473, 35.964169 ], [ -3.909667, 35.966649 ], [ -3.898641, 35.971925 ], [ -3.895729, 35.973334 ], [ -3.887612, 35.97694 ], [ -3.877123, 35.982487 ], [ -3.87659, 35.982748 ], [ -3.865558, 35.987873 ], [ -3.858531, 35.991636 ], [ -3.854532, 35.993629 ], [ -3.843507, 35.999588 ], [ -3.841313, 36.000774 ], [ -3.832477, 36.005236 ], [ -3.824387, 36.009906 ], [ -3.821451, 36.011501 ], [ -3.810425, 36.017843 ], [ -3.808381, 36.019031 ], [ -3.799394, 36.023953 ], [ -3.792529, 36.028152 ], [ -3.788367, 36.030574 ], [ -3.777904, 36.037263 ], [ -3.777342, 36.037606 ], [ -3.766311, 36.044236 ], [ -3.762986, 36.046374 ], [ -3.755281, 36.051125 ], [ -3.748763, 36.055479 ], [ -3.744254, 36.058556 ], [ -3.735444, 36.064577 ], [ -3.733225, 36.065969 ], [ -3.722414, 36.073671 ], [ -3.722198, 36.073821 ], [ -3.711166, 36.081418 ], [ -3.709296, 36.082765 ], [ -3.700134, 36.089231 ], [ -3.696594, 36.091855 ], [ -3.689102, 36.097351 ], [ -3.684396, 36.10094 ], [ -3.678071, 36.105719 ], [ -3.672556, 36.110022 ], [ -3.667039, 36.114339 ], [ -3.661161, 36.119101 ], [ -3.656007, 36.123249 ], [ -3.649918, 36.128178 ], [ -3.644974, 36.132283 ], [ -3.639047, 36.137252 ], [ -3.63394, 36.141614 ], [ -3.628453, 36.146323 ], [ -3.622908, 36.151423 ], [ -3.618402, 36.15539 ], [ -3.611872, 36.161114 ], [ -3.608167, 36.164458 ], [ -3.600838, 36.171366 ], [ -3.598504, 36.173522 ], [ -3.589804, 36.182071 ], [ -3.589269, 36.182583 ], [ -3.579816, 36.191644 ], [ -3.578766, 36.192614 ], [ -3.570318, 36.200705 ], [ -3.567727, 36.203356 ], [ -3.561229, 36.209763 ], [ -3.556688, 36.214636 ], [ -3.5526, 36.218818 ], [ -3.545651, 36.226642 ], [ -3.544496, 36.227871 ], [ -3.536009, 36.236924 ], [ -3.53461, 36.238481 ], [ -3.527487, 36.245977 ], [ -3.523567, 36.250591 ], [ -3.519543, 36.255027 ], [ -3.512529, 36.263865 ], [ -3.51235, 36.264073 ], [ -3.50413, 36.273123 ], [ -3.501482, 36.276422 ], [ -3.496509, 36.28217 ], [ -3.49044, 36.290384 ], [ -3.489773, 36.291213 ], [ -3.482327, 36.300258 ], [ -3.479393, 36.303995 ], [ -3.475098, 36.309302 ], [ -3.468801, 36.318342 ], [ -3.468349, 36.318957 ], [ -3.461571, 36.327385 ], [ -3.457301, 36.333808 ], [ -3.455388, 36.336424 ], [ -3.448858, 36.345464 ], [ -3.446253, 36.349449 ], [ -3.442623, 36.354502 ], [ -3.436787, 36.363538 ], [ -3.435206, 36.366032 ], [ -3.430642, 36.372576 ], [ -3.425254, 36.38161 ], [ -3.424159, 36.383412 ], [ -3.419327, 36.390646 ], [ -3.414226, 36.399679 ], [ -3.413111, 36.40162 ], [ -3.408606, 36.408713 ], [ -3.403697, 36.417744 ], [ -3.402063, 36.420808 ], [ -3.398527, 36.426777 ], [ -3.393708, 36.435808 ], [ -3.391016, 36.44135 ], [ -3.38913, 36.444837 ], [ -3.384305, 36.453868 ], [ -3.380307, 36.462896 ], [ -3.379972, 36.463598 ], [ -3.375572, 36.471925 ], [ -3.371505, 36.480953 ], [ -3.368929, 36.487223 ], [ -3.367715, 36.48998 ], [ -3.363451, 36.499007 ], [ -3.359861, 36.508033 ], [ -3.35789, 36.513291 ], [ -3.356312, 36.517058 ], [ -3.352535, 36.526084 ], [ -3.349298, 36.535109 ], [ -3.346858, 36.542655 ], [ -3.346324, 36.544132 ], [ -3.342953, 36.553157 ], [ -3.339909, 36.56218 ], [ -3.337307, 36.571202 ], [ -3.335837, 36.576557 ], [ -3.334707, 36.580224 ], [ -3.331926, 36.589247 ], [ -3.329491, 36.598268 ], [ -3.327354, 36.607288 ], [ -3.325473, 36.616308 ], [ -3.324845, 36.619335 ], [ -3.323434, 36.625328 ], [ -3.321414, 36.634349 ], [ -3.319664, 36.643368 ], [ -3.318302, 36.652386 ], [ -3.316813, 36.661405 ], [ -3.315686, 36.670422 ], [ -3.314717, 36.679439 ], [ -3.313946, 36.688134 ], [ -3.313912, 36.688456 ], [ -3.312954, 36.697473 ], [ -3.312188, 36.706489 ], [ -3.311573, 36.715506 ], [ -3.311162, 36.724521 ], [ -3.310977, 36.733536 ], [ -3.310799, 36.742551 ], [ -3.310875, 36.751565 ], [ -3.31111, 36.760579 ], [ -3.31153, 36.769592 ], [ -3.312088, 36.778605 ], [ -3.312885, 36.787617 ], [ -3.313878, 36.796629 ], [ -3.314406, 36.801127 ], [ -3.31483, 36.805641 ], [ -3.315722, 36.814653 ], [ -3.316787, 36.823664 ], [ -3.318064, 36.832675 ], [ -3.320006, 36.841684 ], [ -3.322078, 36.850693 ], [ -3.323709, 36.859703 ], [ -3.325281, 36.868713 ], [ -3.325914, 36.872616 ], [ -3.326698, 36.877723 ], [ -3.32779, 36.886734 ], [ -3.328922, 36.895746 ], [ -3.330394, 36.904756 ], [ -3.331424, 36.913767 ], [ -3.333044, 36.922777 ], [ -3.333974, 36.931788 ], [ -3.335265, 36.940799 ], [ -3.336452, 36.949809 ], [ -3.337507, 36.958383 ], [ -3.337549, 36.95882 ], [ -3.338111, 36.967833 ], [ -3.3386, 36.976846 ], [ -3.338972, 36.985859 ], [ -3.339173, 36.994872 ], [ -3.33974, 37.003884 ], [ -3.34095, 37.012895 ], [ -3.340589, 37.02191 ], [ -3.338153, 37.030931 ], [ -3.33786, 37.038339 ], [ -3.337789, 37.039946 ], [ -3.336918, 37.048963 ], [ -3.334264, 37.057984 ], [ -3.331967, 37.067004 ], [ -3.333312, 37.076015 ], [ -3.338052, 37.081602 ], [ -3.341974, 37.085004 ], [ -3.349328, 37.088194 ], [ -3.360573, 37.087932 ], [ -3.371819, 37.087713 ], [ -3.383072, 37.088962 ], [ -3.394303, 37.086093 ], [ -3.405551, 37.086282 ], [ -3.416801, 37.087063 ], [ -3.428075, 37.09198 ], [ -3.436239, 37.093708 ], [ -3.439336, 37.094267 ], [ -3.450597, 37.096718 ], [ -3.461863, 37.099592 ], [ -3.472136, 37.102585 ], [ -3.473131, 37.102875 ], [ -3.484403, 37.106528 ], [ -3.495678, 37.110485 ], [ -3.498322, 37.111491 ], [ -3.506957, 37.114866 ], [ -3.518238, 37.119333 ], [ -3.520687, 37.120409 ], [ -3.529526, 37.124546 ], [ -3.539717, 37.129338 ], [ -3.540816, 37.129916 ], [ -3.552117, 37.136588 ], [ -3.554765, 37.138282 ], [ -3.563429, 37.144486 ], [ -3.567128, 37.147237 ], [ -3.574752, 37.153477 ], [ -3.577751, 37.1562 ], [ -3.586093, 37.164489 ], [ -3.58672, 37.165169 ], [ -3.593773, 37.174148 ], [ -3.597466, 37.179172 ], [ -3.600022, 37.18313 ], [ -3.60514, 37.192118 ], [ -3.608887, 37.199235 ], [ -3.609749, 37.201108 ], [ -3.612971, 37.210105 ], [ -3.615813, 37.219104 ], [ -3.618184, 37.228105 ], [ -3.620068, 37.237109 ], [ -3.620483, 37.239842 ], [ -3.621336, 37.246116 ], [ -3.622125, 37.255125 ], [ -3.622455, 37.264137 ], [ -3.62114, 37.273157 ], [ -3.620798, 37.278247 ], [ -3.62035, 37.282175 ], [ -3.615711, 37.291213 ], [ -3.610293, 37.300254 ], [ -3.609705, 37.300787 ], [ -3.59847, 37.306175 ], [ -3.587567, 37.309383 ], [ -3.587216, 37.309434 ], [ -3.575954, 37.311662 ], [ -3.564703, 37.31554 ], [ -3.557829, 37.31854 ], [ -3.55346, 37.320563 ], [ -3.542222, 37.326635 ], [ -3.540547, 37.327634 ], [ -3.530994, 37.334216 ], [ -3.527765, 37.336705 ], [ -3.519771, 37.342919 ], [ -3.516237, 37.345769 ], [ -3.50855, 37.352425 ], [ -3.506136, 37.354826 ], [ -3.497333, 37.362852 ], [ -3.496294, 37.363882 ], [ -3.487709, 37.372931 ], [ -3.486121, 37.374511 ], [ -3.480278, 37.381975 ], [ -3.474921, 37.388578 ], [ -3.472998, 37.391017 ], [ -3.465703, 37.40006 ], [ -3.463717, 37.402734 ], [ -3.45967, 37.409097 ], [ -3.452513, 37.417588 ], [ -3.452109, 37.418139 ], [ -3.446596, 37.427174 ], [ -3.441316, 37.43445 ], [ -3.440146, 37.436211 ], [ -3.43489, 37.445244 ], [ -3.430117, 37.451814 ], [ -3.428601, 37.45428 ], [ -3.422802, 37.463314 ], [ -3.418916, 37.469605 ], [ -3.417334, 37.472347 ], [ -3.412337, 37.481378 ], [ -3.407713, 37.488082 ], [ -3.406393, 37.490412 ], [ -3.401704, 37.499441 ], [ -3.396506, 37.5069 ], [ -3.395632, 37.508475 ], [ -3.391307, 37.517503 ], [ -3.385295, 37.525922 ], [ -3.384948, 37.526537 ], [ -3.380134, 37.535565 ], [ -3.374906, 37.544595 ], [ -3.374084, 37.546126 ], [ -3.371073, 37.553621 ], [ -3.366308, 37.562649 ], [ -3.362878, 37.568652 ], [ -3.361589, 37.571676 ], [ -3.358346, 37.5807 ], [ -3.353806, 37.589726 ], [ -3.35168, 37.594345 ], [ -3.350314, 37.59875 ], [ -3.347729, 37.607771 ], [ -3.344471, 37.616793 ], [ -3.340499, 37.625313 ], [ -3.340332, 37.625818 ], [ -3.338557, 37.634837 ], [ -3.336843, 37.643855 ], [ -3.333959, 37.652876 ], [ -3.332719, 37.661892 ], [ -3.330196, 37.670913 ], [ -3.329394, 37.675455 ], [ -3.328739, 37.67993 ], [ -3.327503, 37.688946 ], [ -3.326632, 37.697961 ], [ -3.326077, 37.706976 ], [ -3.326215, 37.715989 ], [ -3.32622, 37.725001 ], [ -3.325729, 37.734016 ], [ -3.325645, 37.743029 ], [ -3.326117, 37.75204 ], [ -3.326904, 37.761051 ], [ -3.328077, 37.770061 ], [ -3.329061, 37.779071 ], [ -3.329883, 37.785874 ], [ -3.330236, 37.78808 ], [ -3.332168, 37.797088 ], [ -3.334212, 37.806095 ], [ -3.336165, 37.815102 ], [ -3.338212, 37.824109 ], [ -3.340212, 37.833116 ], [ -3.341474, 37.837875 ], [ -3.342845, 37.842121 ], [ -3.346055, 37.851125 ], [ -3.34921, 37.860128 ], [ -3.352209, 37.869132 ], [ -3.352992, 37.871089 ], [ -3.356247, 37.878132 ], [ -3.360361, 37.887133 ], [ -3.364144, 37.896134 ], [ -3.364483, 37.896831 ], [ -3.369293, 37.90513 ], [ -3.374096, 37.914128 ], [ -3.375957, 37.917555 ], [ -3.379506, 37.923123 ], [ -3.385036, 37.932118 ], [ -3.387424, 37.935717 ], [ -3.39126, 37.94111 ], [ -3.397542, 37.950101 ], [ -3.398886, 37.951871 ], [ -3.404823, 37.959089 ], [ -3.410343, 37.966244 ], [ -3.4119, 37.968077 ], [ -3.419821, 37.977062 ], [ -3.421796, 37.97923 ], [ -3.428406, 37.986043 ], [ -3.433247, 37.991134 ], [ -3.437235, 37.995023 ], [ -3.444697, 38.002208 ], [ -3.446673, 38.004 ], [ -3.456145, 38.012432 ], [ -3.456784, 38.012974 ], [ -3.467585, 38.021944 ], [ -3.467592, 38.02195 ], [ -3.479037, 38.030826 ], [ -3.47915, 38.03091 ], [ -3.490482, 38.039168 ], [ -3.491493, 38.039871 ], [ -3.501926, 38.046995 ], [ -3.504729, 38.048827 ], [ -3.51337, 38.054465 ], [ -3.518759, 38.057779 ], [ -3.524813, 38.061543 ], [ -3.533748, 38.066724 ], [ -3.536255, 38.068141 ], [ -3.547699, 38.074662 ], [ -3.549525, 38.075664 ], [ -3.559142, 38.08087 ], [ -3.566365, 38.084596 ], [ -3.570586, 38.086927 ], [ -3.582028, 38.092598 ], [ -3.583954, 38.093522 ], [ -3.593474, 38.098393 ], [ -3.602738, 38.10244 ], [ -3.604916, 38.103493 ], [ -3.616361, 38.108869 ], [ -3.622377, 38.11135 ], [ -3.627804, 38.113797 ], [ -3.639248, 38.11856 ], [ -3.643561, 38.120248 ], [ -3.650693, 38.123312 ], [ -3.662136, 38.127684 ], [ -3.666084, 38.129134 ], [ -3.673581, 38.132171 ], [ -3.685024, 38.136308 ], [ -3.690012, 38.138008 ], [ -3.696469, 38.140446 ], [ -3.707914, 38.144463 ], [ -3.715661, 38.146867 ], [ -3.719357, 38.148144 ], [ -3.730804, 38.152137 ], [ -3.742245, 38.155402 ], [ -3.74324, 38.155708 ], [ -3.753693, 38.159294 ], [ -3.765137, 38.162635 ], [ -3.772177, 38.164533 ], [ -3.776581, 38.165871 ], [ -3.788028, 38.169356 ], [ -3.79947, 38.172277 ], [ -3.803597, 38.173335 ], [ -3.810917, 38.175455 ], [ -3.822363, 38.178576 ], [ -3.833805, 38.181232 ], [ -3.837511, 38.18211 ], [ -3.845252, 38.184191 ], [ -3.856697, 38.186974 ], [ -3.868141, 38.18958 ], [ -3.874165, 38.190855 ], [ -3.879586, 38.192164 ], [ -3.891034, 38.194934 ], [ -3.902478, 38.197346 ], [ -3.913919, 38.199446 ], [ -3.914478, 38.199559 ], [ -3.925367, 38.202088 ], [ -3.936813, 38.204425 ], [ -3.948255, 38.20646 ], [ -3.95942, 38.208213 ], [ -3.959695, 38.208263 ], [ -3.971142, 38.210603 ], [ -3.982586, 38.212636 ], [ -3.994028, 38.214459 ], [ -4.005467, 38.216045 ], [ -4.010834, 38.216793 ], [ -4.016909, 38.217786 ], [ -4.028354, 38.219665 ], [ -4.039795, 38.221322 ], [ -4.051235, 38.222808 ], [ -4.062673, 38.224112 ], [ -4.073866, 38.225245 ], [ -4.074109, 38.225275 ], [ -4.085552, 38.226891 ], [ -4.096992, 38.228318 ], [ -4.108431, 38.229586 ], [ -4.119868, 38.230728 ], [ -4.131304, 38.231733 ], [ -4.142737, 38.232625 ], [ -4.15417, 38.233424 ], [ -4.154964, 38.233487 ], [ -4.165608, 38.234539 ], [ -4.177045, 38.235575 ], [ -4.188481, 38.236513 ], [ -4.199915, 38.23733 ], [ -4.211348, 38.238053 ], [ -4.22278, 38.238708 ], [ -4.23421, 38.239275 ], [ -4.24564, 38.239769 ], [ -4.257065, 38.239998 ], [ -4.268496, 38.240587 ], [ -4.279923, 38.240908 ], [ -4.287986, 38.241114 ], [ -4.29135, 38.241232 ], [ -4.302779, 38.241687 ], [ -4.314207, 38.24207 ], [ -4.325635, 38.24239 ], [ -4.337061, 38.242657 ], [ -4.348486, 38.242857 ], [ -4.35991, 38.243005 ], [ -4.371334, 38.243116 ], [ -4.382756, 38.243165 ], [ -4.394178, 38.243166 ], [ -4.405598, 38.243123 ], [ -4.417018, 38.243052 ], [ -4.428437, 38.242922 ], [ -4.439855, 38.24275 ], [ -4.451273, 38.242546 ], [ -4.462689, 38.242293 ], [ -4.474104, 38.241997 ], [ -4.485518, 38.241656 ], [ -4.496931, 38.241266 ], [ -4.508343, 38.240823 ], [ -4.519754, 38.240327 ], [ -4.531163, 38.239773 ], [ -4.542571, 38.239151 ], [ -4.553977, 38.238466 ], [ -4.565004, 38.237747 ], [ -4.565382, 38.237726 ], [ -4.57679, 38.237181 ], [ -4.588197, 38.236585 ], [ -4.599603, 38.235931 ], [ -4.611008, 38.235213 ], [ -4.62241, 38.23444 ], [ -4.633811, 38.233593 ], [ -4.64521, 38.232654 ], [ -4.656606, 38.231639 ], [ -4.668, 38.23052 ], [ -4.679391, 38.229282 ], [ -4.690778, 38.227908 ], [ -4.699309, 38.226867 ], [ -4.702165, 38.22658 ], [ -4.713558, 38.225463 ], [ -4.72495, 38.224346 ], [ -4.736337, 38.223059 ], [ -4.747721, 38.22163 ], [ -4.7591, 38.220031 ], [ -4.770474, 38.218247 ], [ -4.779969, 38.21666 ], [ -4.781846, 38.216384 ], [ -4.793228, 38.214977 ], [ -4.804605, 38.21339 ], [ -4.815977, 38.211604 ], [ -4.827342, 38.20958 ], [ -4.8387, 38.207274 ], [ -4.841799, 38.206695 ], [ -4.850068, 38.205399 ], [ -4.861435, 38.203525 ], [ -4.872795, 38.201378 ], [ -4.884145, 38.198905 ], [ -4.892863, 38.196872 ], [ -4.895493, 38.196352 ], [ -4.906852, 38.194263 ], [ -4.918201, 38.191848 ], [ -4.92954, 38.189023 ], [ -4.936772, 38.187144 ], [ -4.940878, 38.186239 ], [ -4.952225, 38.183799 ], [ -4.963559, 38.180911 ], [ -4.974743, 38.1775 ], [ -4.974876, 38.177466 ], [ -4.986217, 38.174907 ], [ -4.997543, 38.171829 ], [ -5.008849, 38.168049 ], [ -5.009359, 38.167902 ], [ -5.020179, 38.165187 ], [ -5.031492, 38.161762 ], [ -5.041231, 38.158341 ], [ -5.042791, 38.157873 ], [ -5.054112, 38.154794 ], [ -5.065412, 38.150995 ], [ -5.071662, 38.148797 ], [ -5.076712, 38.147285 ], [ -5.088016, 38.14371 ], [ -5.099297, 38.13938 ], [ -5.099558, 38.139291 ], [ -5.110607, 38.136122 ], [ -5.121892, 38.132028 ], [ -5.127813, 38.129771 ], [ -5.133179, 38.128034 ], [ -5.144468, 38.124173 ], [ -5.153833, 38.120286 ], [ -5.155736, 38.11961 ], [ -5.167027, 38.115898 ], [ -5.178281, 38.110964 ], [ -5.178666, 38.110817 ], [ -5.189571, 38.107303 ], [ -5.200825, 38.102472 ], [ -5.203608, 38.101341 ], [ -5.212101, 38.098409 ], [ -5.223353, 38.093585 ], [ -5.22734, 38.091883 ], [ -5.234617, 38.089244 ], [ -5.245863, 38.084339 ], [ -5.25015, 38.082437 ], [ -5.25712, 38.079816 ], [ -5.268357, 38.074729 ], [ -5.272151, 38.073003 ], [ -5.279608, 38.070123 ], [ -5.290833, 38.064732 ], [ -5.293336, 38.06358 ], [ -5.302082, 38.06016 ], [ -5.313288, 38.054288 ], [ -5.313537, 38.054174 ], [ -5.324539, 38.049872 ], [ -5.334211, 38.044754 ], [ -5.335744, 38.044048 ], [ -5.346977, 38.039174 ], [ -5.35425, 38.035344 ], [ -5.358185, 38.033542 ], [ -5.369392, 38.027955 ], [ -5.373261, 38.025951 ], [ -5.380601, 38.022475 ], [ -5.391215, 38.016576 ], [ -5.391786, 38.016309 ], [ -5.403004, 38.011207 ], [ -5.41019, 38.007178 ], [ -5.41419, 38.005193 ], [ -5.425367, 37.998958 ], [ -5.427405, 37.997813 ], [ -5.436564, 37.993372 ], [ -5.445108, 37.988435 ], [ -5.447735, 37.98705 ], [ -5.458906, 37.980788 ], [ -5.46186, 37.979075 ], [ -5.470083, 37.974775 ], [ -5.478169, 37.969722 ], [ -5.481232, 37.96797 ], [ -5.492367, 37.960818 ], [ -5.493055, 37.960397 ], [ -5.503529, 37.954539 ], [ -5.508891, 37.951049 ], [ -5.514666, 37.947555 ], [ -5.523225, 37.941732 ], [ -5.525784, 37.940098 ], [ -5.536637, 37.932433 ], [ -5.536887, 37.932265 ], [ -5.54801, 37.92509 ], [ -5.550828, 37.923116 ], [ -5.559121, 37.917607 ], [ -5.564384, 37.913811 ], [ -5.570217, 37.90976 ], [ -5.577242, 37.904519 ], [ -5.581299, 37.90159 ], [ -5.589646, 37.895236 ], [ -5.592371, 37.893206 ], [ -5.60165, 37.885961 ], [ -5.603432, 37.884593 ], [ -5.613392, 37.87669 ], [ -5.614486, 37.875829 ], [ -5.624856, 37.867425 ], [ -5.625531, 37.866881 ], [ -5.63614, 37.858162 ], [ -5.636568, 37.857808 ], [ -5.647203, 37.848903 ], [ -5.647597, 37.848571 ], [ -5.658112, 37.839647 ], [ -5.658619, 37.839209 ], [ -5.668822, 37.830394 ], [ -5.669632, 37.82968 ], [ -5.679372, 37.821144 ], [ -5.680637, 37.82 ], [ -5.689718, 37.811898 ], [ -5.691631, 37.810129 ], [ -5.699867, 37.802655 ], [ -5.702616, 37.800043 ], [ -5.709779, 37.793417 ], [ -5.713588, 37.789705 ], [ -5.719427, 37.784184 ], [ -5.724544, 37.779023 ], [ -5.728753, 37.774958 ], [ -5.735483, 37.767949 ], [ -5.7377, 37.76574 ], [ -5.746312, 37.756529 ], [ -5.746403, 37.756436 ], [ -5.755736, 37.747299 ], [ -5.757343, 37.745583 ], [ -5.764808, 37.738076 ], [ -5.768265, 37.734304 ], [ -5.773535, 37.72886 ], [ -5.77916, 37.72241 ], [ -5.78172, 37.719657 ], [ -5.78965, 37.710459 ], [ -5.790034, 37.710031 ], [ -5.798428, 37.701241 ], [ -5.800926, 37.698221 ], [ -5.806565, 37.692037 ], [ -5.81179, 37.685781 ], [ -5.814387, 37.68284 ], [ -5.821926, 37.67365 ], [ -5.822631, 37.672809 ], [ -5.830213, 37.664441 ], [ -5.833488, 37.660351 ], [ -5.837934, 37.655245 ], [ -5.844299, 37.646787 ], [ -5.844887, 37.646067 ], [ -5.852825, 37.636865 ], [ -5.855132, 37.63391 ], [ -5.860422, 37.627671 ], [ -5.865927, 37.62011 ], [ -5.867217, 37.618495 ], [ -5.87465, 37.609304 ], [ -5.876726, 37.606533 ], [ -5.881936, 37.600116 ], [ -5.887487, 37.592084 ], [ -5.888353, 37.590949 ], [ -5.895608, 37.581761 ], [ -5.898258, 37.577981 ], [ -5.902389, 37.572584 ], [ -5.908523, 37.563422 ], [ -5.908983, 37.562774 ], [ -5.915512, 37.55424 ], [ -5.919708, 37.547715 ], [ -5.921577, 37.545079 ], [ -5.927957, 37.535911 ], [ -5.930407, 37.532067 ], [ -5.934117, 37.526748 ], [ -5.939842, 37.517595 ], [ -5.94107, 37.515623 ], [ -5.945938, 37.508433 ], [ -5.951199, 37.499291 ], [ -5.9517, 37.498461 ], [ -5.957157, 37.490132 ], [ -5.962051, 37.480999 ], [ -5.962297, 37.480571 ], [ -5.967704, 37.471847 ], [ -5.972356, 37.46272 ], [ -5.972853, 37.461787 ], [ -5.97744, 37.453581 ], [ -5.982045, 37.444455 ], [ -5.983354, 37.441742 ], [ -5.986658, 37.435328 ], [ -5.991023, 37.426208 ], [ -5.99377, 37.419675 ], [ -5.994943, 37.417098 ], [ -5.99913, 37.407982 ], [ -6.002632, 37.398882 ], [ -6.004073, 37.394934 ], [ -6.006141, 37.389783 ], [ -6.009366, 37.380691 ], [ -6.012399, 37.371603 ], [ -6.014172, 37.365241 ], [ -6.01501, 37.362526 ], [ -6.017689, 37.353448 ], [ -6.01999, 37.344379 ], [ -6.022085, 37.335315 ], [ -6.023895, 37.326384 ], [ -6.023924, 37.326258 ], [ -6.026203, 37.317189 ], [ -6.028222, 37.308127 ], [ -6.029973, 37.299072 ], [ -6.03149, 37.290023 ], [ -6.032797, 37.280979 ], [ -6.033226, 37.277969 ], [ -6.034197, 37.271933 ], [ -6.035618, 37.262886 ], [ -6.036751, 37.253847 ], [ -6.037587, 37.244815 ], [ -6.03833, 37.235786 ], [ -6.038823, 37.226763 ], [ -6.039053, 37.217747 ], [ -6.039052, 37.208736 ], [ -6.038863, 37.199731 ], [ -6.038367, 37.190733 ], [ -6.037594, 37.181743 ], [ -6.036552, 37.172759 ], [ -6.035073, 37.163787 ], [ -6.033156, 37.154825 ], [ -6.030634, 37.14588 ], [ -6.027584, 37.136998 ], [ -6.027571, 37.136947 ], [ -6.026994, 37.127952 ], [ -6.026112, 37.118964 ], [ -6.025159, 37.109978 ], [ -6.024291, 37.100989 ], [ -6.02414, 37.091983 ], [ -6.024272, 37.082969 ], [ -6.025314, 37.079995 ], [ -6.034383, 37.0737 ], [ -6.036143, 37.069672 ], [ -6.037389, 37.064612 ], [ -6.044162, 37.055428 ], [ -6.046613, 37.050443 ], [ -6.047733, 37.046326 ], [ -6.051004, 37.037231 ], [ -6.055184, 37.028113 ], [ -6.056681, 37.021326 ], [ -6.057168, 37.019051 ], [ -6.060303, 37.00996 ], [ -6.062699, 37.000888 ], [ -6.064614, 36.991828 ], [ -6.066309, 36.982773 ], [ -6.066354, 36.982549 ], [ -6.068345, 36.97371 ], [ -6.070185, 36.964652 ], [ -6.071856, 36.955598 ], [ -6.073267, 36.946551 ], [ -6.074662, 36.937505 ], [ -6.07555, 36.93211 ], [ -6.076151, 36.928455 ], [ -6.07761, 36.919407 ], [ -6.079193, 36.910355 ], [ -6.080683, 36.901306 ], [ -6.081769, 36.892267 ], [ -6.08279, 36.88323 ], [ -6.083863, 36.874192 ], [ -6.084281, 36.870386 ], [ -6.084856, 36.865156 ], [ -6.085847, 36.856119 ], [ -6.086834, 36.847083 ], [ -6.087625, 36.838052 ], [ -6.088285, 36.829024 ], [ -6.088825, 36.819999 ], [ -6.089275, 36.810977 ], [ -6.08963, 36.801957 ], [ -6.089891, 36.79294 ], [ -6.090057, 36.783925 ], [ -6.090143, 36.774912 ], [ -6.090144, 36.765901 ], [ -6.090063, 36.756892 ], [ -6.089898, 36.747886 ], [ -6.089655, 36.738882 ], [ -6.089333, 36.729879 ], [ -6.08893, 36.720879 ], [ -6.088445, 36.711881 ], [ -6.087881, 36.702885 ], [ -6.087236, 36.693891 ], [ -6.086506, 36.684899 ], [ -6.08569, 36.675909 ], [ -6.084787, 36.666922 ], [ -6.083794, 36.657937 ], [ -6.082706, 36.648954 ], [ -6.081519, 36.639974 ], [ -6.080231, 36.630996 ], [ -6.078832, 36.622022 ], [ -6.07731, 36.61305 ], [ -6.075693, 36.604081 ], [ -6.073985, 36.595114 ], [ -6.073095, 36.590479 ], [ -6.072323, 36.586146 ], [ -6.070712, 36.577177 ], [ -6.068999, 36.56821 ], [ -6.067182, 36.559246 ], [ -6.065244, 36.550285 ], [ -6.063177, 36.541327 ], [ -6.060963, 36.532373 ], [ -6.059388, 36.526198 ], [ -6.05871, 36.52342 ], [ -6.056619, 36.514462 ], [ -6.054307, 36.505511 ], [ -6.051915, 36.496561 ], [ -6.049284, 36.487617 ], [ -6.04644, 36.478679 ], [ -6.046353, 36.478395 ], [ -6.04387, 36.469733 ], [ -6.041061, 36.460794 ], [ -6.038079, 36.451858 ], [ -6.034782, 36.442931 ], [ -6.033704, 36.440025 ], [ -6.031603, 36.434001 ], [ -6.028318, 36.425073 ], [ -6.024696, 36.416154 ], [ -6.021334, 36.408528 ], [ -6.020799, 36.407241 ], [ -6.017108, 36.398323 ], [ -6.012988, 36.389416 ], [ -6.009163, 36.381883 ], [ -6.008505, 36.380518 ], [ -6.0042, 36.371615 ], [ -5.999363, 36.362725 ], [ -5.997136, 36.358761 ], [ -5.994504, 36.353836 ], [ -5.989493, 36.34495 ], [ -5.985205, 36.337981 ], [ -5.984093, 36.336074 ], [ -5.978933, 36.327191 ], [ -5.973337, 36.318664 ], [ -5.973126, 36.318325 ], [ -5.967798, 36.309446 ], [ -5.961728, 36.300585 ], [ -5.96151, 36.300253 ], [ -5.956196, 36.29171 ], [ -5.949885, 36.282855 ], [ -5.949717, 36.282607 ], [ -5.944169, 36.273984 ], [ -5.937951, 36.265538 ], [ -5.937669, 36.265133 ], [ -5.931759, 36.256266 ], [ -5.926206, 36.248875 ], [ -5.92517, 36.247416 ], [ -5.91898, 36.238555 ], [ -5.914482, 36.232646 ], [ -5.912368, 36.229705 ], [ -5.905846, 36.220852 ], [ -5.90278, 36.216859 ], [ -5.899257, 36.212 ], [ -5.892336, 36.203156 ], [ -5.8911, 36.20155 ], [ -5.885831, 36.194301 ], [ -5.879432, 36.186431 ], [ -5.878685, 36.185462 ], [ -5.872062, 36.176609 ], [ -5.867768, 36.171316 ], [ -5.865039, 36.167766 ], [ -5.857927, 36.158924 ], [ -5.856127, 36.156692 ], [ -5.851069, 36.150075 ], [ -5.844498, 36.142264 ], [ -5.843678, 36.141239 ], [ -5.836735, 36.132392 ], [ -5.832872, 36.127799 ], [ -5.829462, 36.123552 ], [ -5.821858, 36.11472 ], [ -5.821275, 36.114026 ], [ -5.814708, 36.105876 ], [ -5.809677, 36.100131 ], [ -5.807069, 36.097043 ], [ -5.799285, 36.088213 ], [ -5.798107, 36.086872 ], [ -5.791741, 36.079377 ], [ -5.786543, 36.073674 ], [ -5.783783, 36.07055 ], [ -5.775588, 36.061728 ], [ -5.775004, 36.061092 ], [ -5.767687, 36.052899 ], [ -5.763467, 36.048464 ], [ -5.759383, 36.044078 ], [ -5.751958, 36.036502 ], [ -5.750763, 36.035264 ], [ -5.74217, 36.026449 ], [ -5.740459, 36.024732 ], [ -5.733472, 36.017635 ], [ -5.728973, 36.01326 ], [ -5.724454, 36.008828 ], [ -5.717508, 36.002283 ], [ -5.715118, 36.000027 ], [ -5.706061, 35.99175 ], [ -5.705496, 35.991232 ], [ -5.695734, 35.98244 ], [ -5.694626, 35.981466 ], [ -5.685689, 35.973653 ], [ -5.683207, 35.971549 ], [ -5.675236, 35.964874 ], [ -5.671805, 35.962081 ], [ -5.664328, 35.956104 ], [ -5.660421, 35.95306 ], [ -5.652896, 35.947345 ], [ -5.649055, 35.944492 ], [ -5.640842, 35.938598 ], [ -5.637707, 35.936393 ], [ -5.627969, 35.929868 ], [ -5.626379, 35.928814 ], [ -5.615062, 35.921522 ], [ -5.614478, 35.92115 ], [ -5.603751, 35.914328 ], [ -5.600652, 35.912438 ], [ -5.59245, 35.907415 ], [ -5.586148, 35.903738 ], [ -5.581162, 35.900809 ], [ -5.570799, 35.895055 ], [ -5.569887, 35.894544 ], [ -5.558613, 35.888267 ], [ -5.555047, 35.886379 ], [ -5.547349, 35.882245 ], [ -5.538303, 35.877721 ], [ -5.536098, 35.876599 ], [ -5.524851, 35.870988 ], [ -5.520825, 35.869076 ], [ -5.513611, 35.865575 ], [ -5.502387, 35.860599 ], [ -5.502066, 35.860456 ], [ -5.491157, 35.855425 ], [ -5.482521, 35.851848 ], [ -5.479945, 35.850746 ], [ -5.468732, 35.846025 ], [ -5.461574, 35.843266 ], [ -5.457532, 35.841647 ], [ -5.446334, 35.837304 ], [ -5.43903, 35.834713 ], [ -5.435146, 35.83327 ], [ -5.423959, 35.829217 ], [ -5.414525, 35.826195 ], [ -5.412787, 35.825607 ], [ -5.40161, 35.821837 ], [ -5.39045, 35.818577 ], [ -5.387456, 35.817722 ], [ -5.379289, 35.815249 ], [ -5.368137, 35.812182 ], [ -5.356998, 35.809536 ], [ -5.35614, 35.809327 ], [ -5.345852, 35.80665 ], [ -5.334718, 35.804117 ], [ -5.323594, 35.801924 ], [ -5.318884, 35.801038 ], [ -5.31247, 35.799723 ], [ -5.301352, 35.797678 ], [ -5.29024, 35.79583 ], [ -5.279138, 35.794339 ], [ -5.268045, 35.79311 ], [ -5.26717, 35.793012 ], [ -5.256947, 35.79172 ], [ -5.245854, 35.790473 ], [ -5.234766, 35.789438 ], [ -5.22369, 35.788778 ], [ -5.212612, 35.788067 ], [ -5.201537, 35.78745 ], [ -5.190464, 35.786913 ], [ -5.179395, 35.786495 ], [ -5.168324, 35.785988 ], [ -5.165422, 35.785874 ], [ -5.157253, 35.785528 ], [ -5.146186, 35.785159 ], [ -5.135122, 35.784939 ], [ -5.124059, 35.784723 ], [ -5.112978, 35.783865 ], [ -5.101878, 35.782237 ], [ -5.090789, 35.781042 ], [ -5.079736, 35.781212 ], [ -5.068731, 35.783211 ], [ -5.057748, 35.786121 ], [ -5.046727, 35.787545 ] ] } },
{ "type": "Feature", "properties": { "fid": 38, "ID": 37, "Intensidad": 9.0 }, "geometry": { "type": "LineString", "coordinates": [ [ -5.213309, 35.412831 ], [ -5.203313, 35.41561 ], [ -5.202386, 35.415879 ], [ -5.191472, 35.419315 ], [ -5.180562, 35.422945 ], [ -5.174282, 35.425151 ], [ -5.169658, 35.4268 ], [ -5.158752, 35.430647 ], [ -5.147842, 35.434355 ], [ -5.146919, 35.434655 ], [ -5.136922, 35.437737 ], [ -5.126005, 35.441284 ], [ -5.115379, 35.444226 ], [ -5.115074, 35.444315 ], [ -5.10415, 35.447645 ], [ -5.093223, 35.45091 ], [ -5.083648, 35.453793 ], [ -5.082295, 35.454178 ], [ -5.071386, 35.458202 ], [ -5.060457, 35.461464 ], [ -5.054375, 35.463309 ], [ -5.049532, 35.464977 ], [ -5.038617, 35.468859 ], [ -5.027686, 35.472189 ], [ -5.025936, 35.472805 ], [ -5.016777, 35.476433 ], [ -5.005861, 35.480447 ], [ -5.001106, 35.482234 ], [ -4.994949, 35.484631 ], [ -4.984049, 35.489384 ], [ -4.978636, 35.491619 ], [ -4.973148, 35.494145 ], [ -4.962249, 35.499041 ], [ -4.958155, 35.500968 ], [ -4.951359, 35.50435 ], [ -4.940481, 35.51023 ], [ -4.940415, 35.510269 ], [ -4.929623, 35.517006 ], [ -4.925809, 35.519518 ], [ -4.918777, 35.524382 ], [ -4.912526, 35.528744 ], [ -4.907939, 35.532152 ], [ -4.900505, 35.537949 ], [ -4.897118, 35.540735 ], [ -4.889792, 35.547132 ], [ -4.886319, 35.550366 ], [ -4.879622, 35.556305 ], [ -4.875532, 35.560653 ], [ -4.86821, 35.565498 ], [ -4.86478, 35.572524 ], [ -4.8615, 35.574616 ], [ -4.854151, 35.583744 ], [ -4.854018, 35.584104 ], [ -4.850824, 35.59281 ], [ -4.846515, 35.601891 ], [ -4.843511, 35.60692 ], [ -4.836168, 35.611064 ], [ -4.832853, 35.620129 ], [ -4.83278, 35.620213 ], [ -4.822792, 35.629296 ], [ -4.821968, 35.630052 ], [ -4.812282, 35.638469 ], [ -4.811138, 35.639211 ], [ -4.800256, 35.64618 ], [ -4.795713, 35.647732 ], [ -4.789288, 35.649371 ], [ -4.778272, 35.650451 ], [ -4.767201, 35.649036 ], [ -4.759821, 35.648262 ], [ -4.756127, 35.647475 ], [ -4.74495, 35.641147 ], [ -4.739594, 35.639541 ], [ -4.733794, 35.635703 ], [ -4.722655, 35.630998 ], [ -4.722247, 35.630776 ], [ -4.711425, 35.621992 ], [ -4.711241, 35.621918 ], [ -4.70022, 35.613983 ], [ -4.68917, 35.613263 ], [ -4.689033, 35.613217 ], [ -4.678053, 35.609367 ], [ -4.666966, 35.606807 ], [ -4.657857, 35.604635 ], [ -4.655877, 35.604162 ], [ -4.644795, 35.601774 ], [ -4.633721, 35.599776 ], [ -4.622653, 35.59807 ], [ -4.611591, 35.596608 ], [ -4.608796, 35.596285 ], [ -4.600532, 35.595309 ], [ -4.589477, 35.594168 ], [ -4.578426, 35.593223 ], [ -4.567378, 35.59241 ], [ -4.556333, 35.591749 ], [ -4.545291, 35.591236 ], [ -4.53425, 35.590802 ], [ -4.523213, 35.59051 ], [ -4.512177, 35.590326 ], [ -4.501142, 35.590178 ], [ -4.49011, 35.590152 ], [ -4.479078, 35.590186 ], [ -4.468048, 35.590299 ], [ -4.457019, 35.590482 ], [ -4.445991, 35.590708 ], [ -4.434964, 35.591005 ], [ -4.423938, 35.591363 ], [ -4.412913, 35.591758 ], [ -4.401888, 35.592214 ], [ -4.390865, 35.592725 ], [ -4.379845, 35.593456 ], [ -4.368819, 35.593871 ], [ -4.357797, 35.594527 ], [ -4.346776, 35.595232 ], [ -4.335755, 35.595964 ], [ -4.324735, 35.596752 ], [ -4.313716, 35.597599 ], [ -4.302698, 35.598534 ], [ -4.29168, 35.599547 ], [ -4.285107, 35.600172 ], [ -4.280663, 35.600558 ], [ -4.269645, 35.601538 ], [ -4.258627, 35.602586 ], [ -4.247611, 35.603727 ], [ -4.236595, 35.604965 ], [ -4.225581, 35.606307 ], [ -4.214569, 35.60776 ], [ -4.203557, 35.60935 ], [ -4.198484, 35.61008 ], [ -4.192545, 35.610858 ], [ -4.181531, 35.612357 ], [ -4.17052, 35.61405 ], [ -4.159511, 35.615877 ], [ -4.148502, 35.617768 ], [ -4.137492, 35.619659 ], [ -4.137327, 35.619689 ], [ -4.126483, 35.621618 ], [ -4.115475, 35.623654 ], [ -4.104466, 35.625775 ], [ -4.093459, 35.627975 ], [ -4.087733, 35.629162 ], [ -4.082452, 35.630257 ], [ -4.071445, 35.632575 ], [ -4.060437, 35.634929 ], [ -4.049432, 35.637499 ], [ -4.045034, 35.638556 ], [ -4.038426, 35.640031 ], [ -4.027419, 35.642599 ], [ -4.016415, 35.645463 ], [ -4.007755, 35.647889 ], [ -4.005413, 35.648493 ], [ -3.994406, 35.651258 ], [ -3.983403, 35.65436 ], [ -3.974233, 35.657181 ], [ -3.972402, 35.657701 ], [ -3.961396, 35.66074 ], [ -3.950395, 35.664173 ], [ -3.943502, 35.666441 ], [ -3.939393, 35.667695 ], [ -3.928389, 35.671108 ], [ -3.91739, 35.675 ], [ -3.915436, 35.675674 ], [ -3.906385, 35.678577 ], [ -3.895384, 35.682512 ], [ -3.889059, 35.684887 ], [ -3.884383, 35.686534 ], [ -3.873381, 35.690546 ], [ -3.864633, 35.694081 ], [ -3.862381, 35.694938 ], [ -3.851378, 35.699097 ], [ -3.841674, 35.703259 ], [ -3.84038, 35.703783 ], [ -3.829376, 35.708139 ], [ -3.81986, 35.712426 ], [ -3.818377, 35.713059 ], [ -3.807374, 35.717692 ], [ -3.799101, 35.721581 ], [ -3.796375, 35.722801 ], [ -3.785372, 35.7278 ], [ -3.779392, 35.730726 ], [ -3.774372, 35.733064 ], [ -3.763372, 35.738583 ], [ -3.760836, 35.73986 ], [ -3.752368, 35.743899 ], [ -3.742739, 35.748989 ], [ -3.741368, 35.749681 ], [ -3.730362, 35.755139 ], [ -3.724765, 35.758115 ], [ -3.719358, 35.760849 ], [ -3.708355, 35.766906 ], [ -3.707745, 35.767232 ], [ -3.697347, 35.772505 ], [ -3.690459, 35.776348 ], [ -3.686341, 35.778544 ], [ -3.675334, 35.784793 ], [ -3.674148, 35.785456 ], [ -3.664324, 35.790693 ], [ -3.657667, 35.794563 ], [ -3.653314, 35.796994 ], [ -3.642306, 35.80363 ], [ -3.642251, 35.803662 ], [ -3.631292, 35.809766 ], [ -3.626322, 35.812762 ], [ -3.62028, 35.816268 ], [ -3.611314, 35.821855 ], [ -3.609267, 35.823086 ], [ -3.598253, 35.829881 ], [ -3.596543, 35.830945 ], [ -3.587236, 35.836534 ], [ -3.581775, 35.840033 ], [ -3.576219, 35.843488 ], [ -3.567673, 35.849116 ], [ -3.565202, 35.850699 ], [ -3.554185, 35.858124 ], [ -3.554077, 35.858195 ], [ -3.543163, 35.865194 ], [ -3.540087, 35.867275 ], [ -3.532141, 35.872521 ], [ -3.526603, 35.87635 ], [ -3.521118, 35.880074 ], [ -3.513561, 35.885422 ], [ -3.510095, 35.887833 ], [ -3.500865, 35.894492 ], [ -3.49907, 35.89577 ], [ -3.488481, 35.903558 ], [ -3.488044, 35.903888 ], [ -3.477016, 35.911976 ], [ -3.476103, 35.912624 ], [ -3.465986, 35.920076 ], [ -3.463901, 35.921687 ], [ -3.454955, 35.928444 ], [ -3.45191, 35.930748 ], [ -3.443923, 35.936906 ], [ -3.440235, 35.939807 ], [ -3.432889, 35.945597 ], [ -3.428798, 35.948864 ], [ -3.421854, 35.954454 ], [ -3.417603, 35.957919 ], [ -3.410817, 35.9635 ], [ -3.406621, 35.966973 ], [ -3.399778, 35.972721 ], [ -3.395867, 35.976024 ], [ -3.388738, 35.982144 ], [ -3.385324, 35.985074 ], [ -3.377697, 35.991772 ], [ -3.375015, 35.994122 ], [ -3.366654, 36.00163 ], [ -3.364926, 36.003169 ], [ -3.355609, 36.01174 ], [ -3.355089, 36.012214 ], [ -3.34525, 36.021258 ], [ -3.344561, 36.021906 ], [ -3.335521, 36.030301 ], [ -3.333512, 36.032249 ], [ -3.32608, 36.039343 ], [ -3.322461, 36.042969 ], [ -3.316938, 36.048383 ], [ -3.311409, 36.054127 ], [ -3.30838, 36.057421 ], [ -3.300356, 36.065917 ], [ -3.29979, 36.066458 ], [ -3.291097, 36.075495 ], [ -3.289299, 36.077484 ], [ -3.282648, 36.08453 ], [ -3.27824, 36.08952 ], [ -3.27456, 36.093565 ], [ -3.267182, 36.102445 ], [ -3.267049, 36.102597 ], [ -3.258906, 36.11163 ], [ -3.256118, 36.115014 ], [ -3.251238, 36.120662 ], [ -3.245054, 36.128631 ], [ -3.244183, 36.129692 ], [ -3.236658, 36.138723 ], [ -3.233986, 36.142196 ], [ -3.229466, 36.147752 ], [ -3.222987, 36.156779 ], [ -3.222918, 36.156871 ], [ -3.215719, 36.165808 ], [ -3.211844, 36.171307 ], [ -3.209183, 36.174835 ], [ -3.202703, 36.183862 ], [ -3.200769, 36.186659 ], [ -3.196374, 36.192887 ], [ -3.190285, 36.201912 ], [ -3.189692, 36.202791 ], [ -3.183754, 36.210938 ], [ -3.178611, 36.219417 ], [ -3.178252, 36.219962 ], [ -3.171905, 36.228986 ], [ -3.167527, 36.236484 ], [ -3.166551, 36.238009 ], [ -3.160546, 36.247032 ], [ -3.156439, 36.254387 ], [ -3.155412, 36.256054 ], [ -3.14964, 36.265077 ], [ -3.145348, 36.273185 ], [ -3.144813, 36.274098 ], [ -3.139162, 36.28312 ], [ -3.134586, 36.29214 ], [ -3.134253, 36.292746 ], [ -3.129134, 36.301161 ], [ -3.124558, 36.310181 ], [ -3.123153, 36.312936 ], [ -3.119677, 36.319201 ], [ -3.114945, 36.328221 ], [ -3.11205, 36.334486 ], [ -3.110619, 36.33724 ], [ -3.106104, 36.34626 ], [ -3.101809, 36.355278 ], [ -3.100942, 36.357151 ], [ -3.097218, 36.364297 ], [ -3.093021, 36.373316 ], [ -3.089829, 36.381203 ], [ -3.089309, 36.382333 ], [ -3.084791, 36.391352 ], [ -3.081022, 36.400369 ], [ -3.07871, 36.406391 ], [ -3.077399, 36.409387 ], [ -3.073336, 36.418404 ], [ -3.06991, 36.427421 ], [ -3.067587, 36.434139 ], [ -3.066673, 36.436438 ], [ -3.062875, 36.445455 ], [ -3.059647, 36.454472 ], [ -3.056862, 36.463488 ], [ -3.056457, 36.464692 ], [ -3.053419, 36.472504 ], [ -3.050271, 36.481521 ], [ -3.04756, 36.490537 ], [ -3.045321, 36.498912 ], [ -3.045121, 36.499552 ], [ -3.041933, 36.508568 ], [ -3.039293, 36.517584 ], [ -3.036765, 36.5266 ], [ -3.034655, 36.535615 ], [ -3.034177, 36.537501 ], [ -3.032052, 36.544631 ], [ -3.029507, 36.553646 ], [ -3.027282, 36.562661 ], [ -3.025319, 36.571677 ], [ -3.023603, 36.580692 ], [ -3.023025, 36.583468 ], [ -3.021464, 36.589707 ], [ -3.019303, 36.598722 ], [ -3.017388, 36.607737 ], [ -3.015677, 36.616752 ], [ -3.014148, 36.625767 ], [ -3.012779, 36.634781 ], [ -3.01186, 36.64107 ], [ -3.011403, 36.643796 ], [ -3.009642, 36.652811 ], [ -3.008084, 36.661826 ], [ -3.006685, 36.67084 ], [ -3.005434, 36.679855 ], [ -3.004296, 36.68887 ], [ -3.00327, 36.697884 ], [ -3.002347, 36.706899 ], [ -3.001508, 36.715913 ], [ -3.00074, 36.724928 ], [ -3.00068, 36.725576 ], [ -2.999739, 36.733942 ], [ -2.998829, 36.742957 ], [ -2.997961, 36.751971 ], [ -2.997206, 36.760986 ], [ -2.996532, 36.77 ], [ -2.996322, 36.779014 ], [ -2.99544, 36.788029 ], [ -2.994983, 36.797043 ], [ -2.994589, 36.806058 ], [ -2.99429, 36.815072 ], [ -2.994018, 36.824086 ], [ -2.993795, 36.833101 ], [ -2.993625, 36.842115 ], [ -2.993582, 36.851129 ], [ -2.993517, 36.860144 ], [ -2.993499, 36.869158 ], [ -2.99353, 36.878172 ], [ -2.993685, 36.887186 ], [ -2.993786, 36.896201 ], [ -2.993925, 36.905215 ], [ -2.994152, 36.914229 ], [ -2.994684, 36.923243 ], [ -2.99506, 36.932258 ], [ -2.995663, 36.941272 ], [ -2.99641, 36.950286 ], [ -2.997352, 36.9593 ], [ -2.998417, 36.968314 ], [ -2.999658, 36.977328 ], [ -3.000682, 36.983937 ], [ -3.001026, 36.986343 ], [ -3.002415, 36.995357 ], [ -3.003992, 37.004371 ], [ -3.005818, 37.013385 ], [ -3.007925, 37.022399 ], [ -3.010385, 37.031412 ], [ -3.011922, 37.03663 ], [ -3.012954, 37.040426 ], [ -3.015456, 37.04944 ], [ -3.01842, 37.058453 ], [ -3.022286, 37.067467 ], [ -3.02317, 37.068899 ], [ -3.026654, 37.07648 ], [ -3.03058, 37.085493 ], [ -3.034425, 37.092005 ], [ -3.035824, 37.094505 ], [ -3.041329, 37.103518 ], [ -3.045683, 37.110991 ], [ -3.046728, 37.112529 ], [ -3.054168, 37.12154 ], [ -3.056944, 37.125439 ], [ -3.061663, 37.13055 ], [ -3.068207, 37.137759 ], [ -3.06997, 37.13956 ], [ -3.079304, 37.148568 ], [ -3.079473, 37.148688 ], [ -3.090738, 37.157116 ], [ -3.091405, 37.157573 ], [ -3.102003, 37.162672 ], [ -3.108024, 37.166573 ], [ -3.11327, 37.168876 ], [ -3.124538, 37.17477 ], [ -3.126393, 37.175568 ], [ -3.135802, 37.177659 ], [ -3.147069, 37.181001 ], [ -3.156977, 37.184546 ], [ -3.158337, 37.184816 ], [ -3.169601, 37.185949 ], [ -3.180864, 37.187101 ], [ -3.192127, 37.18773 ], [ -3.20339, 37.188198 ], [ -3.214651, 37.188212 ], [ -3.225911, 37.187598 ], [ -3.237174, 37.188017 ], [ -3.248432, 37.187036 ], [ -3.259693, 37.187028 ], [ -3.270953, 37.186807 ], [ -3.282215, 37.186882 ], [ -3.293477, 37.187 ], [ -3.304738, 37.187125 ], [ -3.316001, 37.187476 ], [ -3.327264, 37.187894 ], [ -3.338528, 37.18847 ], [ -3.349793, 37.18936 ], [ -3.361059, 37.190127 ], [ -3.372326, 37.191306 ], [ -3.383595, 37.192736 ], [ -3.385829, 37.193035 ], [ -3.394865, 37.194152 ], [ -3.406136, 37.195911 ], [ -3.417412, 37.198213 ], [ -3.42869, 37.200974 ], [ -3.431888, 37.20189 ], [ -3.439972, 37.204167 ], [ -3.451259, 37.208192 ], [ -3.457227, 37.210808 ], [ -3.462555, 37.213317 ], [ -3.473361, 37.219759 ], [ -3.473863, 37.220115 ], [ -3.483813, 37.22873 ], [ -3.485194, 37.230325 ], [ -3.49072, 37.237715 ], [ -3.4953, 37.24671 ], [ -3.496601, 37.251531 ], [ -3.497658, 37.255714 ], [ -3.498086, 37.264725 ], [ -3.496731, 37.271315 ], [ -3.496306, 37.273746 ], [ -3.492606, 37.282775 ], [ -3.488088, 37.291808 ], [ -3.485612, 37.295495 ], [ -3.481732, 37.300847 ], [ -3.475049, 37.309888 ], [ -3.47443, 37.310543 ], [ -3.465894, 37.318938 ], [ -3.463218, 37.321572 ], [ -3.456495, 37.327988 ], [ -3.451999, 37.331949 ], [ -3.44548, 37.337043 ], [ -3.440768, 37.340831 ], [ -3.433891, 37.3461 ], [ -3.429532, 37.349392 ], [ -3.421492, 37.355158 ], [ -3.418293, 37.357609 ], [ -3.409851, 37.364213 ], [ -3.407054, 37.36657 ], [ -3.398988, 37.373263 ], [ -3.395817, 37.376133 ], [ -3.388899, 37.38231 ], [ -3.38458, 37.386469 ], [ -3.379405, 37.391355 ], [ -3.373343, 37.397382 ], [ -3.370352, 37.400397 ], [ -3.362106, 37.408948 ], [ -3.361631, 37.409437 ], [ -3.353136, 37.418476 ], [ -3.350868, 37.421022 ], [ -3.345029, 37.427514 ], [ -3.339629, 37.433678 ], [ -3.337169, 37.43655 ], [ -3.329351, 37.445585 ], [ -3.328388, 37.446767 ], [ -3.322062, 37.454619 ], [ -3.317146, 37.460551 ], [ -3.314685, 37.463652 ], [ -3.307499, 37.472684 ], [ -3.305902, 37.474742 ], [ -3.300738, 37.481715 ], [ -3.294655, 37.489399 ], [ -3.29365, 37.490746 ], [ -3.287163, 37.499775 ], [ -3.283407, 37.504796 ], [ -3.280573, 37.508804 ], [ -3.273914, 37.517833 ], [ -3.272154, 37.52013 ], [ -3.267498, 37.526861 ], [ -3.261005, 37.535889 ], [ -3.260898, 37.536046 ], [ -3.2553, 37.544915 ], [ -3.249641, 37.552848 ], [ -3.248925, 37.553941 ], [ -3.243396, 37.562966 ], [ -3.23838, 37.570045 ], [ -3.237101, 37.571992 ], [ -3.231573, 37.581016 ], [ -3.227114, 37.587447 ], [ -3.225417, 37.590041 ], [ -3.220153, 37.599064 ], [ -3.215844, 37.60538 ], [ -3.214226, 37.608089 ], [ -3.208776, 37.617111 ], [ -3.20457, 37.623565 ], [ -3.203067, 37.626135 ], [ -3.197934, 37.635156 ], [ -3.193291, 37.642097 ], [ -3.192103, 37.644179 ], [ -3.187678, 37.653199 ], [ -3.18201, 37.661783 ], [ -3.181752, 37.662222 ], [ -3.177281, 37.671241 ], [ -3.172992, 37.680261 ], [ -3.170729, 37.684602 ], [ -3.168749, 37.68928 ], [ -3.164201, 37.698299 ], [ -3.160004, 37.707318 ], [ -3.159445, 37.708634 ], [ -3.156782, 37.716336 ], [ -3.153131, 37.725353 ], [ -3.149505, 37.734371 ], [ -3.148163, 37.737818 ], [ -3.14648, 37.743388 ], [ -3.143535, 37.752404 ], [ -3.140457, 37.761421 ], [ -3.137105, 37.770438 ], [ -3.136881, 37.771261 ], [ -3.13507, 37.779453 ], [ -3.133014, 37.788468 ], [ -3.130837, 37.797484 ], [ -3.128578, 37.806499 ], [ -3.126156, 37.815514 ], [ -3.125611, 37.818182 ], [ -3.124629, 37.824529 ], [ -3.123146, 37.833543 ], [ -3.121849, 37.842557 ], [ -3.120723, 37.851571 ], [ -3.119736, 37.860585 ], [ -3.11877, 37.869599 ], [ -3.11798, 37.878612 ], [ -3.116672, 37.887626 ], [ -3.116483, 37.896639 ], [ -3.116204, 37.905652 ], [ -3.115978, 37.914665 ], [ -3.115826, 37.923678 ], [ -3.115959, 37.93269 ], [ -3.116241, 37.941703 ], [ -3.116702, 37.950715 ], [ -3.117329, 37.959727 ], [ -3.11808, 37.968739 ], [ -3.118919, 37.977751 ], [ -3.119939, 37.986762 ], [ -3.121124, 37.995773 ], [ -3.122465, 38.004785 ], [ -3.123985, 38.013796 ], [ -3.125583, 38.022806 ], [ -3.125963, 38.024937 ], [ -3.127322, 38.031817 ], [ -3.129209, 38.040827 ], [ -3.131268, 38.049838 ], [ -3.133441, 38.058848 ], [ -3.13559, 38.067858 ], [ -3.137444, 38.074574 ], [ -3.138071, 38.076867 ], [ -3.140615, 38.085877 ], [ -3.14309, 38.094886 ], [ -3.145765, 38.103895 ], [ -3.148553, 38.112904 ], [ -3.14892, 38.114083 ], [ -3.151363, 38.121913 ], [ -3.154227, 38.130921 ], [ -3.157173, 38.13993 ], [ -3.16023, 38.148938 ], [ -3.1604, 38.14943 ], [ -3.16336, 38.157946 ], [ -3.166577, 38.166954 ], [ -3.169876, 38.175961 ], [ -3.171882, 38.181218 ], [ -3.173307, 38.184969 ], [ -3.176841, 38.193976 ], [ -3.180426, 38.202982 ], [ -3.183366, 38.209938 ], [ -3.184221, 38.211989 ], [ -3.188156, 38.220995 ], [ -3.192138, 38.23 ], [ -3.194853, 38.235894 ], [ -3.196294, 38.239006 ], [ -3.200652, 38.248011 ], [ -3.205072, 38.257015 ], [ -3.206341, 38.259504 ], [ -3.209778, 38.266019 ], [ -3.214574, 38.275022 ], [ -3.21783, 38.281007 ], [ -3.219535, 38.284025 ], [ -3.224825, 38.293027 ], [ -3.22932, 38.300711 ], [ -3.230142, 38.302029 ], [ -3.236025, 38.311029 ], [ -3.24081, 38.318632 ], [ -3.241758, 38.32003 ], [ -3.248216, 38.329028 ], [ -3.252301, 38.334908 ], [ -3.254631, 38.338027 ], [ -3.261536, 38.347023 ], [ -3.263792, 38.349903 ], [ -3.268977, 38.356019 ], [ -3.275283, 38.363734 ], [ -3.276415, 38.365013 ], [ -3.284785, 38.374005 ], [ -3.286773, 38.376104 ], [ -3.293809, 38.382995 ], [ -3.298262, 38.387368 ], [ -3.303303, 38.391983 ], [ -3.309752, 38.397808 ], [ -3.313506, 38.400968 ], [ -3.32124, 38.407278 ], [ -3.324783, 38.409949 ], [ -3.332726, 38.415472 ], [ -3.337864, 38.418924 ], [ -3.34421, 38.422848 ], [ -3.352463, 38.427893 ], [ -3.355694, 38.429705 ], [ -3.367178, 38.436092 ], [ -3.368649, 38.436855 ], [ -3.378659, 38.441483 ], [ -3.38715, 38.445807 ], [ -3.390143, 38.447204 ], [ -3.401625, 38.452211 ], [ -3.407278, 38.45475 ], [ -3.413108, 38.457136 ], [ -3.424592, 38.461884 ], [ -3.429031, 38.463685 ], [ -3.436075, 38.466291 ], [ -3.447559, 38.470675 ], [ -3.452687, 38.472607 ], [ -3.459043, 38.474766 ], [ -3.470529, 38.478946 ], [ -3.47817, 38.481518 ], [ -3.482014, 38.48277 ], [ -3.493498, 38.486332 ], [ -3.504986, 38.490317 ], [ -3.505322, 38.490416 ], [ -3.516471, 38.493583 ], [ -3.527958, 38.497073 ], [ -3.535155, 38.499295 ], [ -3.539446, 38.50053 ], [ -3.550932, 38.503673 ], [ -3.562421, 38.506997 ], [ -3.566578, 38.508159 ], [ -3.57391, 38.510083 ], [ -3.585398, 38.513083 ], [ -3.596888, 38.516201 ], [ -3.599982, 38.517004 ], [ -3.608378, 38.519043 ], [ -3.619868, 38.521898 ], [ -3.631359, 38.524807 ], [ -3.635524, 38.525828 ], [ -3.64285, 38.527528 ], [ -3.654341, 38.530168 ], [ -3.665833, 38.532914 ], [ -3.673149, 38.534629 ], [ -3.677326, 38.535565 ], [ -3.688818, 38.53805 ], [ -3.700311, 38.540586 ], [ -3.711805, 38.543186 ], [ -3.71283, 38.543406 ], [ -3.723299, 38.545562 ], [ -3.734792, 38.547937 ], [ -3.746287, 38.550347 ], [ -3.754898, 38.552154 ], [ -3.757783, 38.552736 ], [ -3.769278, 38.554971 ], [ -3.780773, 38.55723 ], [ -3.79227, 38.559518 ], [ -3.799142, 38.560872 ], [ -3.803767, 38.561748 ], [ -3.815263, 38.563862 ], [ -3.82676, 38.566005 ], [ -3.838258, 38.568178 ], [ -3.845609, 38.569557 ], [ -3.849756, 38.570303 ], [ -3.861254, 38.572346 ], [ -3.872752, 38.574325 ], [ -3.884252, 38.576401 ], [ -3.894158, 38.578207 ], [ -3.895752, 38.578485 ], [ -3.907251, 38.580371 ], [ -3.91875, 38.582287 ], [ -3.93025, 38.584131 ], [ -3.941751, 38.586071 ], [ -3.946293, 38.586809 ], [ -3.953251, 38.587869 ], [ -3.96475, 38.589567 ], [ -3.976249, 38.591277 ], [ -3.98775, 38.592984 ], [ -3.999251, 38.594747 ], [ -4.003355, 38.595345 ], [ -4.010751, 38.596344 ], [ -4.02225, 38.59784 ], [ -4.03375, 38.599422 ], [ -4.045249, 38.60084 ], [ -4.05675, 38.602383 ], [ -4.067163, 38.603792 ], [ -4.068251, 38.603927 ], [ -4.079749, 38.605195 ], [ -4.091248, 38.606548 ], [ -4.102745, 38.607707 ], [ -4.114245, 38.608991 ], [ -4.125744, 38.610284 ], [ -4.137245, 38.611584 ], [ -4.142156, 38.612095 ], [ -4.148742, 38.612704 ], [ -4.160239, 38.613703 ], [ -4.171735, 38.6147 ], [ -4.183232, 38.615693 ], [ -4.194729, 38.616678 ], [ -4.206225, 38.617628 ], [ -4.217722, 38.6186 ], [ -4.22922, 38.619566 ], [ -4.236555, 38.620147 ], [ -4.240716, 38.620432 ], [ -4.252209, 38.621103 ], [ -4.263701, 38.621738 ], [ -4.275194, 38.622372 ], [ -4.286687, 38.622985 ], [ -4.298179, 38.623575 ], [ -4.309671, 38.624136 ], [ -4.321162, 38.624639 ], [ -4.332653, 38.625146 ], [ -4.344144, 38.625624 ], [ -4.355634, 38.626067 ], [ -4.367124, 38.626474 ], [ -4.378613, 38.626825 ], [ -4.390101, 38.62715 ], [ -4.397906, 38.627341 ], [ -4.401588, 38.62741 ], [ -4.413073, 38.62753 ], [ -4.424557, 38.627606 ], [ -4.43604, 38.62766 ], [ -4.447522, 38.627675 ], [ -4.459004, 38.627649 ], [ -4.470485, 38.627579 ], [ -4.481964, 38.627465 ], [ -4.493444, 38.627325 ], [ -4.504922, 38.627143 ], [ -4.516399, 38.626917 ], [ -4.527875, 38.626646 ], [ -4.539351, 38.626343 ], [ -4.550826, 38.626006 ], [ -4.562299, 38.625629 ], [ -4.573772, 38.625209 ], [ -4.577106, 38.625062 ], [ -4.585241, 38.624651 ], [ -4.596708, 38.624003 ], [ -4.608174, 38.623315 ], [ -4.619639, 38.622588 ], [ -4.631103, 38.621821 ], [ -4.642566, 38.621016 ], [ -4.654027, 38.620178 ], [ -4.665488, 38.61931 ], [ -4.676948, 38.618415 ], [ -4.68841, 38.617656 ], [ -4.699865, 38.61657 ], [ -4.711322, 38.615617 ], [ -4.722779, 38.614646 ], [ -4.731352, 38.61387 ], [ -4.734233, 38.613567 ], [ -4.745679, 38.612196 ], [ -4.757125, 38.610816 ], [ -4.76857, 38.609443 ], [ -4.780016, 38.608082 ], [ -4.791463, 38.606847 ], [ -4.802907, 38.605443 ], [ -4.814352, 38.60414 ], [ -4.819234, 38.603526 ], [ -4.825791, 38.60258 ], [ -4.837224, 38.600852 ], [ -4.848659, 38.59919 ], [ -4.860094, 38.597548 ], [ -4.871529, 38.595945 ], [ -4.882965, 38.594379 ], [ -4.88986, 38.593396 ], [ -4.894396, 38.592659 ], [ -4.905819, 38.590657 ], [ -4.917243, 38.588722 ], [ -4.928668, 38.58685 ], [ -4.940094, 38.585035 ], [ -4.95069, 38.583387 ], [ -4.95152, 38.583241 ], [ -4.962933, 38.580985 ], [ -4.974348, 38.578818 ], [ -4.985764, 38.576732 ], [ -4.997183, 38.57474 ], [ -5.004051, 38.573475 ], [ -5.008595, 38.572556 ], [ -5.019999, 38.570116 ], [ -5.031406, 38.567786 ], [ -5.042814, 38.565557 ], [ -5.053057, 38.563615 ], [ -5.054223, 38.563367 ], [ -5.065618, 38.56071 ], [ -5.077016, 38.558179 ], [ -5.088417, 38.555762 ], [ -5.097836, 38.55381 ], [ -5.099816, 38.553356 ], [ -5.111203, 38.550542 ], [ -5.122594, 38.547861 ], [ -5.133986, 38.545299 ], [ -5.139434, 38.544047 ], [ -5.145373, 38.542551 ], [ -5.156753, 38.539635 ], [ -5.168137, 38.536847 ], [ -5.178825, 38.534309 ], [ -5.179521, 38.534131 ], [ -5.190893, 38.53101 ], [ -5.202268, 38.528033 ], [ -5.213645, 38.525166 ], [ -5.215733, 38.524606 ], [ -5.225011, 38.521952 ], [ -5.236377, 38.518788 ], [ -5.247747, 38.515779 ], [ -5.250803, 38.514927 ], [ -5.259107, 38.512474 ], [ -5.270466, 38.509166 ], [ -5.281828, 38.505991 ], [ -5.28437, 38.505267 ], [ -5.293181, 38.502581 ], [ -5.304532, 38.499125 ], [ -5.315886, 38.495814 ], [ -5.3165, 38.495625 ], [ -5.327229, 38.492157 ], [ -5.338574, 38.488626 ], [ -5.347163, 38.486004 ], [ -5.349918, 38.485115 ], [ -5.361254, 38.481371 ], [ -5.372593, 38.477746 ], [ -5.376717, 38.476398 ], [ -5.383925, 38.473949 ], [ -5.395256, 38.47017 ], [ -5.405419, 38.466802 ], [ -5.406586, 38.466402 ], [ -5.417908, 38.462412 ], [ -5.429232, 38.458526 ], [ -5.433007, 38.457222 ], [ -5.440551, 38.454518 ], [ -5.451867, 38.450477 ], [ -5.459762, 38.447653 ], [ -5.463181, 38.446402 ], [ -5.47449, 38.442216 ], [ -5.485799, 38.438098 ], [ -5.485813, 38.438093 ], [ -5.497102, 38.433802 ], [ -5.508404, 38.429537 ], [ -5.510983, 38.428546 ], [ -5.5197, 38.425151 ], [ -5.530996, 38.420772 ], [ -5.535559, 38.419006 ], [ -5.542288, 38.416343 ], [ -5.553577, 38.411865 ], [ -5.559519, 38.409475 ], [ -5.564862, 38.407309 ], [ -5.576143, 38.402687 ], [ -5.58275, 38.399955 ], [ -5.58742, 38.397989 ], [ -5.598693, 38.393198 ], [ -5.605028, 38.390452 ], [ -5.60996, 38.388308 ], [ -5.621223, 38.383348 ], [ -5.626604, 38.380961 ], [ -5.632482, 38.378323 ], [ -5.643736, 38.373189 ], [ -5.64741, 38.371483 ], [ -5.654985, 38.367973 ], [ -5.666229, 38.362644 ], [ -5.667558, 38.362016 ], [ -5.67747, 38.3573 ], [ -5.687092, 38.35256 ], [ -5.688702, 38.351769 ], [ -5.699933, 38.346222 ], [ -5.706041, 38.343114 ], [ -5.711156, 38.340529 ], [ -5.722375, 38.334769 ], [ -5.724462, 38.333678 ], [ -5.73359, 38.328969 ], [ -5.74233, 38.324251 ], [ -5.744795, 38.322936 ], [ -5.755998, 38.316888 ], [ -5.759751, 38.314833 ], [ -5.767196, 38.310775 ], [ -5.776591, 38.305425 ], [ -5.778383, 38.304417 ], [ -5.789568, 38.298068 ], [ -5.793076, 38.296024 ], [ -5.800748, 38.291615 ], [ -5.809127, 38.286631 ], [ -5.811918, 38.284981 ], [ -5.823082, 38.278222 ], [ -5.824677, 38.277248 ], [ -5.834244, 38.27149 ], [ -5.840057, 38.267867 ], [ -5.845397, 38.26456 ], [ -5.85483, 38.258498 ], [ -5.856539, 38.257411 ], [ -5.867677, 38.250209 ], [ -5.869313, 38.249135 ], [ -5.878812, 38.242995 ], [ -5.883677, 38.239774 ], [ -5.889939, 38.23562 ], [ -5.897506, 38.230423 ], [ -5.901054, 38.22801 ], [ -5.910912, 38.221082 ], [ -5.912159, 38.220213 ], [ -5.92326, 38.21235 ], [ -5.924118, 38.211744 ], [ -5.934358, 38.204492 ], [ -5.937216, 38.202407 ], [ -5.945446, 38.196441 ], [ -5.949955, 38.193078 ], [ -5.956524, 38.188209 ], [ -5.962416, 38.183755 ], [ -5.967594, 38.179825 ], [ -5.974552, 38.174438 ], [ -5.978653, 38.171261 ], [ -5.986417, 38.165127 ], [ -5.989704, 38.162531 ], [ -5.998071, 38.155821 ], [ -6.000746, 38.153662 ], [ -6.009484, 38.146519 ], [ -6.011779, 38.14463 ], [ -6.020668, 38.137223 ], [ -6.022802, 38.135433 ], [ -6.031677, 38.127929 ], [ -6.033817, 38.126098 ], [ -6.042482, 38.11864 ], [ -6.044822, 38.116595 ], [ -6.053074, 38.109356 ], [ -6.055817, 38.106914 ], [ -6.063468, 38.100076 ], [ -6.066801, 38.097047 ], [ -6.073705, 38.090799 ], [ -6.077776, 38.087016 ], [ -6.083708, 38.081528 ], [ -6.088738, 38.076754 ], [ -6.093495, 38.072261 ], [ -6.099686, 38.066256 ], [ -6.103085, 38.062999 ], [ -6.110621, 38.055489 ], [ -6.112398, 38.053743 ], [ -6.121501, 38.044492 ], [ -6.121541, 38.044453 ], [ -6.13082, 38.035235 ], [ -6.132463, 38.033544 ], [ -6.139941, 38.025982 ], [ -6.143369, 38.022351 ], [ -6.148788, 38.016736 ], [ -6.154257, 38.010783 ], [ -6.157345, 38.007497 ], [ -6.165122, 37.998775 ], [ -6.165586, 37.998266 ], [ -6.174156, 37.989026 ], [ -6.175992, 37.986959 ], [ -6.182538, 37.97979 ], [ -6.186843, 37.974777 ], [ -6.190566, 37.970563 ], [ -6.197662, 37.961947 ], [ -6.198172, 37.961347 ], [ -6.206168, 37.95212 ], [ -6.208484, 37.949283 ], [ -6.213886, 37.9429 ], [ -6.219277, 37.936002 ], [ -6.221145, 37.933692 ], [ -6.228478, 37.924482 ], [ -6.230053, 37.922448 ], [ -6.235857, 37.91527 ], [ -6.24081, 37.908537 ], [ -6.24271, 37.906072 ], [ -6.249665, 37.896871 ], [ -6.251549, 37.894302 ], [ -6.256626, 37.887669 ], [ -6.262257, 37.879458 ], [ -6.262962, 37.878484 ], [ -6.269799, 37.869285 ], [ -6.272961, 37.864631 ], [ -6.276208, 37.860098 ], [ -6.282379, 37.850917 ], [ -6.283628, 37.849049 ], [ -6.288819, 37.841728 ], [ -6.294267, 37.832927 ], [ -6.29451, 37.832559 ], [ -6.30089, 37.823372 ], [ -6.304901, 37.816815 ], [ -6.306595, 37.814202 ], [ -6.312533, 37.805026 ], [ -6.315501, 37.800018 ], [ -6.318148, 37.795859 ], [ -6.323744, 37.786692 ], [ -6.326072, 37.782675 ], [ -6.329257, 37.777527 ], [ -6.334603, 37.768367 ], [ -6.336612, 37.764773 ], [ -6.339979, 37.759205 ], [ -6.345116, 37.75005 ], [ -6.347124, 37.74633 ], [ -6.350298, 37.740894 ], [ -6.355263, 37.731743 ], [ -6.357603, 37.727281 ], [ -6.360245, 37.722592 ], [ -6.365172, 37.713442 ], [ -6.368047, 37.707566 ], [ -6.369795, 37.704301 ], [ -6.3747, 37.695152 ], [ -6.378449, 37.687038 ], [ -6.378963, 37.68602 ], [ -6.383919, 37.676869 ], [ -6.388057, 37.667741 ], [ -6.388827, 37.666107 ], [ -6.392728, 37.658598 ], [ -6.396951, 37.649467 ], [ -6.399165, 37.644417 ], [ -6.401151, 37.640337 ], [ -6.405532, 37.631201 ], [ -6.409201, 37.622086 ], [ -6.409443, 37.621535 ], [ -6.413648, 37.612948 ], [ -6.417386, 37.603831 ], [ -6.419692, 37.598142 ], [ -6.421282, 37.594709 ], [ -6.425394, 37.585581 ], [ -6.428857, 37.576471 ], [ -6.429892, 37.573814 ], [ -6.432736, 37.567349 ], [ -6.436252, 37.558238 ], [ -6.439658, 37.549129 ], [ -6.440025, 37.548165 ], [ -6.443555, 37.540006 ], [ -6.447032, 37.530896 ], [ -6.449987, 37.5218 ], [ -6.450104, 37.52148 ], [ -6.453771, 37.512681 ], [ -6.457065, 37.503575 ], [ -6.459882, 37.494484 ], [ -6.460129, 37.493763 ], [ -6.463437, 37.48537 ], [ -6.466616, 37.476268 ], [ -6.469338, 37.467179 ], [ -6.47009, 37.464807 ], [ -6.472553, 37.458075 ], [ -6.475675, 37.448974 ], [ -6.478374, 37.439886 ], [ -6.479968, 37.434224 ], [ -6.481089, 37.430797 ], [ -6.484224, 37.421695 ], [ -6.486929, 37.412606 ], [ -6.489287, 37.403528 ], [ -6.489757, 37.401865 ], [ -6.492195, 37.394433 ], [ -6.494969, 37.385341 ], [ -6.497393, 37.376261 ], [ -6.499446, 37.367512 ], [ -6.499535, 37.367188 ], [ -6.502413, 37.358094 ], [ -6.504935, 37.34901 ], [ -6.507166, 37.339935 ], [ -6.509042, 37.331334 ], [ -6.509162, 37.330866 ], [ -6.511833, 37.321778 ], [ -6.514196, 37.312699 ], [ -6.516283, 37.303627 ], [ -6.518156, 37.294563 ], [ -6.518526, 37.292917 ], [ -6.520479, 37.285484 ], [ -6.522744, 37.276408 ], [ -6.524766, 37.267338 ], [ -6.526574, 37.258275 ], [ -6.527862, 37.251495 ], [ -6.528377, 37.249213 ], [ -6.530603, 37.240137 ], [ -6.532605, 37.231068 ], [ -6.53441, 37.222005 ], [ -6.536033, 37.212947 ], [ -6.537052, 37.207139 ], [ -6.537702, 37.203888 ], [ -6.539703, 37.194819 ], [ -6.541504, 37.185756 ], [ -6.543141, 37.176698 ], [ -6.54463, 37.167645 ], [ -6.545982, 37.158595 ], [ -6.546025, 37.158324 ], [ -6.547672, 37.149535 ], [ -6.549421, 37.140474 ], [ -6.550939, 37.131419 ], [ -6.552323, 37.122368 ], [ -6.553577, 37.113322 ], [ -6.554711, 37.104278 ], [ -6.554736, 37.10411 ], [ -6.556284, 37.095222 ], [ -6.55772, 37.08617 ], [ -6.55902, 37.077121 ], [ -6.560193, 37.068077 ], [ -6.561249, 37.059036 ], [ -6.562199, 37.049998 ], [ -6.563034, 37.041264 ], [ -6.56307, 37.040963 ], [ -6.564346, 37.031915 ], [ -6.565498, 37.022871 ], [ -6.566532, 37.013831 ], [ -6.567455, 37.004794 ], [ -6.568288, 36.99576 ], [ -6.569045, 36.986728 ], [ -6.569684, 36.977699 ], [ -6.57024, 36.968673 ], [ -6.570587, 36.962697 ], [ -6.570827, 36.959646 ], [ -6.571677, 36.950611 ], [ -6.572451, 36.941579 ], [ -6.573103, 36.93255 ], [ -6.573666, 36.923524 ], [ -6.574147, 36.9145 ], [ -6.574551, 36.905478 ], [ -6.574926, 36.896458 ], [ -6.575198, 36.88744 ], [ -6.575406, 36.878425 ], [ -6.575552, 36.869411 ], [ -6.57564, 36.860399 ], [ -6.575673, 36.851389 ], [ -6.575684, 36.842379 ], [ -6.575634, 36.833371 ], [ -6.575601, 36.829911 ], [ -6.575604, 36.824363 ], [ -6.575646, 36.815352 ], [ -6.575625, 36.806343 ], [ -6.575554, 36.797336 ], [ -6.575392, 36.788332 ], [ -6.575171, 36.779329 ], [ -6.574891, 36.770328 ], [ -6.574555, 36.761328 ], [ -6.574171, 36.752331 ], [ -6.573701, 36.743335 ], [ -6.573172, 36.734342 ], [ -6.572583, 36.72535 ], [ -6.571935, 36.71636 ], [ -6.571076, 36.707376 ], [ -6.570422, 36.698386 ], [ -6.569544, 36.689403 ], [ -6.568662, 36.680445 ], [ -6.56866, 36.68042 ], [ -6.567886, 36.671434 ], [ -6.566991, 36.662451 ], [ -6.566201, 36.653465 ], [ -6.565281, 36.644483 ], [ -6.564292, 36.635503 ], [ -6.563228, 36.626526 ], [ -6.561849, 36.617557 ], [ -6.560869, 36.608577 ], [ -6.559561, 36.599607 ], [ -6.558145, 36.590639 ], [ -6.556614, 36.581675 ], [ -6.554954, 36.572715 ], [ -6.553122, 36.56376 ], [ -6.551817, 36.557208 ], [ -6.551416, 36.554802 ], [ -6.550009, 36.545834 ], [ -6.548483, 36.53687 ], [ -6.5467, 36.527913 ], [ -6.545028, 36.518953 ], [ -6.54306, 36.510002 ], [ -6.540895, 36.501056 ], [ -6.538505, 36.492118 ], [ -6.537504, 36.488146 ], [ -6.536465, 36.483168 ], [ -6.534624, 36.474213 ], [ -6.532598, 36.465263 ], [ -6.530359, 36.45632 ], [ -6.527874, 36.447384 ], [ -6.525093, 36.438456 ], [ -6.523916, 36.434424 ], [ -6.522715, 36.429516 ], [ -6.520521, 36.420571 ], [ -6.518078, 36.411633 ], [ -6.515341, 36.402704 ], [ -6.512229, 36.393786 ], [ -6.510737, 36.389294 ], [ -6.509491, 36.384857 ], [ -6.506988, 36.37592 ], [ -6.504169, 36.366993 ], [ -6.500817, 36.358081 ], [ -6.497846, 36.350204 ], [ -6.497519, 36.349168 ], [ -6.49486, 36.340236 ], [ -6.491839, 36.331314 ], [ -6.488379, 36.322405 ], [ -6.485133, 36.3148 ], [ -6.484661, 36.313504 ], [ -6.481729, 36.304579 ], [ -6.478357, 36.295667 ], [ -6.474443, 36.286771 ], [ -6.472569, 36.282455 ], [ -6.470863, 36.277865 ], [ -6.467477, 36.268953 ], [ -6.46354, 36.260057 ], [ -6.460143, 36.252991 ], [ -6.459386, 36.251167 ], [ -6.455896, 36.242258 ], [ -6.451795, 36.233366 ], [ -6.447821, 36.225637 ], [ -6.447303, 36.224486 ], [ -6.443612, 36.215582 ], [ -6.439269, 36.206696 ], [ -6.435577, 36.199855 ], [ -6.434613, 36.19782 ], [ -6.430617, 36.188924 ], [ -6.42586, 36.18005 ], [ -6.423405, 36.175554 ], [ -6.421302, 36.17117 ], [ -6.416832, 36.162288 ], [ -6.411466, 36.15343 ], [ -6.411326, 36.153172 ], [ -6.407177, 36.144542 ], [ -6.402056, 36.135677 ], [ -6.399264, 36.13103 ], [ -6.396951, 36.126812 ], [ -6.392035, 36.117941 ], [ -6.38728, 36.110544 ], [ -6.386439, 36.109089 ], [ -6.381529, 36.100217 ], [ -6.375523, 36.091376 ], [ -6.375347, 36.091093 ], [ -6.370564, 36.082505 ], [ -6.364524, 36.073664 ], [ -6.363436, 36.071996 ], [ -6.359209, 36.064803 ], [ -6.353047, 36.055965 ], [ -6.351569, 36.053796 ], [ -6.347436, 36.047111 ], [ -6.341043, 36.038279 ], [ -6.339742, 36.036426 ], [ -6.335279, 36.029429 ], [ -6.328546, 36.020605 ], [ -6.327952, 36.01978 ], [ -6.322675, 36.011757 ], [ -6.316185, 36.00356 ], [ -6.315731, 36.002939 ], [ -6.309596, 35.994097 ], [ -6.304437, 35.987693 ], [ -6.302646, 35.985278 ], [ -6.295932, 35.976452 ], [ -6.292722, 35.972485 ], [ -6.289085, 35.967629 ], [ -6.28155, 35.958825 ], [ -6.28105, 35.958212 ], [ -6.27488, 35.949996 ], [ -6.269372, 35.943665 ], [ -6.267357, 35.94119 ], [ -6.259852, 35.932383 ], [ -6.257732, 35.929948 ], [ -6.252565, 35.92357 ], [ -6.24611, 35.916571 ], [ -6.244557, 35.914776 ], [ -6.236714, 35.905976 ], [ -6.234507, 35.903578 ], [ -6.228984, 35.897173 ], [ -6.22292, 35.890856 ], [ -6.220637, 35.888386 ], [ -6.212322, 35.879598 ], [ -6.211354, 35.878559 ], [ -6.204557, 35.870794 ], [ -6.199775, 35.865855 ], [ -6.196261, 35.862004 ], [ -6.188233, 35.85398 ], [ -6.187519, 35.853225 ], [ -6.179347, 35.844431 ], [ -6.176678, 35.841705 ], [ -6.17106, 35.835638 ], [ -6.165142, 35.829785 ], [ -6.162338, 35.826857 ], [ -6.153632, 35.818466 ], [ -6.153254, 35.818084 ], [ -6.144793, 35.809295 ], [ -6.142107, 35.806662 ], [ -6.13613, 35.800509 ], [ -6.130601, 35.795241 ], [ -6.127081, 35.791734 ], [ -6.119116, 35.784289 ], [ -6.117751, 35.782965 ], [ -6.108402, 35.774195 ], [ -6.10764, 35.773481 ], [ -6.099423, 35.765415 ], [ -6.096157, 35.762392 ], [ -6.090139, 35.756643 ], [ -6.084692, 35.751718 ], [ -6.080572, 35.747877 ], [ -6.073244, 35.741392 ], [ -6.070742, 35.739116 ], [ -6.06181, 35.731324 ], [ -6.060727, 35.73036 ], [ -6.050546, 35.721607 ], [ -6.050386, 35.721468 ], [ -6.040658, 35.712845 ], [ -6.038956, 35.711388 ], [ -6.030536, 35.704089 ], [ -6.02754, 35.701581 ], [ -6.020167, 35.695338 ], [ -6.016136, 35.692029 ], [ -6.009555, 35.686592 ], [ -6.004744, 35.682702 ], [ -5.998749, 35.677849 ], [ -5.993362, 35.673591 ], [ -5.987685, 35.669113 ], [ -5.98199, 35.664672 ], [ -5.976432, 35.660379 ], [ -5.970628, 35.655951 ], [ -5.964918, 35.651651 ], [ -5.959276, 35.647432 ], [ -5.953141, 35.642929 ], [ -5.947934, 35.639113 ], [ -5.941019, 35.634213 ], [ -5.936604, 35.631061 ], [ -5.92865, 35.625503 ], [ -5.925281, 35.623148 ], [ -5.915842, 35.616801 ], [ -5.913971, 35.615537 ], [ -5.902673, 35.608169 ], [ -5.902581, 35.608109 ], [ -5.89137, 35.600636 ], [ -5.88944, 35.599413 ], [ -5.88008, 35.593365 ], [ -5.875744, 35.590728 ], [ -5.868801, 35.586395 ], [ -5.861343, 35.582059 ], [ -5.857538, 35.579783 ], [ -5.846289, 35.573536 ], [ -5.846063, 35.573408 ], [ -5.835031, 35.566951 ], [ -5.830913, 35.564752 ], [ -5.823788, 35.56078 ], [ -5.814421, 35.556126 ], [ -5.812567, 35.55516 ], [ -5.80134, 35.54935 ], [ -5.79745, 35.547509 ], [ -5.790126, 35.543837 ], [ -5.778934, 35.538933 ], [ -5.778916, 35.538925 ], [ -5.767718, 35.533301 ], [ -5.760905, 35.530326 ], [ -5.756525, 35.528269 ], [ -5.745333, 35.523255 ], [ -5.741835, 35.521748 ], [ -5.734141, 35.518177 ], [ -5.722968, 35.513647 ], [ -5.72188, 35.513188 ], [ -5.711779, 35.508579 ], [ -5.701367, 35.504636 ], [ -5.700618, 35.504326 ], [ -5.689438, 35.499428 ], [ -5.680284, 35.496093 ], [ -5.678283, 35.495298 ], [ -5.667115, 35.490708 ], [ -5.658045, 35.487572 ], [ -5.65597, 35.486787 ], [ -5.644812, 35.482414 ], [ -5.634452, 35.479077 ], [ -5.633679, 35.478811 ], [ -5.622527, 35.474572 ], [ -5.611402, 35.47113 ], [ -5.60976, 35.470601 ], [ -5.600263, 35.46723 ], [ -5.589141, 35.463816 ], [ -5.583269, 35.462157 ], [ -5.578024, 35.460525 ], [ -5.566906, 35.457208 ], [ -5.555808, 35.454458 ], [ -5.553123, 35.453786 ], [ -5.544701, 35.451428 ], [ -5.533609, 35.448815 ], [ -5.522519, 35.446275 ], [ -5.518832, 35.445493 ], [ -5.511429, 35.443723 ], [ -5.500342, 35.441226 ], [ -5.489267, 35.439096 ], [ -5.47846, 35.437315 ], [ -5.478202, 35.437268 ], [ -5.467124, 35.435002 ], [ -5.456056, 35.433069 ], [ -5.445, 35.431493 ], [ -5.433946, 35.429964 ], [ -5.429166, 35.429304 ], [ -5.422889, 35.428344 ], [ -5.411832, 35.426692 ], [ -5.400779, 35.425182 ], [ -5.389731, 35.423792 ], [ -5.378686, 35.42251 ], [ -5.369331, 35.42148 ], [ -5.367642, 35.421276 ], [ -5.356593, 35.419846 ], [ -5.345549, 35.41856 ], [ -5.334492, 35.416814 ], [ -5.323429, 35.414842 ], [ -5.316105, 35.413499 ], [ -5.312364, 35.412784 ], [ -5.301299, 35.41073 ], [ -5.29024, 35.408842 ], [ -5.279193, 35.407366 ], [ -5.268161, 35.406451 ], [ -5.25715, 35.406221 ], [ -5.24616, 35.406774 ], [ -5.235198, 35.408365 ], [ -5.224247, 35.410352 ], [ -5.213309, 35.412831 ] ] } },
{ "type": "Feature", "properties": { "fid": 39, "ID": 38, "Intensidad": 9.5 }, "geometry": { "type": "LineString", "coordinates": [ [ -5.453322, 34.977685 ], [ -5.450841, 34.978166 ], [ -5.442437, 34.979781 ], [ -5.431556, 34.982039 ], [ -5.420678, 34.984394 ], [ -5.4098, 34.986771 ], [ -5.403356, 34.98813 ], [ -5.398918, 34.989046 ], [ -5.38803, 34.991158 ], [ -5.377135, 34.993013 ], [ -5.366238, 34.994844 ], [ -5.355342, 34.996715 ], [ -5.346476, 34.998258 ], [ -5.344446, 34.998598 ], [ -5.333547, 35.000401 ], [ -5.32265, 35.002264 ], [ -5.311755, 35.004254 ], [ -5.30086, 35.006254 ], [ -5.289966, 35.008323 ], [ -5.289798, 35.008355 ], [ -5.27907, 35.010315 ], [ -5.268174, 35.012323 ], [ -5.25728, 35.014461 ], [ -5.24639, 35.016737 ], [ -5.239482, 35.018309 ], [ -5.235503, 35.019145 ], [ -5.224612, 35.021469 ], [ -5.213726, 35.023966 ], [ -5.202846, 35.026722 ], [ -5.197141, 35.028098 ], [ -5.191963, 35.029375 ], [ -5.181086, 35.032287 ], [ -5.170211, 35.035325 ], [ -5.161021, 35.037762 ], [ -5.159331, 35.038215 ], [ -5.148471, 35.041871 ], [ -5.1376, 35.045129 ], [ -5.13071, 35.047313 ], [ -5.126736, 35.048711 ], [ -5.115885, 35.052853 ], [ -5.105018, 35.056401 ], [ -5.103965, 35.056795 ], [ -5.094181, 35.061161 ], [ -5.083323, 35.065123 ], [ -5.080684, 35.066212 ], [ -5.07249, 35.070118 ], [ -5.061639, 35.074478 ], [ -5.059186, 35.075594 ], [ -5.050815, 35.079941 ], [ -5.039967, 35.084514 ], [ -5.039112, 35.084948 ], [ -5.029157, 35.090693 ], [ -5.021494, 35.094258 ], [ -5.018321, 35.095834 ], [ -5.0075, 35.101666 ], [ -5.004105, 35.103562 ], [ -4.996687, 35.107904 ], [ -4.988664, 35.112831 ], [ -4.985883, 35.114559 ], [ -4.975085, 35.121548 ], [ -4.974282, 35.122082 ], [ -4.964292, 35.128788 ], [ -4.96067, 35.131318 ], [ -4.953509, 35.136585 ], [ -4.948129, 35.140535 ], [ -4.942733, 35.144727 ], [ -4.935877, 35.149747 ], [ -4.931953, 35.152778 ], [ -4.923999, 35.158951 ], [ -4.92118, 35.161234 ], [ -4.912833, 35.168143 ], [ -4.910417, 35.170213 ], [ -4.902491, 35.177321 ], [ -4.899668, 35.179908 ], [ -4.892856, 35.186487 ], [ -4.88893, 35.19017 ], [ -4.883722, 35.195645 ], [ -4.878212, 35.201393 ], [ -4.87509, 35.204794 ], [ -4.867513, 35.213582 ], [ -4.86722, 35.213931 ], [ -4.860315, 35.223052 ], [ -4.856859, 35.227931 ], [ -4.853811, 35.232167 ], [ -4.846266, 35.241298 ], [ -4.846185, 35.241508 ], [ -4.838717, 35.250428 ], [ -4.837307, 35.259465 ], [ -4.835861, 35.268502 ], [ -4.835813, 35.268653 ], [ -4.829073, 35.27762 ], [ -4.827506, 35.286659 ], [ -4.825299, 35.289752 ], [ -4.820239, 35.295783 ], [ -4.814561, 35.301056 ], [ -4.808512, 35.304974 ], [ -4.803713, 35.307559 ], [ -4.792856, 35.313691 ], [ -4.789878, 35.314267 ], [ -4.781894, 35.315174 ], [ -4.770937, 35.316885 ], [ -4.759987, 35.3189 ], [ -4.749041, 35.321178 ], [ -4.738093, 35.323375 ], [ -4.727079, 35.322487 ], [ -4.716059, 35.321284 ], [ -4.705035, 35.319913 ], [ -4.69401, 35.318464 ], [ -4.682992, 35.31736 ], [ -4.67198, 35.316475 ], [ -4.660982, 35.316306 ], [ -4.653957, 35.316203 ], [ -4.649981, 35.315997 ], [ -4.638887, 35.311077 ], [ -4.627897, 35.311261 ], [ -4.616878, 35.309972 ], [ -4.605853, 35.308416 ], [ -4.601979, 35.307887 ], [ -4.594827, 35.306764 ], [ -4.583803, 35.305149 ], [ -4.572783, 35.303758 ], [ -4.561767, 35.30256 ], [ -4.550755, 35.301544 ], [ -4.539745, 35.300627 ], [ -4.528738, 35.299861 ], [ -4.528266, 35.299826 ], [ -4.517727, 35.298912 ], [ -4.50672, 35.29809 ], [ -4.495715, 35.297391 ], [ -4.484712, 35.296811 ], [ -4.473713, 35.296452 ], [ -4.462712, 35.295953 ], [ -4.451715, 35.295652 ], [ -4.440719, 35.295431 ], [ -4.429724, 35.29528 ], [ -4.418731, 35.295197 ], [ -4.407739, 35.295191 ], [ -4.396748, 35.295233 ], [ -4.385762, 35.295623 ], [ -4.374768, 35.295508 ], [ -4.36378, 35.295722 ], [ -4.352792, 35.29601 ], [ -4.341805, 35.29633 ], [ -4.330819, 35.296705 ], [ -4.319834, 35.29715 ], [ -4.308849, 35.29763 ], [ -4.297865, 35.298165 ], [ -4.286883, 35.298776 ], [ -4.2759, 35.299416 ], [ -4.264918, 35.300111 ], [ -4.253937, 35.300883 ], [ -4.242956, 35.301686 ], [ -4.231976, 35.302547 ], [ -4.222761, 35.303301 ], [ -4.220996, 35.303434 ], [ -4.210015, 35.304246 ], [ -4.199034, 35.305108 ], [ -4.188054, 35.30604 ], [ -4.177074, 35.306988 ], [ -4.166094, 35.307988 ], [ -4.155116, 35.309084 ], [ -4.144139, 35.310328 ], [ -4.133163, 35.311655 ], [ -4.122189, 35.313095 ], [ -4.120578, 35.313307 ], [ -4.111213, 35.314472 ], [ -4.100237, 35.315927 ], [ -4.089263, 35.317495 ], [ -4.07829, 35.319194 ], [ -4.067318, 35.321005 ], [ -4.056568, 35.3229 ], [ -4.056347, 35.322937 ], [ -4.045375, 35.324763 ], [ -4.034403, 35.32676 ], [ -4.023434, 35.328895 ], [ -4.012464, 35.33111 ], [ -4.006458, 35.332344 ], [ -4.001495, 35.333362 ], [ -3.990525, 35.335689 ], [ -3.979556, 35.338095 ], [ -3.968587, 35.34058 ], [ -3.96376, 35.341708 ], [ -3.957619, 35.343146 ], [ -3.946651, 35.345794 ], [ -3.935683, 35.34852 ], [ -3.92591, 35.35102 ], [ -3.924715, 35.351326 ], [ -3.913747, 35.354214 ], [ -3.902779, 35.35718 ], [ -3.891812, 35.360223 ], [ -3.891559, 35.360294 ], [ -3.880843, 35.363255 ], [ -3.869875, 35.366416 ], [ -3.859821, 35.36954 ], [ -3.858909, 35.369812 ], [ -3.84794, 35.37301 ], [ -3.836972, 35.376504 ], [ -3.830122, 35.378764 ], [ -3.826005, 35.380057 ], [ -3.815036, 35.383547 ], [ -3.804069, 35.387409 ], [ -3.802448, 35.387967 ], [ -3.793099, 35.391008 ], [ -3.782131, 35.394878 ], [ -3.775933, 35.397157 ], [ -3.771162, 35.398817 ], [ -3.760192, 35.402737 ], [ -3.750946, 35.406331 ], [ -3.749224, 35.406967 ], [ -3.738252, 35.410936 ], [ -3.727284, 35.415426 ], [ -3.727112, 35.415493 ], [ -3.716311, 35.419475 ], [ -3.705341, 35.424076 ], [ -3.703942, 35.424647 ], [ -3.694367, 35.428336 ], [ -3.683396, 35.43307 ], [ -3.681674, 35.433791 ], [ -3.672422, 35.437482 ], [ -3.66145, 35.44242 ], [ -3.660289, 35.442926 ], [ -3.650474, 35.447054 ], [ -3.6396, 35.452053 ], [ -3.639501, 35.452096 ], [ -3.628522, 35.456736 ], [ -3.619263, 35.461176 ], [ -3.617547, 35.461954 ], [ -3.606569, 35.466851 ], [ -3.599519, 35.470292 ], [ -3.595591, 35.472107 ], [ -3.584612, 35.477367 ], [ -3.580481, 35.479401 ], [ -3.573632, 35.482586 ], [ -3.562653, 35.488205 ], [ -3.562044, 35.488504 ], [ -3.551668, 35.493316 ], [ -3.543408, 35.497606 ], [ -3.540686, 35.498945 ], [ -3.529701, 35.504406 ], [ -3.525271, 35.506702 ], [ -3.518715, 35.509921 ], [ -3.507917, 35.515793 ], [ -3.507731, 35.51589 ], [ -3.496741, 35.521294 ], [ -3.490118, 35.524883 ], [ -3.485753, 35.527131 ], [ -3.474764, 35.533155 ], [ -3.473257, 35.533966 ], [ -3.463771, 35.538826 ], [ -3.45626, 35.543048 ], [ -3.452779, 35.544915 ], [ -3.441786, 35.551086 ], [ -3.439927, 35.552125 ], [ -3.43079, 35.556996 ], [ -3.423538, 35.5612 ], [ -3.419794, 35.563279 ], [ -3.408797, 35.569754 ], [ -3.407902, 35.57027 ], [ -3.397797, 35.575844 ], [ -3.391925, 35.579339 ], [ -3.386796, 35.582276 ], [ -3.376811, 35.588403 ], [ -3.375796, 35.589004 ], [ -3.364792, 35.595564 ], [ -3.361502, 35.597466 ], [ -3.353787, 35.602008 ], [ -3.346579, 35.606526 ], [ -3.342781, 35.608829 ], [ -3.33227, 35.615583 ], [ -3.331774, 35.615893 ], [ -3.320765, 35.622647 ], [ -3.317653, 35.624638 ], [ -3.309754, 35.629544 ], [ -3.303421, 35.633691 ], [ -3.298741, 35.636682 ], [ -3.289674, 35.642741 ], [ -3.287728, 35.644012 ], [ -3.276713, 35.651441 ], [ -3.276192, 35.651789 ], [ -3.265695, 35.658648 ], [ -3.262485, 35.660836 ], [ -3.254676, 35.666053 ], [ -3.249284, 35.66988 ], [ -3.243656, 35.67374 ], [ -3.236192, 35.678922 ], [ -3.232633, 35.681402 ], [ -3.223509, 35.687963 ], [ -3.221609, 35.689341 ], [ -3.21109, 35.697001 ], [ -3.210584, 35.697358 ], [ -3.199556, 35.705376 ], [ -3.198655, 35.706038 ], [ -3.188525, 35.713461 ], [ -3.186365, 35.715074 ], [ -3.177493, 35.721639 ], [ -3.174242, 35.724108 ], [ -3.166459, 35.729997 ], [ -3.162383, 35.733141 ], [ -3.155423, 35.738508 ], [ -3.15074, 35.742172 ], [ -3.144385, 35.747155 ], [ -3.139296, 35.751201 ], [ -3.133345, 35.75595 ], [ -3.128031, 35.76023 ], [ -3.122303, 35.764881 ], [ -3.116954, 35.769257 ], [ -3.111258, 35.773957 ], [ -3.106045, 35.778283 ], [ -3.100211, 35.783188 ], [ -3.095315, 35.787308 ], [ -3.089161, 35.792565 ], [ -3.084765, 35.796332 ], [ -3.07811, 35.802143 ], [ -3.074422, 35.805355 ], [ -3.067055, 35.811935 ], [ -3.064312, 35.814376 ], [ -3.055998, 35.821964 ], [ -3.054417, 35.823397 ], [ -3.044939, 35.832277 ], [ -3.044789, 35.832417 ], [ -3.035007, 35.841436 ], [ -3.033877, 35.842562 ], [ -3.025514, 35.850454 ], [ -3.022812, 35.852981 ], [ -3.016038, 35.859472 ], [ -3.011744, 35.863758 ], [ -3.006918, 35.868488 ], [ -3.000673, 35.874911 ], [ -2.998092, 35.877504 ], [ -2.989598, 35.886495 ], [ -2.989575, 35.88652 ], [ -2.980679, 35.895534 ], [ -2.978521, 35.897842 ], [ -2.972071, 35.904548 ], [ -2.96744, 35.909667 ], [ -2.963814, 35.913562 ], [ -2.956356, 35.922126 ], [ -2.95595, 35.922575 ], [ -2.947675, 35.931587 ], [ -2.945268, 35.934368 ], [ -2.939797, 35.940599 ], [ -2.934177, 35.947319 ], [ -2.932135, 35.949611 ], [ -2.924569, 35.958622 ], [ -2.923081, 35.96043 ], [ -2.916901, 35.967633 ], [ -2.911982, 35.97393 ], [ -2.909758, 35.976643 ], [ -2.902592, 35.985653 ], [ -2.900878, 35.987971 ], [ -2.895531, 35.994663 ], [ -2.889769, 36.002327 ], [ -2.888734, 36.003672 ], [ -2.881715, 36.012681 ], [ -2.878657, 36.016928 ], [ -2.875043, 36.02169 ], [ -2.868683, 36.030699 ], [ -2.867538, 36.032315 ], [ -2.862015, 36.039707 ], [ -2.856415, 36.048248 ], [ -2.85609, 36.048715 ], [ -2.849549, 36.057723 ], [ -2.845286, 36.064378 ], [ -2.843686, 36.066731 ], [ -2.837571, 36.075738 ], [ -2.834152, 36.081237 ], [ -2.83183, 36.084746 ], [ -2.826023, 36.093753 ], [ -2.823011, 36.098768 ], [ -2.820466, 36.10276 ], [ -2.814895, 36.111767 ], [ -2.811864, 36.117032 ], [ -2.809567, 36.120774 ], [ -2.804178, 36.129781 ], [ -2.800709, 36.13611 ], [ -2.79914, 36.138788 ], [ -2.793855, 36.147794 ], [ -2.789546, 36.156131 ], [ -2.789177, 36.156802 ], [ -2.783964, 36.165808 ], [ -2.779395, 36.174815 ], [ -2.778376, 36.176791 ], [ -2.774522, 36.183821 ], [ -2.769971, 36.192827 ], [ -2.767196, 36.198656 ], [ -2.765575, 36.201834 ], [ -2.761064, 36.21084 ], [ -2.756783, 36.219847 ], [ -2.756008, 36.221472 ], [ -2.752231, 36.228853 ], [ -2.747972, 36.237859 ], [ -2.74481, 36.245013 ], [ -2.743931, 36.246866 ], [ -2.739515, 36.255872 ], [ -2.735538, 36.264878 ], [ -2.733603, 36.269344 ], [ -2.731499, 36.273884 ], [ -2.727374, 36.28289 ], [ -2.723626, 36.291897 ], [ -2.722384, 36.294848 ], [ -2.71967, 36.300902 ], [ -2.715774, 36.309908 ], [ -2.712208, 36.318915 ], [ -2.711154, 36.321533 ], [ -2.708408, 36.327921 ], [ -2.704696, 36.336927 ], [ -2.701284, 36.345933 ], [ -2.699911, 36.349557 ], [ -2.69774, 36.354939 ], [ -2.694179, 36.363945 ], [ -2.690888, 36.372952 ], [ -2.688654, 36.379318 ], [ -2.68767, 36.381959 ], [ -2.68424, 36.390965 ], [ -2.681052, 36.399971 ], [ -2.678082, 36.408978 ], [ -2.677379, 36.411066 ], [ -2.674901, 36.417984 ], [ -2.671803, 36.426991 ], [ -2.668928, 36.435998 ], [ -2.666214, 36.445005 ], [ -2.666083, 36.445421 ], [ -2.66323, 36.454012 ], [ -2.660419, 36.463018 ], [ -2.657775, 36.472026 ], [ -2.655289, 36.481033 ], [ -2.654764, 36.4829 ], [ -2.652639, 36.490041 ], [ -2.650061, 36.499048 ], [ -2.647636, 36.508055 ], [ -2.645362, 36.517063 ], [ -2.643412, 36.525125 ], [ -2.64317, 36.526072 ], [ -2.640804, 36.535079 ], [ -2.638585, 36.544087 ], [ -2.63649, 36.553096 ], [ -2.634513, 36.562104 ], [ -2.632669, 36.571113 ], [ -2.632015, 36.574198 ], [ -2.630723, 36.580122 ], [ -2.628813, 36.589131 ], [ -2.627017, 36.59814 ], [ -2.625329, 36.607149 ], [ -2.623742, 36.616159 ], [ -2.622249, 36.625169 ], [ -2.62085, 36.634179 ], [ -2.62054, 36.636182 ], [ -2.619394, 36.643189 ], [ -2.617979, 36.652199 ], [ -2.616652, 36.661209 ], [ -2.61541, 36.67022 ], [ -2.614253, 36.67923 ], [ -2.613177, 36.688241 ], [ -2.61218, 36.697253 ], [ -2.611255, 36.706264 ], [ -2.610409, 36.715276 ], [ -2.609637, 36.724288 ], [ -2.608936, 36.7333 ], [ -2.608863, 36.734286 ], [ -2.608228, 36.742312 ], [ -2.607584, 36.751324 ], [ -2.607021, 36.760337 ], [ -2.60654, 36.769349 ], [ -2.606137, 36.778363 ], [ -2.605805, 36.787376 ], [ -2.605559, 36.796389 ], [ -2.605404, 36.805403 ], [ -2.605301, 36.814417 ], [ -2.605295, 36.823431 ], [ -2.605363, 36.832446 ], [ -2.605524, 36.841461 ], [ -2.605768, 36.850476 ], [ -2.606094, 36.859491 ], [ -2.606517, 36.868507 ], [ -2.607031, 36.877523 ], [ -2.607642, 36.886539 ], [ -2.608059, 36.892091 ], [ -2.608296, 36.895555 ], [ -2.608964, 36.904572 ], [ -2.609715, 36.913588 ], [ -2.610567, 36.922605 ], [ -2.611492, 36.931622 ], [ -2.612549, 36.94064 ], [ -2.61372, 36.949658 ], [ -2.615012, 36.958676 ], [ -2.61645, 36.967695 ], [ -2.618053, 36.976714 ], [ -2.618834, 36.98117 ], [ -2.619574, 36.985733 ], [ -2.62108, 36.994752 ], [ -2.622726, 37.003771 ], [ -2.62455, 37.012791 ], [ -2.626547, 37.021811 ], [ -2.628795, 37.030832 ], [ -2.629804, 37.034878 ], [ -2.630917, 37.039853 ], [ -2.632952, 37.048873 ], [ -2.635166, 37.057894 ], [ -2.637588, 37.066915 ], [ -2.64028, 37.075937 ], [ -2.64084, 37.077904 ], [ -2.642638, 37.084958 ], [ -2.645097, 37.09398 ], [ -2.64783, 37.103002 ], [ -2.650903, 37.112025 ], [ -2.651915, 37.115055 ], [ -2.653728, 37.121047 ], [ -2.656717, 37.130069 ], [ -2.659978, 37.139093 ], [ -2.663026, 37.146696 ], [ -2.663555, 37.148117 ], [ -2.666919, 37.15714 ], [ -2.670775, 37.166165 ], [ -2.674166, 37.173511 ], [ -2.674925, 37.17519 ], [ -2.679097, 37.184215 ], [ -2.684781, 37.193244 ], [ -2.685338, 37.194419 ], [ -2.690833, 37.202274 ], [ -2.693943, 37.211295 ], [ -2.696517, 37.215176 ], [ -2.699354, 37.220323 ], [ -2.705776, 37.229353 ], [ -2.707719, 37.231736 ], [ -2.713102, 37.238385 ], [ -2.718939, 37.244692 ], [ -2.721963, 37.247419 ], [ -2.730174, 37.254231 ], [ -2.733488, 37.25646 ], [ -2.741423, 37.260913 ], [ -2.749118, 37.265507 ], [ -2.752675, 37.267067 ], [ -2.763936, 37.270993 ], [ -2.77476, 37.274573 ], [ -2.775199, 37.274666 ], [ -2.78647, 37.275551 ], [ -2.797746, 37.275186 ], [ -2.809015, 37.277363 ], [ -2.820282, 37.280514 ], [ -2.831562, 37.278339 ], [ -2.842836, 37.27882 ], [ -2.854107, 37.280983 ], [ -2.865385, 37.279467 ], [ -2.876662, 37.278263 ], [ -2.887937, 37.27782 ], [ -2.899213, 37.27694 ], [ -2.910489, 37.275904 ], [ -2.921764, 37.274898 ], [ -2.922657, 37.274762 ], [ -2.933041, 37.272452 ], [ -2.944316, 37.270609 ], [ -2.955591, 37.268528 ], [ -2.966865, 37.266866 ], [ -2.973148, 37.26577 ], [ -2.978139, 37.264698 ], [ -2.989412, 37.262582 ], [ -3.000685, 37.260658 ], [ -3.011957, 37.25895 ], [ -3.023228, 37.257408 ], [ -3.027806, 37.256756 ], [ -3.034499, 37.255838 ], [ -3.04577, 37.254693 ], [ -3.05704, 37.253674 ], [ -3.068311, 37.252627 ], [ -3.079581, 37.251538 ], [ -3.090851, 37.250856 ], [ -3.102119, 37.249386 ], [ -3.11339, 37.249358 ], [ -3.124659, 37.248738 ], [ -3.135929, 37.248236 ], [ -3.147199, 37.248022 ], [ -3.158469, 37.247941 ], [ -3.16974, 37.248275 ], [ -3.181017, 37.250801 ], [ -3.192292, 37.252702 ], [ -3.203559, 37.251202 ], [ -3.214841, 37.255012 ], [ -3.226113, 37.255439 ], [ -3.237387, 37.256068 ], [ -3.248659, 37.256338 ], [ -3.259931, 37.256408 ], [ -3.260319, 37.256473 ], [ -3.27122, 37.261246 ], [ -3.282502, 37.263954 ], [ -3.293779, 37.26496 ], [ -3.305053, 37.265375 ], [ -3.305078, 37.26538 ], [ -3.316348, 37.270533 ], [ -3.327632, 37.272899 ], [ -3.338911, 37.274149 ], [ -3.339599, 37.2743 ], [ -3.350204, 37.278107 ], [ -3.361498, 37.282217 ], [ -3.365506, 37.283236 ], [ -3.372794, 37.286396 ], [ -3.378784, 37.292208 ], [ -3.372846, 37.296988 ], [ -3.361948, 37.301274 ], [ -3.36159, 37.301359 ], [ -3.350343, 37.308162 ], [ -3.346121, 37.310335 ], [ -3.339102, 37.31658 ], [ -3.337214, 37.319374 ], [ -3.32798, 37.328414 ], [ -3.327873, 37.328519 ], [ -3.316802, 37.337458 ], [ -3.316629, 37.337658 ], [ -3.306322, 37.346499 ], [ -3.305387, 37.347921 ], [ -3.298223, 37.355533 ], [ -3.294166, 37.364515 ], [ -3.294133, 37.364557 ], [ -3.283182, 37.373597 ], [ -3.282914, 37.374009 ], [ -3.278819, 37.382621 ], [ -3.271739, 37.391651 ], [ -3.271689, 37.391712 ], [ -3.262522, 37.400685 ], [ -3.260439, 37.403612 ], [ -3.255178, 37.409715 ], [ -3.24949, 37.41874 ], [ -3.249196, 37.419108 ], [ -3.241071, 37.427771 ], [ -3.237942, 37.432282 ], [ -3.234201, 37.436799 ], [ -3.227955, 37.445824 ], [ -3.22669, 37.44738 ], [ -3.220191, 37.454852 ], [ -3.215431, 37.461893 ], [ -3.213876, 37.463877 ], [ -3.206556, 37.472904 ], [ -3.204168, 37.476289 ], [ -3.199926, 37.481928 ], [ -3.193511, 37.490952 ], [ -3.192903, 37.491757 ], [ -3.186092, 37.499978 ], [ -3.181632, 37.506392 ], [ -3.179764, 37.509001 ], [ -3.173105, 37.518024 ], [ -3.170358, 37.521822 ], [ -3.166371, 37.527047 ], [ -3.159722, 37.536069 ], [ -3.159079, 37.536935 ], [ -3.152815, 37.545092 ], [ -3.147795, 37.552246 ], [ -3.146538, 37.554113 ], [ -3.140195, 37.563134 ], [ -3.136508, 37.568182 ], [ -3.133623, 37.572155 ], [ -3.126848, 37.581175 ], [ -3.125215, 37.583383 ], [ -3.120305, 37.590195 ], [ -3.113918, 37.598787 ], [ -3.113608, 37.599215 ], [ -3.107483, 37.608234 ], [ -3.102617, 37.614768 ], [ -3.100859, 37.617253 ], [ -3.094348, 37.626272 ], [ -3.091311, 37.630386 ], [ -3.087885, 37.63529 ], [ -3.081146, 37.644308 ], [ -3.08, 37.645972 ], [ -3.075048, 37.653325 ], [ -3.068684, 37.661662 ], [ -3.068201, 37.662342 ], [ -3.062125, 37.671358 ], [ -3.057364, 37.67771 ], [ -3.055509, 37.680375 ], [ -3.049137, 37.689391 ], [ -3.046038, 37.693563 ], [ -3.042496, 37.698406 ], [ -3.036231, 37.707421 ], [ -3.034708, 37.70957 ], [ -3.030254, 37.716436 ], [ -3.023373, 37.72523 ], [ -3.023217, 37.725451 ], [ -3.017477, 37.734464 ], [ -3.012034, 37.741594 ], [ -3.010724, 37.743478 ], [ -3.00429, 37.752492 ], [ -3.000689, 37.758124 ], [ -2.998452, 37.761505 ], [ -2.991966, 37.770517 ], [ -2.98934, 37.774066 ], [ -2.985867, 37.77953 ], [ -2.978823, 37.788541 ], [ -2.977985, 37.789726 ], [ -2.973249, 37.797553 ], [ -2.966626, 37.8059 ], [ -2.966124, 37.806564 ], [ -2.961017, 37.815575 ], [ -2.955261, 37.823034 ], [ -2.954274, 37.824586 ], [ -2.949339, 37.833597 ], [ -2.94389, 37.840972 ], [ -2.942896, 37.842606 ], [ -2.938166, 37.851617 ], [ -2.932513, 37.859431 ], [ -2.931755, 37.860626 ], [ -2.926548, 37.869636 ], [ -2.921131, 37.877797 ], [ -2.920632, 37.878645 ], [ -2.916554, 37.887655 ], [ -2.910801, 37.896663 ], [ -2.90974, 37.898533 ], [ -2.906557, 37.905672 ], [ -2.901628, 37.914681 ], [ -2.898342, 37.919782 ], [ -2.896157, 37.923689 ], [ -2.892562, 37.932699 ], [ -2.886937, 37.941412 ], [ -2.886791, 37.941706 ], [ -2.883588, 37.950715 ], [ -2.879412, 37.959724 ], [ -2.875519, 37.966548 ], [ -2.874582, 37.968731 ], [ -2.871054, 37.97774 ], [ -2.867065, 37.986748 ], [ -2.864092, 37.992421 ], [ -2.862835, 37.995756 ], [ -2.860093, 38.004765 ], [ -2.856546, 38.013773 ], [ -2.852651, 38.021573 ], [ -2.8522, 38.022781 ], [ -2.849104, 38.031789 ], [ -2.846855, 38.040799 ], [ -2.843402, 38.049807 ], [ -2.84119, 38.055488 ], [ -2.840265, 38.058815 ], [ -2.838397, 38.067825 ], [ -2.836128, 38.076834 ], [ -2.832996, 38.085842 ], [ -2.829958, 38.09485 ], [ -2.829703, 38.095822 ], [ -2.828171, 38.10386 ], [ -2.826745, 38.11287 ], [ -2.825276, 38.12188 ], [ -2.823679, 38.13089 ], [ -2.821984, 38.1399 ], [ -2.820404, 38.14891 ], [ -2.818949, 38.15792 ], [ -2.818136, 38.163358 ], [ -2.817754, 38.166931 ], [ -2.817219, 38.175942 ], [ -2.816678, 38.184953 ], [ -2.816234, 38.193965 ], [ -2.816013, 38.202977 ], [ -2.815979, 38.211989 ], [ -2.816091, 38.221001 ], [ -2.815736, 38.230013 ], [ -2.816316, 38.239026 ], [ -2.816795, 38.248039 ], [ -2.817583, 38.257052 ], [ -2.817896, 38.259791 ], [ -2.818681, 38.266066 ], [ -2.819841, 38.27508 ], [ -2.821194, 38.284094 ], [ -2.822824, 38.293109 ], [ -2.824702, 38.302124 ], [ -2.826797, 38.311139 ], [ -2.829076, 38.320154 ], [ -2.829179, 38.320527 ], [ -2.83162, 38.32917 ], [ -2.834465, 38.338186 ], [ -2.837462, 38.347202 ], [ -2.840503, 38.356219 ], [ -2.840535, 38.3563 ], [ -2.844353, 38.365236 ], [ -2.848034, 38.374253 ], [ -2.851603, 38.383269 ], [ -2.851918, 38.383949 ], [ -2.856209, 38.392287 ], [ -2.860568, 38.401304 ], [ -2.863319, 38.406908 ], [ -2.865194, 38.410321 ], [ -2.870391, 38.419339 ], [ -2.874732, 38.427339 ], [ -2.875343, 38.428356 ], [ -2.88125, 38.437374 ], [ -2.886155, 38.445576 ], [ -2.886662, 38.446392 ], [ -2.893197, 38.45541 ], [ -2.897586, 38.461875 ], [ -2.899468, 38.464427 ], [ -2.906284, 38.473445 ], [ -2.909023, 38.47705 ], [ -2.913482, 38.482462 ], [ -2.920389, 38.491479 ], [ -2.920467, 38.491567 ], [ -2.928471, 38.500496 ], [ -2.931916, 38.504437 ], [ -2.936621, 38.509512 ], [ -2.943369, 38.517008 ], [ -2.944821, 38.518528 ], [ -2.953529, 38.527543 ], [ -2.954827, 38.528871 ], [ -2.962827, 38.536559 ], [ -2.966289, 38.53985 ], [ -2.972537, 38.545573 ], [ -2.977755, 38.550363 ], [ -2.982487, 38.554587 ], [ -2.989224, 38.560693 ], [ -2.992467, 38.563599 ], [ -3.000697, 38.571035 ], [ -3.002482, 38.572611 ], [ -3.012173, 38.581162 ], [ -3.012703, 38.581622 ], [ -3.023172, 38.590632 ], [ -3.023651, 38.59104 ], [ -3.033921, 38.599641 ], [ -3.035133, 38.60067 ], [ -3.044805, 38.608649 ], [ -3.046618, 38.610134 ], [ -3.055915, 38.617656 ], [ -3.058106, 38.619415 ], [ -3.067234, 38.626662 ], [ -3.069596, 38.628522 ], [ -3.078763, 38.635666 ], [ -3.08109, 38.637492 ], [ -3.090469, 38.644669 ], [ -3.092585, 38.646268 ], [ -3.102461, 38.653671 ], [ -3.104084, 38.654871 ], [ -3.114695, 38.662671 ], [ -3.115585, 38.663331 ], [ -3.127088, 38.6716 ], [ -3.127186, 38.67167 ], [ -3.138594, 38.679627 ], [ -3.140093, 38.680666 ], [ -3.150101, 38.687495 ], [ -3.153291, 38.689661 ], [ -3.161611, 38.695265 ], [ -3.166748, 38.698654 ], [ -3.173123, 38.70282 ], [ -3.180527, 38.707645 ], [ -3.184638, 38.710272 ], [ -3.194596, 38.716634 ], [ -3.196154, 38.717608 ], [ -3.207672, 38.724753 ], [ -3.209114, 38.725621 ], [ -3.219191, 38.731638 ], [ -3.224152, 38.734604 ], [ -3.230713, 38.738438 ], [ -3.239483, 38.743585 ], [ -3.242236, 38.745161 ], [ -3.253761, 38.75174 ], [ -3.255268, 38.752563 ], [ -3.265287, 38.758011 ], [ -3.271722, 38.761537 ], [ -3.276815, 38.764255 ], [ -3.288345, 38.770465 ], [ -3.288431, 38.770509 ], [ -3.299875, 38.776312 ], [ -3.306062, 38.779475 ], [ -3.311408, 38.78213 ], [ -3.322941, 38.787885 ], [ -3.324083, 38.788438 ], [ -3.334475, 38.793322 ], [ -3.343029, 38.797395 ], [ -3.346011, 38.798785 ], [ -3.357548, 38.804021 ], [ -3.362676, 38.806347 ], [ -3.369085, 38.80915 ], [ -3.380624, 38.814238 ], [ -3.383117, 38.815293 ], [ -3.392164, 38.819018 ], [ -3.403705, 38.823924 ], [ -3.404467, 38.824232 ], [ -3.415245, 38.828408 ], [ -3.426788, 38.833091 ], [ -3.426973, 38.833164 ], [ -3.438331, 38.837376 ], [ -3.449874, 38.841725 ], [ -3.450867, 38.842085 ], [ -3.461417, 38.845716 ], [ -3.472963, 38.849849 ], [ -3.476288, 38.850995 ], [ -3.484507, 38.853691 ], [ -3.496053, 38.857483 ], [ -3.50332, 38.859893 ], [ -3.507599, 38.861227 ], [ -3.519145, 38.864688 ], [ -3.530693, 38.868315 ], [ -3.532274, 38.868776 ], [ -3.542238, 38.87151 ], [ -3.553786, 38.874741 ], [ -3.563869, 38.877639 ], [ -3.565334, 38.878032 ], [ -3.57688, 38.880868 ], [ -3.588428, 38.883811 ], [ -3.598741, 38.886476 ], [ -3.599977, 38.886774 ], [ -3.611523, 38.889301 ], [ -3.62307, 38.891878 ], [ -3.634619, 38.894514 ], [ -3.638219, 38.895278 ], [ -3.646166, 38.896845 ], [ -3.657712, 38.899049 ], [ -3.66926, 38.901261 ], [ -3.680808, 38.903482 ], [ -3.683915, 38.90403 ], [ -3.692353, 38.905414 ], [ -3.703899, 38.9072 ], [ -3.715444, 38.908958 ], [ -3.72699, 38.910719 ], [ -3.738537, 38.912521 ], [ -3.73979, 38.912701 ], [ -3.750082, 38.91409 ], [ -3.761627, 38.91563 ], [ -3.773173, 38.917171 ], [ -3.784719, 38.918714 ], [ -3.796266, 38.920265 ], [ -3.80419, 38.921286 ], [ -3.807812, 38.921726 ], [ -3.819357, 38.923037 ], [ -3.830903, 38.924338 ], [ -3.842449, 38.925632 ], [ -3.853994, 38.926909 ], [ -3.865541, 38.92817 ], [ -3.877087, 38.929413 ], [ -3.880401, 38.929747 ], [ -3.888632, 38.930528 ], [ -3.900177, 38.931587 ], [ -3.911722, 38.932631 ], [ -3.923267, 38.933648 ], [ -3.934812, 38.934641 ], [ -3.946356, 38.935612 ], [ -3.957902, 38.936612 ], [ -3.969446, 38.937492 ], [ -3.976132, 38.937996 ], [ -3.980991, 38.938346 ], [ -3.992534, 38.93912 ], [ -4.004077, 38.93987 ], [ -4.01562, 38.9406 ], [ -4.027164, 38.94132 ], [ -4.038707, 38.941993 ], [ -4.050249, 38.942638 ], [ -4.061792, 38.943255 ], [ -4.073334, 38.943846 ], [ -4.084876, 38.944419 ], [ -4.096418, 38.944944 ], [ -4.107959, 38.945438 ], [ -4.115867, 38.945755 ], [ -4.1195, 38.945896 ], [ -4.13104, 38.946306 ], [ -4.14258, 38.946701 ], [ -4.15412, 38.947058 ], [ -4.165659, 38.947386 ], [ -4.177198, 38.947685 ], [ -4.188736, 38.947958 ], [ -4.200275, 38.948229 ], [ -4.211812, 38.948448 ], [ -4.22335, 38.948638 ], [ -4.234887, 38.948799 ], [ -4.246423, 38.948934 ], [ -4.257959, 38.949045 ], [ -4.269495, 38.949151 ], [ -4.28103, 38.949206 ], [ -4.292565, 38.949234 ], [ -4.304099, 38.949236 ], [ -4.315632, 38.949214 ], [ -4.327166, 38.949186 ], [ -4.338699, 38.949114 ], [ -4.350231, 38.949014 ], [ -4.361762, 38.948889 ], [ -4.373294, 38.948741 ], [ -4.384824, 38.948571 ], [ -4.396355, 38.948392 ], [ -4.407884, 38.948173 ], [ -4.419413, 38.947929 ], [ -4.430941, 38.947661 ], [ -4.442469, 38.947371 ], [ -4.453996, 38.94706 ], [ -4.465523, 38.946739 ], [ -4.477049, 38.94638 ], [ -4.488575, 38.945997 ], [ -4.5001, 38.945592 ], [ -4.511624, 38.945165 ], [ -4.523147, 38.944678 ], [ -4.534671, 38.944257 ], [ -4.546193, 38.943763 ], [ -4.557714, 38.943245 ], [ -4.569235, 38.942705 ], [ -4.580756, 38.942144 ], [ -4.592275, 38.941543 ], [ -4.603794, 38.940959 ], [ -4.615312, 38.94033 ], [ -4.625233, 38.939773 ], [ -4.62683, 38.939685 ], [ -4.638347, 38.939046 ], [ -4.649864, 38.938385 ], [ -4.66138, 38.937691 ], [ -4.672895, 38.936998 ], [ -4.68441, 38.936271 ], [ -4.695923, 38.935521 ], [ -4.707436, 38.934751 ], [ -4.718949, 38.93396 ], [ -4.73046, 38.93315 ], [ -4.741971, 38.932315 ], [ -4.753481, 38.931469 ], [ -4.76499, 38.930604 ], [ -4.776498, 38.92972 ], [ -4.788006, 38.928814 ], [ -4.794746, 38.928279 ], [ -4.799513, 38.927908 ], [ -4.81102, 38.927001 ], [ -4.822526, 38.926076 ], [ -4.834032, 38.925132 ], [ -4.845536, 38.924167 ], [ -4.85704, 38.92318 ], [ -4.868543, 38.922171 ], [ -4.880044, 38.921124 ], [ -4.891545, 38.920073 ], [ -4.903045, 38.919002 ], [ -4.914544, 38.917913 ], [ -4.921448, 38.917251 ], [ -4.926043, 38.916817 ], [ -4.937541, 38.915716 ], [ -4.949038, 38.91458 ], [ -4.960534, 38.913431 ], [ -4.972029, 38.912263 ], [ -4.983523, 38.911074 ], [ -4.995016, 38.909865 ], [ -5.006508, 38.908633 ], [ -5.017999, 38.907373 ], [ -5.026241, 38.906469 ], [ -5.02949, 38.906112 ], [ -5.040979, 38.904833 ], [ -5.052468, 38.903534 ], [ -5.063955, 38.902214 ], [ -5.075441, 38.900863 ], [ -5.086926, 38.89946 ], [ -5.09841, 38.898091 ], [ -5.109894, 38.896714 ], [ -5.116987, 38.895848 ], [ -5.121377, 38.895304 ], [ -5.132857, 38.893847 ], [ -5.144337, 38.892365 ], [ -5.155815, 38.890849 ], [ -5.167293, 38.889353 ], [ -5.17877, 38.887854 ], [ -5.190247, 38.886348 ], [ -5.197747, 38.885346 ], [ -5.201722, 38.884799 ], [ -5.213193, 38.883151 ], [ -5.224664, 38.881512 ], [ -5.236135, 38.879879 ], [ -5.247605, 38.87825 ], [ -5.259075, 38.876623 ], [ -5.270544, 38.874997 ], [ -5.270967, 38.874934 ], [ -5.282008, 38.873202 ], [ -5.293471, 38.871415 ], [ -5.304933, 38.869644 ], [ -5.316396, 38.867887 ], [ -5.327859, 38.866144 ], [ -5.337981, 38.864602 ], [ -5.33932, 38.864384 ], [ -5.350775, 38.862425 ], [ -5.36223, 38.860499 ], [ -5.373685, 38.858605 ], [ -5.38514, 38.856742 ], [ -5.396596, 38.854904 ], [ -5.399981, 38.854334 ], [ -5.408045, 38.85287 ], [ -5.419491, 38.850784 ], [ -5.430939, 38.848753 ], [ -5.442387, 38.846774 ], [ -5.453837, 38.844842 ], [ -5.457912, 38.844119 ], [ -5.465278, 38.842692 ], [ -5.476716, 38.840458 ], [ -5.488155, 38.838306 ], [ -5.499597, 38.836232 ], [ -5.511041, 38.834228 ], [ -5.512512, 38.833947 ], [ -5.52247, 38.831847 ], [ -5.533901, 38.8295 ], [ -5.545334, 38.827264 ], [ -5.55677, 38.825132 ], [ -5.563642, 38.823826 ], [ -5.568201, 38.822868 ], [ -5.579623, 38.820383 ], [ -5.591045, 38.817913 ], [ -5.602473, 38.815653 ], [ -5.612495, 38.813734 ], [ -5.613903, 38.813432 ], [ -5.625314, 38.810734 ], [ -5.63673, 38.808198 ], [ -5.64815, 38.805783 ], [ -5.658846, 38.803679 ], [ -5.659574, 38.803516 ], [ -5.670976, 38.800653 ], [ -5.682384, 38.798004 ], [ -5.693799, 38.795542 ], [ -5.702793, 38.79366 ], [ -5.705213, 38.793079 ], [ -5.716607, 38.790114 ], [ -5.72801, 38.787414 ], [ -5.739421, 38.784928 ], [ -5.744938, 38.783668 ], [ -5.750821, 38.782179 ], [ -5.762203, 38.779007 ], [ -5.773598, 38.7762 ], [ -5.784417, 38.773724 ], [ -5.785, 38.77357 ], [ -5.796369, 38.770122 ], [ -5.80775, 38.76703 ], [ -5.819143, 38.764252 ], [ -5.820595, 38.763847 ], [ -5.830503, 38.760664 ], [ -5.841873, 38.757351 ], [ -5.853257, 38.754422 ], [ -5.854654, 38.754011 ], [ -5.864612, 38.750791 ], [ -5.875965, 38.747155 ], [ -5.886851, 38.74421 ], [ -5.887339, 38.744057 ], [ -5.898672, 38.739967 ], [ -5.910027, 38.736463 ], [ -5.91669, 38.73446 ], [ -5.921376, 38.732809 ], [ -5.932706, 38.728742 ], [ -5.944061, 38.72532 ], [ -5.945822, 38.72472 ], [ -5.955377, 38.72097 ], [ -5.966711, 38.717091 ], [ -5.973036, 38.715022 ], [ -5.97804, 38.713118 ], [ -5.989352, 38.708781 ], [ -5.999824, 38.705329 ], [ -6.000687, 38.705001 ], [ -6.011978, 38.700229 ], [ -6.023303, 38.696287 ], [ -6.024934, 38.695672 ], [ -6.03459, 38.691478 ], [ -6.0459, 38.687248 ], [ -6.048975, 38.686039 ], [ -6.057183, 38.682394 ], [ -6.06848, 38.677927 ], [ -6.072392, 38.676417 ], [ -6.079761, 38.673118 ], [ -6.091044, 38.668393 ], [ -6.094808, 38.666817 ], [ -6.10231, 38.66331 ], [ -6.113589, 38.658549 ], [ -6.116626, 38.657228 ], [ -6.124842, 38.653229 ], [ -6.136116, 38.648429 ], [ -6.137817, 38.647652 ], [ -6.147353, 38.642825 ], [ -6.158479, 38.638087 ], [ -6.158623, 38.638019 ], [ -6.169844, 38.632128 ], [ -6.177851, 38.628554 ], [ -6.181094, 38.62692 ], [ -6.192321, 38.621252 ], [ -6.196899, 38.619026 ], [ -6.203542, 38.615491 ], [ -6.214778, 38.61008 ], [ -6.215913, 38.609496 ], [ -6.225975, 38.603862 ], [ -6.233849, 38.599993 ], [ -6.237195, 38.598184 ], [ -6.248398, 38.592163 ], [ -6.251511, 38.590494 ], [ -6.259585, 38.585848 ], [ -6.268828, 38.581003 ], [ -6.270787, 38.579888 ], [ -6.281964, 38.573452 ], [ -6.28539, 38.57153 ], [ -6.293135, 38.566889 ], [ -6.301826, 38.562059 ], [ -6.304315, 38.56058 ], [ -6.315478, 38.553966 ], [ -6.317871, 38.552597 ], [ -6.32663, 38.547128 ], [ -6.333336, 38.543149 ], [ -6.337783, 38.540367 ], [ -6.348939, 38.533723 ], [ -6.348987, 38.533693 ], [ -6.360063, 38.526418 ], [ -6.363576, 38.524266 ], [ -6.371191, 38.519259 ], [ -6.378118, 38.514839 ], [ -6.382315, 38.512056 ], [ -6.392613, 38.505411 ], [ -6.393436, 38.50486 ], [ -6.404539, 38.497298 ], [ -6.406518, 38.495999 ], [ -6.415635, 38.489653 ], [ -6.420077, 38.486595 ], [ -6.426724, 38.481905 ], [ -6.433475, 38.477195 ], [ -6.437808, 38.47409 ], [ -6.446709, 38.467798 ], [ -6.448886, 38.466216 ], [ -6.459759, 38.458404 ], [ -6.459958, 38.458258 ], [ -6.471013, 38.449986 ], [ -6.472295, 38.449025 ], [ -6.482058, 38.441574 ], [ -6.484573, 38.439652 ], [ -6.493095, 38.433048 ], [ -6.496803, 38.430279 ], [ -6.504132, 38.424566 ], [ -6.508812, 38.420912 ], [ -6.515156, 38.41588 ], [ -6.520563, 38.411551 ], [ -6.526168, 38.406995 ], [ -6.532109, 38.402195 ], [ -6.53717, 38.397948 ], [ -6.543181, 38.392852 ], [ -6.548152, 38.388559 ], [ -6.553895, 38.38352 ], [ -6.559117, 38.378877 ], [ -6.564285, 38.374196 ], [ -6.570066, 38.368937 ], [ -6.574653, 38.364872 ], [ -6.58101, 38.358934 ], [ -6.584594, 38.35556 ], [ -6.591929, 38.348497 ], [ -6.59423, 38.346257 ], [ -6.602829, 38.33775 ], [ -6.603615, 38.33696 ], [ -6.61283, 38.327669 ], [ -6.613715, 38.326766 ], [ -6.621986, 38.318378 ], [ -6.62459, 38.315639 ], [ -6.630819, 38.309097 ], [ -6.635441, 38.304092 ], [ -6.63939, 38.299823 ], [ -6.646271, 38.292183 ], [ -6.647716, 38.290556 ], [ -6.656034, 38.281289 ], [ -6.657088, 38.280109 ], [ -6.664289, 38.272023 ], [ -6.66789, 38.267783 ], [ -6.672222, 38.262767 ], [ -6.678661, 38.254928 ], [ -6.679841, 38.25352 ], [ -6.687532, 38.244271 ], [ -6.689422, 38.241938 ], [ -6.695097, 38.235025 ], [ -6.700159, 38.228545 ], [ -6.702356, 38.225788 ], [ -6.70955, 38.216553 ], [ -6.710876, 38.214826 ], [ -6.716746, 38.207317 ], [ -6.721574, 38.20082 ], [ -6.723632, 38.198091 ], [ -6.730497, 38.188865 ], [ -6.732249, 38.186457 ], [ -6.737324, 38.17964 ], [ -6.742899, 38.171669 ], [ -6.74379, 38.170426 ], [ -6.750438, 38.161206 ], [ -6.753536, 38.156703 ], [ -6.756853, 38.151993 ], [ -6.763094, 38.142785 ], [ -6.764143, 38.141233 ], [ -6.769468, 38.133573 ], [ -6.774725, 38.125375 ], [ -6.775389, 38.124375 ], [ -6.781595, 38.115167 ], [ -6.785292, 38.109299 ], [ -6.787457, 38.10597 ], [ -6.793373, 38.096771 ], [ -6.795832, 38.092796 ], [ -6.799202, 38.087575 ], [ -6.804808, 38.078386 ], [ -6.806344, 38.07583 ], [ -6.810516, 38.069193 ], [ -6.815878, 38.060011 ], [ -6.816827, 38.0584 ], [ -6.821484, 38.050821 ], [ -6.826683, 38.041644 ], [ -6.827286, 38.040602 ], [ -6.832267, 38.032454 ], [ -6.837242, 38.023284 ], [ -6.837721, 38.022427 ], [ -6.842658, 38.0141 ], [ -6.847505, 38.004933 ], [ -6.848127, 38.003791 ], [ -6.852751, 37.995754 ], [ -6.857521, 37.98659 ], [ -6.858506, 37.984738 ], [ -6.862687, 37.977412 ], [ -6.867382, 37.96825 ], [ -6.868861, 37.965328 ], [ -6.872273, 37.959081 ], [ -6.876942, 37.94992 ], [ -6.87918, 37.945319 ], [ -6.881552, 37.94076 ], [ -6.886223, 37.931598 ], [ -6.889463, 37.924732 ], [ -6.890659, 37.922444 ], [ -6.895452, 37.913277 ], [ -6.899506, 37.904135 ], [ -6.899717, 37.903692 ], [ -6.904267, 37.89497 ], [ -6.908416, 37.885824 ], [ -6.909952, 37.882404 ], [ -6.912748, 37.876673 ], [ -6.917018, 37.867523 ], [ -6.920135, 37.860226 ], [ -6.92103, 37.858382 ], [ -6.925569, 37.849223 ], [ -6.929353, 37.840089 ], [ -6.930302, 37.837859 ], [ -6.933612, 37.830939 ], [ -6.937611, 37.821797 ], [ -6.940415, 37.814599 ], [ -6.941238, 37.812668 ], [ -6.945596, 37.803515 ], [ -6.94924, 37.794385 ], [ -6.950515, 37.791173 ], [ -6.953257, 37.785243 ], [ -6.957195, 37.776103 ], [ -6.960409, 37.766987 ], [ -6.960549, 37.766638 ], [ -6.964598, 37.757838 ], [ -6.968164, 37.748711 ], [ -6.970566, 37.741891 ], [ -6.971492, 37.739591 ], [ -6.975517, 37.730448 ], [ -6.978877, 37.721327 ], [ -6.980546, 37.716571 ], [ -6.982353, 37.712202 ], [ -6.98614, 37.703066 ], [ -6.989267, 37.693952 ], [ -6.990477, 37.690454 ], [ -6.992718, 37.684828 ], [ -6.996268, 37.6757 ], [ -6.999289, 37.66659 ], [ -7.000358, 37.663503 ], [ -7.003046, 37.657455 ], [ -7.006665, 37.648324 ], [ -7.009365, 37.639225 ], [ -7.010226, 37.636443 ], [ -7.012893, 37.630098 ], [ -7.016386, 37.620971 ], [ -7.018938, 37.611877 ], [ -7.020023, 37.608195 ], [ -7.021965, 37.602766 ], [ -7.025557, 37.593636 ], [ -7.029185, 37.584504 ], [ -7.029872, 37.581011 ], [ -7.032495, 37.575384 ], [ -7.036791, 37.566229 ], [ -7.038678, 37.557157 ], [ -7.039491, 37.549699 ], [ -7.039979, 37.548105 ], [ -7.045368, 37.538913 ], [ -7.047686, 37.529826 ], [ -7.048876, 37.520777 ], [ -7.049173, 37.519669 ], [ -7.053588, 37.511608 ], [ -7.056667, 37.502495 ], [ -7.058207, 37.493434 ], [ -7.058865, 37.489968 ], [ -7.061326, 37.48432 ], [ -7.065408, 37.475171 ], [ -7.067353, 37.466097 ], [ -7.068363, 37.457055 ], [ -7.068375, 37.457015 ], [ -7.073676, 37.447864 ], [ -7.076218, 37.438769 ], [ -7.077565, 37.429715 ], [ -7.078059, 37.427402 ], [ -7.081253, 37.42058 ], [ -7.08483, 37.411449 ], [ -7.086607, 37.40238 ], [ -7.087517, 37.393758 ], [ -7.08764, 37.393337 ], [ -7.092847, 37.384149 ], [ -7.095286, 37.375057 ], [ -7.096586, 37.366004 ], [ -7.097134, 37.363167 ], [ -7.099877, 37.356883 ], [ -7.103568, 37.347747 ], [ -7.105427, 37.338675 ], [ -7.106427, 37.329633 ], [ -7.106556, 37.329118 ], [ -7.111019, 37.320466 ], [ -7.113776, 37.311362 ], [ -7.115129, 37.302308 ], [ -7.115995, 37.295505 ], [ -7.116706, 37.293245 ], [ -7.121208, 37.284081 ], [ -7.123536, 37.274992 ], [ -7.124836, 37.26594 ], [ -7.12544, 37.262141 ], [ -7.127357, 37.256844 ], [ -7.131097, 37.247706 ], [ -7.133056, 37.23863 ], [ -7.134268, 37.229581 ], [ -7.134768, 37.226759 ], [ -7.137199, 37.220471 ], [ -7.140617, 37.211344 ], [ -7.142506, 37.20227 ], [ -7.1436, 37.193224 ], [ -7.144048, 37.190637 ], [ -7.146497, 37.184115 ], [ -7.149718, 37.174995 ], [ -7.151598, 37.165922 ], [ -7.15273, 37.156874 ], [ -7.153254, 37.153303 ], [ -7.155112, 37.147783 ], [ -7.158557, 37.138655 ], [ -7.160485, 37.12958 ], [ -7.161621, 37.120532 ], [ -7.162324, 37.113611 ], [ -7.162878, 37.111481 ], [ -7.166753, 37.102337 ], [ -7.168974, 37.093252 ], [ -7.170316, 37.084197 ], [ -7.171139, 37.07516 ], [ -7.171378, 37.073773 ], [ -7.174205, 37.066045 ], [ -7.176863, 37.056944 ], [ -7.178528, 37.047878 ], [ -7.179583, 37.038833 ], [ -7.18022, 37.030218 ], [ -7.180306, 37.0298 ], [ -7.1839, 37.020666 ], [ -7.186102, 37.011581 ], [ -7.187444, 37.002526 ], [ -7.188381, 36.993485 ], [ -7.188959, 36.984914 ], [ -7.189046, 36.984454 ], [ -7.192348, 36.97533 ], [ -7.194465, 36.966248 ], [ -7.195792, 36.957194 ], [ -7.19668, 36.948155 ], [ -7.1973, 36.939125 ], [ -7.197541, 36.93691 ], [ -7.199303, 36.930047 ], [ -7.201713, 36.920954 ], [ -7.203254, 36.911892 ], [ -7.20425, 36.902849 ], [ -7.204983, 36.893816 ], [ -7.205467, 36.884791 ], [ -7.205705, 36.881422 ], [ -7.206774, 36.875738 ], [ -7.208991, 36.866652 ], [ -7.21042, 36.857593 ], [ -7.211454, 36.848549 ], [ -7.212167, 36.839517 ], [ -7.212634, 36.830493 ], [ -7.212902, 36.821476 ], [ -7.213049, 36.812463 ], [ -7.213089, 36.811889 ], [ -7.214654, 36.803399 ], [ -7.216046, 36.794342 ], [ -7.217006, 36.7853 ], [ -7.217633, 36.77627 ], [ -7.218062, 36.767248 ], [ -7.218344, 36.75823 ], [ -7.21847, 36.749218 ], [ -7.218447, 36.740212 ], [ -7.218353, 36.731207 ], [ -7.218227, 36.722204 ], [ -7.217998, 36.713205 ], [ -7.217659, 36.704209 ], [ -7.217279, 36.695215 ], [ -7.216867, 36.686223 ], [ -7.216357, 36.677233 ], [ -7.215771, 36.668246 ], [ -7.21521, 36.659259 ], [ -7.214602, 36.650273 ], [ -7.213912, 36.64129 ], [ -7.21313, 36.63231 ], [ -7.212383, 36.623329 ], [ -7.211534, 36.614351 ], [ -7.210575, 36.605377 ], [ -7.209144, 36.59642 ], [ -7.208393, 36.587439 ], [ -7.207101, 36.578477 ], [ -7.20559, 36.569523 ], [ -7.203875, 36.560576 ], [ -7.20183, 36.551641 ], [ -7.199286, 36.542723 ], [ -7.198137, 36.537671 ], [ -7.197584, 36.533775 ], [ -7.196373, 36.52481 ], [ -7.195104, 36.515847 ], [ -7.1936, 36.506892 ], [ -7.191777, 36.497949 ], [ -7.18919, 36.489032 ], [ -7.187144, 36.480096 ], [ -7.183488, 36.471217 ], [ -7.183371, 36.470752 ], [ -7.182133, 36.462257 ], [ -7.180399, 36.45331 ], [ -7.17879, 36.444358 ], [ -7.176466, 36.435432 ], [ -7.173272, 36.426536 ], [ -7.16941, 36.418278 ], [ -7.169242, 36.417669 ], [ -7.16777, 36.408713 ], [ -7.165944, 36.399769 ], [ -7.163543, 36.390845 ], [ -7.160176, 36.381954 ], [ -7.155887, 36.373621 ], [ -7.155733, 36.373101 ], [ -7.154095, 36.36415 ], [ -7.151973, 36.355216 ], [ -7.149043, 36.34631 ], [ -7.144611, 36.337456 ], [ -7.142579, 36.332685 ], [ -7.141582, 36.328553 ], [ -7.139512, 36.319617 ], [ -7.136626, 36.310709 ], [ -7.132177, 36.301855 ], [ -7.12953, 36.296338 ], [ -7.128609, 36.29297 ], [ -7.126424, 36.284038 ], [ -7.123263, 36.275139 ], [ -7.11808, 36.26631 ], [ -7.116661, 36.263147 ], [ -7.115212, 36.2574 ], [ -7.112693, 36.248479 ], [ -7.108787, 36.239605 ], [ -7.103898, 36.231762 ], [ -7.103536, 36.230778 ], [ -7.100694, 36.221867 ], [ -7.098037, 36.21295 ], [ -7.092307, 36.204138 ], [ -7.091222, 36.201811 ], [ -7.089503, 36.195226 ], [ -7.086503, 36.18632 ], [ -7.081469, 36.177484 ], [ -7.078579, 36.172309 ], [ -7.077384, 36.168615 ], [ -7.074522, 36.159704 ], [ -7.069677, 36.15086 ], [ -7.066061, 36.144999 ], [ -7.064991, 36.142011 ], [ -7.062123, 36.1331 ], [ -7.05717, 36.12426 ], [ -7.053592, 36.118461 ], [ -7.052486, 36.11541 ], [ -7.04942, 36.106506 ], [ -7.043462, 36.097699 ], [ -7.041191, 36.093076 ], [ -7.039696, 36.088818 ], [ -7.03629, 36.079924 ], [ -7.02981, 36.071134 ], [ -7.028888, 36.069443 ], [ -7.026654, 36.062231 ], [ -7.02228, 36.05337 ], [ -7.016563, 36.045211 ], [ -7.016254, 36.044563 ], [ -7.013442, 36.035649 ], [ -7.008429, 36.026808 ], [ -7.00432, 36.02243 ], [ -7.002045, 36.018013 ], [ -6.9973, 36.009163 ], [ -6.99246, 36.000316 ], [ -6.99208, 35.999555 ], [ -6.988176, 35.991449 ], [ -6.983221, 35.982606 ], [ -6.979872, 35.977183 ], [ -6.977994, 35.97377 ], [ -6.973117, 35.964923 ], [ -6.968192, 35.956078 ], [ -6.967691, 35.955187 ], [ -6.963231, 35.947233 ], [ -6.958199, 35.93839 ], [ -6.955547, 35.933772 ], [ -6.953122, 35.929549 ], [ -6.948021, 35.920708 ], [ -6.943432, 35.912819 ], [ -6.942877, 35.911868 ], [ -6.937684, 35.90303 ], [ -6.932435, 35.894193 ], [ -6.931349, 35.892355 ], [ -6.927197, 35.885356 ], [ -6.921837, 35.876522 ], [ -6.919297, 35.872407 ], [ -6.916423, 35.86769 ], [ -6.910965, 35.858859 ], [ -6.907276, 35.852929 ], [ -6.905473, 35.850028 ], [ -6.899947, 35.841199 ], [ -6.895286, 35.833967 ], [ -6.89427, 35.832374 ], [ -6.888643, 35.823547 ], [ -6.883322, 35.815428 ], [ -6.882865, 35.814725 ], [ -6.877136, 35.805901 ], [ -6.871388, 35.797372 ], [ -6.871195, 35.797083 ], [ -6.865335, 35.788263 ], [ -6.85948, 35.77973 ], [ -6.859288, 35.779448 ], [ -6.853295, 35.770631 ], [ -6.847599, 35.762529 ], [ -6.847104, 35.76182 ], [ -6.840969, 35.753007 ], [ -6.835742, 35.745737 ], [ -6.834646, 35.744199 ], [ -6.82833, 35.735391 ], [ -6.823913, 35.729391 ], [ -6.821866, 35.726587 ], [ -6.815373, 35.717784 ], [ -6.812108, 35.713454 ], [ -6.808763, 35.708984 ], [ -6.802048, 35.700187 ], [ -6.800328, 35.697946 ], [ -6.795313, 35.69139 ], [ -6.788573, 35.682858 ], [ -6.78837, 35.682599 ], [ -6.781443, 35.673808 ], [ -6.776838, 35.668097 ], [ -6.774362, 35.66502 ], [ -6.767178, 35.656236 ], [ -6.765128, 35.653769 ], [ -6.759908, 35.647453 ], [ -6.753441, 35.639831 ], [ -6.752464, 35.638676 ], [ -6.744977, 35.6299 ], [ -6.741774, 35.626235 ], [ -6.737327, 35.621127 ], [ -6.730131, 35.613058 ], [ -6.729509, 35.61236 ], [ -6.721638, 35.603594 ], [ -6.718505, 35.600188 ], [ -6.713587, 35.594832 ], [ -6.706902, 35.587717 ], [ -6.705358, 35.586076 ], [ -6.697005, 35.577323 ], [ -6.695319, 35.575583 ], [ -6.6885, 35.568573 ], [ -6.683755, 35.56381 ], [ -6.679781, 35.55983 ], [ -6.672211, 35.552378 ], [ -6.670907, 35.551091 ], [ -6.661966, 35.542353 ], [ -6.660677, 35.541105 ], [ -6.65294, 35.533617 ], [ -6.649154, 35.530003 ], [ -6.643784, 35.524883 ], [ -6.637645, 35.519126 ], [ -6.634471, 35.516154 ], [ -6.62615, 35.508508 ], [ -6.624981, 35.50743 ], [ -6.615441, 35.498706 ], [ -6.614664, 35.498003 ], [ -6.605852, 35.489983 ], [ -6.603186, 35.487614 ], [ -6.5961, 35.481264 ], [ -6.591719, 35.477403 ], [ -6.586206, 35.472548 ], [ -6.580265, 35.467422 ], [ -6.57613, 35.463837 ], [ -6.568822, 35.457615 ], [ -6.565917, 35.455129 ], [ -6.557389, 35.447975 ], [ -6.555545, 35.446424 ], [ -6.545966, 35.438498 ], [ -6.545032, 35.437723 ], [ -6.534552, 35.429157 ], [ -6.53439, 35.429025 ], [ -6.523698, 35.420327 ], [ -6.523143, 35.419879 ], [ -6.512901, 35.411631 ], [ -6.511741, 35.410709 ], [ -6.501945, 35.402938 ], [ -6.500348, 35.401685 ], [ -6.490849, 35.394249 ], [ -6.488964, 35.39279 ], [ -6.479599, 35.385563 ], [ -6.477588, 35.384022 ], [ -6.468205, 35.37688 ], [ -6.466219, 35.375378 ], [ -6.456661, 35.3682 ], [ -6.454858, 35.366855 ], [ -6.444958, 35.359524 ], [ -6.443504, 35.35845 ], [ -6.433109, 35.35085 ], [ -6.432158, 35.350158 ], [ -6.421092, 35.34218 ], [ -6.420819, 35.341983 ], [ -6.409484, 35.333842 ], [ -6.409018, 35.33351 ], [ -6.398154, 35.32577 ], [ -6.396837, 35.324842 ], [ -6.386829, 35.317787 ], [ -6.38451, 35.316177 ], [ -6.375512, 35.30991 ], [ -6.372026, 35.307515 ], [ -6.364201, 35.30213 ], [ -6.359357, 35.298856 ], [ -6.352896, 35.29446 ], [ -6.346513, 35.290201 ], [ -6.341599, 35.286908 ], [ -6.333459, 35.28155 ], [ -6.330308, 35.279457 ], [ -6.320193, 35.272904 ], [ -6.319024, 35.272139 ], [ -6.307742, 35.264817 ], [ -6.306877, 35.264257 ], [ -6.296461, 35.257455 ], [ -6.293559, 35.255609 ], [ -6.285186, 35.250217 ], [ -6.280002, 35.246966 ], [ -6.273919, 35.243107 ], [ -6.266174, 35.238329 ], [ -6.262659, 35.236127 ], [ -6.25206, 35.229697 ], [ -6.251407, 35.229295 ], [ -6.240151, 35.222319 ], [ -6.238082, 35.221061 ], [ -6.228899, 35.215387 ], [ -6.223943, 35.212426 ], [ -6.217655, 35.208605 ], [ -6.209411, 35.203801 ], [ -6.20642, 35.202026 ], [ -6.19519, 35.195516 ], [ -6.194614, 35.195181 ], [ -6.183957, 35.188869 ], [ -6.179889, 35.186556 ], [ -6.172733, 35.182411 ], [ -6.16466, 35.177944 ], [ -6.161518, 35.176165 ], [ -6.150309, 35.169995 ], [ -6.149112, 35.169337 ], [ -6.139096, 35.163715 ], [ -6.133502, 35.16073 ], [ -6.127895, 35.157663 ], [ -6.117212, 35.152138 ], [ -6.116704, 35.151869 ], [ -6.105507, 35.145849 ], [ -6.100991, 35.143542 ], [ -6.09432, 35.140043 ], [ -6.08402, 35.134964 ], [ -6.083144, 35.13452 ], [ -6.071964, 35.128812 ], [ -6.066975, 35.126384 ], [ -6.060792, 35.123299 ], [ -6.049632, 35.118063 ], [ -6.049127, 35.117822 ], [ -6.038465, 35.112612 ], [ -6.031102, 35.109262 ], [ -6.027312, 35.107484 ], [ -6.016162, 35.102392 ], [ -6.01238, 35.100716 ], [ -6.005015, 35.097351 ], [ -5.99388, 35.092609 ], [ -5.992897, 35.092187 ], [ -5.98274, 35.087685 ], [ -5.972827, 35.083668 ], [ -5.971615, 35.08316 ], [ -5.960485, 35.07844 ], [ -5.952009, 35.075164 ], [ -5.94937, 35.074116 ], [ -5.938256, 35.069766 ], [ -5.929656, 35.066694 ], [ -5.927155, 35.065768 ], [ -5.916052, 35.061692 ], [ -5.905669, 35.058258 ], [ -5.904965, 35.058016 ], [ -5.893872, 35.05415 ], [ -5.882794, 35.050681 ], [ -5.880142, 35.049854 ], [ -5.871714, 35.047125 ], [ -5.860643, 35.04378 ], [ -5.852545, 35.041494 ], [ -5.849579, 35.040635 ], [ -5.838512, 35.03738 ], [ -5.827455, 35.034403 ], [ -5.822755, 35.033178 ], [ -5.8164, 35.031454 ], [ -5.80535, 35.028605 ], [ -5.794308, 35.025997 ], [ -5.789636, 35.024931 ], [ -5.783268, 35.023412 ], [ -5.772229, 35.020849 ], [ -5.761197, 35.018472 ], [ -5.752908, 35.016757 ], [ -5.750168, 35.016165 ], [ -5.739137, 35.013777 ], [ -5.728112, 35.011533 ], [ -5.717091, 35.009429 ], [ -5.713014, 35.008642 ], [ -5.70607, 35.007264 ], [ -5.69505, 35.005137 ], [ -5.684033, 35.003112 ], [ -5.67302, 35.001173 ], [ -5.669735, 35.000589 ], [ -5.662006, 34.999165 ], [ -5.650991, 34.99715 ], [ -5.639979, 34.995191 ], [ -5.628958, 34.992939 ], [ -5.626998, 34.992508 ], [ -5.617931, 34.990463 ], [ -5.6069, 34.987854 ], [ -5.595869, 34.985238 ], [ -5.591594, 34.984255 ], [ -5.584841, 34.982667 ], [ -5.573815, 34.980173 ], [ -5.562797, 34.97787 ], [ -5.552788, 34.976064 ], [ -5.551788, 34.975882 ], [ -5.54079, 34.974228 ], [ -5.529806, 34.972981 ], [ -5.518835, 34.972167 ], [ -5.50788, 34.971903 ], [ -5.496945, 34.97227 ], [ -5.486022, 34.97303 ], [ -5.475112, 34.974231 ], [ -5.464213, 34.975806 ], [ -5.453322, 34.977685 ] ] } },
{ "type": "Feature", "properties": { "fid": 40, "ID": 39, "Intensidad": 10.0 }, "geometry": { "type": "LineString", "coordinates": [ [ -5.384855, 34.501457 ], [ -5.383601, 34.501725 ], [ -5.374037, 34.503794 ], [ -5.363232, 34.506642 ], [ -5.352432, 34.509639 ], [ -5.346742, 34.511454 ], [ -5.341645, 34.513163 ], [ -5.330862, 34.516875 ], [ -5.320084, 34.520783 ], [ -5.319555, 34.520988 ], [ -5.309315, 34.525074 ], [ -5.298543, 34.529273 ], [ -5.295679, 34.530455 ], [ -5.28778, 34.533879 ], [ -5.277009, 34.538203 ], [ -5.272961, 34.539895 ], [ -5.266247, 34.542903 ], [ -5.255475, 34.547294 ], [ -5.250341, 34.54933 ], [ -5.244704, 34.551729 ], [ -5.233924, 34.555905 ], [ -5.226318, 34.558786 ], [ -5.223142, 34.560033 ], [ -5.212363, 34.564344 ], [ -5.20157, 34.568112 ], [ -5.201196, 34.568257 ], [ -5.190794, 34.572629 ], [ -5.180005, 34.576641 ], [ -5.177327, 34.5777 ], [ -5.169223, 34.580995 ], [ -5.158446, 34.585563 ], [ -5.154497, 34.587121 ], [ -5.147667, 34.590128 ], [ -5.136885, 34.594574 ], [ -5.132183, 34.596529 ], [ -5.126108, 34.59932 ], [ -5.115334, 34.604183 ], [ -5.111245, 34.605908 ], [ -5.10456, 34.609153 ], [ -5.093782, 34.613943 ], [ -5.091004, 34.615272 ], [ -5.08302, 34.619473 ], [ -5.072244, 34.624479 ], [ -5.071978, 34.624613 ], [ -5.061487, 34.630341 ], [ -5.054907, 34.633917 ], [ -5.05073, 34.636228 ], [ -5.03998, 34.642455 ], [ -5.038738, 34.643204 ], [ -5.029236, 34.64902 ], [ -5.023822, 34.652468 ], [ -5.018498, 34.655921 ], [ -5.00992, 34.661714 ], [ -5.007769, 34.663223 ], [ -4.997122, 34.67094 ], [ -4.997049, 34.671 ], [ -4.986345, 34.679507 ], [ -4.985587, 34.680144 ], [ -4.975653, 34.688669 ], [ -4.974918, 34.689333 ], [ -4.964974, 34.698437 ], [ -4.964895, 34.698511 ], [ -4.955858, 34.707672 ], [ -4.954317, 34.709238 ], [ -4.94727, 34.716825 ], [ -4.943673, 34.720731 ], [ -4.939056, 34.725972 ], [ -4.933041, 34.732857 ], [ -4.931236, 34.735112 ], [ -4.924042, 34.744242 ], [ -4.922437, 34.746295 ], [ -4.917118, 34.753367 ], [ -4.911856, 34.7609 ], [ -4.910748, 34.762482 ], [ -4.904713, 34.771593 ], [ -4.90131, 34.777186 ], [ -4.899203, 34.780695 ], [ -4.893773, 34.789795 ], [ -4.890806, 34.795496 ], [ -4.889006, 34.798885 ], [ -4.883851, 34.80798 ], [ -4.880368, 34.81693 ], [ -4.880317, 34.817051 ], [ -4.875419, 34.826142 ], [ -4.870362, 34.835235 ], [ -4.869922, 34.838214 ], [ -4.86729, 34.844298 ], [ -4.860476, 34.853418 ], [ -4.859789, 34.862445 ], [ -4.859548, 34.862926 ], [ -4.852897, 34.871565 ], [ -4.849312, 34.880636 ], [ -4.849023, 34.881133 ], [ -4.840096, 34.889791 ], [ -4.838455, 34.897656 ], [ -4.837924, 34.89884 ], [ -4.828463, 34.907998 ], [ -4.827766, 34.908894 ], [ -4.818875, 34.917158 ], [ -4.817053, 34.919144 ], [ -4.81016, 34.926303 ], [ -4.806339, 34.929496 ], [ -4.801469, 34.935448 ], [ -4.795617, 34.939592 ], [ -4.786461, 34.944686 ], [ -4.784804, 34.945618 ], [ -4.773991, 34.95171 ], [ -4.769963, 34.953943 ], [ -4.763149, 34.956535 ], [ -4.752289, 34.960593 ], [ -4.743606, 34.96334 ], [ -4.741412, 34.963888 ], [ -4.730498, 34.965441 ], [ -4.71958, 34.966804 ], [ -4.708665, 34.968362 ], [ -4.697729, 34.968941 ], [ -4.686795, 34.969637 ], [ -4.675829, 34.968744 ], [ -4.664862, 34.967747 ], [ -4.653922, 34.968164 ], [ -4.642923, 34.965578 ], [ -4.631969, 34.965253 ], [ -4.621019, 34.965092 ], [ -4.620776, 34.965042 ], [ -4.609943, 34.958543 ], [ -4.598962, 34.956763 ], [ -4.588012, 34.956585 ], [ -4.58636, 34.95648 ], [ -4.577052, 34.955841 ], [ -4.566077, 34.954324 ], [ -4.5551, 34.952696 ], [ -4.54413, 34.95142 ], [ -4.533166, 34.950435 ], [ -4.522206, 34.949609 ], [ -4.511248, 34.948962 ], [ -4.502201, 34.948534 ], [ -4.500293, 34.948434 ], [ -4.489338, 34.947913 ], [ -4.478386, 34.947534 ], [ -4.467437, 34.947322 ], [ -4.45649, 34.947195 ], [ -4.445544, 34.947183 ], [ -4.434601, 34.947269 ], [ -4.423659, 34.947456 ], [ -4.412718, 34.947738 ], [ -4.401779, 34.948104 ], [ -4.390841, 34.948569 ], [ -4.379905, 34.949104 ], [ -4.368969, 34.949718 ], [ -4.361171, 34.950197 ], [ -4.358035, 34.950382 ], [ -4.3471, 34.951059 ], [ -4.336166, 34.951808 ], [ -4.325233, 34.952623 ], [ -4.314301, 34.95353 ], [ -4.303369, 34.954427 ], [ -4.292439, 34.955434 ], [ -4.281509, 34.956507 ], [ -4.27058, 34.957653 ], [ -4.259651, 34.958836 ], [ -4.248723, 34.96012 ], [ -4.24586, 34.960451 ], [ -4.237794, 34.96133 ], [ -4.226865, 34.962564 ], [ -4.215936, 34.963828 ], [ -4.205008, 34.965189 ], [ -4.194081, 34.966626 ], [ -4.183155, 34.968139 ], [ -4.172229, 34.969739 ], [ -4.168608, 34.970235 ], [ -4.161301, 34.971198 ], [ -4.150373, 34.972669 ], [ -4.139445, 34.974224 ], [ -4.128518, 34.975862 ], [ -4.117591, 34.977542 ], [ -4.106666, 34.979391 ], [ -4.10376, 34.979859 ], [ -4.095738, 34.98103 ], [ -4.08481, 34.982674 ], [ -4.073882, 34.984418 ], [ -4.062954, 34.986221 ], [ -4.052029, 34.988215 ], [ -4.04554, 34.989391 ], [ -4.041102, 34.990111 ], [ -4.030172, 34.991842 ], [ -4.019243, 34.993694 ], [ -4.008315, 34.995655 ], [ -3.997389, 34.997793 ], [ -3.991852, 34.998858 ], [ -3.98646, 34.999774 ], [ -3.975529, 35.00161 ], [ -3.964599, 35.003596 ], [ -3.95367, 35.005746 ], [ -3.942743, 35.008079 ], [ -3.941724, 35.008274 ], [ -3.93181, 35.009927 ], [ -3.920878, 35.011892 ], [ -3.909947, 35.014055 ], [ -3.899019, 35.016446 ], [ -3.893378, 35.017656 ], [ -3.888087, 35.018652 ], [ -3.877153, 35.020688 ], [ -3.866222, 35.022964 ], [ -3.855292, 35.025521 ], [ -3.848982, 35.026991 ], [ -3.84436, 35.027927 ], [ -3.833427, 35.030188 ], [ -3.822493, 35.032541 ], [ -3.811563, 35.035322 ], [ -3.807539, 35.036291 ], [ -3.800629, 35.037732 ], [ -3.789694, 35.04012 ], [ -3.778761, 35.04283 ], [ -3.768829, 35.045559 ], [ -3.76783, 35.045802 ], [ -3.756893, 35.048255 ], [ -3.745959, 35.051049 ], [ -3.735026, 35.054036 ], [ -3.732154, 35.054803 ], [ -3.72409, 35.056866 ], [ -3.713155, 35.05978 ], [ -3.702219, 35.062702 ], [ -3.697346, 35.064025 ], [ -3.691282, 35.065666 ], [ -3.680345, 35.068672 ], [ -3.669408, 35.071731 ], [ -3.664136, 35.073228 ], [ -3.65847, 35.074833 ], [ -3.647531, 35.077978 ], [ -3.636593, 35.08118 ], [ -3.63244, 35.082414 ], [ -3.625653, 35.084427 ], [ -3.614713, 35.087721 ], [ -3.603773, 35.091077 ], [ -3.602136, 35.091585 ], [ -3.592832, 35.09447 ], [ -3.581891, 35.097916 ], [ -3.573071, 35.100743 ], [ -3.570949, 35.101423 ], [ -3.560006, 35.104969 ], [ -3.549063, 35.108583 ], [ -3.545167, 35.109888 ], [ -3.538119, 35.112248 ], [ -3.527175, 35.11596 ], [ -3.518302, 35.119023 ], [ -3.51623, 35.119738 ], [ -3.505284, 35.123559 ], [ -3.494338, 35.127447 ], [ -3.492342, 35.128148 ], [ -3.48339, 35.131265 ], [ -3.472442, 35.135243 ], [ -3.467017, 35.137265 ], [ -3.461493, 35.139193 ], [ -3.450543, 35.143169 ], [ -3.4427, 35.146373 ], [ -3.439594, 35.14752 ], [ -3.428642, 35.151523 ], [ -3.419459, 35.155472 ], [ -3.417692, 35.156153 ], [ -3.406737, 35.160191 ], [ -3.396964, 35.164565 ], [ -3.395786, 35.165041 ], [ -3.38483, 35.169174 ], [ -3.374991, 35.173652 ], [ -3.373877, 35.174112 ], [ -3.362919, 35.178389 ], [ -3.35361, 35.182733 ], [ -3.351963, 35.18343 ], [ -3.341004, 35.18793 ], [ -3.332782, 35.191809 ], [ -3.330046, 35.192993 ], [ -3.319085, 35.197758 ], [ -3.31256, 35.200879 ], [ -3.308125, 35.202822 ], [ -3.297163, 35.207952 ], [ -3.293059, 35.209945 ], [ -3.286199, 35.213004 ], [ -3.275236, 35.218588 ], [ -3.274373, 35.219005 ], [ -3.264269, 35.223516 ], [ -3.255547, 35.228063 ], [ -3.253303, 35.229154 ], [ -3.242335, 35.234512 ], [ -3.237317, 35.237117 ], [ -3.231366, 35.240015 ], [ -3.220397, 35.246025 ], [ -3.220126, 35.246166 ], [ -3.209424, 35.251376 ], [ -3.202472, 35.255214 ], [ -3.198451, 35.257307 ], [ -3.187477, 35.263405 ], [ -3.18592, 35.264257 ], [ -3.176501, 35.269131 ], [ -3.169247, 35.273298 ], [ -3.165524, 35.275329 ], [ -3.154546, 35.281773 ], [ -3.15352, 35.282336 ], [ -3.143565, 35.287775 ], [ -3.137508, 35.291372 ], [ -3.132583, 35.294179 ], [ -3.122468, 35.300405 ], [ -3.121601, 35.300952 ], [ -3.110615, 35.307385 ], [ -3.107284, 35.309436 ], [ -3.099629, 35.314 ], [ -3.0926, 35.318464 ], [ -3.088641, 35.320896 ], [ -3.078477, 35.327491 ], [ -3.077651, 35.328026 ], [ -3.066659, 35.334816 ], [ -3.063988, 35.336516 ], [ -3.055665, 35.341647 ], [ -3.049668, 35.34554 ], [ -3.04467, 35.348684 ], [ -3.035777, 35.354561 ], [ -3.033672, 35.355912 ], [ -3.022673, 35.363203 ], [ -3.022093, 35.363581 ], [ -3.011672, 35.370194 ], [ -3.00805, 35.372599 ], [ -3.000668, 35.377372 ], [ -2.99454, 35.381616 ], [ -2.989663, 35.384845 ], [ -2.981042, 35.390631 ], [ -2.978656, 35.392229 ], [ -2.967949, 35.399645 ], [ -2.967647, 35.39985 ], [ -2.956635, 35.407248 ], [ -2.954605, 35.408657 ], [ -2.945622, 35.414743 ], [ -2.941432, 35.417668 ], [ -2.934607, 35.422358 ], [ -2.928505, 35.426677 ], [ -2.923589, 35.430103 ], [ -2.915808, 35.435685 ], [ -2.912569, 35.437979 ], [ -2.903301, 35.444693 ], [ -2.901547, 35.445949 ], [ -2.890973, 35.453698 ], [ -2.890522, 35.454025 ], [ -2.879496, 35.462051 ], [ -2.878612, 35.462703 ], [ -2.868467, 35.470101 ], [ -2.866306, 35.471706 ], [ -2.857435, 35.478255 ], [ -2.854175, 35.480709 ], [ -2.846402, 35.486523 ], [ -2.842225, 35.48971 ], [ -2.835366, 35.494919 ], [ -2.830435, 35.49871 ], [ -2.824327, 35.503402 ], [ -2.818791, 35.50771 ], [ -2.813286, 35.511991 ], [ -2.807301, 35.516708 ], [ -2.802242, 35.520701 ], [ -2.795946, 35.525706 ], [ -2.791195, 35.529498 ], [ -2.784724, 35.534703 ], [ -2.780146, 35.538402 ], [ -2.773651, 35.543699 ], [ -2.769094, 35.547436 ], [ -2.762701, 35.552694 ], [ -2.758039, 35.556563 ], [ -2.751884, 35.561688 ], [ -2.746981, 35.56581 ], [ -2.741219, 35.570682 ], [ -2.735921, 35.575208 ], [ -2.730682, 35.579675 ], [ -2.724857, 35.584715 ], [ -2.720286, 35.588668 ], [ -2.71379, 35.594369 ], [ -2.710038, 35.59766 ], [ -2.70272, 35.604195 ], [ -2.699956, 35.606651 ], [ -2.691646, 35.614181 ], [ -2.690027, 35.615642 ], [ -2.680569, 35.624356 ], [ -2.680268, 35.624633 ], [ -2.670463, 35.633623 ], [ -2.66949, 35.63453 ], [ -2.660761, 35.642612 ], [ -2.658406, 35.644844 ], [ -2.651241, 35.651601 ], [ -2.647319, 35.655396 ], [ -2.641891, 35.660589 ], [ -2.636228, 35.666164 ], [ -2.632726, 35.669578 ], [ -2.625133, 35.677204 ], [ -2.623769, 35.678566 ], [ -2.614858, 35.687554 ], [ -2.614034, 35.688392 ], [ -2.605923, 35.696541 ], [ -2.602931, 35.699646 ], [ -2.597214, 35.705528 ], [ -2.591824, 35.711261 ], [ -2.588717, 35.714515 ], [ -2.580711, 35.723231 ], [ -2.580458, 35.723503 ], [ -2.572028, 35.732489 ], [ -2.569596, 35.735176 ], [ -2.563786, 35.741475 ], [ -2.558474, 35.747468 ], [ -2.555784, 35.750462 ], [ -2.548014, 35.759449 ], [ -2.547347, 35.760229 ], [ -2.540255, 35.768435 ], [ -2.536214, 35.773391 ], [ -2.532876, 35.777423 ], [ -2.525769, 35.786411 ], [ -2.525073, 35.787293 ], [ -2.518573, 35.795398 ], [ -2.513926, 35.801592 ], [ -2.511785, 35.804386 ], [ -2.505059, 35.813375 ], [ -2.50277, 35.81653 ], [ -2.498445, 35.822363 ], [ -2.492178, 35.831352 ], [ -2.491606, 35.832171 ], [ -2.485755, 35.840341 ], [ -2.480434, 35.84839 ], [ -2.479794, 35.849331 ], [ -2.473612, 35.85832 ], [ -2.469253, 35.865188 ], [ -2.467861, 35.86731 ], [ -2.461987, 35.8763 ], [ -2.458063, 35.88273 ], [ -2.456458, 35.88529 ], [ -2.450788, 35.89428 ], [ -2.446862, 35.901017 ], [ -2.445494, 35.903271 ], [ -2.440033, 35.912262 ], [ -2.43565, 35.920127 ], [ -2.434999, 35.921254 ], [ -2.429644, 35.930244 ], [ -2.424828, 35.939237 ], [ -2.424428, 35.939966 ], [ -2.419674, 35.948227 ], [ -2.414928, 35.95722 ], [ -2.413194, 35.960532 ], [ -2.410066, 35.966211 ], [ -2.405345, 35.975204 ], [ -2.401946, 35.982173 ], [ -2.4009, 35.984197 ], [ -2.396159, 35.993189 ], [ -2.391869, 36.002182 ], [ -2.390686, 36.004635 ], [ -2.387341, 36.011175 ], [ -2.382996, 36.020168 ], [ -2.37941, 36.028271 ], [ -2.37899, 36.029163 ], [ -2.374542, 36.038155 ], [ -2.37048, 36.047149 ], [ -2.368122, 36.052639 ], [ -2.366503, 36.056143 ], [ -2.362327, 36.065137 ], [ -2.358545, 36.074132 ], [ -2.356816, 36.078289 ], [ -2.354739, 36.083127 ], [ -2.350655, 36.09212 ], [ -2.347068, 36.101116 ], [ -2.345493, 36.105106 ], [ -2.343345, 36.110111 ], [ -2.339535, 36.119105 ], [ -2.336081, 36.128101 ], [ -2.334151, 36.133238 ], [ -2.332565, 36.137097 ], [ -2.328848, 36.146091 ], [ -2.325485, 36.155087 ], [ -2.322787, 36.16289 ], [ -2.322334, 36.164085 ], [ -2.318722, 36.173079 ], [ -2.315318, 36.182075 ], [ -2.312297, 36.191073 ], [ -2.311405, 36.193647 ], [ -2.308948, 36.200069 ], [ -2.305618, 36.209065 ], [ -2.302588, 36.218062 ], [ -2.299997, 36.226367 ], [ -2.299757, 36.227061 ], [ -2.296357, 36.236056 ], [ -2.293275, 36.245053 ], [ -2.290467, 36.254051 ], [ -2.288567, 36.260402 ], [ -2.287682, 36.263049 ], [ -2.28471, 36.272047 ], [ -2.281587, 36.281043 ], [ -2.27893, 36.290042 ], [ -2.277108, 36.296488 ], [ -2.276297, 36.299041 ], [ -2.273255, 36.308037 ], [ -2.270473, 36.317035 ], [ -2.267941, 36.326035 ], [ -2.265616, 36.334821 ], [ -2.265553, 36.335035 ], [ -2.262604, 36.344032 ], [ -2.259892, 36.35303 ], [ -2.257398, 36.362029 ], [ -2.255097, 36.37103 ], [ -2.254098, 36.374818 ], [ -2.252561, 36.380028 ], [ -2.249874, 36.389026 ], [ -2.247385, 36.398026 ], [ -2.245081, 36.407026 ], [ -2.242948, 36.416027 ], [ -2.24254, 36.417639 ], [ -2.240432, 36.425026 ], [ -2.237977, 36.434025 ], [ -2.23569, 36.443025 ], [ -2.233561, 36.452026 ], [ -2.231578, 36.461028 ], [ -2.230935, 36.463842 ], [ -2.229347, 36.470028 ], [ -2.227044, 36.479028 ], [ -2.224934, 36.488029 ], [ -2.222941, 36.49703 ], [ -2.221073, 36.506033 ], [ -2.219324, 36.515036 ], [ -2.219263, 36.515324 ], [ -2.217206, 36.524037 ], [ -2.215187, 36.533038 ], [ -2.213339, 36.54204 ], [ -2.211572, 36.551043 ], [ -2.209907, 36.560047 ], [ -2.208342, 36.569051 ], [ -2.207502, 36.573928 ], [ -2.20671, 36.578054 ], [ -2.204921, 36.587057 ], [ -2.203282, 36.59606 ], [ -2.20171, 36.605064 ], [ -2.200225, 36.614069 ], [ -2.198827, 36.623074 ], [ -2.197515, 36.632079 ], [ -2.196297, 36.641086 ], [ -2.195579, 36.646327 ], [ -2.195021, 36.650091 ], [ -2.193649, 36.659096 ], [ -2.192354, 36.668102 ], [ -2.191136, 36.677108 ], [ -2.189997, 36.686115 ], [ -2.188937, 36.695122 ], [ -2.187936, 36.704129 ], [ -2.186996, 36.713137 ], [ -2.186119, 36.722145 ], [ -2.185305, 36.731154 ], [ -2.1846, 36.740163 ], [ -2.183865, 36.749172 ], [ -2.183215, 36.758116 ], [ -2.18321, 36.758182 ], [ -2.18252, 36.767192 ], [ -2.181875, 36.776201 ], [ -2.181296, 36.785211 ], [ -2.180806, 36.794222 ], [ -2.180362, 36.803233 ], [ -2.179974, 36.812245 ], [ -2.179647, 36.821257 ], [ -2.179384, 36.830269 ], [ -2.179214, 36.839282 ], [ -2.17908, 36.848295 ], [ -2.179006, 36.857308 ], [ -2.178994, 36.866322 ], [ -2.179049, 36.875337 ], [ -2.179192, 36.884352 ], [ -2.179384, 36.893367 ], [ -2.179642, 36.902383 ], [ -2.179969, 36.911399 ], [ -2.180368, 36.920416 ], [ -2.180848, 36.929433 ], [ -2.181309, 36.937134 ], [ -2.181382, 36.938451 ], [ -2.181921, 36.947468 ], [ -2.182534, 36.956486 ], [ -2.183226, 36.965505 ], [ -2.184001, 36.974524 ], [ -2.184851, 36.983544 ], [ -2.185784, 36.992564 ], [ -2.186805, 37.001585 ], [ -2.187919, 37.010606 ], [ -2.189152, 37.019629 ], [ -2.190459, 37.028651 ], [ -2.191493, 37.035466 ], [ -2.191813, 37.037674 ], [ -2.193164, 37.046697 ], [ -2.194674, 37.055721 ], [ -2.196221, 37.064746 ], [ -2.197892, 37.073771 ], [ -2.199673, 37.082796 ], [ -2.201574, 37.091823 ], [ -2.202115, 37.094296 ], [ -2.203501, 37.10085 ], [ -2.205491, 37.109877 ], [ -2.207585, 37.118904 ], [ -2.2098, 37.127933 ], [ -2.212158, 37.136962 ], [ -2.212893, 37.139631 ], [ -2.214593, 37.145992 ], [ -2.217011, 37.155022 ], [ -2.219541, 37.164052 ], [ -2.222297, 37.173084 ], [ -2.223763, 37.177286 ], [ -2.225458, 37.182118 ], [ -2.228781, 37.191153 ], [ -2.232274, 37.200189 ], [ -2.234733, 37.205953 ], [ -2.236141, 37.209228 ], [ -2.240383, 37.218269 ], [ -2.244873, 37.227311 ], [ -2.245768, 37.228965 ], [ -2.249693, 37.236355 ], [ -2.255011, 37.245402 ], [ -2.256846, 37.248233 ], [ -2.26078, 37.254452 ], [ -2.266856, 37.263503 ], [ -2.267954, 37.264995 ], [ -2.273473, 37.272557 ], [ -2.279088, 37.279514 ], [ -2.280855, 37.281616 ], [ -2.288504, 37.290676 ], [ -2.290241, 37.292507 ], [ -2.297658, 37.299744 ], [ -2.301424, 37.302628 ], [ -2.308336, 37.30882 ], [ -2.312608, 37.312919 ], [ -2.318344, 37.317892 ], [ -2.323803, 37.322419 ], [ -2.329563, 37.326969 ], [ -2.33501, 37.330864 ], [ -2.341794, 37.336051 ], [ -2.346222, 37.338966 ], [ -2.35546, 37.34514 ], [ -2.357445, 37.346137 ], [ -2.368678, 37.352321 ], [ -2.371815, 37.354241 ], [ -2.379918, 37.357841 ], [ -2.389728, 37.363348 ], [ -2.391155, 37.363933 ], [ -2.402417, 37.36724 ], [ -2.4114, 37.372472 ], [ -2.413657, 37.373344 ], [ -2.424926, 37.376023 ], [ -2.436181, 37.380563 ], [ -2.440344, 37.381626 ], [ -2.447454, 37.38293 ], [ -2.458727, 37.385268 ], [ -2.46999, 37.38925 ], [ -2.474683, 37.390796 ], [ -2.481264, 37.391794 ], [ -2.492546, 37.393205 ], [ -2.503827, 37.394802 ], [ -2.515112, 37.396022 ], [ -2.526389, 37.398433 ], [ -2.533429, 37.400056 ], [ -2.537669, 37.400482 ], [ -2.548959, 37.400933 ], [ -2.560246, 37.402029 ], [ -2.571542, 37.401536 ], [ -2.582833, 37.401866 ], [ -2.594125, 37.402086 ], [ -2.605418, 37.402188 ], [ -2.616711, 37.402275 ], [ -2.628005, 37.402204 ], [ -2.639299, 37.40199 ], [ -2.650594, 37.401688 ], [ -2.661888, 37.401582 ], [ -2.673183, 37.401058 ], [ -2.682471, 37.40055 ], [ -2.684479, 37.400341 ], [ -2.69578, 37.398504 ], [ -2.707078, 37.396971 ], [ -2.718374, 37.396141 ], [ -2.729671, 37.394815 ], [ -2.740968, 37.393526 ], [ -2.752264, 37.392304 ], [ -2.757218, 37.391714 ], [ -2.763561, 37.390608 ], [ -2.774857, 37.389302 ], [ -2.786154, 37.387452 ], [ -2.79745, 37.385522 ], [ -2.808746, 37.383495 ], [ -2.812293, 37.382801 ], [ -2.820042, 37.381073 ], [ -2.831337, 37.378907 ], [ -2.84263, 37.377608 ], [ -2.853923, 37.376034 ], [ -2.865215, 37.374419 ], [ -2.869343, 37.373864 ], [ -2.876507, 37.372939 ], [ -2.887798, 37.371687 ], [ -2.899087, 37.370952 ], [ -2.910377, 37.370105 ], [ -2.921666, 37.369357 ], [ -2.932955, 37.368768 ], [ -2.944244, 37.368503 ], [ -2.955532, 37.368493 ], [ -2.966821, 37.368726 ], [ -2.978109, 37.36905 ], [ -2.989397, 37.372524 ], [ -3.000686, 37.372606 ], [ -3.011975, 37.373542 ], [ -3.014333, 37.373935 ], [ -3.023265, 37.375755 ], [ -3.034556, 37.381129 ], [ -3.042017, 37.382942 ], [ -3.045849, 37.384303 ], [ -3.057144, 37.390571 ], [ -3.058849, 37.391949 ], [ -3.068444, 37.399776 ], [ -3.069708, 37.400956 ], [ -3.075726, 37.409966 ], [ -3.079755, 37.416862 ], [ -3.080541, 37.418976 ], [ -3.08345, 37.427988 ], [ -3.082173, 37.437002 ], [ -3.082173, 37.446015 ], [ -3.081085, 37.45503 ], [ -3.082655, 37.464042 ], [ -3.081232, 37.473056 ], [ -3.079822, 37.479772 ], [ -3.079076, 37.482071 ], [ -3.07561, 37.491087 ], [ -3.071665, 37.500102 ], [ -3.069044, 37.509117 ], [ -3.068545, 37.510212 ], [ -3.063704, 37.518134 ], [ -3.059742, 37.527149 ], [ -3.057252, 37.532478 ], [ -3.055121, 37.536164 ], [ -3.049621, 37.54518 ], [ -3.045952, 37.552672 ], [ -3.044997, 37.554195 ], [ -3.038763, 37.563211 ], [ -3.034644, 37.570311 ], [ -3.033364, 37.572226 ], [ -3.026703, 37.58124 ], [ -3.02333, 37.586823 ], [ -3.020797, 37.590255 ], [ -3.014325, 37.599269 ], [ -3.012011, 37.602628 ], [ -3.007509, 37.608283 ], [ -3.001533, 37.617296 ], [ -3.000688, 37.61841 ], [ -2.993696, 37.626309 ], [ -2.98936, 37.632565 ], [ -2.987099, 37.635322 ], [ -2.979896, 37.644334 ], [ -2.978028, 37.646786 ], [ -2.972119, 37.653345 ], [ -2.966691, 37.660863 ], [ -2.965425, 37.662357 ], [ -2.957409, 37.671367 ], [ -2.955351, 37.673861 ], [ -2.949187, 37.680377 ], [ -2.944006, 37.687097 ], [ -2.941967, 37.689387 ], [ -2.934154, 37.698395 ], [ -2.932658, 37.700133 ], [ -2.925623, 37.707403 ], [ -2.921307, 37.712506 ], [ -2.917542, 37.716411 ], [ -2.910083, 37.725419 ], [ -2.90995, 37.72556 ], [ -2.900768, 37.734424 ], [ -2.898593, 37.736862 ], [ -2.892138, 37.743429 ], [ -2.887229, 37.749578 ], [ -2.884465, 37.752435 ], [ -2.876757, 37.76144 ], [ -2.875862, 37.762457 ], [ -2.867956, 37.770444 ], [ -2.864492, 37.77455 ], [ -2.859851, 37.779447 ], [ -2.853116, 37.788009 ], [ -2.852724, 37.788451 ], [ -2.844056, 37.797453 ], [ -2.841737, 37.800422 ], [ -2.836147, 37.806455 ], [ -2.830353, 37.813909 ], [ -2.828989, 37.815458 ], [ -2.820815, 37.824458 ], [ -2.818966, 37.826645 ], [ -2.812583, 37.833458 ], [ -2.807574, 37.83977 ], [ -2.805221, 37.842459 ], [ -2.797867, 37.85146 ], [ -2.796176, 37.853596 ], [ -2.789775, 37.860458 ], [ -2.784776, 37.866892 ], [ -2.782556, 37.869458 ], [ -2.774927, 37.878456 ], [ -2.77337, 37.880357 ], [ -2.767019, 37.887454 ], [ -2.76196, 37.894104 ], [ -2.760059, 37.896452 ], [ -2.752799, 37.90545 ], [ -2.750544, 37.908274 ], [ -2.74528, 37.914447 ], [ -2.739123, 37.922589 ], [ -2.738422, 37.923444 ], [ -2.730767, 37.93244 ], [ -2.7277, 37.936429 ], [ -2.723631, 37.941436 ], [ -2.716997, 37.950432 ], [ -2.716268, 37.951415 ], [ -2.709772, 37.959427 ], [ -2.704832, 37.966027 ], [ -2.702934, 37.968423 ], [ -2.695931, 37.977418 ], [ -2.693392, 37.980815 ], [ -2.689047, 37.986412 ], [ -2.682612, 37.995408 ], [ -2.681943, 37.996335 ], [ -2.675848, 38.004402 ], [ -2.67049, 38.011842 ], [ -2.669329, 38.013396 ], [ -2.662707, 38.02239 ], [ -2.659031, 38.027575 ], [ -2.656241, 38.031383 ], [ -2.649896, 38.040377 ], [ -2.647565, 38.043749 ], [ -2.643552, 38.049371 ], [ -2.637424, 38.058364 ], [ -2.636091, 38.060325 ], [ -2.631239, 38.067357 ], [ -2.625392, 38.076351 ], [ -2.624609, 38.077606 ], [ -2.619596, 38.085345 ], [ -2.613684, 38.094338 ], [ -2.61312, 38.095218 ], [ -2.608022, 38.103332 ], [ -2.602337, 38.112325 ], [ -2.601621, 38.113602 ], [ -2.597139, 38.12132 ], [ -2.591593, 38.130313 ], [ -2.590112, 38.132785 ], [ -2.586427, 38.139307 ], [ -2.58123, 38.148301 ], [ -2.57859, 38.153068 ], [ -2.576308, 38.157295 ], [ -2.571575, 38.166291 ], [ -2.567058, 38.174062 ], [ -2.566409, 38.175284 ], [ -2.562243, 38.184281 ], [ -2.557603, 38.193275 ], [ -2.555505, 38.197422 ], [ -2.553313, 38.202271 ], [ -2.549413, 38.211269 ], [ -2.545032, 38.220264 ], [ -2.543931, 38.222927 ], [ -2.541537, 38.229262 ], [ -2.538196, 38.238261 ], [ -2.53454, 38.247259 ], [ -2.53232, 38.252869 ], [ -2.531134, 38.256258 ], [ -2.528515, 38.265259 ], [ -2.525894, 38.274261 ], [ -2.52314, 38.283262 ], [ -2.520652, 38.292263 ], [ -2.520637, 38.292334 ], [ -2.518975, 38.301269 ], [ -2.517654, 38.310275 ], [ -2.516501, 38.319282 ], [ -2.515712, 38.328291 ], [ -2.514995, 38.3373 ], [ -2.514985, 38.346312 ], [ -2.515093, 38.355324 ], [ -2.515758, 38.364339 ], [ -2.516796, 38.373355 ], [ -2.517932, 38.382372 ], [ -2.519514, 38.39139 ], [ -2.51997, 38.39348 ], [ -2.521503, 38.40041 ], [ -2.523729, 38.409431 ], [ -2.526255, 38.418453 ], [ -2.529049, 38.427476 ], [ -2.531155, 38.433799 ], [ -2.532064, 38.4365 ], [ -2.535337, 38.445525 ], [ -2.538913, 38.454551 ], [ -2.542422, 38.463119 ], [ -2.542613, 38.463577 ], [ -2.546424, 38.472604 ], [ -2.550672, 38.481632 ], [ -2.553726, 38.487879 ], [ -2.555051, 38.490661 ], [ -2.559412, 38.499689 ], [ -2.564511, 38.50872 ], [ -2.565056, 38.509692 ], [ -2.569332, 38.517749 ], [ -2.574328, 38.526779 ], [ -2.5764, 38.5302 ], [ -2.57948, 38.535809 ], [ -2.585113, 38.544841 ], [ -2.58776, 38.549 ], [ -2.590601, 38.553872 ], [ -2.596525, 38.562904 ], [ -2.599132, 38.566705 ], [ -2.602356, 38.571936 ], [ -2.608775, 38.580969 ], [ -2.610515, 38.583494 ], [ -2.614631, 38.59 ], [ -2.621756, 38.599035 ], [ -2.621908, 38.599245 ], [ -2.627612, 38.608065 ], [ -2.633305, 38.615149 ], [ -2.63472, 38.617099 ], [ -2.64126, 38.626131 ], [ -2.644711, 38.630431 ], [ -2.648128, 38.635163 ], [ -2.65598, 38.644198 ], [ -2.656128, 38.644373 ], [ -2.662607, 38.653229 ], [ -2.667545, 38.659224 ], [ -2.66992, 38.662262 ], [ -2.677792, 38.671295 ], [ -2.678973, 38.67269 ], [ -2.684776, 38.680325 ], [ -2.690403, 38.686582 ], [ -2.692691, 38.689358 ], [ -2.700944, 38.698391 ], [ -2.701842, 38.699416 ], [ -2.708196, 38.707421 ], [ -2.713283, 38.712871 ], [ -2.71633, 38.716452 ], [ -2.724733, 38.725061 ], [ -2.72512, 38.725485 ], [ -2.732808, 38.734514 ], [ -2.736183, 38.738087 ], [ -2.740931, 38.743543 ], [ -2.747641, 38.750345 ], [ -2.749677, 38.752574 ], [ -2.758751, 38.761604 ], [ -2.759104, 38.76198 ], [ -2.766729, 38.770632 ], [ -2.770569, 38.77452 ], [ -2.775306, 38.77966 ], [ -2.782039, 38.786257 ], [ -2.784365, 38.788688 ], [ -2.793516, 38.797406 ], [ -2.793828, 38.797717 ], [ -2.802404, 38.806743 ], [ -2.804993, 38.809294 ], [ -2.811193, 38.815769 ], [ -2.816476, 38.820835 ], [ -2.820382, 38.824795 ], [ -2.827963, 38.831897 ], [ -2.82991, 38.83382 ], [ -2.839455, 38.842599 ], [ -2.839715, 38.842845 ], [ -2.848713, 38.851868 ], [ -2.850949, 38.854005 ], [ -2.857826, 38.860891 ], [ -2.862446, 38.865195 ], [ -2.867312, 38.869913 ], [ -2.873949, 38.875891 ], [ -2.877263, 38.878936 ], [ -2.885455, 38.886162 ], [ -2.887465, 38.887957 ], [ -2.896965, 38.896144 ], [ -2.897921, 38.896978 ], [ -2.908479, 38.90587 ], [ -2.908628, 38.905998 ], [ -2.919374, 38.915017 ], [ -2.919996, 38.915476 ], [ -2.930375, 38.924035 ], [ -2.931516, 38.925074 ], [ -2.941429, 38.933052 ], [ -2.943039, 38.934331 ], [ -2.952909, 38.942069 ], [ -2.954566, 38.943349 ], [ -2.964707, 38.951084 ], [ -2.966095, 38.95204 ], [ -2.97698, 38.960098 ], [ -2.977628, 38.96063 ], [ -2.989163, 38.969028 ], [ -2.989279, 38.969111 ], [ -3.000701, 38.977404 ], [ -3.001725, 38.978122 ], [ -3.012242, 38.985572 ], [ -3.014689, 38.987132 ], [ -3.023785, 38.993428 ], [ -3.027708, 38.996141 ], [ -3.035331, 39.001314 ], [ -3.041375, 39.005148 ], [ -3.046879, 39.008761 ], [ -3.055711, 39.014153 ], [ -3.058429, 39.015873 ], [ -3.069981, 39.022835 ], [ -3.070509, 39.023156 ], [ -3.081536, 39.030216 ], [ -3.084877, 39.032157 ], [ -3.093093, 39.037207 ], [ -3.100232, 39.041156 ], [ -3.104652, 39.043745 ], [ -3.116212, 39.04995 ], [ -3.116579, 39.050152 ], [ -3.127776, 39.056766 ], [ -3.13231, 39.059146 ], [ -3.13934, 39.06311 ], [ -3.149716, 39.068136 ], [ -3.150906, 39.068761 ], [ -3.162474, 39.075109 ], [ -3.166591, 39.077124 ], [ -3.174043, 39.080781 ], [ -3.185367, 39.086107 ], [ -3.185614, 39.086245 ], [ -3.197188, 39.092351 ], [ -3.203374, 39.095087 ], [ -3.208761, 39.097709 ], [ -3.220337, 39.102926 ], [ -3.222916, 39.104063 ], [ -3.231914, 39.108421 ], [ -3.243491, 39.112983 ], [ -3.243605, 39.113032 ], [ -3.255072, 39.118502 ], [ -3.264372, 39.121998 ], [ -3.266651, 39.12296 ], [ -3.278234, 39.128082 ], [ -3.286091, 39.130957 ], [ -3.289816, 39.132486 ], [ -3.301401, 39.137243 ], [ -3.30911, 39.139909 ], [ -3.312984, 39.141432 ], [ -3.324571, 39.146018 ], [ -3.333317, 39.148853 ], [ -3.336157, 39.149899 ], [ -3.347746, 39.154377 ], [ -3.359083, 39.157787 ], [ -3.359332, 39.157873 ], [ -3.370924, 39.162318 ], [ -3.382512, 39.165853 ], [ -3.385309, 39.166714 ], [ -3.394104, 39.169798 ], [ -3.405696, 39.173415 ], [ -3.413778, 39.175627 ], [ -3.417286, 39.176728 ], [ -3.428881, 39.180509 ], [ -3.440473, 39.183607 ], [ -3.44392, 39.184527 ], [ -3.452068, 39.187024 ], [ -3.463663, 39.19033 ], [ -3.475255, 39.193044 ], [ -3.476684, 39.193408 ], [ -3.486852, 39.196386 ], [ -3.498448, 39.199377 ], [ -3.510042, 39.201912 ], [ -3.511587, 39.202271 ], [ -3.52164, 39.204956 ], [ -3.533238, 39.207752 ], [ -3.544833, 39.210087 ], [ -3.549666, 39.211108 ], [ -3.556431, 39.21271 ], [ -3.56803, 39.2154 ], [ -3.579627, 39.217727 ], [ -3.591222, 39.219746 ], [ -3.592086, 39.219911 ], [ -3.602823, 39.222272 ], [ -3.614422, 39.224561 ], [ -3.626019, 39.226588 ], [ -3.637615, 39.228381 ], [ -3.639397, 39.228671 ], [ -3.649215, 39.230525 ], [ -3.660815, 39.232598 ], [ -3.672413, 39.234423 ], [ -3.68401, 39.236038 ], [ -3.694474, 39.237366 ], [ -3.695606, 39.237534 ], [ -3.707207, 39.239434 ], [ -3.718806, 39.241145 ], [ -3.730404, 39.242675 ], [ -3.742001, 39.24404 ], [ -3.753597, 39.245268 ], [ -3.760487, 39.245965 ], [ -3.765193, 39.246525 ], [ -3.776792, 39.247967 ], [ -3.78839, 39.249272 ], [ -3.799987, 39.250462 ], [ -3.811584, 39.251563 ], [ -3.823179, 39.252522 ], [ -3.834775, 39.253568 ], [ -3.845385, 39.25439 ], [ -3.84637, 39.254481 ], [ -3.857969, 39.255713 ], [ -3.869568, 39.25686 ], [ -3.881166, 39.257921 ], [ -3.892763, 39.258887 ], [ -3.90436, 39.259814 ], [ -3.915956, 39.260658 ], [ -3.927552, 39.261439 ], [ -3.939147, 39.262162 ], [ -3.946674, 39.262621 ], [ -3.950743, 39.262919 ], [ -3.962341, 39.263875 ], [ -3.973939, 39.264758 ], [ -3.985537, 39.265572 ], [ -3.997133, 39.266328 ], [ -4.00873, 39.267027 ], [ -4.020325, 39.267676 ], [ -4.03192, 39.268274 ], [ -4.043512, 39.268628 ], [ -4.055109, 39.269352 ], [ -4.066703, 39.269828 ], [ -4.078297, 39.270267 ], [ -4.08291, 39.270444 ], [ -4.089891, 39.270775 ], [ -4.101487, 39.271371 ], [ -4.113083, 39.271921 ], [ -4.124678, 39.272432 ], [ -4.136273, 39.272892 ], [ -4.147867, 39.273313 ], [ -4.15946, 39.273697 ], [ -4.171053, 39.274045 ], [ -4.182646, 39.27436 ], [ -4.194238, 39.274643 ], [ -4.20583, 39.274909 ], [ -4.217421, 39.275136 ], [ -4.229012, 39.275333 ], [ -4.240602, 39.275502 ], [ -4.252192, 39.275645 ], [ -4.263782, 39.275761 ], [ -4.275369, 39.275761 ], [ -4.28696, 39.275942 ], [ -4.298549, 39.275994 ], [ -4.310137, 39.276023 ], [ -4.321724, 39.276029 ], [ -4.333312, 39.276012 ], [ -4.344898, 39.275974 ], [ -4.356485, 39.275926 ], [ -4.368071, 39.275859 ], [ -4.379657, 39.27577 ], [ -4.391242, 39.275659 ], [ -4.402827, 39.275527 ], [ -4.414411, 39.275375 ], [ -4.425995, 39.275203 ], [ -4.437578, 39.275024 ], [ -4.449161, 39.274826 ], [ -4.460744, 39.274607 ], [ -4.472326, 39.274366 ], [ -4.483908, 39.274105 ], [ -4.495488, 39.273822 ], [ -4.507069, 39.273519 ], [ -4.518649, 39.273201 ], [ -4.530229, 39.272867 ], [ -4.541807, 39.27251 ], [ -4.553386, 39.272129 ], [ -4.564963, 39.271724 ], [ -4.57654, 39.271297 ], [ -4.588117, 39.270846 ], [ -4.599693, 39.270397 ], [ -4.611268, 39.269903 ], [ -4.622842, 39.269381 ], [ -4.634415, 39.268829 ], [ -4.645987, 39.268249 ], [ -4.657559, 39.267638 ], [ -4.669129, 39.266998 ], [ -4.680699, 39.266345 ], [ -4.692268, 39.265633 ], [ -4.703835, 39.264882 ], [ -4.715401, 39.264088 ], [ -4.726965, 39.263253 ], [ -4.737196, 39.26252 ], [ -4.73853, 39.262439 ], [ -4.750099, 39.261796 ], [ -4.761667, 39.261135 ], [ -4.773234, 39.260444 ], [ -4.7848, 39.259714 ], [ -4.796365, 39.258946 ], [ -4.807928, 39.258136 ], [ -4.81949, 39.257284 ], [ -4.831051, 39.256389 ], [ -4.842605, 39.255286 ], [ -4.854167, 39.254467 ], [ -4.865723, 39.253408 ], [ -4.877276, 39.252284 ], [ -4.888637, 39.251152 ], [ -4.888828, 39.251136 ], [ -4.900388, 39.250299 ], [ -4.911947, 39.249418 ], [ -4.923503, 39.248457 ], [ -4.93506, 39.247534 ], [ -4.946613, 39.246507 ], [ -4.958165, 39.245415 ], [ -4.969714, 39.244253 ], [ -4.981261, 39.243015 ], [ -4.992805, 39.241697 ], [ -5.004346, 39.240291 ], [ -5.005326, 39.240191 ], [ -5.015898, 39.239294 ], [ -5.027449, 39.238275 ], [ -5.038998, 39.237192 ], [ -5.050545, 39.236038 ], [ -5.062089, 39.234803 ], [ -5.07363, 39.233478 ], [ -5.085167, 39.232054 ], [ -5.096697, 39.230401 ], [ -5.104982, 39.229422 ], [ -5.108236, 39.229068 ], [ -5.119781, 39.227928 ], [ -5.131322, 39.2267 ], [ -5.14286, 39.225377 ], [ -5.154395, 39.223949 ], [ -5.165925, 39.222403 ], [ -5.177451, 39.220727 ], [ -5.188971, 39.218898 ], [ -5.189267, 39.218859 ], [ -5.200509, 39.217646 ], [ -5.212044, 39.216298 ], [ -5.223574, 39.214835 ], [ -5.2351, 39.213241 ], [ -5.24662, 39.2115 ], [ -5.258135, 39.209593 ], [ -5.265545, 39.20839 ], [ -5.269653, 39.207836 ], [ -5.281183, 39.206434 ], [ -5.292708, 39.204892 ], [ -5.304227, 39.2032 ], [ -5.31574, 39.201336 ], [ -5.327246, 39.199273 ], [ -5.334483, 39.198019 ], [ -5.338757, 39.197412 ], [ -5.350279, 39.195867 ], [ -5.361796, 39.194193 ], [ -5.373306, 39.192339 ], [ -5.384809, 39.190272 ], [ -5.396302, 39.187956 ], [ -5.39767, 39.187726 ], [ -5.407818, 39.186334 ], [ -5.41933, 39.184608 ], [ -5.430835, 39.182702 ], [ -5.442333, 39.18058 ], [ -5.45382, 39.178198 ], [ -5.457767, 39.177465 ], [ -5.465324, 39.176311 ], [ -5.47683, 39.174515 ], [ -5.488329, 39.172513 ], [ -5.499818, 39.170267 ], [ -5.511296, 39.167728 ], [ -5.513734, 39.167261 ], [ -5.522797, 39.165837 ], [ -5.534296, 39.163915 ], [ -5.545785, 39.161767 ], [ -5.557264, 39.159332 ], [ -5.567213, 39.157085 ], [ -5.568739, 39.156801 ], [ -5.580236, 39.154918 ], [ -5.591724, 39.152807 ], [ -5.603202, 39.150424 ], [ -5.614667, 39.147713 ], [ -5.618281, 39.14694 ], [ -5.626151, 39.145556 ], [ -5.637637, 39.143467 ], [ -5.649112, 39.141094 ], [ -5.660573, 39.138375 ], [ -5.667313, 39.136818 ], [ -5.672043, 39.135916 ], [ -5.683525, 39.133791 ], [ -5.694995, 39.131384 ], [ -5.706451, 39.128631 ], [ -5.714202, 39.126726 ], [ -5.71791, 39.125971 ], [ -5.729387, 39.123797 ], [ -5.740851, 39.121317 ], [ -5.7523, 39.118462 ], [ -5.759577, 39.116652 ], [ -5.763755, 39.115787 ], [ -5.775225, 39.113512 ], [ -5.786681, 39.110915 ], [ -5.798115, 39.107779 ], [ -5.803354, 39.106598 ], [ -5.809574, 39.105295 ], [ -5.821035, 39.102884 ], [ -5.832481, 39.100119 ], [ -5.843909, 39.096913 ], [ -5.845324, 39.096572 ], [ -5.855369, 39.094544 ], [ -5.866819, 39.091951 ], [ -5.878252, 39.088964 ], [ -5.886942, 39.086539 ], [ -5.889681, 39.085895 ], [ -5.901134, 39.083433 ], [ -5.912571, 39.080605 ], [ -5.923989, 39.077323 ], [ -5.927043, 39.07653 ], [ -5.935432, 39.07469 ], [ -5.946871, 39.071976 ], [ -5.958291, 39.068838 ], [ -5.966324, 39.066528 ], [ -5.969711, 39.065703 ], [ -5.98115, 39.063052 ], [ -5.992572, 39.060022 ], [ -6.003938, 39.056556 ], [ -6.003974, 39.056547 ], [ -6.015413, 39.053965 ], [ -6.026834, 39.050999 ], [ -6.038234, 39.047556 ], [ -6.041765, 39.046567 ], [ -6.049658, 39.044676 ], [ -6.061078, 39.041745 ], [ -6.072475, 39.038307 ], [ -6.078289, 39.036599 ], [ -6.083884, 39.035169 ], [ -6.095301, 39.032234 ], [ -6.106698, 39.028865 ], [ -6.114034, 39.026641 ], [ -6.118097, 39.025568 ], [ -6.129511, 39.022621 ], [ -6.140904, 39.019236 ], [ -6.148999, 39.016694 ], [ -6.152293, 39.015773 ], [ -6.1637, 39.012765 ], [ -6.175088, 39.009343 ], [ -6.183294, 39.006754 ], [ -6.186473, 39.005865 ], [ -6.197875, 39.002806 ], [ -6.209257, 38.999322 ], [ -6.217097, 38.996818 ], [ -6.220637, 38.995816 ], [ -6.232033, 38.992679 ], [ -6.243407, 38.989096 ], [ -6.250173, 38.986892 ], [ -6.254781, 38.985547 ], [ -6.266168, 38.982281 ], [ -6.277535, 38.978617 ], [ -6.282708, 38.976972 ], [ -6.288912, 38.975188 ], [ -6.30029, 38.971819 ], [ -6.311648, 38.968026 ], [ -6.314679, 38.96706 ], [ -6.323024, 38.964659 ], [ -6.334388, 38.961061 ], [ -6.345734, 38.957165 ], [ -6.345737, 38.957164 ], [ -6.357111, 38.953816 ], [ -6.368469, 38.950158 ], [ -6.377093, 38.947253 ], [ -6.37982, 38.946398 ], [ -6.391185, 38.942929 ], [ -6.402532, 38.939127 ], [ -6.407831, 38.937351 ], [ -6.413885, 38.935461 ], [ -6.425237, 38.931792 ], [ -6.436572, 38.927814 ], [ -6.437613, 38.927469 ], [ -6.447924, 38.924199 ], [ -6.459266, 38.920409 ], [ -6.467517, 38.917575 ], [ -6.470603, 38.916561 ], [ -6.481948, 38.912869 ], [ -6.493279, 38.908941 ], [ -6.496923, 38.90769 ], [ -6.504617, 38.905166 ], [ -6.515949, 38.901309 ], [ -6.525668, 38.897817 ], [ -6.52727, 38.897243 ], [ -6.5386, 38.893373 ], [ -6.549924, 38.889433 ], [ -6.554213, 38.887943 ], [ -6.561249, 38.885523 ], [ -6.572571, 38.881587 ], [ -6.582528, 38.878069 ], [ -6.583889, 38.877593 ], [ -6.595208, 38.873632 ], [ -6.606519, 38.869547 ], [ -6.610236, 38.868207 ], [ -6.617828, 38.865463 ], [ -6.629138, 38.861397 ], [ -6.637702, 38.858346 ], [ -6.640447, 38.857353 ], [ -6.65175, 38.853221 ], [ -6.663055, 38.84915 ], [ -6.664858, 38.848489 ], [ -6.674352, 38.844953 ], [ -6.685648, 38.840759 ], [ -6.691255, 38.838649 ], [ -6.696937, 38.836446 ], [ -6.708226, 38.832165 ], [ -6.717502, 38.828809 ], [ -6.719522, 38.828041 ], [ -6.730801, 38.823625 ], [ -6.742093, 38.81949 ], [ -6.743443, 38.818972 ], [ -6.753365, 38.814988 ], [ -6.764642, 38.810617 ], [ -6.768363, 38.809163 ], [ -6.775907, 38.806037 ], [ -6.78718, 38.80164 ], [ -6.793233, 38.79935 ], [ -6.798449, 38.7972 ], [ -6.80971, 38.792626 ], [ -6.817854, 38.78954 ], [ -6.82098, 38.788247 ], [ -6.832223, 38.783391 ], [ -6.841845, 38.779745 ], [ -6.843492, 38.779055 ], [ -6.854723, 38.774032 ], [ -6.865567, 38.769955 ], [ -6.865993, 38.769776 ], [ -6.877212, 38.764589 ], [ -6.888477, 38.760283 ], [ -6.888733, 38.760178 ], [ -6.899688, 38.755002 ], [ -6.910941, 38.750523 ], [ -6.911172, 38.750422 ], [ -6.922136, 38.745015 ], [ -6.93313, 38.740677 ], [ -6.933387, 38.740562 ], [ -6.944574, 38.734971 ], [ -6.954422, 38.730951 ], [ -6.955811, 38.730304 ], [ -6.966993, 38.724689 ], [ -6.975033, 38.721244 ], [ -6.978209, 38.719704 ], [ -6.989394, 38.714202 ], [ -6.995281, 38.711546 ], [ -7.000586, 38.708849 ], [ -7.011773, 38.703436 ], [ -7.015115, 38.701859 ], [ -7.022938, 38.697667 ], [ -7.034139, 38.692575 ], [ -7.034936, 38.692169 ], [ -7.045271, 38.686284 ], [ -7.053078, 38.682534 ], [ -7.056442, 38.680701 ], [ -7.067588, 38.674727 ], [ -7.071069, 38.672902 ], [ -7.078715, 38.668447 ], [ -7.088935, 38.663271 ], [ -7.089873, 38.66274 ], [ -7.100972, 38.656023 ], [ -7.105214, 38.653693 ], [ -7.112074, 38.64942 ], [ -7.121635, 38.644109 ], [ -7.123194, 38.643151 ], [ -7.13427, 38.636149 ], [ -7.136844, 38.634564 ], [ -7.145325, 38.628821 ], [ -7.151394, 38.625042 ], [ -7.156386, 38.621637 ], [ -7.165737, 38.615525 ], [ -7.167438, 38.614326 ], [ -7.17846, 38.606555 ], [ -7.179208, 38.606037 ], [ -7.189397, 38.597352 ], [ -7.190317, 38.596633 ], [ -7.200343, 38.588348 ], [ -7.201784, 38.587215 ], [ -7.211312, 38.579786 ], [ -7.213493, 38.577787 ], [ -7.221993, 38.568474 ], [ -7.222108, 38.568325 ], [ -7.23308, 38.559906 ], [ -7.238751, 38.558861 ], [ -7.243347, 38.549688 ], [ -7.24391, 38.549119 ], [ -7.254847, 38.540264 ], [ -7.254318, 38.531277 ], [ -7.25432, 38.531269 ], [ -7.265214, 38.521874 ], [ -7.264309, 38.512901 ], [ -7.264633, 38.511873 ], [ -7.273219, 38.503569 ], [ -7.274817, 38.494505 ], [ -7.27452, 38.48551 ], [ -7.274528, 38.485491 ], [ -7.284526, 38.476137 ], [ -7.284823, 38.46712 ], [ -7.284884, 38.466984 ], [ -7.294584, 38.457756 ], [ -7.295105, 38.448731 ], [ -7.295235, 38.44849 ], [ -7.303981, 38.439398 ], [ -7.305695, 38.431906 ], [ -7.307869, 38.430249 ], [ -7.316128, 38.420939 ], [ -7.316456, 38.420434 ], [ -7.326332, 38.411556 ], [ -7.327271, 38.409931 ], [ -7.335601, 38.402206 ], [ -7.338039, 38.398694 ], [ -7.344509, 38.39287 ], [ -7.348957, 38.390016 ], [ -7.356945, 38.383402 ], [ -7.359921, 38.382136 ], [ -7.370002, 38.373909 ], [ -7.370838, 38.37352 ], [ -7.382079, 38.370322 ], [ -7.391648, 38.364092 ], [ -7.393117, 38.363766 ], [ -7.404275, 38.359229 ], [ -7.415765, 38.36018 ], [ -7.427122, 38.358927 ], [ -7.438576, 38.359283 ], [ -7.450012, 38.359344 ], [ -7.46145, 38.359424 ], [ -7.472921, 38.360054 ], [ -7.48438, 38.36048 ], [ -7.484852, 38.360557 ], [ -7.495972, 38.363058 ], [ -7.507754, 38.368681 ], [ -7.508086, 38.36867 ], [ -7.519705, 38.376966 ], [ -7.519927, 38.377219 ], [ -7.53168, 38.385607 ], [ -7.531733, 38.385768 ], [ -7.541721, 38.394386 ], [ -7.544113, 38.403298 ], [ -7.544404, 38.406131 ], [ -7.545496, 38.41225 ], [ -7.547138, 38.421191 ], [ -7.548158, 38.430157 ], [ -7.557898, 38.438761 ], [ -7.557905, 38.438783 ], [ -7.55849, 38.447766 ], [ -7.57045, 38.456285 ], [ -7.570453, 38.456304 ], [ -7.58244, 38.464838 ], [ -7.582443, 38.46484 ], [ -7.583144, 38.473818 ], [ -7.594441, 38.473537 ], [ -7.606145, 38.477516 ], [ -7.617363, 38.481476 ], [ -7.617855, 38.481564 ], [ -7.629422, 38.483365 ], [ -7.640953, 38.4846 ], [ -7.652441, 38.485175 ], [ -7.663233, 38.48866 ], [ -7.664122, 38.488724 ], [ -7.675548, 38.488305 ], [ -7.686969, 38.487834 ], [ -7.698403, 38.48756 ], [ -7.709821, 38.487038 ], [ -7.72125, 38.486688 ], [ -7.732727, 38.487072 ], [ -7.744089, 38.485708 ], [ -7.755502, 38.485114 ], [ -7.766923, 38.484661 ], [ -7.778344, 38.484193 ], [ -7.789755, 38.483594 ], [ -7.792829, 38.483417 ], [ -7.801158, 38.48287 ], [ -7.812222, 38.477065 ], [ -7.823522, 38.474817 ], [ -7.834864, 38.473222 ], [ -7.846282, 38.472751 ], [ -7.857667, 38.471797 ], [ -7.857939, 38.471724 ], [ -7.868917, 38.468845 ], [ -7.880152, 38.465689 ], [ -7.891379, 38.462427 ], [ -7.895446, 38.461155 ], [ -7.902582, 38.458824 ], [ -7.91378, 38.455179 ], [ -7.924966, 38.451362 ], [ -7.926388, 38.45085 ], [ -7.936085, 38.446575 ], [ -7.947258, 38.442612 ], [ -7.952425, 38.440746 ], [ -7.958062, 38.433286 ], [ -7.969373, 38.431362 ], [ -7.972636, 38.430883 ], [ -7.980435, 38.425843 ], [ -7.991571, 38.421427 ], [ -7.993615, 38.420985 ], [ -8.002582, 38.415214 ], [ -8.013764, 38.411509 ], [ -8.015481, 38.411045 ], [ -8.024668, 38.40381 ], [ -8.035933, 38.401332 ], [ -8.036502, 38.401137 ], [ -8.046792, 38.39304 ], [ -8.058111, 38.391359 ], [ -8.058483, 38.391184 ], [ -8.068912, 38.382296 ], [ -8.07382, 38.381516 ], [ -8.080029, 38.377787 ], [ -8.091056, 38.372009 ], [ -8.091731, 38.371733 ], [ -8.101878, 38.363344 ], [ -8.113208, 38.361909 ], [ -8.113435, 38.361783 ], [ -8.123983, 38.352642 ], [ -8.124877, 38.352278 ], [ -8.134797, 38.34396 ], [ -8.146116, 38.342424 ], [ -8.146266, 38.342335 ], [ -8.156885, 38.333172 ], [ -8.157597, 38.332832 ], [ -8.167852, 38.32673 ], [ -8.177369, 38.322955 ], [ -8.178773, 38.319675 ], [ -8.189763, 38.313606 ], [ -8.190144, 38.313386 ], [ -8.200518, 38.304282 ], [ -8.201417, 38.303881 ], [ -8.211319, 38.295644 ], [ -8.222621, 38.294013 ], [ -8.222749, 38.293928 ], [ -8.233366, 38.284651 ], [ -8.233716, 38.284434 ], [ -8.2441, 38.275179 ], [ -8.244541, 38.274946 ], [ -8.255068, 38.268976 ], [ -8.262378, 38.265142 ], [ -8.26602, 38.262571 ], [ -8.276941, 38.255785 ], [ -8.2774, 38.255462 ], [ -8.287657, 38.24619 ], [ -8.287974, 38.245982 ], [ -8.298665, 38.240655 ], [ -8.304825, 38.236216 ], [ -8.309502, 38.232792 ], [ -8.317905, 38.226619 ], [ -8.320326, 38.224783 ], [ -8.330728, 38.217033 ], [ -8.331143, 38.21671 ], [ -8.341939, 38.208383 ], [ -8.343131, 38.207464 ], [ -8.352722, 38.199908 ], [ -8.355272, 38.197906 ], [ -8.363493, 38.19131 ], [ -8.367166, 38.188359 ], [ -8.374251, 38.182571 ], [ -8.378844, 38.17882 ], [ -8.384998, 38.173707 ], [ -8.390309, 38.16929 ], [ -8.395731, 38.164689 ], [ -8.401508, 38.159771 ], [ -8.406446, 38.15547 ], [ -8.412364, 38.150267 ], [ -8.417142, 38.146027 ], [ -8.423034, 38.140771 ], [ -8.427825, 38.136453 ], [ -8.433462, 38.131285 ], [ -8.438483, 38.126574 ], [ -8.443507, 38.121815 ], [ -8.449124, 38.116504 ], [ -8.453429, 38.112351 ], [ -8.459751, 38.106273 ], [ -8.463138, 38.102896 ], [ -8.470368, 38.095969 ], [ -8.472802, 38.093443 ], [ -8.480899, 38.084539 ], [ -8.481373, 38.084039 ], [ -8.489289, 38.074666 ], [ -8.491432, 38.073186 ], [ -8.49668, 38.065317 ], [ -8.50197, 38.061934 ], [ -8.507147, 38.055823 ], [ -8.512264, 38.04748 ], [ -8.512953, 38.046548 ], [ -8.522866, 38.037171 ], [ -8.522941, 38.037075 ], [ -8.527254, 38.02787 ], [ -8.533076, 38.021697 ], [ -8.53473, 38.018514 ], [ -8.543525, 38.009443 ], [ -8.543758, 38.009085 ], [ -8.549913, 37.999792 ], [ -8.553749, 37.99426 ], [ -8.555305, 37.990534 ], [ -8.564161, 37.981608 ], [ -8.564477, 37.981097 ], [ -8.567803, 37.971937 ], [ -8.574186, 37.963892 ], [ -8.574806, 37.962602 ], [ -8.581746, 37.95327 ], [ -8.584422, 37.949031 ], [ -8.587073, 37.944014 ], [ -8.590342, 37.934856 ], [ -8.594174, 37.927835 ], [ -8.594888, 37.925637 ], [ -8.599177, 37.91643 ], [ -8.604041, 37.908227 ], [ -8.604421, 37.907178 ], [ -8.608501, 37.897981 ], [ -8.612384, 37.888793 ], [ -8.613573, 37.884274 ], [ -8.614376, 37.879696 ], [ -8.617617, 37.870538 ], [ -8.621891, 37.861332 ], [ -8.622769, 37.855984 ], [ -8.623316, 37.852261 ], [ -8.62541, 37.843159 ], [ -8.628304, 37.834018 ], [ -8.630202, 37.824925 ], [ -8.631217, 37.817965 ], [ -8.631435, 37.815864 ], [ -8.632612, 37.806806 ], [ -8.633129, 37.797779 ], [ -8.633101, 37.788778 ], [ -8.63064, 37.779894 ], [ -8.63127, 37.770862 ], [ -8.631392, 37.761854 ], [ -8.63467, 37.752695 ], [ -8.63513, 37.743671 ], [ -8.636215, 37.734708 ], [ -8.636222, 37.734617 ], [ -8.636581, 37.725597 ], [ -8.637166, 37.716567 ], [ -8.640058, 37.707427 ], [ -8.640636, 37.698397 ], [ -8.643258, 37.689269 ], [ -8.643219, 37.680269 ], [ -8.64264, 37.671295 ], [ -8.642692, 37.670937 ], [ -8.647839, 37.662043 ], [ -8.650113, 37.652932 ], [ -8.650973, 37.643889 ], [ -8.651019, 37.634885 ], [ -8.651129, 37.633023 ], [ -8.653256, 37.625775 ], [ -8.657804, 37.616554 ], [ -8.659556, 37.607468 ], [ -8.659804, 37.598454 ], [ -8.659812, 37.598428 ], [ -8.663798, 37.58926 ], [ -8.667195, 37.580095 ], [ -8.66903, 37.571005 ], [ -8.668349, 37.562035 ], [ -8.667668, 37.553066 ], [ -8.666987, 37.544097 ], [ -8.666964, 37.543763 ], [ -8.677146, 37.534606 ], [ -8.676765, 37.525622 ], [ -8.676148, 37.51665 ], [ -8.675489, 37.50768 ], [ -8.674819, 37.498711 ], [ -8.674144, 37.489741 ], [ -8.673467, 37.480772 ], [ -8.67279, 37.471803 ], [ -8.672111, 37.462834 ], [ -8.671433, 37.453865 ], [ -8.670754, 37.444895 ], [ -8.670076, 37.435926 ], [ -8.669398, 37.426957 ], [ -8.66872, 37.417988 ], [ -8.668042, 37.409018 ], [ -8.667364, 37.400049 ], [ -8.666686, 37.39108 ], [ -8.666009, 37.38211 ], [ -8.665332, 37.373141 ], [ -8.664655, 37.364172 ], [ -8.663979, 37.355202 ], [ -8.663304, 37.346233 ], [ -8.662628, 37.337263 ], [ -8.661953, 37.328294 ], [ -8.661278, 37.319324 ], [ -8.660603, 37.310355 ], [ -8.659928, 37.301385 ], [ -8.659253, 37.292416 ], [ -8.658578, 37.283446 ], [ -8.657903, 37.274477 ], [ -8.657228, 37.265507 ], [ -8.65655, 37.256538 ], [ -8.655867, 37.247568 ], [ -8.647853, 37.23895 ], [ -8.643367, 37.230627 ], [ -8.643302, 37.230166 ], [ -8.642453, 37.221205 ], [ -8.641845, 37.212232 ], [ -8.641023, 37.203269 ], [ -8.630102, 37.194788 ], [ -8.629153, 37.190902 ], [ -8.627898, 37.185891 ], [ -8.625492, 37.177004 ], [ -8.619963, 37.168265 ], [ -8.617377, 37.159386 ], [ -8.616017, 37.150448 ], [ -8.614941, 37.141497 ], [ -8.61378, 37.13255 ], [ -8.613276, 37.128512 ], [ -8.612194, 37.123624 ], [ -8.609158, 37.114766 ], [ -8.606905, 37.10587 ], [ -8.605067, 37.096955 ], [ -8.603569, 37.088024 ], [ -8.602287, 37.079083 ], [ -8.601055, 37.070139 ], [ -8.599976, 37.061188 ], [ -8.599012, 37.052231 ], [ -8.598069, 37.043274 ], [ -8.597162, 37.034315 ], [ -8.596328, 37.025352 ], [ -8.595555, 37.016386 ], [ -8.594779, 37.007421 ], [ -8.594008, 36.998455 ], [ -8.593288, 36.989487 ], [ -8.592613, 36.980516 ], [ -8.591956, 36.971545 ], [ -8.591234, 36.962577 ], [ -8.590549, 36.953607 ], [ -8.589928, 36.944634 ], [ -8.589404, 36.935657 ], [ -8.588856, 36.926681 ], [ -8.588335, 36.917703 ], [ -8.587924, 36.90872 ], [ -8.587649, 36.899731 ], [ -8.587462, 36.890737 ], [ -8.587316, 36.881742 ], [ -8.587408, 36.872735 ], [ -8.587831, 36.863713 ], [ -8.588684, 36.854671 ], [ -8.590234, 36.845595 ], [ -8.591813, 36.836739 ], [ -8.591819, 36.836518 ], [ -8.59179, 36.827518 ], [ -8.591797, 36.818515 ], [ -8.592103, 36.809498 ], [ -8.593006, 36.800454 ], [ -8.594938, 36.79136 ], [ -8.598664, 36.782182 ], [ -8.598924, 36.780849 ], [ -8.599201, 36.773155 ], [ -8.600178, 36.764106 ], [ -8.602035, 36.755016 ], [ -8.606997, 36.74578 ], [ -8.607458, 36.744545 ], [ -8.608745, 36.736695 ], [ -8.613636, 36.727461 ], [ -8.616792, 36.719277 ], [ -8.617122, 36.718294 ], [ -8.62219, 36.709052 ], [ -8.626171, 36.699861 ], [ -8.6265, 36.699198 ], [ -8.635221, 36.69043 ], [ -8.63649, 36.683027 ], [ -8.637284, 36.68133 ], [ -8.646242, 36.671902 ], [ -8.646551, 36.667875 ], [ -8.651483, 36.662651 ], [ -8.656627, 36.653404 ], [ -8.656656, 36.653371 ], [ -8.667088, 36.643903 ], [ -8.666459, 36.634931 ], [ -8.665804, 36.62596 ], [ -8.665147, 36.61699 ], [ -8.66515, 36.616983 ], [ -8.675605, 36.607489 ], [ -8.674947, 36.598518 ], [ -8.674289, 36.589548 ], [ -8.67416, 36.587702 ], [ -8.682467, 36.580155 ], [ -8.684089, 36.571076 ], [ -8.683433, 36.562105 ], [ -8.682774, 36.553135 ], [ -8.682755, 36.552851 ], [ -8.692877, 36.54365 ], [ -8.692564, 36.534663 ], [ -8.691908, 36.525692 ], [ -8.69125, 36.516722 ], [ -8.691243, 36.516607 ], [ -8.701557, 36.507226 ], [ -8.701033, 36.49825 ], [ -8.700378, 36.489279 ], [ -8.699719, 36.480309 ], [ -8.699715, 36.480241 ], [ -8.710078, 36.470811 ], [ -8.709497, 36.461837 ], [ -8.708841, 36.452867 ], [ -8.708182, 36.443896 ], [ -8.70818, 36.443845 ], [ -8.718557, 36.434397 ], [ -8.717954, 36.425424 ], [ -8.717298, 36.416454 ], [ -8.716639, 36.407484 ], [ -8.716638, 36.407438 ], [ -8.727017, 36.397983 ], [ -8.726404, 36.389011 ], [ -8.725749, 36.380041 ], [ -8.725091, 36.371071 ], [ -8.725089, 36.371023 ], [ -8.735459, 36.36157 ], [ -8.734847, 36.352598 ], [ -8.734192, 36.343628 ], [ -8.733534, 36.334658 ], [ -8.733534, 36.334586 ], [ -8.743871, 36.325159 ], [ -8.743271, 36.316186 ], [ -8.74262, 36.307216 ], [ -8.741962, 36.298246 ], [ -8.741934, 36.297622 ], [ -8.751626, 36.288778 ], [ -8.7419, 36.280246 ], [ -8.740242, 36.271324 ], [ -8.739467, 36.26236 ], [ -8.739245, 36.261033 ], [ -8.732578, 36.25369 ], [ -8.727079, 36.244952 ], [ -8.726824, 36.243123 ], [ -8.722801, 36.236156 ], [ -8.715388, 36.22751 ], [ -8.713971, 36.219219 ], [ -8.713885, 36.21858 ], [ -8.713023, 36.20962 ], [ -8.709936, 36.200766 ], [ -8.704114, 36.192043 ], [ -8.701329, 36.183174 ], [ -8.699622, 36.174254 ], [ -8.699589, 36.17416 ], [ -8.696269, 36.165412 ], [ -8.692583, 36.156586 ], [ -8.689047, 36.147753 ], [ -8.685974, 36.138898 ], [ -8.685928, 36.138783 ], [ -8.681812, 36.130094 ], [ -8.67812, 36.121268 ], [ -8.674842, 36.112422 ], [ -8.672433, 36.105504 ], [ -8.671646, 36.103571 ], [ -8.667704, 36.094757 ], [ -8.664205, 36.085921 ], [ -8.661062, 36.077068 ], [ -8.658823, 36.070446 ], [ -8.657939, 36.068214 ], [ -8.654105, 36.059393 ], [ -8.650671, 36.050554 ], [ -8.647595, 36.041697 ], [ -8.645133, 36.034079 ], [ -8.64466, 36.032834 ], [ -8.640861, 36.024011 ], [ -8.637475, 36.015169 ], [ -8.634423, 36.006311 ], [ -8.631642, 35.997439 ], [ -8.63139, 35.99674 ], [ -8.62795, 35.988611 ], [ -8.624542, 35.979769 ], [ -8.621478, 35.970911 ], [ -8.618693, 35.96204 ], [ -8.617619, 35.958806 ], [ -8.615416, 35.953192 ], [ -8.611943, 35.944352 ], [ -8.608817, 35.935497 ], [ -8.606025, 35.926625 ], [ -8.603712, 35.918716 ], [ -8.603376, 35.917747 ], [ -8.599866, 35.908909 ], [ -8.596693, 35.900055 ], [ -8.593769, 35.89119 ], [ -8.591019, 35.882316 ], [ -8.589839, 35.878881 ], [ -8.587627, 35.873472 ], [ -8.583952, 35.864641 ], [ -8.580656, 35.855792 ], [ -8.577653, 35.84693 ], [ -8.576278, 35.843246 ], [ -8.573985, 35.838098 ], [ -8.570101, 35.829276 ], [ -8.566602, 35.820437 ], [ -8.563416, 35.811582 ], [ -8.562929, 35.810438 ], [ -8.5591, 35.80278 ], [ -8.555138, 35.793961 ], [ -8.551657, 35.78512 ], [ -8.549805, 35.780677 ], [ -8.547618, 35.776304 ], [ -8.543202, 35.767506 ], [ -8.539346, 35.758682 ], [ -8.536819, 35.752727 ], [ -8.535363, 35.749863 ], [ -8.530557, 35.741082 ], [ -8.526506, 35.732266 ], [ -8.523978, 35.726734 ], [ -8.522185, 35.723463 ], [ -8.517221, 35.714689 ], [ -8.513016, 35.705879 ], [ -8.51126, 35.702383 ], [ -8.508105, 35.697102 ], [ -8.503108, 35.688328 ], [ -8.498958, 35.679516 ], [ -8.498611, 35.678905 ], [ -8.493187, 35.670777 ], [ -8.488412, 35.661993 ], [ -8.486137, 35.657852 ], [ -8.483117, 35.653232 ], [ -8.477744, 35.644475 ], [ -8.473699, 35.637218 ], [ -8.472729, 35.6357 ], [ -8.466619, 35.626976 ], [ -8.461766, 35.618194 ], [ -8.461332, 35.617531 ], [ -8.455206, 35.609489 ], [ -8.449935, 35.600725 ], [ -8.449082, 35.59946 ], [ -8.443313, 35.592022 ], [ -8.437806, 35.583268 ], [ -8.436876, 35.581955 ], [ -8.430896, 35.574578 ], [ -8.425242, 35.56583 ], [ -8.424722, 35.565133 ], [ -8.417918, 35.557157 ], [ -8.412652, 35.549461 ], [ -8.411837, 35.548428 ], [ -8.404444, 35.539757 ], [ -8.400649, 35.534731 ], [ -8.397516, 35.531065 ], [ -8.390531, 35.522375 ], [ -8.388658, 35.520097 ], [ -8.382752, 35.51372 ], [ -8.376711, 35.506047 ], [ -8.375804, 35.505028 ], [ -8.367694, 35.496386 ], [ -8.364846, 35.493166 ], [ -8.359563, 35.487745 ], [ -8.352976, 35.480159 ], [ -8.351935, 35.479081 ], [ -8.343337, 35.47046 ], [ -8.341182, 35.468225 ], [ -8.334503, 35.461848 ], [ -8.329416, 35.456657 ], [ -8.3258, 35.45323 ], [ -8.317646, 35.444988 ], [ -8.317236, 35.444605 ], [ -8.307675, 35.436023 ], [ -8.305951, 35.434381 ], [ -8.297923, 35.427449 ], [ -8.294295, 35.424339 ], [ -8.287849, 35.418888 ], [ -8.282651, 35.414425 ], [ -8.277666, 35.410331 ], [ -8.271029, 35.40481 ], [ -8.267223, 35.401784 ], [ -8.259431, 35.395519 ], [ -8.256524, 35.393247 ], [ -8.247863, 35.386649 ], [ -8.245308, 35.384732 ], [ -8.236323, 35.378153 ], [ -8.23367, 35.376234 ], [ -8.224806, 35.369998 ], [ -8.221589, 35.367754 ], [ -8.213313, 35.362158 ], [ -8.209083, 35.359291 ], [ -8.201841, 35.354624 ], [ -8.196067, 35.350849 ], [ -8.190386, 35.347316 ], [ -8.182622, 35.342423 ], [ -8.178947, 35.340218 ], [ -8.168791, 35.334013 ], [ -8.167518, 35.33326 ], [ -8.156126, 35.326849 ], [ -8.153993, 35.325642 ], [ -8.144758, 35.320769 ], [ -8.138429, 35.317302 ], [ -8.133392, 35.314718 ], [ -8.122617, 35.30897 ], [ -8.122029, 35.308667 ], [ -8.110712, 35.303338 ], [ -8.105324, 35.300698 ], [ -8.099396, 35.297987 ], [ -8.088083, 35.292671 ], [ -8.087574, 35.292443 ], [ -8.076803, 35.28785 ], [ -8.068476, 35.284242 ], [ -8.065525, 35.283033 ], [ -8.054269, 35.278558 ], [ -8.048088, 35.276092 ], [ -8.04302, 35.274174 ], [ -8.031787, 35.270027 ], [ -8.026251, 35.267999 ], [ -8.020561, 35.265979 ], [ -8.009355, 35.262244 ], [ -8.002372, 35.259986 ], [ -7.99816, 35.258669 ], [ -7.986978, 35.255276 ], [ -7.97677, 35.252039 ], [ -7.975787, 35.251736 ], [ -7.964594, 35.248145 ], [ -7.953407, 35.244632 ], [ -7.951637, 35.244067 ], [ -7.942214, 35.241011 ], [ -7.931033, 35.23757 ], [ -7.926153, 35.236104 ], [ -7.919854, 35.234133 ], [ -7.908692, 35.230978 ], [ -7.898447, 35.228225 ], [ -7.89754, 35.227974 ], [ -7.886455, 35.226076 ], [ -7.875176, 35.220933 ], [ -7.868931, 35.220413 ], [ -7.864163, 35.220208 ], [ -7.852877, 35.214906 ], [ -7.842401, 35.212474 ], [ -7.841757, 35.212368 ], [ -7.830749, 35.211696 ], [ -7.819425, 35.204387 ], [ -7.819346, 35.204366 ], [ -7.808386, 35.204496 ], [ -7.797264, 35.201881 ], [ -7.787048, 35.196668 ], [ -7.785984, 35.196576 ], [ -7.774985, 35.196024 ], [ -7.763821, 35.18858 ], [ -7.763579, 35.188526 ], [ -7.752616, 35.188574 ], [ -7.741469, 35.185461 ], [ -7.73143, 35.180846 ], [ -7.73023, 35.180763 ], [ -7.719235, 35.180245 ], [ -7.707965, 35.172756 ], [ -7.707836, 35.172726 ], [ -7.696881, 35.172892 ], [ -7.685816, 35.171143 ], [ -7.675556, 35.165007 ], [ -7.674492, 35.164865 ], [ -7.663531, 35.164905 ], [ -7.652253, 35.159395 ], [ -7.643292, 35.157244 ], [ -7.641163, 35.157147 ], [ -7.630183, 35.15683 ], [ -7.618797, 35.149352 ], [ -7.618173, 35.149199 ], [ -7.607716, 35.147247 ], [ -7.596597, 35.144434 ], [ -7.58549, 35.141836 ], [ -7.583999, 35.141493 ], [ -7.574399, 35.139515 ], [ -7.563319, 35.137377 ], [ -7.55224, 35.135239 ], [ -7.545545, 35.133937 ], [ -7.541164, 35.133156 ], [ -7.530107, 35.131406 ], [ -7.519062, 35.129849 ], [ -7.508027, 35.128483 ], [ -7.496993, 35.127133 ], [ -7.493885, 35.12686 ], [ -7.485989, 35.126314 ], [ -7.475014, 35.126007 ], [ -7.464075, 35.126374 ], [ -7.453176, 35.127478 ], [ -7.44238, 35.128763 ], [ -7.442287, 35.12878 ], [ -7.431365, 35.12947 ], [ -7.420689, 35.134706 ], [ -7.409799, 35.136004 ], [ -7.402443, 35.139231 ], [ -7.399047, 35.139873 ], [ -7.388538, 35.14828 ], [ -7.387324, 35.148788 ], [ -7.377781, 35.152116 ], [ -7.368863, 35.158465 ], [ -7.367224, 35.159705 ], [ -7.357194, 35.167894 ], [ -7.356718, 35.168282 ], [ -7.346763, 35.177277 ], [ -7.346271, 35.178 ], [ -7.337944, 35.186602 ], [ -7.335912, 35.189413 ], [ -7.330867, 35.195864 ], [ -7.325697, 35.203599 ], [ -7.315426, 35.205424 ], [ -7.315347, 35.214435 ], [ -7.315307, 35.214542 ], [ -7.311796, 35.22357 ], [ -7.305287, 35.232527 ], [ -7.305175, 35.232815 ], [ -7.299205, 35.242035 ], [ -7.295242, 35.250119 ], [ -7.295077, 35.25119 ], [ -7.286883, 35.26049 ], [ -7.284957, 35.263247 ], [ -7.282814, 35.269642 ], [ -7.274759, 35.278076 ], [ -7.274117, 35.278959 ], [ -7.263887, 35.280145 ], [ -7.254745, 35.288651 ], [ -7.253384, 35.289275 ], [ -7.242584, 35.292755 ], [ -7.231571, 35.292166 ], [ -7.222334, 35.289789 ], [ -7.22042, 35.288943 ], [ -7.209052, 35.28149 ], [ -7.208726, 35.281256 ], [ -7.197616, 35.272703 ], [ -7.197547, 35.272636 ], [ -7.193183, 35.263779 ], [ -7.185802, 35.256528 ], [ -7.185026, 35.255053 ], [ -7.177933, 35.24629 ], [ -7.173997, 35.240417 ], [ -7.173257, 35.237443 ], [ -7.168248, 35.228607 ], [ -7.16201, 35.22066 ], [ -7.161768, 35.219822 ], [ -7.159733, 35.210883 ], [ -7.150098, 35.202244 ], [ -7.150081, 35.202206 ], [ -7.149412, 35.19322 ], [ -7.13921, 35.184561 ], [ -7.138021, 35.180464 ], [ -7.137486, 35.175611 ], [ -7.128031, 35.166926 ], [ -7.126233, 35.164266 ], [ -7.124207, 35.158047 ], [ -7.114925, 35.149354 ], [ -7.114472, 35.148512 ], [ -7.103665, 35.140728 ], [ -7.103081, 35.140008 ], [ -7.100952, 35.131811 ], [ -7.091299, 35.12366 ], [ -7.090984, 35.123139 ], [ -7.079983, 35.114501 ], [ -7.079875, 35.114373 ], [ -7.070742, 35.105803 ], [ -7.068468, 35.105389 ], [ -7.058115, 35.097218 ], [ -7.056862, 35.092333 ], [ -7.055121, 35.088309 ], [ -7.045313, 35.080344 ], [ -7.044734, 35.079648 ], [ -7.034019, 35.073474 ], [ -7.031457, 35.071081 ], [ -7.022581, 35.063622 ], [ -7.021224, 35.062412 ], [ -7.011176, 35.054389 ], [ -7.010429, 35.05376 ], [ -6.999928, 35.048336 ], [ -6.99594, 35.04523 ], [ -6.98855, 35.039562 ], [ -6.984696, 35.036591 ], [ -6.977174, 35.03076 ], [ -6.973512, 35.027948 ], [ -6.96581, 35.022176 ], [ -6.96201, 35.019315 ], [ -6.954455, 35.013726 ], [ -6.950326, 35.010687 ], [ -6.943107, 35.00537 ], [ -6.93854, 35.002061 ], [ -6.931769, 34.99717 ], [ -6.926557, 34.99344 ], [ -6.920438, 34.989086 ], [ -6.91438, 34.984824 ], [ -6.909114, 34.981089 ], [ -6.90208, 34.976211 ], [ -6.897799, 34.973227 ], [ -6.889582, 34.967602 ], [ -6.886492, 34.965499 ], [ -6.876878, 34.958999 ], [ -6.875191, 34.957843 ], [ -6.864016, 34.950399 ], [ -6.863898, 34.95032 ], [ -6.852601, 34.942669 ], [ -6.851284, 34.941794 ], [ -6.841312, 34.935119 ], [ -6.838382, 34.933193 ], [ -6.830027, 34.927636 ], [ -6.825332, 34.924595 ], [ -6.81875, 34.92027 ], [ -6.81208, 34.916002 ], [ -6.80748, 34.913019 ], [ -6.798615, 34.907414 ], [ -6.796218, 34.905893 ], [ -6.784961, 34.898843 ], [ -6.784941, 34.898831 ], [ -6.773697, 34.891595 ], [ -6.771532, 34.890238 ], [ -6.76244, 34.88445 ], [ -6.75792, 34.881649 ], [ -6.75119, 34.877416 ], [ -6.744094, 34.873066 ], [ -6.739947, 34.870493 ], [ -6.730012, 34.864489 ], [ -6.728711, 34.863687 ], [ -6.717473, 34.856785 ], [ -6.716029, 34.855907 ], [ -6.706235, 34.849843 ], [ -6.702046, 34.847323 ], [ -6.695004, 34.843016 ], [ -6.687827, 34.838745 ], [ -6.683779, 34.83629 ], [ -6.673333, 34.830173 ], [ -6.672563, 34.829712 ], [ -6.661339, 34.822936 ], [ -6.659067, 34.821593 ], [ -6.650119, 34.816194 ], [ -6.644676, 34.813014 ], [ -6.638906, 34.809564 ], [ -6.630031, 34.804441 ], [ -6.6277, 34.80306 ], [ -6.616494, 34.796518 ], [ -6.615379, 34.795867 ], [ -6.605284, 34.789839 ], [ -6.600839, 34.787287 ], [ -6.594083, 34.783326 ], [ -6.585879, 34.778718 ], [ -6.582892, 34.776992 ], [ -6.571706, 34.770744 ], [ -6.570654, 34.770155 ], [ -6.560514, 34.764318 ], [ -6.555514, 34.761588 ], [ -6.549333, 34.758114 ], [ -6.539786, 34.753035 ], [ -6.538164, 34.752148 ], [ -6.52699, 34.746013 ], [ -6.524119, 34.744479 ], [ -6.515816, 34.739867 ], [ -6.508156, 34.735928 ], [ -6.504659, 34.734053 ], [ -6.493504, 34.72826 ], [ -6.491814, 34.727387 ], [ -6.482343, 34.722305 ], [ -6.475404, 34.718845 ], [ -6.471195, 34.716609 ], [ -6.460056, 34.711086 ], [ -6.458507, 34.710315 ], [ -6.448906, 34.705275 ], [ -6.441534, 34.701784 ], [ -6.437776, 34.699902 ], [ -6.426646, 34.694494 ], [ -6.424067, 34.693265 ], [ -6.415513, 34.688967 ], [ -6.406135, 34.684756 ], [ -6.404401, 34.683939 ], [ -6.393278, 34.678594 ], [ -6.388058, 34.676249 ], [ -6.382167, 34.673517 ], [ -6.371061, 34.668536 ], [ -6.369308, 34.667757 ], [ -6.359957, 34.663551 ], [ -6.350282, 34.65927 ], [ -6.348857, 34.658639 ], [ -6.33776, 34.653778 ], [ -6.330848, 34.650791 ], [ -6.326667, 34.64899 ], [ -6.315579, 34.644277 ], [ -6.310915, 34.642322 ], [ -6.304495, 34.639641 ], [ -6.293415, 34.635084 ], [ -6.290413, 34.633865 ], [ -6.282339, 34.630596 ], [ -6.271267, 34.626187 ], [ -6.269315, 34.625421 ], [ -6.2602, 34.621852 ], [ -6.249137, 34.617601 ], [ -6.247524, 34.616991 ], [ -6.238078, 34.613425 ], [ -6.227023, 34.609327 ], [ -6.224968, 34.608577 ], [ -6.215972, 34.605303 ], [ -6.204925, 34.601361 ], [ -6.20156, 34.600182 ], [ -6.193882, 34.597494 ], [ -6.182841, 34.593657 ], [ -6.177353, 34.591802 ], [ -6.171803, 34.589868 ], [ -6.160767, 34.586123 ], [ -6.151965, 34.583449 ], [ -6.149746, 34.582719 ], [ -6.13872, 34.579174 ], [ -6.127708, 34.575972 ], [ -6.124677, 34.575138 ], [ -6.116693, 34.572692 ], [ -6.105686, 34.569583 ], [ -6.094698, 34.566966 ], [ -6.094428, 34.566896 ], [ -6.08369, 34.563799 ], [ -6.072699, 34.561046 ], [ -6.061723, 34.558714 ], [ -6.061703, 34.558709 ], [ -6.050729, 34.55585 ], [ -6.039748, 34.553352 ], [ -6.028782, 34.551222 ], [ -6.025656, 34.550596 ], [ -6.017805, 34.548787 ], [ -6.006832, 34.546427 ], [ -5.99587, 34.544394 ], [ -5.98492, 34.54264 ], [ -5.984648, 34.542592 ], [ -5.973952, 34.540406 ], [ -5.962992, 34.538376 ], [ -5.952043, 34.536629 ], [ -5.941102, 34.535105 ], [ -5.938277, 34.534704 ], [ -5.930153, 34.533338 ], [ -5.919204, 34.531549 ], [ -5.908264, 34.530015 ], [ -5.897331, 34.528686 ], [ -5.886406, 34.527551 ], [ -5.881218, 34.527051 ], [ -5.875479, 34.526374 ], [ -5.864546, 34.525006 ], [ -5.853619, 34.523808 ], [ -5.842697, 34.522755 ], [ -5.83178, 34.521822 ], [ -5.820866, 34.521006 ], [ -5.809955, 34.520247 ], [ -5.803601, 34.519845 ], [ -5.799044, 34.519486 ], [ -5.788126, 34.518518 ], [ -5.777212, 34.517651 ], [ -5.766301, 34.516874 ], [ -5.755393, 34.516174 ], [ -5.744487, 34.515542 ], [ -5.733583, 34.514977 ], [ -5.722681, 34.514459 ], [ -5.711781, 34.513995 ], [ -5.700882, 34.513581 ], [ -5.693135, 34.513318 ], [ -5.689984, 34.513182 ], [ -5.679083, 34.512683 ], [ -5.668182, 34.512171 ], [ -5.657282, 34.511707 ], [ -5.646384, 34.511286 ], [ -5.635487, 34.510903 ], [ -5.624591, 34.510554 ], [ -5.613706, 34.510547 ], [ -5.602807, 34.510099 ], [ -5.591899, 34.509378 ], [ -5.580987, 34.508482 ], [ -5.57007, 34.507443 ], [ -5.56621, 34.507038 ], [ -5.55915, 34.506285 ], [ -5.548228, 34.505042 ], [ -5.537304, 34.50375 ], [ -5.52638, 34.50245 ], [ -5.515458, 34.501176 ], [ -5.504538, 34.499969 ], [ -5.499068, 34.499416 ], [ -5.493621, 34.498871 ], [ -5.482709, 34.49792 ], [ -5.471802, 34.497146 ], [ -5.460902, 34.496587 ], [ -5.45001, 34.496277 ], [ -5.439125, 34.49625 ], [ -5.42825, 34.49654 ], [ -5.417385, 34.497178 ], [ -5.40653, 34.498193 ], [ -5.395687, 34.499611 ], [ -5.384855, 34.501457 ] ] } },
{ "type": "Feature", "properties": { "fid": 41, "ID": 40, "Intensidad": 10.5 }, "geometry": { "type": "LineString", "coordinates": [ [ -5.779156, 33.91644 ], [ -5.779085, 33.916446 ], [ -5.768378, 33.917378 ], [ -5.757604, 33.918419 ], [ -5.746832, 33.919579 ], [ -5.736064, 33.920834 ], [ -5.725298, 33.922163 ], [ -5.714533, 33.923547 ], [ -5.703768, 33.924961 ], [ -5.693004, 33.926391 ], [ -5.682232, 33.927589 ], [ -5.681944, 33.927616 ], [ -5.671451, 33.928538 ], [ -5.66067, 33.929466 ], [ -5.64989, 33.930428 ], [ -5.639112, 33.931481 ], [ -5.628339, 33.932687 ], [ -5.617572, 33.934123 ], [ -5.606813, 33.935821 ], [ -5.596059, 33.937714 ], [ -5.592015, 33.938559 ], [ -5.585311, 33.939804 ], [ -5.574573, 33.942238 ], [ -5.563865, 33.945695 ], [ -5.556037, 33.948327 ], [ -5.553159, 33.949275 ], [ -5.542454, 33.952886 ], [ -5.531753, 33.956712 ], [ -5.528613, 33.957909 ], [ -5.521061, 33.960826 ], [ -5.510372, 33.965111 ], [ -5.504943, 33.967408 ], [ -5.49969, 33.969648 ], [ -5.489011, 33.974329 ], [ -5.483475, 33.976859 ], [ -5.478336, 33.979209 ], [ -5.467663, 33.984204 ], [ -5.463348, 33.986279 ], [ -5.456993, 33.989316 ], [ -5.446324, 33.994518 ], [ -5.443966, 33.995681 ], [ -5.435654, 33.999735 ], [ -5.424984, 34.005016 ], [ -5.424864, 34.005075 ], [ -5.41431, 34.010204 ], [ -5.405569, 34.01447 ], [ -5.403636, 34.015399 ], [ -5.392956, 34.020457 ], [ -5.385665, 34.023873 ], [ -5.382273, 34.025438 ], [ -5.371583, 34.030246 ], [ -5.365085, 34.033287 ], [ -5.360888, 34.034891 ], [ -5.350191, 34.039516 ], [ -5.342884, 34.042728 ], [ -5.339495, 34.044192 ], [ -5.328795, 34.048807 ], [ -5.32123, 34.052154 ], [ -5.318097, 34.053507 ], [ -5.307396, 34.058157 ], [ -5.299808, 34.061573 ], [ -5.296697, 34.062927 ], [ -5.285996, 34.067656 ], [ -5.278808, 34.07098 ], [ -5.275298, 34.072535 ], [ -5.264599, 34.07744 ], [ -5.258473, 34.080371 ], [ -5.253902, 34.082474 ], [ -5.243199, 34.087334 ], [ -5.237795, 34.089766 ], [ -5.232496, 34.092201 ], [ -5.221792, 34.097098 ], [ -5.217353, 34.099153 ], [ -5.211089, 34.102104 ], [ -5.200385, 34.107113 ], [ -5.197515, 34.108525 ], [ -5.189687, 34.112384 ], [ -5.178977, 34.117249 ], [ -5.177612, 34.117896 ], [ -5.168278, 34.122571 ], [ -5.15816, 34.127255 ], [ -5.157568, 34.127545 ], [ -5.146871, 34.133071 ], [ -5.139795, 34.136593 ], [ -5.136169, 34.138483 ], [ -5.125469, 34.143974 ], [ -5.121611, 34.145925 ], [ -5.114771, 34.149638 ], [ -5.104063, 34.154973 ], [ -5.103557, 34.155251 ], [ -5.093374, 34.161102 ], [ -5.086709, 34.164555 ], [ -5.082673, 34.166813 ], [ -5.071973, 34.172635 ], [ -5.069777, 34.173858 ], [ -5.061281, 34.178834 ], [ -5.053602, 34.183146 ], [ -5.050585, 34.184927 ], [ -5.039891, 34.191171 ], [ -5.037783, 34.192426 ], [ -5.029206, 34.197845 ], [ -5.022862, 34.201689 ], [ -5.018517, 34.204451 ], [ -5.007841, 34.210952 ], [ -5.007824, 34.210963 ], [ -4.99715, 34.218298 ], [ -4.994366, 34.220189 ], [ -4.986477, 34.225789 ], [ -4.981303, 34.229417 ], [ -4.975806, 34.233444 ], [ -4.968607, 34.238637 ], [ -4.965136, 34.241237 ], [ -4.956268, 34.247851 ], [ -4.954469, 34.249238 ], [ -4.944339, 34.257057 ], [ -4.943805, 34.257465 ], [ -4.933149, 34.2661 ], [ -4.932964, 34.266254 ], [ -4.922499, 34.275116 ], [ -4.922118, 34.275441 ], [ -4.911854, 34.284436 ], [ -4.911648, 34.284621 ], [ -4.901648, 34.293793 ], [ -4.901216, 34.294195 ], [ -4.892074, 34.302957 ], [ -4.890586, 34.304407 ], [ -4.882917, 34.312115 ], [ -4.879963, 34.315031 ], [ -4.873913, 34.321269 ], [ -4.869348, 34.326178 ], [ -4.865501, 34.330414 ], [ -4.858746, 34.337994 ], [ -4.857319, 34.339555 ], [ -4.849592, 34.348688 ], [ -4.848155, 34.350453 ], [ -4.842116, 34.357817 ], [ -4.837582, 34.363883 ], [ -4.835233, 34.366937 ], [ -4.828661, 34.376052 ], [ -4.827027, 34.378308 ], [ -4.821861, 34.38517 ], [ -4.816741, 34.394262 ], [ -4.816509, 34.394614 ], [ -4.808626, 34.403399 ], [ -4.805908, 34.407224 ], [ -4.802157, 34.412511 ], [ -4.795316, 34.420414 ], [ -4.794186, 34.421644 ], [ -4.784763, 34.430798 ], [ -4.784664, 34.430887 ], [ -4.773978, 34.439942 ], [ -4.773942, 34.439972 ], [ -4.763266, 34.447837 ], [ -4.761419, 34.44917 ], [ -4.752537, 34.455028 ], [ -4.747531, 34.458385 ], [ -4.7418, 34.461908 ], [ -4.732968, 34.467609 ], [ -4.73106, 34.468707 ], [ -4.720296, 34.474456 ], [ -4.71592, 34.476866 ], [ -4.709526, 34.479991 ], [ -4.69876, 34.48575 ], [ -4.697948, 34.486134 ], [ -4.687965, 34.490173 ], [ -4.677629, 34.495431 ], [ -4.677189, 34.495635 ], [ -4.666383, 34.499586 ], [ -4.65559, 34.504293 ], [ -4.654365, 34.504765 ], [ -4.644776, 34.508021 ], [ -4.633969, 34.5121 ], [ -4.628479, 34.514129 ], [ -4.623154, 34.515838 ], [ -4.61233, 34.519157 ], [ -4.601517, 34.523136 ], [ -4.600203, 34.523519 ], [ -4.590686, 34.526209 ], [ -4.579855, 34.529313 ], [ -4.569027, 34.532585 ], [ -4.567679, 34.532958 ], [ -4.558191, 34.535505 ], [ -4.547353, 34.538399 ], [ -4.536513, 34.541153 ], [ -4.53127, 34.542436 ], [ -4.525669, 34.543761 ], [ -4.514821, 34.54622 ], [ -4.503971, 34.548579 ], [ -4.493123, 34.551054 ], [ -4.48885, 34.551978 ], [ -4.48227, 34.553326 ], [ -4.471414, 34.555455 ], [ -4.460558, 34.557574 ], [ -4.4497, 34.559671 ], [ -4.44007, 34.56158 ], [ -4.438843, 34.561805 ], [ -4.427979, 34.563605 ], [ -4.417115, 34.565409 ], [ -4.40625, 34.567215 ], [ -4.395386, 34.569056 ], [ -4.38452, 34.570828 ], [ -4.381687, 34.571271 ], [ -4.37365, 34.572413 ], [ -4.362778, 34.573897 ], [ -4.351906, 34.575386 ], [ -4.341034, 34.576882 ], [ -4.330161, 34.578366 ], [ -4.319288, 34.579882 ], [ -4.310673, 34.581071 ], [ -4.308414, 34.581351 ], [ -4.297535, 34.582532 ], [ -4.286656, 34.583712 ], [ -4.275776, 34.584893 ], [ -4.264896, 34.586047 ], [ -4.254016, 34.587227 ], [ -4.243135, 34.588402 ], [ -4.232254, 34.589573 ], [ -4.221373, 34.590743 ], [ -4.218261, 34.591046 ], [ -4.210488, 34.591718 ], [ -4.199602, 34.592594 ], [ -4.188716, 34.593473 ], [ -4.177829, 34.594337 ], [ -4.166942, 34.595187 ], [ -4.156054, 34.596025 ], [ -4.145166, 34.596853 ], [ -4.134278, 34.597675 ], [ -4.123389, 34.59852 ], [ -4.1125, 34.599281 ], [ -4.101609, 34.599999 ], [ -4.090718, 34.600695 ], [ -4.080188, 34.601363 ], [ -4.079827, 34.601384 ], [ -4.068934, 34.601949 ], [ -4.058042, 34.602553 ], [ -4.04715, 34.603239 ], [ -4.036258, 34.603941 ], [ -4.025366, 34.604667 ], [ -4.014475, 34.605421 ], [ -4.003584, 34.606205 ], [ -3.992692, 34.607023 ], [ -3.981801, 34.607878 ], [ -3.970911, 34.608814 ], [ -3.96002, 34.60974 ], [ -3.94913, 34.610696 ], [ -3.939557, 34.611545 ], [ -3.938239, 34.611653 ], [ -3.927347, 34.612518 ], [ -3.916455, 34.61342 ], [ -3.905563, 34.614364 ], [ -3.894672, 34.615397 ], [ -3.883781, 34.616418 ], [ -3.87289, 34.617472 ], [ -3.861998, 34.618564 ], [ -3.851107, 34.619698 ], [ -3.840216, 34.620879 ], [ -3.83622, 34.621314 ], [ -3.829325, 34.622031 ], [ -3.818433, 34.623171 ], [ -3.807541, 34.624341 ], [ -3.796649, 34.625544 ], [ -3.785757, 34.626787 ], [ -3.774865, 34.628074 ], [ -3.763973, 34.629425 ], [ -3.753081, 34.630789 ], [ -3.752369, 34.630878 ], [ -3.742189, 34.63213 ], [ -3.731296, 34.633499 ], [ -3.720404, 34.634904 ], [ -3.709511, 34.636348 ], [ -3.698618, 34.637857 ], [ -3.687726, 34.639382 ], [ -3.681057, 34.640314 ], [ -3.676832, 34.640914 ], [ -3.665939, 34.642496 ], [ -3.655046, 34.644103 ], [ -3.644152, 34.64574 ], [ -3.633259, 34.64743 ], [ -3.622365, 34.649108 ], [ -3.618854, 34.649663 ], [ -3.611471, 34.650869 ], [ -3.600577, 34.65268 ], [ -3.589682, 34.654505 ], [ -3.578787, 34.656347 ], [ -3.567892, 34.658222 ], [ -3.56373, 34.658948 ], [ -3.556997, 34.660186 ], [ -3.546102, 34.662224 ], [ -3.535207, 34.664248 ], [ -3.52431, 34.666263 ], [ -3.513925, 34.668185 ], [ -3.513414, 34.668285 ], [ -3.502518, 34.670579 ], [ -3.491621, 34.672819 ], [ -3.480724, 34.675015 ], [ -3.469826, 34.677175 ], [ -3.468864, 34.677384 ], [ -3.458929, 34.679689 ], [ -3.448031, 34.682105 ], [ -3.437132, 34.684465 ], [ -3.427675, 34.686553 ], [ -3.426233, 34.686883 ], [ -3.415334, 34.689464 ], [ -3.404434, 34.692075 ], [ -3.393534, 34.694751 ], [ -3.389746, 34.695698 ], [ -3.382634, 34.697493 ], [ -3.371733, 34.700301 ], [ -3.360831, 34.703173 ], [ -3.35472, 34.704822 ], [ -3.34993, 34.706125 ], [ -3.339027, 34.709145 ], [ -3.328125, 34.712222 ], [ -3.322196, 34.71393 ], [ -3.317221, 34.715379 ], [ -3.306318, 34.718632 ], [ -3.295413, 34.721945 ], [ -3.291932, 34.723024 ], [ -3.284508, 34.725351 ], [ -3.273603, 34.728845 ], [ -3.263645, 34.732106 ], [ -3.262696, 34.73242 ], [ -3.25179, 34.736115 ], [ -3.240882, 34.739881 ], [ -3.237207, 34.741178 ], [ -3.229974, 34.743762 ], [ -3.219065, 34.747762 ], [ -3.21248, 34.750241 ], [ -3.208155, 34.751921 ], [ -3.197245, 34.756239 ], [ -3.189327, 34.759296 ], [ -3.186333, 34.760547 ], [ -3.175421, 34.765198 ], [ -3.167586, 34.768346 ], [ -3.164508, 34.769689 ], [ -3.153594, 34.774588 ], [ -3.147004, 34.77739 ], [ -3.142679, 34.779376 ], [ -3.131762, 34.78433 ], [ -3.12706, 34.78643 ], [ -3.120845, 34.78941 ], [ -3.109926, 34.794387 ], [ -3.107608, 34.795466 ], [ -3.099006, 34.79976 ], [ -3.088679, 34.804498 ], [ -3.088084, 34.804789 ], [ -3.077162, 34.810426 ], [ -3.070752, 34.813528 ], [ -3.066238, 34.815848 ], [ -3.055313, 34.821302 ], [ -3.052855, 34.822554 ], [ -3.044386, 34.827091 ], [ -3.035492, 34.831578 ], [ -3.033458, 34.832658 ], [ -3.022528, 34.838554 ], [ -3.018638, 34.840599 ], [ -3.011597, 34.844489 ], [ -3.001871, 34.849617 ], [ -3.000664, 34.850282 ], [ -2.98973, 34.856456 ], [ -2.985775, 34.858634 ], [ -2.978794, 34.862628 ], [ -2.969662, 34.867648 ], [ -2.967856, 34.868682 ], [ -2.956917, 34.875013 ], [ -2.954052, 34.876661 ], [ -2.945976, 34.881465 ], [ -2.938622, 34.885671 ], [ -2.935033, 34.887791 ], [ -2.924088, 34.894197 ], [ -2.923282, 34.89468 ], [ -2.913142, 34.900908 ], [ -2.908516, 34.903687 ], [ -2.902194, 34.907583 ], [ -2.893702, 34.912692 ], [ -2.891244, 34.914204 ], [ -2.880292, 34.920955 ], [ -2.879104, 34.921695 ], [ -2.869338, 34.927912 ], [ -2.864897, 34.930698 ], [ -2.858382, 34.934866 ], [ -2.850688, 34.939698 ], [ -2.847424, 34.941793 ], [ -2.836587, 34.948697 ], [ -2.836465, 34.948776 ], [ -2.825503, 34.955986 ], [ -2.822887, 34.957695 ], [ -2.814539, 34.963234 ], [ -2.809261, 34.966692 ], [ -2.803573, 34.97047 ], [ -2.795711, 34.975687 ], [ -2.792605, 34.977774 ], [ -2.782281, 34.984681 ], [ -2.781635, 34.985118 ], [ -2.770663, 34.992599 ], [ -2.769074, 34.993673 ], [ -2.759688, 35.000127 ], [ -2.755998, 35.002665 ], [ -2.748712, 35.007721 ], [ -2.743041, 35.011655 ], [ -2.737733, 35.015368 ], [ -2.730182, 35.020644 ], [ -2.726752, 35.02306 ], [ -2.717397, 35.029632 ], [ -2.715768, 35.030781 ], [ -2.704783, 35.038584 ], [ -2.704734, 35.038619 ], [ -2.693795, 35.046489 ], [ -2.692246, 35.047605 ], [ -2.682804, 35.054446 ], [ -2.679848, 35.05659 ], [ -2.671812, 35.062439 ], [ -2.667513, 35.065574 ], [ -2.660817, 35.07049 ], [ -2.655293, 35.074556 ], [ -2.649819, 35.078605 ], [ -2.643166, 35.083538 ], [ -2.638819, 35.086774 ], [ -2.631119, 35.092519 ], [ -2.627817, 35.094983 ], [ -2.619135, 35.101499 ], [ -2.616812, 35.10325 ], [ -2.607262, 35.110478 ], [ -2.605805, 35.111585 ], [ -2.595473, 35.119456 ], [ -2.594795, 35.119974 ], [ -2.583783, 35.128412 ], [ -2.583755, 35.128433 ], [ -2.572768, 35.1369 ], [ -2.572109, 35.137409 ], [ -2.56175, 35.145445 ], [ -2.560543, 35.146385 ], [ -2.55073, 35.154045 ], [ -2.549051, 35.155359 ], [ -2.539707, 35.162694 ], [ -2.537634, 35.164333 ], [ -2.528682, 35.171395 ], [ -2.526264, 35.173306 ], [ -2.517654, 35.180142 ], [ -2.514972, 35.182278 ], [ -2.506624, 35.188943 ], [ -2.503744, 35.191249 ], [ -2.49559, 35.197795 ], [ -2.492578, 35.20022 ], [ -2.484554, 35.20669 ], [ -2.481474, 35.209189 ], [ -2.473515, 35.215623 ], [ -2.470383, 35.218158 ], [ -2.462474, 35.224576 ], [ -2.459343, 35.227126 ], [ -2.45143, 35.233601 ], [ -2.448403, 35.236093 ], [ -2.440383, 35.242745 ], [ -2.437629, 35.24506 ], [ -2.429332, 35.252044 ], [ -2.42699, 35.254027 ], [ -2.418277, 35.26145 ], [ -2.416476, 35.262993 ], [ -2.40722, 35.270974 ], [ -2.406084, 35.271959 ], [ -2.396158, 35.280621 ], [ -2.395813, 35.280925 ], [ -2.385674, 35.28989 ], [ -2.385093, 35.290405 ], [ -2.375648, 35.298855 ], [ -2.374025, 35.300315 ], [ -2.365733, 35.30782 ], [ -2.362953, 35.310352 ], [ -2.355932, 35.316785 ], [ -2.351877, 35.320524 ], [ -2.346246, 35.325749 ], [ -2.340797, 35.330826 ], [ -2.336682, 35.334713 ], [ -2.329712, 35.341296 ], [ -2.327207, 35.343677 ], [ -2.318624, 35.351879 ], [ -2.317833, 35.352641 ], [ -2.308583, 35.361605 ], [ -2.307532, 35.36263 ], [ -2.299463, 35.370569 ], [ -2.296435, 35.373553 ], [ -2.290436, 35.379532 ], [ -2.285334, 35.384629 ], [ -2.281492, 35.388496 ], [ -2.274229, 35.395837 ], [ -2.272637, 35.397459 ], [ -2.263892, 35.406422 ], [ -2.263119, 35.407221 ], [ -2.255293, 35.415386 ], [ -2.252004, 35.418817 ], [ -2.246757, 35.424349 ], [ -2.240884, 35.430559 ], [ -2.238302, 35.433312 ], [ -2.229931, 35.442275 ], [ -2.22976, 35.442461 ], [ -2.221711, 35.451239 ], [ -2.218629, 35.454611 ], [ -2.213572, 35.460202 ], [ -2.207494, 35.466919 ], [ -2.205482, 35.469165 ], [ -2.197504, 35.478129 ], [ -2.196354, 35.479432 ], [ -2.189646, 35.487092 ], [ -2.185207, 35.492177 ], [ -2.181849, 35.496056 ], [ -2.174114, 35.505019 ], [ -2.174056, 35.505087 ], [ -2.166515, 35.513983 ], [ -2.162897, 35.518277 ], [ -2.15899, 35.522947 ], [ -2.151733, 35.531664 ], [ -2.15153, 35.53191 ], [ -2.144189, 35.540874 ], [ -2.140563, 35.545328 ], [ -2.136905, 35.549838 ], [ -2.129705, 35.558803 ], [ -2.129386, 35.559203 ], [ -2.122602, 35.567767 ], [ -2.118202, 35.573371 ], [ -2.115576, 35.576732 ], [ -2.108628, 35.585696 ], [ -2.107011, 35.5878 ], [ -2.101761, 35.594661 ], [ -2.095814, 35.602506 ], [ -2.094963, 35.603626 ], [ -2.088244, 35.612591 ], [ -2.084608, 35.617505 ], [ -2.081617, 35.621557 ], [ -2.075063, 35.630522 ], [ -2.073395, 35.632825 ], [ -2.068577, 35.639488 ], [ -2.062179, 35.648454 ], [ -2.062173, 35.648462 ], [ -2.055813, 35.65742 ], [ -2.050944, 35.664423 ], [ -2.049577, 35.666387 ], [ -2.043376, 35.675353 ], [ -2.039705, 35.68075 ], [ -2.037274, 35.684321 ], [ -2.031203, 35.693287 ], [ -2.028458, 35.697425 ], [ -2.025229, 35.702255 ], [ -2.019335, 35.711223 ], [ -2.017201, 35.714514 ], [ -2.013497, 35.72019 ], [ -2.007751, 35.729159 ], [ -2.005933, 35.732025 ], [ -2.002042, 35.738127 ], [ -1.996403, 35.747096 ], [ -1.994656, 35.749918 ], [ -1.990806, 35.756064 ], [ -1.985337, 35.765034 ], [ -1.983367, 35.768306 ], [ -1.979894, 35.774003 ], [ -1.974542, 35.782973 ], [ -1.972067, 35.787188 ], [ -1.969216, 35.791943 ], [ -1.963965, 35.800914 ], [ -1.960755, 35.806561 ], [ -1.958828, 35.809885 ], [ -1.953673, 35.818855 ], [ -1.949429, 35.826554 ], [ -1.948714, 35.827827 ], [ -1.943642, 35.836798 ], [ -1.938781, 35.845771 ], [ -1.93809, 35.847055 ], [ -1.933819, 35.854742 ], [ -1.929049, 35.863715 ], [ -1.926738, 35.868155 ], [ -1.924316, 35.872688 ], [ -1.91959, 35.881661 ], [ -1.915368, 35.890088 ], [ -1.915086, 35.890636 ], [ -1.910347, 35.899608 ], [ -1.905901, 35.908583 ], [ -1.903984, 35.912513 ], [ -1.901436, 35.917557 ], [ -1.896988, 35.926532 ], [ -1.892803, 35.935508 ], [ -1.89258, 35.935975 ], [ -1.888376, 35.944482 ], [ -1.884143, 35.953458 ], [ -1.88116, 35.960059 ], [ -1.880042, 35.962435 ], [ -1.87576, 35.97141 ], [ -1.871769, 35.980388 ], [ -1.869719, 35.985113 ], [ -1.867784, 35.989365 ], [ -1.863728, 35.998342 ], [ -1.859974, 36.007322 ], [ -1.858253, 36.011382 ], [ -1.856101, 36.0163 ], [ -1.852237, 36.025278 ], [ -1.848652, 36.034258 ], [ -1.846758, 36.039125 ], [ -1.845061, 36.043239 ], [ -1.841353, 36.052218 ], [ -1.83793, 36.0612 ], [ -1.835229, 36.068552 ], [ -1.834598, 36.070182 ], [ -1.831008, 36.079162 ], [ -1.827666, 36.088145 ], [ -1.824551, 36.097129 ], [ -1.823667, 36.099645 ], [ -1.821251, 36.106111 ], [ -1.817987, 36.115094 ], [ -1.814939, 36.124079 ], [ -1.812078, 36.133065 ], [ -1.81206, 36.133121 ], [ -1.808894, 36.142048 ], [ -1.805886, 36.151033 ], [ -1.803068, 36.16002 ], [ -1.800426, 36.169008 ], [ -1.800404, 36.169078 ], [ -1.797461, 36.177993 ], [ -1.794664, 36.18698 ], [ -1.792026, 36.195968 ], [ -1.789538, 36.204957 ], [ -1.788692, 36.208 ], [ -1.786928, 36.213946 ], [ -1.784291, 36.222933 ], [ -1.781876, 36.231924 ], [ -1.779453, 36.240913 ], [ -1.777224, 36.249905 ], [ -1.776901, 36.251178 ], [ -1.774806, 36.258895 ], [ -1.772438, 36.267885 ], [ -1.770198, 36.276877 ], [ -1.768076, 36.28587 ], [ -1.766057, 36.294863 ], [ -1.765014, 36.299566 ], [ -1.763995, 36.303857 ], [ -1.761843, 36.312849 ], [ -1.7598, 36.321842 ], [ -1.757862, 36.330836 ], [ -1.756022, 36.339832 ], [ -1.754273, 36.348828 ], [ -1.75299, 36.355594 ], [ -1.752538, 36.357824 ], [ -1.750659, 36.366819 ], [ -1.748873, 36.375815 ], [ -1.747175, 36.384811 ], [ -1.745562, 36.393809 ], [ -1.744028, 36.402807 ], [ -1.742624, 36.411807 ], [ -1.741166, 36.420806 ], [ -1.740757, 36.423437 ], [ -1.739686, 36.429804 ], [ -1.738185, 36.438803 ], [ -1.736759, 36.447802 ], [ -1.735404, 36.456802 ], [ -1.734117, 36.465802 ], [ -1.732984, 36.474805 ], [ -1.731704, 36.483805 ], [ -1.730599, 36.492808 ], [ -1.729553, 36.501811 ], [ -1.728562, 36.510814 ], [ -1.728113, 36.514982 ], [ -1.727546, 36.519818 ], [ -1.726464, 36.52882 ], [ -1.725605, 36.537825 ], [ -1.724449, 36.546827 ], [ -1.723536, 36.555831 ], [ -1.722677, 36.564836 ], [ -1.721868, 36.573842 ], [ -1.721106, 36.582848 ], [ -1.720387, 36.591854 ], [ -1.719711, 36.600861 ], [ -1.719037, 36.609867 ], [ -1.718443, 36.618875 ], [ -1.717895, 36.627883 ], [ -1.717385, 36.636892 ], [ -1.716915, 36.645901 ], [ -1.71648, 36.65491 ], [ -1.716077, 36.663919 ], [ -1.715675, 36.672929 ], [ -1.715332, 36.681939 ], [ -1.715029, 36.69095 ], [ -1.714762, 36.699961 ], [ -1.714529, 36.708972 ], [ -1.714328, 36.717984 ], [ -1.714156, 36.726996 ], [ -1.714039, 36.736009 ], [ -1.713867, 36.74502 ], [ -1.713773, 36.754033 ], [ -1.713715, 36.763046 ], [ -1.71369, 36.77206 ], [ -1.713697, 36.781074 ], [ -1.713734, 36.790088 ], [ -1.713799, 36.799102 ], [ -1.713865, 36.808117 ], [ -1.713978, 36.817132 ], [ -1.714131, 36.826147 ], [ -1.714319, 36.835163 ], [ -1.714546, 36.844179 ], [ -1.714806, 36.853196 ], [ -1.715101, 36.862212 ], [ -1.715453, 36.87123 ], [ -1.715726, 36.880246 ], [ -1.71613, 36.889264 ], [ -1.716583, 36.898283 ], [ -1.717086, 36.907302 ], [ -1.717637, 36.916321 ], [ -1.718236, 36.925341 ], [ -1.718883, 36.934362 ], [ -1.719562, 36.943383 ], [ -1.720305, 36.952404 ], [ -1.720765, 36.958984 ], [ -1.720898, 36.961424 ], [ -1.721358, 36.970443 ], [ -1.721881, 36.979462 ], [ -1.722491, 36.988482 ], [ -1.723216, 36.997503 ], [ -1.724082, 37.006526 ], [ -1.72505, 37.01555 ], [ -1.726232, 37.024576 ], [ -1.727609, 37.033604 ], [ -1.729212, 37.042635 ], [ -1.730478, 37.050067 ], [ -1.730696, 37.051664 ], [ -1.731972, 37.060691 ], [ -1.733457, 37.06972 ], [ -1.735471, 37.078755 ], [ -1.737093, 37.087786 ], [ -1.739485, 37.096825 ], [ -1.740854, 37.102366 ], [ -1.741548, 37.10586 ], [ -1.743461, 37.114893 ], [ -1.745759, 37.123931 ], [ -1.748522, 37.132974 ], [ -1.751463, 37.141272 ], [ -1.751678, 37.14202 ], [ -1.753944, 37.151057 ], [ -1.756791, 37.1601 ], [ -1.760414, 37.169152 ], [ -1.762187, 37.173778 ], [ -1.763563, 37.178198 ], [ -1.766754, 37.187244 ], [ -1.770808, 37.1963 ], [ -1.773006, 37.200963 ], [ -1.774747, 37.205354 ], [ -1.778739, 37.214408 ], [ -1.783534, 37.223471 ], [ -1.783896, 37.224163 ], [ -1.7879, 37.232529 ], [ -1.792897, 37.241593 ], [ -1.794831, 37.244947 ], [ -1.798039, 37.250658 ], [ -1.803356, 37.259725 ], [ -1.805805, 37.263686 ], [ -1.808929, 37.268795 ], [ -1.814808, 37.277867 ], [ -1.816809, 37.280766 ], [ -1.821051, 37.286942 ], [ -1.827738, 37.296022 ], [ -1.827845, 37.29616 ], [ -1.83467, 37.305104 ], [ -1.838904, 37.310331 ], [ -1.841986, 37.314188 ], [ -1.849757, 37.323277 ], [ -1.849982, 37.323523 ], [ -1.858037, 37.332371 ], [ -1.861082, 37.335497 ], [ -1.866886, 37.341469 ], [ -1.872197, 37.34674 ], [ -1.876091, 37.35057 ], [ -1.883326, 37.357274 ], [ -1.885937, 37.359676 ], [ -1.89447, 37.366945 ], [ -1.896672, 37.36879 ], [ -1.90563, 37.375674 ], [ -1.908488, 37.377912 ], [ -1.916796, 37.384272 ], [ -1.920586, 37.387037 ], [ -1.927972, 37.392275 ], [ -1.933797, 37.39617 ], [ -1.93916, 37.399576 ], [ -1.948527, 37.405315 ], [ -1.950359, 37.406271 ], [ -1.961563, 37.412783 ], [ -1.964553, 37.414469 ], [ -1.972773, 37.418963 ], [ -1.981828, 37.423632 ], [ -1.983991, 37.424692 ], [ -1.995224, 37.429424 ], [ -2.002402, 37.432821 ], [ -2.006453, 37.43457 ], [ -2.01769, 37.439204 ], [ -2.024359, 37.442017 ], [ -2.02893, 37.443776 ], [ -2.040178, 37.447745 ], [ -2.049723, 37.451237 ], [ -2.051428, 37.45175 ], [ -2.062687, 37.455044 ], [ -2.073945, 37.4585 ], [ -2.080547, 37.460494 ], [ -2.085207, 37.46176 ], [ -2.096477, 37.464445 ], [ -2.107751, 37.466809 ], [ -2.119021, 37.469599 ], [ -2.120031, 37.469807 ], [ -2.1303, 37.471722 ], [ -2.14158, 37.473721 ], [ -2.152862, 37.475652 ], [ -2.164146, 37.477452 ], [ -2.175433, 37.479035 ], [ -2.177113, 37.479232 ], [ -2.186725, 37.480264 ], [ -2.198018, 37.481346 ], [ -2.209312, 37.482344 ], [ -2.220608, 37.483258 ], [ -2.231905, 37.484093 ], [ -2.2432, 37.485086 ], [ -2.254499, 37.48576 ], [ -2.265802, 37.486081 ], [ -2.277106, 37.486269 ], [ -2.288411, 37.486366 ], [ -2.299716, 37.486415 ], [ -2.311023, 37.486298 ], [ -2.322326, 37.486641 ], [ -2.333634, 37.486336 ], [ -2.344944, 37.485844 ], [ -2.356255, 37.485218 ], [ -2.367567, 37.484514 ], [ -2.378879, 37.483794 ], [ -2.39019, 37.483088 ], [ -2.401502, 37.482244 ], [ -2.411847, 37.480634 ], [ -2.412821, 37.480541 ], [ -2.424133, 37.479553 ], [ -2.435447, 37.478387 ], [ -2.44676, 37.477172 ], [ -2.458073, 37.476079 ], [ -2.469389, 37.474439 ], [ -2.480689, 37.474951 ], [ -2.492005, 37.473267 ], [ -2.501117, 37.472031 ], [ -2.503318, 37.471904 ], [ -2.514626, 37.471269 ], [ -2.525934, 37.470593 ], [ -2.537241, 37.470023 ], [ -2.548547, 37.469593 ], [ -2.559851, 37.469471 ], [ -2.571159, 37.468708 ], [ -2.582469, 37.467516 ], [ -2.59378, 37.465954 ], [ -2.605093, 37.464191 ], [ -2.616399, 37.463472 ], [ -2.6277, 37.463815 ], [ -2.638827, 37.463519 ], [ -2.639004, 37.463519 ], [ -2.650306, 37.463495 ], [ -2.661609, 37.463479 ], [ -2.672911, 37.463509 ], [ -2.684215, 37.463367 ], [ -2.695518, 37.463268 ], [ -2.70682, 37.463387 ], [ -2.718121, 37.463575 ], [ -2.729424, 37.463673 ], [ -2.740728, 37.463285 ], [ -2.75203, 37.463209 ], [ -2.763332, 37.463428 ], [ -2.773108, 37.463853 ], [ -2.774632, 37.464251 ], [ -2.785924, 37.468154 ], [ -2.797221, 37.470345 ], [ -2.808521, 37.471811 ], [ -2.819824, 37.472307 ], [ -2.831127, 37.472401 ], [ -2.833557, 37.472967 ], [ -2.842419, 37.478128 ], [ -2.853719, 37.480713 ], [ -2.859508, 37.482014 ], [ -2.865018, 37.484094 ], [ -2.876314, 37.490025 ], [ -2.878002, 37.491048 ], [ -2.887608, 37.498225 ], [ -2.889493, 37.500072 ], [ -2.894375, 37.50909 ], [ -2.89711, 37.518106 ], [ -2.897448, 37.527119 ], [ -2.892183, 37.536128 ], [ -2.889411, 37.545139 ], [ -2.88809, 37.554151 ], [ -2.887523, 37.555038 ], [ -2.878134, 37.563154 ], [ -2.876184, 37.568615 ], [ -2.87369, 37.572163 ], [ -2.865628, 37.581167 ], [ -2.864842, 37.582088 ], [ -2.854836, 37.590167 ], [ -2.853502, 37.591807 ], [ -2.845258, 37.599168 ], [ -2.842157, 37.602658 ], [ -2.837662, 37.608171 ], [ -2.830805, 37.615077 ], [ -2.826261, 37.617168 ], [ -2.819461, 37.623035 ], [ -2.815199, 37.626165 ], [ -2.808113, 37.631008 ], [ -2.802482, 37.635157 ], [ -2.796761, 37.640029 ], [ -2.791131, 37.644151 ], [ -2.785403, 37.650051 ], [ -2.781759, 37.653147 ], [ -2.774038, 37.661192 ], [ -2.773041, 37.662143 ], [ -2.762847, 37.671136 ], [ -2.762674, 37.671286 ], [ -2.751313, 37.679365 ], [ -2.750513, 37.680124 ], [ -2.739946, 37.688426 ], [ -2.739049, 37.689112 ], [ -2.728733, 37.698102 ], [ -2.728573, 37.698271 ], [ -2.722353, 37.7071 ], [ -2.717183, 37.711978 ], [ -2.712415, 37.716089 ], [ -2.705802, 37.722328 ], [ -2.702909, 37.725078 ], [ -2.694414, 37.73346 ], [ -2.693915, 37.734068 ], [ -2.684596, 37.743057 ], [ -2.683024, 37.744563 ], [ -2.675262, 37.752044 ], [ -2.67163, 37.755579 ], [ -2.666182, 37.761032 ], [ -2.660231, 37.766948 ], [ -2.657384, 37.770019 ], [ -2.648829, 37.778328 ], [ -2.648149, 37.779005 ], [ -2.639403, 37.787991 ], [ -2.637421, 37.790022 ], [ -2.631007, 37.796978 ], [ -2.626007, 37.802239 ], [ -2.622918, 37.805966 ], [ -2.614592, 37.814109 ], [ -2.613792, 37.814949 ], [ -2.605565, 37.823934 ], [ -2.60317, 37.826472 ], [ -2.597621, 37.83292 ], [ -2.591742, 37.839237 ], [ -2.589735, 37.841906 ], [ -2.580761, 37.850887 ], [ -2.580313, 37.85137 ], [ -2.573654, 37.859874 ], [ -2.568873, 37.86492 ], [ -2.565743, 37.868858 ], [ -2.557435, 37.877462 ], [ -2.55714, 37.877838 ], [ -2.550591, 37.886826 ], [ -2.545982, 37.891707 ], [ -2.542799, 37.895809 ], [ -2.534536, 37.904085 ], [ -2.533913, 37.904787 ], [ -2.527678, 37.913774 ], [ -2.523071, 37.918854 ], [ -2.52022, 37.922757 ], [ -2.511616, 37.931378 ], [ -2.511324, 37.931733 ], [ -2.505567, 37.940721 ], [ -2.500145, 37.945755 ], [ -2.497121, 37.949698 ], [ -2.490051, 37.95868 ], [ -2.488668, 37.960389 ], [ -2.484235, 37.967667 ], [ -2.477185, 37.975188 ], [ -2.476098, 37.976644 ], [ -2.469718, 37.985628 ], [ -2.465694, 37.990353 ], [ -2.462891, 37.994609 ], [ -2.454563, 38.003584 ], [ -2.45421, 38.00406 ], [ -2.449582, 38.012573 ], [ -2.442703, 38.020204 ], [ -2.441691, 38.021548 ], [ -2.435093, 38.030529 ], [ -2.431196, 38.035585 ], [ -2.428636, 38.03951 ], [ -2.421415, 38.048487 ], [ -2.419686, 38.050809 ], [ -2.415928, 38.057472 ], [ -2.40817, 38.066185 ], [ -2.407961, 38.066445 ], [ -2.402055, 38.075427 ], [ -2.39664, 38.082733 ], [ -2.395508, 38.084406 ], [ -2.390085, 38.09339 ], [ -2.385101, 38.09969 ], [ -2.383423, 38.102368 ], [ -2.37743, 38.111348 ], [ -2.373559, 38.116386 ], [ -2.370964, 38.120326 ], [ -2.364328, 38.129303 ], [ -2.362016, 38.132489 ], [ -2.35874, 38.138285 ], [ -2.352137, 38.147261 ], [ -2.350459, 38.149709 ], [ -2.346907, 38.156244 ], [ -2.33988, 38.165217 ], [ -2.338898, 38.166714 ], [ -2.334928, 38.174201 ], [ -2.328086, 38.183174 ], [ -2.327325, 38.184346 ], [ -2.323342, 38.192159 ], [ -2.316512, 38.201132 ], [ -2.315747, 38.202059 ], [ -2.310759, 38.21011 ], [ -2.304664, 38.219086 ], [ -2.304162, 38.219853 ], [ -2.299887, 38.22807 ], [ -2.293357, 38.237043 ], [ -2.292565, 38.238294 ], [ -2.288671, 38.246026 ], [ -2.282671, 38.255002 ], [ -2.28095, 38.257925 ], [ -2.278004, 38.263985 ], [ -2.273029, 38.272966 ], [ -2.269316, 38.27884 ], [ -2.267786, 38.281946 ], [ -2.26384, 38.290933 ], [ -2.25817, 38.299909 ], [ -2.257663, 38.300936 ], [ -2.254471, 38.308898 ], [ -2.250279, 38.317883 ], [ -2.245978, 38.325462 ], [ -2.245356, 38.326863 ], [ -2.242461, 38.335856 ], [ -2.238817, 38.344845 ], [ -2.234249, 38.353478 ], [ -2.234091, 38.353826 ], [ -2.23136, 38.36282 ], [ -2.228402, 38.371812 ], [ -2.225041, 38.380802 ], [ -2.222447, 38.387307 ], [ -2.221674, 38.389791 ], [ -2.2193, 38.398787 ], [ -2.216951, 38.407783 ], [ -2.214319, 38.416777 ], [ -2.211521, 38.42577 ], [ -2.210546, 38.429311 ], [ -2.209402, 38.434768 ], [ -2.207892, 38.443769 ], [ -2.206252, 38.45277 ], [ -2.204635, 38.46177 ], [ -2.203121, 38.470772 ], [ -2.201659, 38.479773 ], [ -2.200174, 38.488775 ], [ -2.198564, 38.497775 ], [ -2.198315, 38.499762 ], [ -2.197619, 38.50678 ], [ -2.197038, 38.515788 ], [ -2.196647, 38.524797 ], [ -2.19639, 38.533807 ], [ -2.196116, 38.542816 ], [ -2.195971, 38.551827 ], [ -2.195994, 38.560838 ], [ -2.196207, 38.569851 ], [ -2.196565, 38.578865 ], [ -2.19702, 38.58788 ], [ -2.197289, 38.592111 ], [ -2.197688, 38.596896 ], [ -2.198657, 38.605914 ], [ -2.199744, 38.614933 ], [ -2.200927, 38.623952 ], [ -2.202189, 38.632972 ], [ -2.203563, 38.641993 ], [ -2.205165, 38.651015 ], [ -2.206991, 38.660039 ], [ -2.207971, 38.664444 ], [ -2.209019, 38.669064 ], [ -2.211191, 38.67809 ], [ -2.213475, 38.687117 ], [ -2.215906, 38.696145 ], [ -2.218511, 38.705173 ], [ -2.219, 38.706733 ], [ -2.221428, 38.714204 ], [ -2.224495, 38.723236 ], [ -2.227564, 38.732267 ], [ -2.230136, 38.740207 ], [ -2.230538, 38.741298 ], [ -2.233986, 38.750332 ], [ -2.23755, 38.759366 ], [ -2.241228, 38.768402 ], [ -2.241336, 38.768649 ], [ -2.245256, 38.777439 ], [ -2.249297, 38.786476 ], [ -2.252577, 38.793954 ], [ -2.253302, 38.795513 ], [ -2.257662, 38.804552 ], [ -2.26219, 38.813592 ], [ -2.263852, 38.816786 ], [ -2.266907, 38.822632 ], [ -2.271731, 38.831674 ], [ -2.275148, 38.83814 ], [ -2.276575, 38.840715 ], [ -2.281638, 38.849757 ], [ -2.286468, 38.857837 ], [ -2.287038, 38.858801 ], [ -2.292442, 38.867845 ], [ -2.297806, 38.876314 ], [ -2.298167, 38.876891 ], [ -2.303841, 38.885936 ], [ -2.309157, 38.894032 ], [ -2.309781, 38.894982 ], [ -2.315734, 38.904028 ], [ -2.320523, 38.910802 ], [ -2.322092, 38.913077 ], [ -2.328459, 38.922124 ], [ -2.331901, 38.926803 ], [ -2.33506, 38.931173 ], [ -2.341715, 38.940222 ], [ -2.343289, 38.942302 ], [ -2.348397, 38.94927 ], [ -2.354689, 38.957094 ], [ -2.355644, 38.958321 ], [ -2.362736, 38.967371 ], [ -2.366096, 38.971441 ], [ -2.370055, 38.976422 ], [ -2.377514, 38.985171 ], [ -2.377769, 38.985474 ], [ -2.385162, 38.994524 ], [ -2.388938, 38.9988 ], [ -2.393002, 39.003576 ], [ -2.400372, 39.011587 ], [ -2.401296, 39.01263 ], [ -2.409304, 39.021682 ], [ -2.411811, 39.024425 ], [ -2.417332, 39.030733 ], [ -2.423254, 39.037213 ], [ -2.425552, 39.039785 ], [ -2.434097, 39.048837 ], [ -2.434705, 39.049498 ], [ -2.442076, 39.057887 ], [ -2.446156, 39.062184 ], [ -2.450476, 39.066937 ], [ -2.457617, 39.074262 ], [ -2.459242, 39.075989 ], [ -2.467931, 39.08504 ], [ -2.469082, 39.086239 ], [ -2.476311, 39.094089 ], [ -2.48055, 39.098383 ], [ -2.48506, 39.103138 ], [ -2.492025, 39.110023 ], [ -2.494136, 39.112189 ], [ -2.503493, 39.12124 ], [ -2.503507, 39.121254 ], [ -2.512182, 39.130287 ], [ -2.514989, 39.133035 ], [ -2.521207, 39.139336 ], [ -2.526478, 39.144378 ], [ -2.530529, 39.148384 ], [ -2.537972, 39.155356 ], [ -2.540121, 39.157433 ], [ -2.549472, 39.166036 ], [ -2.549948, 39.166482 ], [ -2.559475, 39.175529 ], [ -2.560975, 39.176921 ], [ -2.569012, 39.184576 ], [ -2.572481, 39.187731 ], [ -2.578801, 39.193622 ], [ -2.583992, 39.198253 ], [ -2.589017, 39.202669 ], [ -2.595509, 39.208414 ], [ -2.599075, 39.211715 ], [ -2.607029, 39.218617 ], [ -2.609473, 39.220761 ], [ -2.618554, 39.228517 ], [ -2.620047, 39.229806 ], [ -2.630084, 39.238242 ], [ -2.630802, 39.238852 ], [ -2.641617, 39.247817 ], [ -2.641713, 39.247896 ], [ -2.652608, 39.25694 ], [ -2.653153, 39.257387 ], [ -2.663618, 39.265983 ], [ -2.664693, 39.266851 ], [ -2.674833, 39.275025 ], [ -2.676237, 39.276093 ], [ -2.686354, 39.284067 ], [ -2.687784, 39.285224 ], [ -2.697989, 39.293109 ], [ -2.699336, 39.294146 ], [ -2.709886, 39.302149 ], [ -2.710891, 39.302909 ], [ -2.722034, 39.31119 ], [ -2.72245, 39.311494 ], [ -2.734011, 39.319994 ], [ -2.734334, 39.320229 ], [ -2.745576, 39.328447 ], [ -2.746724, 39.329267 ], [ -2.757144, 39.336747 ], [ -2.759368, 39.338304 ], [ -2.768715, 39.344872 ], [ -2.772351, 39.347341 ], [ -2.78029, 39.352785 ], [ -2.785667, 39.356377 ], [ -2.791868, 39.360571 ], [ -2.799287, 39.365411 ], [ -2.803448, 39.368158 ], [ -2.813347, 39.374445 ], [ -2.815032, 39.375488 ], [ -2.826619, 39.382834 ], [ -2.82765, 39.383478 ], [ -2.838208, 39.390175 ], [ -2.842044, 39.392508 ], [ -2.849799, 39.397295 ], [ -2.85699, 39.401538 ], [ -2.861394, 39.404071 ], [ -2.872656, 39.410567 ], [ -2.872991, 39.410768 ], [ -2.88459, 39.417556 ], [ -2.888224, 39.419593 ], [ -2.896192, 39.424124 ], [ -2.904496, 39.428618 ], [ -2.907796, 39.430378 ], [ -2.919403, 39.436598 ], [ -2.921379, 39.437641 ], [ -2.931011, 39.442778 ], [ -2.938638, 39.446662 ], [ -2.942622, 39.448712 ], [ -2.954235, 39.454519 ], [ -2.956597, 39.45568 ], [ -2.96585, 39.460256 ], [ -2.975236, 39.464696 ], [ -2.977467, 39.465762 ], [ -2.989085, 39.471245 ], [ -2.994509, 39.473709 ], [ -3.000706, 39.476546 ], [ -3.012328, 39.481645 ], [ -3.014796, 39.482718 ], [ -3.023952, 39.486714 ], [ -3.035577, 39.491576 ], [ -3.035933, 39.491724 ], [ -3.047204, 39.4964 ], [ -3.058162, 39.500725 ], [ -3.058833, 39.500989 ], [ -3.070463, 39.505539 ], [ -3.081629, 39.509721 ], [ -3.082094, 39.509896 ], [ -3.093727, 39.514188 ], [ -3.105361, 39.518275 ], [ -3.106617, 39.518711 ], [ -3.116996, 39.522279 ], [ -3.128632, 39.52614 ], [ -3.133432, 39.527693 ], [ -3.140269, 39.529901 ], [ -3.151907, 39.533551 ], [ -3.162114, 39.536667 ], [ -3.163546, 39.537102 ], [ -3.175186, 39.540563 ], [ -3.186827, 39.543921 ], [ -3.192891, 39.54563 ], [ -3.198469, 39.547196 ], [ -3.210112, 39.550412 ], [ -3.221755, 39.553515 ], [ -3.225843, 39.554581 ], [ -3.233399, 39.556552 ], [ -3.245044, 39.559521 ], [ -3.25669, 39.562406 ], [ -3.261242, 39.563517 ], [ -3.268337, 39.565247 ], [ -3.279984, 39.568017 ], [ -3.291632, 39.570701 ], [ -3.299335, 39.572435 ], [ -3.30328, 39.573328 ], [ -3.314929, 39.575929 ], [ -3.326579, 39.578454 ], [ -3.338229, 39.580896 ], [ -3.340336, 39.581333 ], [ -3.34988, 39.583322 ], [ -3.361531, 39.585694 ], [ -3.373183, 39.587999 ], [ -3.384628, 39.590204 ], [ -3.384836, 39.590245 ], [ -3.396489, 39.592504 ], [ -3.408142, 39.594687 ], [ -3.419796, 39.5968 ], [ -3.43145, 39.598845 ], [ -3.432595, 39.599046 ], [ -3.443105, 39.600909 ], [ -3.45476, 39.602966 ], [ -3.466416, 39.604922 ], [ -3.478071, 39.606809 ], [ -3.484621, 39.607851 ], [ -3.489727, 39.608681 ], [ -3.501384, 39.610571 ], [ -3.513041, 39.612405 ], [ -3.524699, 39.614182 ], [ -3.536356, 39.615883 ], [ -3.541395, 39.61661 ], [ -3.548014, 39.617594 ], [ -3.559673, 39.619313 ], [ -3.571331, 39.620974 ], [ -3.58299, 39.62258 ], [ -3.594649, 39.624143 ], [ -3.603713, 39.625313 ], [ -3.606308, 39.625661 ], [ -3.617968, 39.627245 ], [ -3.629628, 39.62877 ], [ -3.641289, 39.630242 ], [ -3.652949, 39.631662 ], [ -3.664609, 39.633035 ], [ -3.672444, 39.633945 ], [ -3.67627, 39.634409 ], [ -3.687931, 39.63583 ], [ -3.699593, 39.637199 ], [ -3.711254, 39.638518 ], [ -3.722916, 39.63979 ], [ -3.734577, 39.641018 ], [ -3.746238, 39.642202 ], [ -3.748951, 39.642487 ], [ -3.757901, 39.643463 ], [ -3.769564, 39.644708 ], [ -3.781226, 39.645906 ], [ -3.792889, 39.647061 ], [ -3.804552, 39.648174 ], [ -3.816214, 39.649249 ], [ -3.827876, 39.650287 ], [ -3.834923, 39.650911 ], [ -3.839539, 39.651342 ], [ -3.851203, 39.652444 ], [ -3.862867, 39.653506 ], [ -3.87453, 39.65453 ], [ -3.886194, 39.655519 ], [ -3.897857, 39.656472 ], [ -3.90952, 39.657394 ], [ -3.921183, 39.658283 ], [ -3.932846, 39.659148 ], [ -3.933172, 39.659172 ], [ -3.94451, 39.660091 ], [ -3.956175, 39.66101 ], [ -3.967839, 39.661897 ], [ -3.979503, 39.662753 ], [ -3.991167, 39.66358 ], [ -4.002831, 39.664381 ], [ -4.014494, 39.665136 ], [ -4.026158, 39.665901 ], [ -4.037821, 39.666625 ], [ -4.04753, 39.667207 ], [ -4.049485, 39.667331 ], [ -4.06115, 39.668107 ], [ -4.072814, 39.668855 ], [ -4.084479, 39.66958 ], [ -4.096143, 39.670279 ], [ -4.107806, 39.670897 ], [ -4.119471, 39.6716 ], [ -4.131134, 39.672231 ], [ -4.142798, 39.672842 ], [ -4.154462, 39.673432 ], [ -4.166125, 39.674002 ], [ -4.177788, 39.674553 ], [ -4.185124, 39.674894 ], [ -4.189452, 39.675108 ], [ -4.201116, 39.675699 ], [ -4.21278, 39.676261 ], [ -4.224444, 39.67681 ], [ -4.236108, 39.677341 ], [ -4.247771, 39.677854 ], [ -4.259435, 39.67835 ], [ -4.271098, 39.67883 ], [ -4.282761, 39.679292 ], [ -4.294424, 39.679738 ], [ -4.306087, 39.680166 ], [ -4.317749, 39.680567 ], [ -4.329412, 39.680976 ], [ -4.341075, 39.681376 ], [ -4.352737, 39.681766 ], [ -4.359664, 39.681991 ], [ -4.3644, 39.682152 ], [ -4.376063, 39.682552 ], [ -4.387725, 39.68293 ], [ -4.399388, 39.683284 ], [ -4.41105, 39.683609 ], [ -4.422711, 39.683884 ], [ -4.434371, 39.684154 ], [ -4.446032, 39.684408 ], [ -4.457692, 39.684643 ], [ -4.469352, 39.684859 ], [ -4.481012, 39.685054 ], [ -4.492671, 39.685228 ], [ -4.50433, 39.685378 ], [ -4.515988, 39.685505 ], [ -4.527645, 39.685565 ], [ -4.539302, 39.68565 ], [ -4.550959, 39.685718 ], [ -4.562616, 39.685769 ], [ -4.574272, 39.685801 ], [ -4.585928, 39.685813 ], [ -4.597583, 39.685804 ], [ -4.609238, 39.685772 ], [ -4.620892, 39.685716 ], [ -4.632545, 39.685614 ], [ -4.644198, 39.685515 ], [ -4.655851, 39.685399 ], [ -4.667503, 39.685264 ], [ -4.679154, 39.685109 ], [ -4.690805, 39.684933 ], [ -4.702456, 39.684734 ], [ -4.714105, 39.684512 ], [ -4.725754, 39.684266 ], [ -4.737402, 39.683971 ], [ -4.74905, 39.68368 ], [ -4.760697, 39.683369 ], [ -4.772343, 39.68304 ], [ -4.783989, 39.682689 ], [ -4.795634, 39.682317 ], [ -4.807278, 39.681921 ], [ -4.818922, 39.681502 ], [ -4.830564, 39.681056 ], [ -4.842206, 39.680554 ], [ -4.853847, 39.680066 ], [ -4.865487, 39.679558 ], [ -4.877127, 39.679031 ], [ -4.888766, 39.678483 ], [ -4.900404, 39.677913 ], [ -4.912042, 39.677321 ], [ -4.923678, 39.676704 ], [ -4.935314, 39.67607 ], [ -4.946949, 39.675391 ], [ -4.958583, 39.674716 ], [ -4.970216, 39.674023 ], [ -4.981849, 39.673312 ], [ -4.987624, 39.672938 ], [ -4.99348, 39.672546 ], [ -5.005109, 39.671741 ], [ -5.016738, 39.670915 ], [ -5.028365, 39.670065 ], [ -5.039991, 39.66917 ], [ -5.051617, 39.668276 ], [ -5.063242, 39.667368 ], [ -5.074866, 39.666446 ], [ -5.08649, 39.665507 ], [ -5.098112, 39.664551 ], [ -5.109734, 39.663578 ], [ -5.121354, 39.662586 ], [ -5.132974, 39.661575 ], [ -5.136021, 39.661294 ], [ -5.144591, 39.660466 ], [ -5.156206, 39.659319 ], [ -5.16782, 39.658163 ], [ -5.179433, 39.656997 ], [ -5.191046, 39.65582 ], [ -5.202658, 39.654632 ], [ -5.214269, 39.653432 ], [ -5.225879, 39.65222 ], [ -5.237489, 39.650995 ], [ -5.244441, 39.65024 ], [ -5.249096, 39.649704 ], [ -5.260699, 39.648313 ], [ -5.272302, 39.64692 ], [ -5.283904, 39.645524 ], [ -5.295505, 39.644126 ], [ -5.307106, 39.642723 ], [ -5.318706, 39.641316 ], [ -5.330306, 39.639905 ], [ -5.333671, 39.639472 ], [ -5.3419, 39.63835 ], [ -5.353492, 39.636744 ], [ -5.365084, 39.635148 ], [ -5.376676, 39.63356 ], [ -5.388267, 39.631981 ], [ -5.399858, 39.630408 ], [ -5.411064, 39.628882 ], [ -5.411448, 39.628826 ], [ -5.423033, 39.627096 ], [ -5.434612, 39.625231 ], [ -5.446194, 39.623463 ], [ -5.457776, 39.621716 ], [ -5.469358, 39.619989 ], [ -5.479739, 39.618427 ], [ -5.480938, 39.618234 ], [ -5.49251, 39.616263 ], [ -5.504083, 39.614318 ], [ -5.515656, 39.612425 ], [ -5.527228, 39.610503 ], [ -5.538802, 39.608641 ], [ -5.542155, 39.608069 ], [ -5.550367, 39.606573 ], [ -5.56193, 39.604462 ], [ -5.573494, 39.60239 ], [ -5.585058, 39.600352 ], [ -5.596623, 39.598348 ], [ -5.599705, 39.597786 ], [ -5.60818, 39.596171 ], [ -5.619733, 39.593883 ], [ -5.631288, 39.591675 ], [ -5.642844, 39.589512 ], [ -5.653268, 39.587566 ], [ -5.654399, 39.587341 ], [ -5.665943, 39.584919 ], [ -5.677489, 39.582552 ], [ -5.689036, 39.580238 ], [ -5.700585, 39.577987 ], [ -5.70336, 39.577403 ], [ -5.712123, 39.57549 ], [ -5.72366, 39.572978 ], [ -5.735199, 39.570525 ], [ -5.746739, 39.568126 ], [ -5.750619, 39.567285 ], [ -5.75827, 39.56553 ], [ -5.769798, 39.56289 ], [ -5.781328, 39.560314 ], [ -5.792861, 39.557816 ], [ -5.795484, 39.557205 ], [ -5.804382, 39.555068 ], [ -5.815903, 39.552319 ], [ -5.827425, 39.549637 ], [ -5.838191, 39.547161 ], [ -5.838947, 39.546978 ], [ -5.850458, 39.544064 ], [ -5.861971, 39.541224 ], [ -5.873486, 39.538455 ], [ -5.878817, 39.537153 ], [ -5.884996, 39.535571 ], [ -5.896499, 39.532576 ], [ -5.908004, 39.529639 ], [ -5.917727, 39.527174 ], [ -5.919509, 39.526704 ], [ -5.931004, 39.523572 ], [ -5.942501, 39.520524 ], [ -5.954001, 39.51756 ], [ -5.955324, 39.517216 ], [ -5.965494, 39.514447 ], [ -5.976984, 39.511309 ], [ -5.988478, 39.508275 ], [ -5.992243, 39.507263 ], [ -5.999966, 39.505114 ], [ -6.011452, 39.501937 ], [ -6.022939, 39.498833 ], [ -6.028509, 39.497315 ], [ -6.034423, 39.495648 ], [ -6.045902, 39.492402 ], [ -6.057385, 39.489254 ], [ -6.064162, 39.487372 ], [ -6.068863, 39.486033 ], [ -6.080337, 39.482733 ], [ -6.091813, 39.479489 ], [ -6.099056, 39.477439 ], [ -6.103285, 39.476211 ], [ -6.114753, 39.472849 ], [ -6.126223, 39.469547 ], [ -6.133301, 39.467513 ], [ -6.13769, 39.466225 ], [ -6.149153, 39.462822 ], [ -6.160616, 39.459451 ], [ -6.1669, 39.457594 ], [ -6.172076, 39.456037 ], [ -6.183532, 39.452573 ], [ -6.194989, 39.449145 ], [ -6.199837, 39.447684 ], [ -6.206442, 39.445657 ], [ -6.217894, 39.442163 ], [ -6.229344, 39.438666 ], [ -6.232213, 39.43778 ], [ -6.24079, 39.435103 ], [ -6.252235, 39.431532 ], [ -6.263679, 39.427973 ], [ -6.263955, 39.427886 ], [ -6.275118, 39.424329 ], [ -6.286556, 39.420701 ], [ -6.295063, 39.418 ], [ -6.297993, 39.417065 ], [ -6.309426, 39.413376 ], [ -6.320857, 39.409678 ], [ -6.325637, 39.408122 ], [ -6.332286, 39.405945 ], [ -6.343712, 39.402189 ], [ -6.355136, 39.398421 ], [ -6.355647, 39.398252 ], [ -6.366557, 39.39461 ], [ -6.377977, 39.390798 ], [ -6.385116, 39.38839 ], [ -6.389393, 39.386945 ], [ -6.400807, 39.38307 ], [ -6.412219, 39.379162 ], [ -6.414037, 39.378536 ], [ -6.423628, 39.375236 ], [ -6.435034, 39.371278 ], [ -6.442423, 39.368692 ], [ -6.446437, 39.367288 ], [ -6.457838, 39.363281 ], [ -6.469236, 39.359236 ], [ -6.470305, 39.358856 ], [ -6.480632, 39.355178 ], [ -6.492025, 39.351083 ], [ -6.497706, 39.349027 ], [ -6.503415, 39.34696 ], [ -6.514803, 39.342812 ], [ -6.524604, 39.339208 ], [ -6.526187, 39.338631 ], [ -6.53757, 39.334439 ], [ -6.548948, 39.330183 ], [ -6.55105, 39.329396 ], [ -6.560324, 39.32593 ], [ -6.571697, 39.321624 ], [ -6.577025, 39.319592 ], [ -6.583067, 39.317296 ], [ -6.594435, 39.312947 ], [ -6.602544, 39.309797 ], [ -6.605798, 39.30854 ], [ -6.61716, 39.304133 ], [ -6.627595, 39.300012 ], [ -6.628516, 39.29965 ], [ -6.639872, 39.295189 ], [ -6.651221, 39.29063 ], [ -6.652199, 39.290234 ], [ -6.66257, 39.286084 ], [ -6.673914, 39.281474 ], [ -6.67639, 39.280465 ], [ -6.685256, 39.276863 ], [ -6.696594, 39.272188 ], [ -6.700178, 39.270704 ], [ -6.707929, 39.267501 ], [ -6.71926, 39.262757 ], [ -6.723514, 39.260952 ], [ -6.730588, 39.258 ], [ -6.741912, 39.253181 ], [ -6.746518, 39.251207 ], [ -6.753233, 39.248342 ], [ -6.764549, 39.243446 ], [ -6.769081, 39.241471 ], [ -6.775863, 39.23853 ], [ -6.787172, 39.233556 ], [ -6.791253, 39.231744 ], [ -6.79848, 39.228586 ], [ -6.80978, 39.223512 ], [ -6.813083, 39.222023 ], [ -6.82108, 39.218453 ], [ -6.832372, 39.21328 ], [ -6.834482, 39.212313 ], [ -6.843664, 39.208153 ], [ -6.854947, 39.202883 ], [ -6.855539, 39.202611 ], [ -6.866235, 39.197728 ], [ -6.87628, 39.192915 ], [ -6.877508, 39.192337 ], [ -6.888786, 39.18706 ], [ -6.896675, 39.183227 ], [ -6.900053, 39.181619 ], [ -6.911317, 39.176154 ], [ -6.916674, 39.173549 ], [ -6.922581, 39.170739 ], [ -6.933833, 39.165123 ], [ -6.936327, 39.163879 ], [ -6.94509, 39.159617 ], [ -6.955575, 39.15422 ], [ -6.956329, 39.153842 ], [ -6.967577, 39.14826 ], [ -6.974743, 39.144561 ], [ -6.978816, 39.14253 ], [ -6.990046, 39.13669 ], [ -6.993425, 39.134915 ], [ -7.001279, 39.130925 ], [ -7.011624, 39.125282 ], [ -7.012491, 39.124826 ], [ -7.023716, 39.119006 ], [ -7.029929, 39.115644 ], [ -7.034931, 39.113022 ], [ -7.046118, 39.106585 ], [ -7.04708, 39.106042 ], [ -7.057326, 39.100555 ], [ -7.064473, 39.09643 ], [ -7.068515, 39.094233 ], [ -7.079713, 39.088093 ], [ -7.082203, 39.086804 ], [ -7.090944, 39.082554 ], [ -7.10085, 39.077142 ], [ -7.102142, 39.07649 ], [ -7.113386, 39.071228 ], [ -7.120778, 39.067432 ], [ -7.124607, 39.065626 ], [ -7.13585, 39.060415 ], [ -7.141552, 39.057689 ], [ -7.147096, 39.055278 ], [ -7.158345, 39.050239 ], [ -7.16346, 39.047902 ], [ -7.169604, 39.045383 ], [ -7.180869, 39.040662 ], [ -7.18699, 39.038052 ], [ -7.192141, 39.03608 ], [ -7.203431, 39.031821 ], [ -7.2123, 39.028133 ], [ -7.214701, 39.027251 ], [ -7.226022, 39.023571 ], [ -7.23731, 39.01936 ], [ -7.241123, 39.018081 ], [ -7.248638, 39.015823 ], [ -7.259975, 39.012463 ], [ -7.271294, 39.008836 ], [ -7.274775, 39.007845 ], [ -7.282652, 39.005851 ], [ -7.294022, 39.003098 ], [ -7.30539, 39.000327 ], [ -7.316757, 38.997535 ], [ -7.318243, 38.997235 ], [ -7.328166, 38.995459 ], [ -7.339586, 38.993582 ], [ -7.351016, 38.991876 ], [ -7.362459, 38.990388 ], [ -7.373928, 38.989322 ], [ -7.385377, 38.987945 ], [ -7.396999, 38.989361 ], [ -7.408473, 38.988391 ], [ -7.420007, 38.988392 ], [ -7.431458, 38.987077 ], [ -7.443175, 38.990001 ], [ -7.454733, 38.990376 ], [ -7.466264, 38.990334 ], [ -7.476432, 38.991262 ], [ -7.477869, 38.991456 ], [ -7.489604, 38.994636 ], [ -7.501285, 38.996939 ], [ -7.51142, 38.998917 ], [ -7.512964, 38.999197 ], [ -7.524727, 39.002763 ], [ -7.536515, 39.00671 ], [ -7.53708, 39.006925 ], [ -7.548444, 39.012817 ], [ -7.555334, 39.015217 ], [ -7.560265, 39.017225 ], [ -7.572164, 39.022821 ], [ -7.573494, 39.02351 ], [ -7.584188, 39.03032 ], [ -7.587225, 39.031975 ], [ -7.596199, 39.03757 ], [ -7.600922, 39.040439 ], [ -7.608388, 39.047512 ], [ -7.610417, 39.049068 ], [ -7.620257, 39.052507 ], [ -7.626901, 39.057419 ], [ -7.632401, 39.061673 ], [ -7.637563, 39.065999 ], [ -7.64467, 39.072698 ], [ -7.646742, 39.074638 ], [ -7.655883, 39.083277 ], [ -7.656985, 39.084361 ], [ -7.665225, 39.091908 ], [ -7.669371, 39.097034 ], [ -7.672375, 39.100625 ], [ -7.680022, 39.109323 ], [ -7.681898, 39.111752 ], [ -7.687738, 39.118017 ], [ -7.69337, 39.126794 ], [ -7.694566, 39.128521 ], [ -7.70026, 39.13552 ], [ -7.706458, 39.144274 ], [ -7.707234, 39.145181 ], [ -7.71496, 39.152935 ], [ -7.71976, 39.159627 ], [ -7.721631, 39.161668 ], [ -7.729903, 39.170337 ], [ -7.732206, 39.172807 ], [ -7.738751, 39.178981 ], [ -7.74468, 39.186326 ], [ -7.746086, 39.187686 ], [ -7.755262, 39.196316 ], [ -7.757037, 39.198051 ], [ -7.765259, 39.204911 ], [ -7.769341, 39.208917 ], [ -7.774857, 39.213521 ], [ -7.781685, 39.220315 ], [ -7.783952, 39.222152 ], [ -7.793417, 39.230766 ], [ -7.793999, 39.231218 ], [ -7.805552, 39.239269 ], [ -7.806154, 39.239738 ], [ -7.817154, 39.247793 ], [ -7.81834, 39.248661 ], [ -7.829379, 39.25629 ], [ -7.830492, 39.257047 ], [ -7.840687, 39.264823 ], [ -7.842696, 39.266141 ], [ -7.854017, 39.273271 ], [ -7.854801, 39.273756 ], [ -7.866928, 39.281646 ], [ -7.867073, 39.281729 ], [ -7.878946, 39.287941 ], [ -7.88264, 39.29008 ], [ -7.890969, 39.294273 ], [ -7.897977, 39.298438 ], [ -7.903023, 39.301007 ], [ -7.91432, 39.306752 ], [ -7.915033, 39.307091 ], [ -7.926952, 39.31185 ], [ -7.933204, 39.314955 ], [ -7.938919, 39.317249 ], [ -7.950384, 39.323228 ], [ -7.950944, 39.323461 ], [ -7.962743, 39.326455 ], [ -7.973438, 39.331246 ], [ -7.974702, 39.331678 ], [ -7.986655, 39.336794 ], [ -7.996367, 39.339266 ], [ -7.99846, 39.339818 ], [ -8.010312, 39.343467 ], [ -8.019691, 39.347263 ], [ -8.02223, 39.348036 ], [ -8.034006, 39.350603 ], [ -8.04503, 39.355168 ], [ -8.045944, 39.355405 ], [ -8.057653, 39.357023 ], [ -8.069477, 39.360218 ], [ -8.07731, 39.362764 ], [ -8.08131, 39.363524 ], [ -8.093015, 39.365043 ], [ -8.104804, 39.367721 ], [ -8.113152, 39.370194 ], [ -8.116626, 39.37084 ], [ -8.128315, 39.372127 ], [ -8.140037, 39.373853 ], [ -8.151834, 39.376585 ], [ -8.155832, 39.37731 ], [ -8.163539, 39.378071 ], [ -8.175207, 39.379052 ], [ -8.186888, 39.380204 ], [ -8.198596, 39.3817 ], [ -8.210354, 39.383877 ], [ -8.210355, 39.383877 ], [ -8.221988, 39.38437 ], [ -8.233616, 39.384799 ], [ -8.245246, 39.385242 ], [ -8.256895, 39.385937 ], [ -8.268543, 39.38661 ], [ -8.280187, 39.387242 ], [ -8.291831, 39.387867 ], [ -8.303479, 39.388538 ], [ -8.305316, 39.388577 ], [ -8.315076, 39.388543 ], [ -8.326664, 39.388422 ], [ -8.338245, 39.388214 ], [ -8.349818, 39.387908 ], [ -8.361384, 39.387496 ], [ -8.372961, 39.387249 ], [ -8.384528, 39.386864 ], [ -8.396085, 39.386349 ], [ -8.407631, 39.385708 ], [ -8.419167, 39.384935 ], [ -8.430684, 39.38392 ], [ -8.442191, 39.382777 ], [ -8.450771, 39.381835 ], [ -8.453688, 39.381511 ], [ -8.465175, 39.380124 ], [ -8.476649, 39.378587 ], [ -8.488101, 39.376777 ], [ -8.499541, 39.374808 ], [ -8.510977, 39.372802 ], [ -8.522419, 39.370887 ], [ -8.533882, 39.369246 ], [ -8.536449, 39.368775 ], [ -8.545268, 39.366638 ], [ -8.556645, 39.363925 ], [ -8.568041, 39.361465 ], [ -8.579453, 39.35922 ], [ -8.590884, 39.357215 ], [ -8.59115, 39.357149 ], [ -8.602189, 39.353658 ], [ -8.613535, 39.350614 ], [ -8.624911, 39.347965 ], [ -8.632931, 39.346126 ], [ -8.636271, 39.345114 ], [ -8.647551, 39.341295 ], [ -8.658881, 39.338117 ], [ -8.670241, 39.335312 ], [ -8.670262, 39.335306 ], [ -8.681467, 39.330867 ], [ -8.692762, 39.327291 ], [ -8.702212, 39.324738 ], [ -8.704086, 39.324087 ], [ -8.715297, 39.319503 ], [ -8.726583, 39.315867 ], [ -8.731135, 39.314311 ], [ -8.737807, 39.311489 ], [ -8.749036, 39.307183 ], [ -8.758933, 39.303933 ], [ -8.760306, 39.303387 ], [ -8.771466, 39.298275 ], [ -8.782718, 39.294304 ], [ -8.784234, 39.293673 ], [ -8.793852, 39.288921 ], [ -8.805072, 39.284596 ], [ -8.807721, 39.283499 ], [ -8.816213, 39.279325 ], [ -8.827402, 39.274661 ], [ -8.830295, 39.273365 ], [ -8.838515, 39.269104 ], [ -8.849686, 39.264263 ], [ -8.851857, 39.263279 ], [ -8.86078, 39.258521 ], [ -8.871945, 39.253644 ], [ -8.872797, 39.25322 ], [ -8.883001, 39.247491 ], [ -8.892071, 39.243242 ], [ -8.894124, 39.24215 ], [ -8.905179, 39.236022 ], [ -8.910779, 39.233289 ], [ -8.916259, 39.230224 ], [ -8.927341, 39.224462 ], [ -8.929403, 39.223338 ], [ -8.938361, 39.217988 ], [ -8.946935, 39.213441 ], [ -8.949419, 39.211992 ], [ -8.960435, 39.205524 ], [ -8.963991, 39.203565 ], [ -8.971444, 39.198995 ], [ -8.980895, 39.193694 ], [ -8.982474, 39.192739 ], [ -8.993455, 39.185922 ], [ -8.996832, 39.183871 ], [ -9.004421, 39.178956 ], [ -9.012591, 39.174055 ], [ -9.015406, 39.172246 ], [ -9.026376, 39.165384 ], [ -9.028159, 39.164247 ], [ -9.037307, 39.158089 ], [ -9.042915, 39.15448 ], [ -9.048243, 39.150872 ], [ -9.057793, 39.144704 ], [ -9.059185, 39.143758 ], [ -9.070094, 39.136281 ], [ -9.072088, 39.134957 ], [ -9.080987, 39.128657 ], [ -9.085976, 39.125229 ], [ -9.091877, 39.121016 ], [ -9.099791, 39.115504 ], [ -9.102764, 39.113359 ], [ -9.113543, 39.10578 ], [ -9.113648, 39.105704 ], [ -9.12449, 39.097595 ], [ -9.126587, 39.096093 ], [ -9.135332, 39.089504 ], [ -9.139487, 39.086411 ], [ -9.146162, 39.081319 ], [ -9.152227, 39.076737 ], [ -9.156984, 39.073059 ], [ -9.164811, 39.06707 ], [ -9.167798, 39.064732 ], [ -9.177265, 39.057408 ], [ -9.178605, 39.056357 ], [ -9.189401, 39.047891 ], [ -9.189574, 39.047753 ], [ -9.200172, 39.039166 ], [ -9.201465, 39.038118 ], [ -9.210932, 39.030344 ], [ -9.213186, 39.028492 ], [ -9.22168, 39.021414 ], [ -9.224723, 39.018875 ], [ -9.232415, 39.012365 ], [ -9.23611, 39.009264 ], [ -9.24314, 39.003241 ], [ -9.247279, 38.999664 ], [ -9.253847, 38.993939 ], [ -9.258246, 38.990074 ], [ -9.264539, 38.984498 ], [ -9.269019, 38.980494 ], [ -9.275215, 38.974909 ], [ -9.279602, 38.970923 ], [ -9.285876, 38.965182 ], [ -9.290029, 38.961359 ], [ -9.296523, 38.955321 ], [ -9.300255, 38.951806 ], [ -9.307151, 38.945283 ], [ -9.310304, 38.942261 ], [ -9.317761, 38.935085 ], [ -9.320184, 38.932725 ], [ -9.328355, 38.92473 ], [ -9.329902, 38.923197 ], [ -9.338932, 38.914215 ], [ -9.339469, 38.913676 ], [ -9.348787, 38.904168 ], [ -9.349483, 38.903453 ], [ -9.357892, 38.894671 ], [ -9.36001, 38.892458 ], [ -9.366861, 38.885181 ], [ -9.370519, 38.881291 ], [ -9.375697, 38.875697 ], [ -9.381011, 38.869967 ], [ -9.384426, 38.866219 ], [ -9.391484, 38.858466 ], [ -9.393021, 38.856748 ], [ -9.401436, 38.847286 ], [ -9.401931, 38.846721 ], [ -9.409587, 38.837837 ], [ -9.412345, 38.834644 ], [ -9.417643, 38.828394 ], [ -9.422742, 38.822407 ], [ -9.425629, 38.818954 ], [ -9.433119, 38.809989 ], [ -9.433504, 38.80952 ], [ -9.44108, 38.800101 ], [ -9.443454, 38.797152 ], [ -9.448564, 38.790688 ], [ -9.453768, 38.784119 ], [ -9.45598, 38.781278 ], [ -9.463259, 38.771874 ], [ -9.464056, 38.77083 ], [ -9.470302, 38.762484 ], [ -9.474304, 38.757148 ], [ -9.47729, 38.753096 ], [ -9.484189, 38.743713 ], [ -9.484528, 38.743243 ], [ -9.490838, 38.734344 ], [ -9.494709, 38.728895 ], [ -9.497445, 38.724976 ], [ -9.503959, 38.715614 ], [ -9.504862, 38.714289 ], [ -9.510262, 38.706263 ], [ -9.514971, 38.699244 ], [ -9.516513, 38.696914 ], [ -9.522601, 38.687575 ], [ -9.52504, 38.683799 ], [ -9.52858, 38.678241 ], [ -9.534485, 38.668911 ], [ -9.535071, 38.667974 ], [ -9.540234, 38.659589 ], [ -9.545052, 38.651656 ], [ -9.545885, 38.650273 ], [ -9.551403, 38.640964 ], [ -9.554983, 38.634839 ], [ -9.556826, 38.631661 ], [ -9.562138, 38.622363 ], [ -9.564864, 38.617516 ], [ -9.567358, 38.61307 ], [ -9.572454, 38.603784 ], [ -9.57469, 38.599634 ], [ -9.577448, 38.594504 ], [ -9.582334, 38.58523 ], [ -9.584453, 38.581127 ], [ -9.587119, 38.575961 ], [ -9.591806, 38.566697 ], [ -9.594154, 38.561981 ], [ -9.596425, 38.557438 ], [ -9.600921, 38.548185 ], [ -9.603782, 38.542095 ], [ -9.60528, 38.538939 ], [ -9.609606, 38.529696 ], [ -9.613329, 38.521379 ], [ -9.613744, 38.520463 ], [ -9.617917, 38.511228 ], [ -9.6219, 38.502003 ], [ -9.622799, 38.499873 ], [ -9.625879, 38.492779 ], [ -9.629701, 38.483564 ], [ -9.632169, 38.477338 ], [ -9.633384, 38.474356 ], [ -9.637109, 38.465146 ], [ -9.640589, 38.455949 ], [ -9.641434, 38.453706 ], [ -9.644153, 38.446748 ], [ -9.647561, 38.437556 ], [ -9.650575, 38.428788 ], [ -9.650722, 38.428378 ], [ -9.654083, 38.419188 ], [ -9.6572, 38.410012 ], [ -9.659587, 38.402537 ], [ -9.660151, 38.400846 ], [ -9.663322, 38.391667 ], [ -9.66618, 38.382505 ], [ -9.66844, 38.374608 ], [ -9.668824, 38.373356 ], [ -9.671743, 38.364191 ], [ -9.674396, 38.355042 ], [ -9.676805, 38.345906 ], [ -9.677112, 38.344781 ], [ -9.679479, 38.336755 ], [ -9.681998, 38.327613 ], [ -9.684233, 38.318487 ], [ -9.685569, 38.312678 ], [ -9.686413, 38.309364 ], [ -9.688803, 38.30023 ], [ -9.690941, 38.291109 ], [ -9.692848, 38.282002 ], [ -9.693752, 38.277662 ], [ -9.694879, 38.272888 ], [ -9.696987, 38.263769 ], [ -9.698847, 38.254665 ], [ -9.70048, 38.245573 ], [ -9.701578, 38.238842 ], [ -9.702025, 38.236487 ], [ -9.703908, 38.227381 ], [ -9.705608, 38.218286 ], [ -9.707034, 38.209206 ], [ -9.70822, 38.20014 ], [ -9.708898, 38.194587 ], [ -9.709424, 38.191073 ], [ -9.710901, 38.181991 ], [ -9.712241, 38.172916 ], [ -9.71349, 38.163847 ], [ -9.714688, 38.15478 ], [ -9.715806, 38.145911 ], [ -9.715836, 38.145717 ], [ -9.717553, 38.13662 ], [ -9.719112, 38.127533 ], [ -9.720528, 38.118454 ], [ -9.721822, 38.109382 ], [ -9.722998, 38.100379 ], [ -9.723007, 38.100316 ], [ -9.724875, 38.091211 ], [ -9.72654, 38.082118 ], [ -9.728034, 38.073035 ], [ -9.729378, 38.06396 ], [ -9.730387, 38.057032 ], [ -9.730781, 38.054881 ], [ -9.73271, 38.045773 ], [ -9.734461, 38.036675 ], [ -9.736003, 38.027588 ], [ -9.737379, 38.018512 ], [ -9.737925, 38.015361 ], [ -9.739206, 38.009409 ], [ -9.741168, 38.000298 ], [ -9.742923, 37.9912 ], [ -9.74448, 37.982113 ], [ -9.745614, 37.975389 ], [ -9.746111, 37.973021 ], [ -9.748292, 37.963898 ], [ -9.750232, 37.954789 ], [ -9.751962, 37.945692 ], [ -9.753451, 37.937086 ], [ -9.753554, 37.936603 ], [ -9.75593, 37.927468 ], [ -9.758033, 37.91835 ], [ -9.759905, 37.909244 ], [ -9.761481, 37.90094 ], [ -9.761666, 37.900145 ], [ -9.76423, 37.891 ], [ -9.766644, 37.881863 ], [ -9.76869, 37.872748 ], [ -9.769773, 37.867709 ], [ -9.770911, 37.863622 ], [ -9.773557, 37.854472 ], [ -9.773757, 37.845463 ], [ -9.776861, 37.836287 ], [ -9.777801, 37.831657 ], [ -9.778457, 37.827197 ], [ -9.779391, 37.818146 ], [ -9.780861, 37.809064 ], [ -9.785379, 37.799805 ], [ -9.785719, 37.794463 ], [ -9.785521, 37.7908 ], [ -9.786396, 37.781752 ], [ -9.794359, 37.772294 ], [ -9.794093, 37.763312 ], [ -9.793132, 37.754371 ], [ -9.793292, 37.753575 ], [ -9.801222, 37.744905 ], [ -9.803463, 37.741015 ], [ -9.803203, 37.735793 ], [ -9.806311, 37.726616 ], [ -9.812611, 37.717367 ], [ -9.812609, 37.717253 ], [ -9.81179, 37.708445 ], [ -9.811773, 37.708305 ], [ -9.810783, 37.699365 ], [ -9.798887, 37.691194 ], [ -9.798842, 37.69106 ], [ -9.796757, 37.682184 ], [ -9.786073, 37.674842 ], [ -9.785945, 37.673813 ], [ -9.773909, 37.665537 ], [ -9.773897, 37.665511 ], [ -9.772472, 37.656596 ], [ -9.761066, 37.648751 ], [ -9.761005, 37.64826 ], [ -9.748957, 37.639969 ], [ -9.748951, 37.639956 ], [ -9.747807, 37.631025 ], [ -9.736106, 37.622968 ], [ -9.736071, 37.622701 ], [ -9.724024, 37.614403 ], [ -9.72402, 37.614394 ], [ -9.723008, 37.605455 ], [ -9.711175, 37.597299 ], [ -9.711152, 37.597136 ], [ -9.699109, 37.588832 ], [ -9.699106, 37.588826 ], [ -9.698164, 37.579882 ], [ -9.686266, 37.571673 ], [ -9.68625, 37.571563 ], [ -9.674212, 37.563254 ], [ -9.67421, 37.56325 ], [ -9.673313, 37.554303 ], [ -9.661376, 37.54606 ], [ -9.661365, 37.545983 ], [ -9.649332, 37.537671 ], [ -9.649331, 37.537667 ], [ -9.648464, 37.528718 ], [ -9.636506, 37.520453 ], [ -9.636497, 37.520397 ], [ -9.624471, 37.512081 ], [ -9.624469, 37.512077 ], [ -9.623623, 37.503127 ], [ -9.611653, 37.494845 ], [ -9.611646, 37.494804 ], [ -9.599626, 37.486483 ], [ -9.599625, 37.486481 ], [ -9.598794, 37.47753 ], [ -9.586819, 37.469236 ], [ -9.586813, 37.469203 ], [ -9.5748, 37.46088 ], [ -9.574799, 37.460877 ], [ -9.57398, 37.451925 ], [ -9.562002, 37.443621 ], [ -9.561998, 37.443596 ], [ -9.549991, 37.435269 ], [ -9.54999, 37.435267 ], [ -9.549181, 37.426314 ], [ -9.537204, 37.418002 ], [ -9.5372, 37.417982 ], [ -9.525199, 37.409651 ], [ -9.525198, 37.40965 ], [ -9.524398, 37.400696 ], [ -9.512423, 37.392378 ], [ -9.512419, 37.392361 ], [ -9.500426, 37.384027 ], [ -9.500423, 37.384026 ], [ -9.499632, 37.375071 ], [ -9.487659, 37.366747 ], [ -9.487654, 37.366733 ], [ -9.475669, 37.358397 ], [ -9.475664, 37.358395 ], [ -9.474882, 37.349439 ], [ -9.462913, 37.34111 ], [ -9.462901, 37.341099 ], [ -9.450931, 37.332765 ], [ -9.450912, 37.332758 ], [ -9.45012, 37.323802 ], [ -9.438187, 37.31549 ], [ -9.438031, 37.315465 ], [ -9.426238, 37.307456 ], [ -9.415009, 37.307816 ], [ -9.409264, 37.308035 ], [ -9.40379, 37.308303 ], [ -9.392573, 37.308816 ], [ -9.381001, 37.305152 ], [ -9.369861, 37.306573 ], [ -9.358935, 37.310533 ], [ -9.347031, 37.302915 ], [ -9.345021, 37.302512 ], [ -9.335371, 37.298168 ], [ -9.323944, 37.296178 ], [ -9.312657, 37.295852 ], [ -9.309821, 37.295403 ], [ -9.301146, 37.292844 ], [ -9.28962, 37.289645 ], [ -9.278263, 37.288463 ], [ -9.27722, 37.288144 ], [ -9.26654, 37.282885 ], [ -9.255107, 37.280773 ], [ -9.253854, 37.280386 ], [ -9.243459, 37.27606 ], [ -9.234064, 37.272435 ], [ -9.231793, 37.271113 ], [ -9.220082, 37.265606 ], [ -9.217377, 37.264317 ], [ -9.208385, 37.260252 ], [ -9.201377, 37.256159 ], [ -9.196484, 37.252388 ], [ -9.188824, 37.247819 ], [ -9.184692, 37.245822 ], [ -9.17581, 37.239502 ], [ -9.172615, 37.235752 ], [ -9.166692, 37.230979 ], [ -9.160542, 37.225685 ], [ -9.157276, 37.222471 ], [ -9.148434, 37.215154 ], [ -9.147275, 37.213993 ], [ -9.137486, 37.205502 ], [ -9.13627, 37.203884 ], [ -9.132588, 37.196757 ], [ -9.123837, 37.18926 ], [ -9.123084, 37.188251 ], [ -9.119415, 37.179441 ], [ -9.111204, 37.172085 ], [ -9.110531, 37.170901 ], [ -9.10741, 37.162063 ], [ -9.098513, 37.15412 ], [ -9.098194, 37.153539 ], [ -9.09659, 37.144622 ], [ -9.092355, 37.135841 ], [ -9.085241, 37.128844 ], [ -9.084697, 37.127235 ], [ -9.083628, 37.11829 ], [ -9.080646, 37.109444 ], [ -9.071835, 37.101758 ], [ -9.071497, 37.100914 ], [ -9.070818, 37.091949 ], [ -9.069253, 37.083029 ], [ -9.067141, 37.074138 ], [ -9.064774, 37.065259 ], [ -9.057077, 37.057616 ], [ -9.056821, 37.056667 ], [ -9.056109, 37.047703 ], [ -9.055045, 37.038757 ], [ -9.05418, 37.029801 ], [ -9.053617, 37.02083 ], [ -9.052607, 37.011882 ], [ -9.051282, 37.002949 ], [ -9.050245, 36.994002 ], [ -9.04961, 36.985034 ], [ -9.043007, 36.976372 ], [ -9.042378, 36.967403 ], [ -9.04527, 36.958255 ], [ -9.043798, 36.94933 ], [ -9.042977, 36.940372 ], [ -9.042874, 36.931377 ], [ -9.043502, 36.922345 ], [ -9.043016, 36.913369 ], [ -9.042651, 36.904388 ], [ -9.042644, 36.895388 ], [ -9.042885, 36.886376 ], [ -9.042228, 36.877409 ], [ -9.041853, 36.868428 ], [ -9.04199, 36.867631 ], [ -9.046719, 36.859179 ], [ -9.049327, 36.850046 ], [ -9.050335, 36.840994 ], [ -9.049733, 36.832025 ], [ -9.050235, 36.830323 ], [ -9.054843, 36.822763 ], [ -9.058277, 36.813588 ], [ -9.059694, 36.808438 ], [ -9.061168, 36.80444 ], [ -9.065333, 36.795226 ], [ -9.068552, 36.786062 ], [ -9.069046, 36.785254 ], [ -9.075651, 36.776698 ], [ -9.078918, 36.768702 ], [ -9.079487, 36.767501 ], [ -9.086706, 36.75813 ], [ -9.088979, 36.754574 ], [ -9.092581, 36.748829 ], [ -9.099016, 36.74019 ], [ -9.099952, 36.73945 ], [ -9.107991, 36.730036 ], [ -9.109272, 36.728613 ], [ -9.117999, 36.72052 ], [ -9.11967, 36.718847 ], [ -9.128269, 36.71099 ], [ -9.130086, 36.709331 ], [ -9.138439, 36.701464 ], [ -9.140495, 36.699769 ], [ -9.150251, 36.691853 ], [ -9.150988, 36.691288 ], [ -9.161468, 36.682677 ], [ -9.16244, 36.68222 ], [ -9.172157, 36.676685 ], [ -9.180858, 36.672263 ], [ -9.182884, 36.671207 ], [ -9.192718, 36.662645 ], [ -9.193334, 36.662287 ], [ -9.204321, 36.660072 ], [ -9.214395, 36.652512 ], [ -9.214859, 36.652303 ], [ -9.225757, 36.649009 ], [ -9.234165, 36.642475 ], [ -9.236324, 36.641647 ], [ -9.247343, 36.639876 ], [ -9.257308, 36.632258 ], [ -9.257869, 36.632043 ], [ -9.268898, 36.630431 ], [ -9.27967, 36.625659 ], [ -9.286131, 36.621736 ], [ -9.290436, 36.620837 ], [ -9.30153, 36.62004 ], [ -9.312338, 36.615758 ], [ -9.319462, 36.610966 ], [ -9.323046, 36.610264 ], [ -9.334105, 36.609074 ], [ -9.345135, 36.607524 ], [ -9.355689, 36.600214 ], [ -9.362855, 36.599649 ], [ -9.366771, 36.599329 ], [ -9.377847, 36.59837 ], [ -9.388949, 36.597719 ], [ -9.400069, 36.597297 ], [ -9.411123, 36.596092 ], [ -9.421563, 36.587499 ], [ -9.421686, 36.587482 ], [ -9.431991, 36.5788 ], [ -9.437276, 36.57764 ], [ -9.442964, 36.57665 ], [ -9.454086, 36.576301 ], [ -9.463315, 36.576225 ], [ -9.465245, 36.576399 ], [ -9.47658, 36.578579 ], [ -9.48779, 36.579282 ], [ -9.492841, 36.574613 ], [ -9.498517, 36.574239 ], [ -9.509616, 36.573619 ], [ -9.520714, 36.572995 ], [ -9.531811, 36.572366 ], [ -9.542908, 36.571731 ], [ -9.554003, 36.571087 ], [ -9.565108, 36.570562 ], [ -9.576205, 36.569941 ], [ -9.587302, 36.569316 ], [ -9.598397, 36.568689 ], [ -9.609493, 36.56806 ], [ -9.620588, 36.567427 ], [ -9.631687, 36.566844 ], [ -9.642776, 36.566152 ], [ -9.653855, 36.565348 ], [ -9.6649, 36.564142 ], [ -9.674149, 36.55556 ], [ -9.675298, 36.555461 ], [ -9.68639, 36.554823 ], [ -9.697482, 36.554194 ], [ -9.708569, 36.553512 ], [ -9.719612, 36.552325 ], [ -9.729157, 36.543457 ], [ -9.729979, 36.543382 ], [ -9.741066, 36.542718 ], [ -9.751579, 36.535481 ], [ -9.762818, 36.536579 ], [ -9.773827, 36.535044 ], [ -9.784751, 36.532547 ], [ -9.78486, 36.53129 ], [ -9.787491, 36.522143 ], [ -9.794485, 36.516506 ], [ -9.804905, 36.51215 ], [ -9.805224, 36.511947 ], [ -9.815709, 36.50452 ], [ -9.820898, 36.502236 ], [ -9.826404, 36.499484 ], [ -9.836945, 36.492735 ], [ -9.837513, 36.492284 ], [ -9.847402, 36.485043 ], [ -9.850751, 36.482525 ], [ -9.857813, 36.476868 ], [ -9.862438, 36.472854 ], [ -9.86809, 36.467201 ], [ -9.87184, 36.463315 ], [ -9.878268, 36.456444 ], [ -9.880644, 36.453809 ], [ -9.888457, 36.445843 ], [ -9.889744, 36.444286 ], [ -9.89547, 36.434958 ], [ -9.898242, 36.430719 ], [ -9.900557, 36.425667 ], [ -9.908205, 36.417646 ], [ -9.909083, 36.416176 ], [ -9.911426, 36.407044 ], [ -9.917716, 36.399527 ], [ -9.918561, 36.397633 ], [ -9.918928, 36.388617 ], [ -9.927114, 36.380193 ], [ -9.927561, 36.379118 ], [ -9.928124, 36.37009 ], [ -9.929728, 36.361001 ], [ -9.935896, 36.353982 ], [ -9.936529, 36.351609 ], [ -9.938036, 36.342526 ], [ -9.936648, 36.333611 ], [ -9.939916, 36.324425 ], [ -9.94393, 36.319442 ], [ -9.944579, 36.315158 ], [ -9.943855, 36.306204 ], [ -9.942696, 36.297277 ], [ -9.942398, 36.288299 ], [ -9.943512, 36.279238 ], [ -9.944762, 36.27017 ], [ -9.94659, 36.261068 ], [ -9.949241, 36.254379 ], [ -9.949238, 36.251918 ], [ -9.948768, 36.24295 ], [ -9.947553, 36.234026 ], [ -9.947096, 36.225057 ], [ -9.946689, 36.216086 ], [ -9.946054, 36.207128 ], [ -9.945216, 36.198181 ], [ -9.944219, 36.189244 ], [ -9.943111, 36.180313 ], [ -9.941947, 36.171386 ], [ -9.941396, 36.162423 ], [ -9.940727, 36.158485 ], [ -9.937472, 36.153656 ], [ -9.933501, 36.144892 ], [ -9.930686, 36.13606 ], [ -9.928517, 36.127191 ], [ -9.926824, 36.118294 ], [ -9.925517, 36.109375 ], [ -9.925776, 36.100364 ], [ -9.925371, 36.091393 ], [ -9.924229, 36.082464 ], [ -9.922199, 36.074179 ], [ -9.92194, 36.073601 ], [ -9.917311, 36.064874 ], [ -9.913362, 36.056108 ], [ -9.910214, 36.047295 ], [ -9.90805, 36.038425 ], [ -9.908605, 36.029397 ], [ -9.906621, 36.022903 ], [ -9.905949, 36.020556 ], [ -9.90338, 36.011709 ], [ -9.900532, 36.002878 ], [ -9.897366, 35.994066 ], [ -9.893837, 35.985274 ], [ -9.891803, 35.980034 ], [ -9.890572, 35.976467 ], [ -9.887457, 35.967651 ], [ -9.884111, 35.958849 ], [ -9.88053, 35.95006 ], [ -9.877502, 35.942871 ], [ -9.876891, 35.941274 ], [ -9.87367, 35.932464 ], [ -9.87016, 35.92367 ], [ -9.866348, 35.914894 ], [ -9.86344, 35.908279 ], [ -9.862572, 35.906115 ], [ -9.859078, 35.89732 ], [ -9.855308, 35.888541 ], [ -9.851223, 35.879779 ], [ -9.849616, 35.87626 ], [ -9.847312, 35.871008 ], [ -9.843484, 35.862231 ], [ -9.839438, 35.853467 ], [ -9.835974, 35.846207 ], [ -9.835294, 35.844708 ], [ -9.831369, 35.835937 ], [ -9.827226, 35.827178 ], [ -9.822855, 35.818432 ], [ -9.822472, 35.817634 ], [ -9.818851, 35.809664 ], [ -9.814665, 35.800907 ], [ -9.810257, 35.792162 ], [ -9.809035, 35.789677 ], [ -9.806122, 35.783401 ], [ -9.801934, 35.774644 ], [ -9.797498, 35.7659 ], [ -9.795651, 35.762219 ], [ -9.793241, 35.757146 ], [ -9.788998, 35.74839 ], [ -9.784496, 35.73965 ], [ -9.782335, 35.735431 ], [ -9.780138, 35.730901 ], [ -9.775828, 35.722149 ], [ -9.771251, 35.713411 ], [ -9.769082, 35.709266 ], [ -9.766807, 35.704667 ], [ -9.762372, 35.695921 ], [ -9.757749, 35.687186 ], [ -9.755888, 35.683678 ], [ -9.753263, 35.678443 ], [ -9.748772, 35.6697 ], [ -9.743968, 35.660974 ], [ -9.742756, 35.658707 ], [ -9.739484, 35.65223 ], [ -9.734866, 35.643493 ], [ -9.729929, 35.634774 ], [ -9.729683, 35.634319 ], [ -9.725459, 35.626029 ], [ -9.720702, 35.6173 ], [ -9.71664, 35.610189 ], [ -9.715782, 35.608579 ], [ -9.711214, 35.599838 ], [ -9.706265, 35.591119 ], [ -9.703647, 35.586535 ], [ -9.701423, 35.582393 ], [ -9.696653, 35.573663 ], [ -9.691477, 35.564955 ], [ -9.690725, 35.563633 ], [ -9.686771, 35.556221 ], [ -9.681782, 35.547503 ], [ -9.677826, 35.540907 ], [ -9.676637, 35.538793 ], [ -9.671762, 35.530067 ], [ -9.666562, 35.52136 ], [ -9.664977, 35.518686 ], [ -9.661617, 35.512638 ], [ -9.656518, 35.503924 ], [ -9.652173, 35.4969 ], [ -9.651199, 35.495222 ], [ -9.646243, 35.4865 ], [ -9.640805, 35.477804 ], [ -9.639409, 35.47551 ], [ -9.635748, 35.469087 ], [ -9.63046, 35.460382 ], [ -9.626679, 35.454432 ], [ -9.625044, 35.451684 ], [ -9.619875, 35.442972 ], [ -9.614193, 35.434288 ], [ -9.614008, 35.433988 ], [ -9.609113, 35.425571 ], [ -9.603532, 35.416881 ], [ -9.601336, 35.413446 ], [ -9.598172, 35.408178 ], [ -9.592689, 35.399482 ], [ -9.588718, 35.393462 ], [ -9.587062, 35.390793 ], [ -9.581662, 35.382092 ], [ -9.576147, 35.37398 ], [ -9.575774, 35.373417 ], [ -9.570468, 35.36471 ], [ -9.564549, 35.356036 ], [ -9.563589, 35.354576 ], [ -9.559112, 35.347336 ], [ -9.553236, 35.338659 ], [ -9.551059, 35.335428 ], [ -9.547601, 35.329968 ], [ -9.541762, 35.321289 ], [ -9.538566, 35.316656 ], [ -9.535942, 35.312608 ], [ -9.530127, 35.303926 ], [ -9.526107, 35.298227 ], [ -9.524099, 35.295256 ], [ -9.51834, 35.28657 ], [ -9.513676, 35.280064 ], [ -9.512217, 35.277904 ], [ -9.506391, 35.269222 ], [ -9.501274, 35.262187 ], [ -9.500159, 35.260561 ], [ -9.494297, 35.25188 ], [ -9.488898, 35.244563 ], [ -9.487967, 35.243223 ], [ -9.482053, 35.234544 ], [ -9.476548, 35.22719 ], [ -9.475633, 35.225892 ], [ -9.469674, 35.217214 ], [ -9.464221, 35.210025 ], [ -9.463177, 35.208565 ], [ -9.457113, 35.199892 ], [ -9.451916, 35.193072 ], [ -9.450601, 35.191243 ], [ -9.44441, 35.182577 ], [ -9.439636, 35.176358 ], [ -9.437876, 35.173928 ], [ -9.431544, 35.165268 ], [ -9.42738, 35.159886 ], [ -9.424997, 35.156619 ], [ -9.418509, 35.147967 ], [ -9.415149, 35.143657 ], [ -9.411966, 35.139317 ], [ -9.405284, 35.130674 ], [ -9.402942, 35.127669 ], [ -9.398783, 35.122021 ], [ -9.39185, 35.11339 ], [ -9.390766, 35.112001 ], [ -9.385416, 35.104733 ], [ -9.378604, 35.096448 ], [ -9.37834, 35.096109 ], [ -9.371852, 35.087454 ], [ -9.366447, 35.080892 ], [ -9.364837, 35.078825 ], [ -9.35802, 35.070186 ], [ -9.35432, 35.06567 ], [ -9.351145, 35.06155 ], [ -9.344043, 35.052925 ], [ -9.342218, 35.050695 ], [ -9.337243, 35.044284 ], [ -9.330142, 35.035994 ], [ -9.32988, 35.035671 ], [ -9.323086, 35.027029 ], [ -9.318059, 35.021144 ], [ -9.315843, 35.018409 ], [ -9.308652, 35.009786 ], [ -9.306011, 35.006686 ], [ -9.301549, 35.001158 ], [ -9.293999, 34.992637 ], [ -9.293931, 34.992557 ], [ -9.286963, 34.983921 ], [ -9.281964, 34.97823 ], [ -9.279517, 34.975309 ], [ -9.272032, 34.966699 ], [ -9.269973, 34.964337 ], [ -9.264775, 34.958076 ], [ -9.257997, 34.950584 ], [ -9.257043, 34.949478 ], [ -9.249669, 34.94086 ], [ -9.246024, 34.936808 ], [ -9.24212, 34.932251 ], [ -9.234141, 34.923664 ], [ -9.234099, 34.923614 ], [ -9.226798, 34.915043 ], [ -9.222145, 34.909977 ], [ -9.219032, 34.906443 ], [ -9.211011, 34.897856 ], [ -9.210246, 34.897014 ], [ -9.203481, 34.889243 ], [ -9.198328, 34.883753 ], [ -9.195538, 34.880651 ], [ -9.187414, 34.872067 ], [ -9.186456, 34.871037 ], [ -9.179708, 34.863462 ], [ -9.17457, 34.858096 ], [ -9.171599, 34.854876 ], [ -9.163289, 34.8463 ], [ -9.16273, 34.845708 ], [ -9.155442, 34.837699 ], [ -9.150869, 34.832978 ], [ -9.147258, 34.829116 ], [ -9.139055, 34.82084 ], [ -9.138774, 34.820546 ], [ -9.130708, 34.811955 ], [ -9.127223, 34.808413 ], [ -9.122444, 34.803374 ], [ -9.115427, 34.796402 ], [ -9.113869, 34.794807 ], [ -9.105412, 34.786233 ], [ -9.103638, 34.784447 ], [ -9.097082, 34.777653 ], [ -9.091852, 34.772491 ], [ -9.088497, 34.769085 ], [ -9.080101, 34.760948 ], [ -9.079678, 34.760527 ], [ -9.071165, 34.751954 ], [ -9.068337, 34.749194 ], [ -9.062557, 34.743385 ], [ -9.056594, 34.737672 ], [ -9.053709, 34.734827 ], [ -9.044881, 34.726512 ], [ -9.044639, 34.726279 ], [ -9.035921, 34.717713 ], [ -9.033151, 34.715075 ], [ -9.027066, 34.709153 ], [ -9.021442, 34.703874 ], [ -9.018027, 34.700602 ], [ -9.009756, 34.692945 ], [ -9.008817, 34.692058 ], [ -8.999701, 34.683508 ], [ -8.998071, 34.681994 ], [ -8.990659, 34.674955 ], [ -8.98639, 34.671046 ], [ -8.981409, 34.66641 ], [ -8.974732, 34.660373 ], [ -8.972009, 34.657873 ], [ -8.96309, 34.649873 ], [ -8.962502, 34.649339 ], [ -8.953098, 34.6408 ], [ -8.951446, 34.639317 ], [ -8.943697, 34.63226 ], [ -8.939809, 34.628804 ], [ -8.934171, 34.623725 ], [ -8.928187, 34.618462 ], [ -8.924526, 34.615195 ], [ -8.916579, 34.60827 ], [ -8.914713, 34.606672 ], [ -8.904983, 34.598212 ], [ -8.904912, 34.598148 ], [ -8.895229, 34.589617 ], [ -8.89338, 34.58801 ], [ -8.885475, 34.581089 ], [ -8.881788, 34.577907 ], [ -8.875636, 34.572564 ], [ -8.870206, 34.567919 ], [ -8.865704, 34.564042 ], [ -8.858635, 34.558048 ], [ -8.85568, 34.555524 ], [ -8.847075, 34.548297 ], [ -8.845538, 34.547011 ], [ -8.835527, 34.538662 ], [ -8.835333, 34.5385 ], [ -8.825171, 34.529986 ], [ -8.823978, 34.528992 ], [ -8.814959, 34.521473 ], [ -8.812438, 34.519389 ], [ -8.804669, 34.512963 ], [ -8.800906, 34.509878 ], [ -8.794295, 34.504456 ], [ -8.789384, 34.500466 ], [ -8.78383, 34.495952 ], [ -8.777872, 34.491158 ], [ -8.773261, 34.487452 ], [ -8.766372, 34.481992 ], [ -8.762565, 34.478957 ], [ -8.754876, 34.472839 ], [ -8.751873, 34.470461 ], [ -8.743388, 34.463764 ], [ -8.741104, 34.461967 ], [ -8.731908, 34.454773 ], [ -8.730246, 34.453477 ], [ -8.720438, 34.445878 ], [ -8.719289, 34.44499 ], [ -8.708977, 34.437093 ], [ -8.7082, 34.436508 ], [ -8.697524, 34.428392 ], [ -8.697043, 34.428028 ], [ -8.686078, 34.41974 ], [ -8.685826, 34.41955 ], [ -8.674639, 34.411165 ], [ -8.674519, 34.411075 ], [ -8.663208, 34.402683 ], [ -8.663102, 34.402604 ], [ -8.651787, 34.394304 ], [ -8.65156, 34.394137 ], [ -8.640377, 34.386048 ], [ -8.639853, 34.385677 ], [ -8.628975, 34.377883 ], [ -8.628048, 34.37722 ], [ -8.61758, 34.369786 ], [ -8.616142, 34.368767 ], [ -8.606192, 34.361772 ], [ -8.60412, 34.360317 ], [ -8.594814, 34.353856 ], [ -8.591957, 34.351873 ], [ -8.583444, 34.346041 ], [ -8.579607, 34.343436 ], [ -8.572088, 34.338401 ], [ -8.567091, 34.335005 ], [ -8.560733, 34.330744 ], [ -8.554549, 34.326573 ], [ -8.549384, 34.323148 ], [ -8.541896, 34.318146 ], [ -8.538042, 34.31562 ], [ -8.529112, 34.309723 ], [ -8.526707, 34.308169 ], [ -8.516196, 34.301304 ], [ -8.51538, 34.300801 ], [ -8.50407, 34.293674 ], [ -8.502852, 34.292903 ], [ -8.492774, 34.286729 ], [ -8.489251, 34.284512 ], [ -8.48148, 34.279784 ], [ -8.475613, 34.276121 ], [ -8.470188, 34.272855 ], [ -8.461905, 34.267731 ], [ -8.4589, 34.265946 ], [ -8.44815, 34.259342 ], [ -8.447614, 34.259033 ], [ -8.436363, 34.252649 ], [ -8.433551, 34.250989 ], [ -8.425115, 34.246275 ], [ -8.418938, 34.242634 ], [ -8.413863, 34.239803 ], [ -8.404446, 34.234272 ], [ -8.402607, 34.233251 ], [ -8.391377, 34.227076 ], [ -8.389305, 34.225937 ], [ -8.380171, 34.221265 ], [ -8.373682, 34.217621 ], [ -8.368949, 34.215157 ], [ -8.358562, 34.209281 ], [ -8.357714, 34.208835 ], [ -8.346535, 34.203372 ], [ -8.342035, 34.201 ], [ -8.335349, 34.197766 ], [ -8.325882, 34.192701 ], [ -8.324146, 34.191868 ], [ -8.312983, 34.186586 ], [ -8.308749, 34.184442 ], [ -8.301821, 34.181297 ], [ -8.291951, 34.176165 ], [ -8.290632, 34.175546 ], [ -8.279504, 34.17075 ], [ -8.273662, 34.167951 ], [ -8.268361, 34.16571 ], [ -8.257201, 34.16036 ], [ -8.255773, 34.159716 ], [ -8.246101, 34.155947 ], [ -8.23685, 34.151523 ], [ -8.234951, 34.150724 ], [ -8.223863, 34.146472 ], [ -8.216844, 34.143372 ], [ -8.212751, 34.141829 ], [ -8.201658, 34.13747 ], [ -8.196401, 34.135237 ], [ -8.19057, 34.133155 ], [ -8.17948, 34.128818 ], [ -8.175261, 34.127128 ], [ -8.168415, 34.124855 ], [ -8.157342, 34.12074 ], [ -8.14781, 34.11928 ], [ -8.146416, 34.119048 ], [ -8.13548, 34.11717 ], [ -8.127055, 34.111145 ], [ -8.124252, 34.110459 ], [ -8.113323, 34.108681 ], [ -8.102956, 34.103146 ], [ -8.102156, 34.102936 ], [ -8.091347, 34.103121 ], [ -8.080405, 34.101096 ], [ -8.07339, 34.095369 ], [ -8.069219, 34.094975 ], [ -8.05837, 34.094492 ], [ -8.047775, 34.087422 ], [ -8.04712, 34.087266 ], [ -8.036329, 34.087732 ], [ -8.025491, 34.087416 ], [ -8.01574, 34.079731 ], [ -8.014198, 34.079392 ], [ -8.003393, 34.079613 ], [ -7.992565, 34.079445 ], [ -7.981606, 34.077054 ], [ -7.97317, 34.07246 ], [ -7.970509, 34.072282 ], [ -7.959702, 34.072469 ], [ -7.948879, 34.072369 ], [ -7.937983, 34.071025 ], [ -7.927184, 34.065311 ], [ -7.926833, 34.065282 ], [ -7.91603, 34.065526 ], [ -7.905217, 34.065599 ], [ -7.894382, 34.065287 ], [ -7.88347, 34.06363 ], [ -7.873195, 34.058463 ], [ -7.872353, 34.058405 ], [ -7.861552, 34.05867 ], [ -7.850748, 34.058881 ], [ -7.839939, 34.059017 ], [ -7.829124, 34.059031 ], [ -7.818294, 34.058807 ], [ -7.807357, 34.056678 ], [ -7.798839, 34.052389 ], [ -7.796292, 34.052281 ], [ -7.785505, 34.052795 ], [ -7.774701, 34.053008 ], [ -7.763864, 34.052622 ], [ -7.753022, 34.052173 ], [ -7.742183, 34.051762 ], [ -7.731354, 34.051521 ], [ -7.720552, 34.051786 ], [ -7.709759, 34.0522 ], [ -7.698977, 34.052826 ], [ -7.68821, 34.053726 ], [ -7.677472, 34.055152 ], [ -7.666732, 34.056547 ], [ -7.655975, 34.05766 ], [ -7.64519, 34.058247 ], [ -7.644691, 34.058323 ], [ -7.634656, 34.06344 ], [ -7.623965, 34.06578 ], [ -7.613172, 34.066256 ], [ -7.602467, 34.068365 ], [ -7.591692, 34.069166 ], [ -7.590955, 34.069354 ], [ -7.581216, 34.075542 ], [ -7.570537, 34.07816 ], [ -7.559779, 34.079317 ], [ -7.559045, 34.079552 ], [ -7.549324, 34.086143 ], [ -7.538638, 34.088684 ], [ -7.536386, 34.0894 ], [ -7.528127, 34.094516 ], [ -7.517522, 34.098599 ], [ -7.516286, 34.09915 ], [ -7.507034, 34.104928 ], [ -7.496637, 34.108881 ], [ -7.496424, 34.108971 ], [ -7.486046, 34.117405 ], [ -7.484705, 34.118326 ], [ -7.47564, 34.125374 ], [ -7.472634, 34.127775 ], [ -7.465297, 34.134559 ], [ -7.461658, 34.137184 ], [ -7.455006, 34.144786 ], [ -7.448017, 34.146688 ], [ -7.444642, 34.15366 ], [ -7.443679, 34.155853 ], [ -7.434444, 34.165196 ], [ -7.434419, 34.165256 ], [ -7.425071, 34.174544 ], [ -7.424377, 34.180387 ], [ -7.423221, 34.183619 ], [ -7.414679, 34.192935 ], [ -7.414392, 34.196655 ], [ -7.412317, 34.202029 ], [ -7.406051, 34.211263 ], [ -7.404641, 34.217491 ], [ -7.403901, 34.220349 ], [ -7.396109, 34.229637 ], [ -7.394692, 34.23459 ], [ -7.393438, 34.238742 ], [ -7.384914, 34.248056 ], [ -7.384597, 34.248968 ], [ -7.381159, 34.257199 ], [ -7.374664, 34.26644 ], [ -7.37466, 34.266447 ], [ -7.367072, 34.27572 ], [ -7.364563, 34.280922 ], [ -7.363099, 34.28487 ], [ -7.354507, 34.294185 ], [ -7.354403, 34.294216 ], [ -7.344431, 34.303552 ], [ -7.344053, 34.303917 ], [ -7.338962, 34.312755 ], [ -7.33374, 34.314368 ], [ -7.325468, 34.322241 ], [ -7.323452, 34.325353 ], [ -7.317566, 34.331529 ], [ -7.313186, 34.336809 ], [ -7.309346, 34.340828 ], [ -7.302821, 34.34639 ], [ -7.298672, 34.350213 ], [ -7.292359, 34.354113 ], [ -7.285543, 34.359683 ], [ -7.281884, 34.361631 ], [ -7.272519, 34.369148 ], [ -7.271438, 34.369743 ], [ -7.26093, 34.376684 ], [ -7.254168, 34.378797 ], [ -7.250242, 34.380093 ], [ -7.239605, 34.384533 ], [ -7.228864, 34.386945 ], [ -7.218575, 34.389041 ], [ -7.218111, 34.389113 ], [ -7.207275, 34.389645 ], [ -7.203433, 34.389563 ], [ -7.196386, 34.389108 ], [ -7.185467, 34.387984 ], [ -7.174413, 34.384145 ], [ -7.163471, 34.382538 ], [ -7.158733, 34.382084 ], [ -7.152556, 34.381463 ], [ -7.141364, 34.37476 ], [ -7.130472, 34.374129 ], [ -7.130245, 34.374041 ], [ -7.119226, 34.366294 ], [ -7.115207, 34.365539 ], [ -7.108148, 34.361823 ], [ -7.097072, 34.357383 ], [ -7.096553, 34.357156 ], [ -7.085817, 34.349244 ], [ -7.083742, 34.348575 ], [ -7.074625, 34.342355 ], [ -7.063671, 34.340347 ], [ -7.063497, 34.34024 ], [ -7.052399, 34.331731 ], [ -7.052196, 34.331605 ], [ -7.041127, 34.32308 ], [ -7.040951, 34.322967 ], [ -7.029869, 34.314657 ], [ -7.029401, 34.314339 ], [ -7.018605, 34.306069 ], [ -7.018097, 34.305701 ], [ -7.007336, 34.297312 ], [ -7.007002, 34.297055 ], [ -6.99608, 34.288786 ], [ -6.995634, 34.288416 ], [ -6.984812, 34.279962 ], [ -6.984586, 34.279767 ], [ -6.973555, 34.271314 ], [ -6.973341, 34.271122 ], [ -6.962295, 34.262555 ], [ -6.962204, 34.262473 ], [ -6.9527, 34.25377 ], [ -6.95092, 34.251293 ], [ -6.944518, 34.245024 ], [ -6.939573, 34.24057 ], [ -6.935771, 34.236295 ], [ -6.928258, 34.23046 ], [ -6.922994, 34.227695 ], [ -6.9171, 34.223666 ], [ -6.910043, 34.219098 ], [ -6.905953, 34.217093 ], [ -6.898043, 34.21047 ], [ -6.89472, 34.208587 ], [ -6.884368, 34.201894 ], [ -6.883565, 34.201755 ], [ -6.872385, 34.194329 ], [ -6.870422, 34.193325 ], [ -6.86117, 34.186097 ], [ -6.856569, 34.184751 ], [ -6.850238, 34.184035 ], [ -6.839109, 34.177617 ], [ -6.836841, 34.17636 ], [ -6.827983, 34.171219 ], [ -6.821534, 34.167827 ], [ -6.816881, 34.165329 ], [ -6.805793, 34.159703 ], [ -6.805065, 34.159329 ], [ -6.794691, 34.153756 ], [ -6.78865, 34.150826 ], [ -6.783612, 34.14826 ], [ -6.772545, 34.143025 ], [ -6.771135, 34.142355 ], [ -6.761467, 34.13751 ], [ -6.753319, 34.133891 ], [ -6.750414, 34.132522 ], [ -6.739356, 34.12738 ], [ -6.734905, 34.125442 ], [ -6.728305, 34.122386 ], [ -6.717271, 34.117738 ], [ -6.715584, 34.117017 ], [ -6.706223, 34.112748 ], [ -6.695628, 34.108609 ], [ -6.695206, 34.108431 ], [ -6.684164, 34.10352 ], [ -6.675478, 34.100203 ], [ -6.67315, 34.099242 ], [ -6.662123, 34.094624 ], [ -6.654562, 34.091816 ], [ -6.651116, 34.090434 ], [ -6.640099, 34.086005 ], [ -6.632966, 34.083446 ], [ -6.629099, 34.081931 ], [ -6.618092, 34.077664 ], [ -6.610679, 34.075092 ], [ -6.607099, 34.073731 ], [ -6.596097, 34.069538 ], [ -6.587696, 34.066754 ], [ -6.585116, 34.065809 ], [ -6.574117, 34.061665 ], [ -6.56393, 34.058435 ], [ -6.563147, 34.058155 ], [ -6.552149, 34.053962 ], [ -6.541184, 34.050553 ], [ -6.539873, 34.050119 ], [ -6.530196, 34.046543 ], [ -6.519231, 34.043072 ], [ -6.515231, 34.041814 ], [ -6.508255, 34.039331 ], [ -6.497287, 34.035753 ], [ -6.489645, 34.033532 ], [ -6.486331, 34.032437 ], [ -6.475358, 34.02869 ], [ -6.464414, 34.025625 ], [ -6.463242, 34.025267 ], [ -6.453442, 34.02187 ], [ -6.442492, 34.01863 ], [ -6.436683, 34.017001 ], [ -6.431542, 34.015354 ], [ -6.420585, 34.011905 ], [ -6.409652, 34.00902 ], [ -6.408778, 34.008766 ], [ -6.398691, 34.005432 ], [ -6.387751, 34.002334 ], [ -6.380852, 34.000525 ], [ -6.376815, 33.999313 ], [ -6.365867, 33.995972 ], [ -6.354939, 33.993139 ], [ -6.351835, 33.992307 ], [ -6.343997, 33.989918 ], [ -6.333061, 33.986836 ], [ -6.322145, 33.984232 ], [ -6.3217, 33.984112 ], [ -6.311203, 33.980937 ], [ -6.300277, 33.978068 ], [ -6.291094, 33.975922 ], [ -6.289363, 33.975462 ], [ -6.278428, 33.972309 ], [ -6.267513, 33.969642 ], [ -6.259262, 33.967757 ], [ -6.256602, 33.96707 ], [ -6.245676, 33.964094 ], [ -6.234766, 33.961517 ], [ -6.225976, 33.959622 ], [ -6.223863, 33.959117 ], [ -6.212945, 33.956295 ], [ -6.20204, 33.953799 ], [ -6.191146, 33.951593 ], [ -6.190843, 33.951526 ], [ -6.180236, 33.948928 ], [ -6.169336, 33.946511 ], [ -6.158445, 33.944345 ], [ -6.154003, 33.943462 ], [ -6.14755, 33.942037 ], [ -6.136655, 33.939715 ], [ -6.125767, 33.937599 ], [ -6.114888, 33.935687 ], [ -6.113745, 33.935475 ], [ -6.103999, 33.933476 ], [ -6.093116, 33.931448 ], [ -6.08224, 33.929577 ], [ -6.07137, 33.927879 ], [ -6.069478, 33.927573 ], [ -6.060494, 33.925983 ], [ -6.049622, 33.924199 ], [ -6.038755, 33.922538 ], [ -6.027894, 33.921046 ], [ -6.01793, 33.919835 ], [ -6.01704, 33.919718 ], [ -6.006183, 33.918316 ], [ -5.995333, 33.917106 ], [ -5.984489, 33.91605 ], [ -5.973648, 33.91508 ], [ -5.96281, 33.914196 ], [ -5.951976, 33.91342 ], [ -5.941146, 33.912754 ], [ -5.940176, 33.912703 ], [ -5.930319, 33.912181 ], [ -5.919495, 33.91169 ], [ -5.908675, 33.911293 ], [ -5.897859, 33.911032 ], [ -5.887047, 33.910881 ], [ -5.876239, 33.910849 ], [ -5.865436, 33.910959 ], [ -5.854638, 33.911235 ], [ -5.843845, 33.911662 ], [ -5.833056, 33.91221 ], [ -5.82227, 33.912851 ], [ -5.811486, 33.913585 ], [ -5.800707, 33.914441 ], [ -5.78993, 33.915402 ], [ -5.779156, 33.91644 ] ] } },
{ "type": "Feature", "properties": { "fid": 42, "ID": 41, "Intensidad": 11.0 }, "geometry": { "type": "LineString", "coordinates": [ [ -5.575328, 33.243295 ], [ -5.567823, 33.244862 ], [ -5.564672, 33.245641 ], [ -5.554029, 33.248489 ], [ -5.543395, 33.251617 ], [ -5.534269, 33.254567 ], [ -5.532769, 33.255106 ], [ -5.522163, 33.259297 ], [ -5.511548, 33.263204 ], [ -5.50947, 33.264086 ], [ -5.500957, 33.268013 ], [ -5.490348, 33.272176 ], [ -5.487251, 33.273549 ], [ -5.479763, 33.277276 ], [ -5.469156, 33.281612 ], [ -5.46593, 33.282991 ], [ -5.458564, 33.286542 ], [ -5.447953, 33.290824 ], [ -5.443921, 33.292442 ], [ -5.437349, 33.295398 ], [ -5.426736, 33.299668 ], [ -5.420686, 33.301913 ], [ -5.41612, 33.303906 ], [ -5.405513, 33.308464 ], [ -5.397607, 33.311377 ], [ -5.394886, 33.312361 ], [ -5.384291, 33.317492 ], [ -5.375198, 33.320824 ], [ -5.373665, 33.321495 ], [ -5.363069, 33.326634 ], [ -5.353652, 33.330251 ], [ -5.352445, 33.330794 ], [ -5.341852, 33.336159 ], [ -5.333023, 33.339657 ], [ -5.331231, 33.34051 ], [ -5.320644, 33.346185 ], [ -5.313968, 33.349031 ], [ -5.310035, 33.351076 ], [ -5.299439, 33.356528 ], [ -5.2956, 33.358388 ], [ -5.288849, 33.362242 ], [ -5.278239, 33.367231 ], [ -5.277341, 33.367741 ], [ -5.267671, 33.373898 ], [ -5.261718, 33.377044 ], [ -5.257084, 33.379913 ], [ -5.246489, 33.385636 ], [ -5.245406, 33.386357 ], [ -5.235938, 33.393158 ], [ -5.231766, 33.39562 ], [ -5.225373, 33.400183 ], [ -5.217637, 33.40489 ], [ -5.214798, 33.406892 ], [ -5.204226, 33.413808 ], [ -5.203758, 33.414154 ], [ -5.193691, 33.422204 ], [ -5.192241, 33.423375 ], [ -5.183157, 33.430763 ], [ -5.180811, 33.432593 ], [ -5.172623, 33.439405 ], [ -5.169673, 33.441806 ], [ -5.162091, 33.44819 ], [ -5.158777, 33.451013 ], [ -5.151536, 33.456154 ], [ -5.146764, 33.460238 ], [ -5.141005, 33.465149 ], [ -5.136478, 33.469433 ], [ -5.130501, 33.475329 ], [ -5.127386, 33.478606 ], [ -5.120019, 33.486532 ], [ -5.118928, 33.487768 ], [ -5.109504, 33.496485 ], [ -5.109006, 33.496954 ], [ -5.100376, 33.506118 ], [ -5.099014, 33.507583 ], [ -5.092089, 33.515275 ], [ -5.088549, 33.519803 ], [ -5.08494, 33.524413 ], [ -5.078091, 33.532437 ], [ -5.077221, 33.533559 ], [ -5.069111, 33.542712 ], [ -5.067615, 33.544455 ], [ -5.063281, 33.551826 ], [ -5.05718, 33.558307 ], [ -5.055315, 33.560976 ], [ -5.046684, 33.56972 ], [ -5.046356, 33.570141 ], [ -5.04116, 33.579244 ], [ -5.036271, 33.58478 ], [ -5.034045, 33.588378 ], [ -5.025786, 33.596931 ], [ -5.02534, 33.597538 ], [ -5.020131, 33.60664 ], [ -5.015372, 33.612231 ], [ -5.013187, 33.61577 ], [ -5.004892, 33.624828 ], [ -5.004824, 33.624923 ], [ -5.000469, 33.634011 ], [ -4.994493, 33.641105 ], [ -4.993214, 33.643145 ], [ -4.987167, 33.652259 ], [ -4.984068, 33.656375 ], [ -4.98141, 33.661369 ], [ -4.973611, 33.670422 ], [ -4.97355, 33.670511 ], [ -4.969468, 33.679594 ], [ -4.963216, 33.687361 ], [ -4.962369, 33.688724 ], [ -4.957489, 33.697818 ], [ -4.952813, 33.704073 ], [ -4.951199, 33.706934 ], [ -4.945639, 33.716039 ], [ -4.942404, 33.720718 ], [ -4.940203, 33.725142 ], [ -4.934055, 33.734255 ], [ -4.931989, 33.737248 ], [ -4.92903, 33.743351 ], [ -4.922774, 33.752465 ], [ -4.921582, 33.754358 ], [ -4.918189, 33.761554 ], [ -4.911981, 33.770667 ], [ -4.911184, 33.772021 ], [ -4.907552, 33.779753 ], [ -4.901649, 33.788861 ], [ -4.900796, 33.790313 ], [ -4.897044, 33.797949 ], [ -4.890641, 33.807064 ], [ -4.890379, 33.807489 ], [ -4.885819, 33.816155 ], [ -4.879946, 33.824118 ], [ -4.879195, 33.825273 ], [ -4.873545, 33.834376 ], [ -4.86949, 33.839868 ], [ -4.867023, 33.843492 ], [ -4.860242, 33.852611 ], [ -4.858999, 33.854171 ], [ -4.853459, 33.86173 ], [ -4.848497, 33.868156 ], [ -4.846453, 33.870853 ], [ -4.839018, 33.879981 ], [ -4.837973, 33.881249 ], [ -4.831568, 33.889109 ], [ -4.827437, 33.893927 ], [ -4.823711, 33.898242 ], [ -4.816882, 33.905831 ], [ -4.815489, 33.907381 ], [ -4.807008, 33.916523 ], [ -4.806313, 33.917234 ], [ -4.798116, 33.92567 ], [ -4.79573, 33.928102 ], [ -4.788934, 33.93482 ], [ -4.785135, 33.938531 ], [ -4.779396, 33.943976 ], [ -4.774529, 33.94854 ], [ -4.76939, 33.953137 ], [ -4.76391, 33.958023 ], [ -4.75903, 33.962303 ], [ -4.753282, 33.967207 ], [ -4.748153, 33.971475 ], [ -4.742644, 33.975993 ], [ -4.736819, 33.980652 ], [ -4.731997, 33.984412 ], [ -4.725022, 33.989835 ], [ -4.721342, 33.99259 ], [ -4.712803, 33.999023 ], [ -4.710681, 34.000546 ], [ -4.70022, 34.008215 ], [ -4.700015, 34.008362 ], [ -4.689327, 34.01518 ], [ -4.685943, 34.017428 ], [ -4.678636, 34.021917 ], [ -4.671451, 34.026643 ], [ -4.667946, 34.028774 ], [ -4.657252, 34.035573 ], [ -4.656757, 34.035859 ], [ -4.646536, 34.041261 ], [ -4.639968, 34.045102 ], [ -4.635825, 34.047286 ], [ -4.625111, 34.053252 ], [ -4.623025, 34.054344 ], [ -4.614379, 34.058344 ], [ -4.604746, 34.063601 ], [ -4.603659, 34.064137 ], [ -4.592915, 34.068754 ], [ -4.584683, 34.072878 ], [ -4.582182, 34.073979 ], [ -4.571431, 34.078328 ], [ -4.563242, 34.08217 ], [ -4.560688, 34.08322 ], [ -4.54993, 34.087266 ], [ -4.540345, 34.091477 ], [ -4.539181, 34.091913 ], [ -4.528412, 34.095521 ], [ -4.517652, 34.099688 ], [ -4.514511, 34.100815 ], [ -4.506883, 34.103372 ], [ -4.496109, 34.106856 ], [ -4.486451, 34.110175 ], [ -4.485337, 34.110518 ], [ -4.474553, 34.113502 ], [ -4.46377, 34.116648 ], [ -4.454179, 34.119579 ], [ -4.452989, 34.119907 ], [ -4.442195, 34.122471 ], [ -4.431403, 34.125169 ], [ -4.420612, 34.128026 ], [ -4.416441, 34.129037 ], [ -4.409814, 34.130449 ], [ -4.399012, 34.132645 ], [ -4.388209, 34.13489 ], [ -4.377408, 34.137251 ], [ -4.371003, 34.138571 ], [ -4.366602, 34.139355 ], [ -4.355789, 34.14107 ], [ -4.344977, 34.142808 ], [ -4.334163, 34.14455 ], [ -4.32335, 34.146333 ], [ -4.312537, 34.14814 ], [ -4.311839, 34.148235 ], [ -4.301715, 34.149387 ], [ -4.290892, 34.150571 ], [ -4.280068, 34.151732 ], [ -4.269243, 34.152851 ], [ -4.258417, 34.153944 ], [ -4.24759, 34.154999 ], [ -4.236763, 34.156008 ], [ -4.225934, 34.156952 ], [ -4.215104, 34.157842 ], [ -4.208334, 34.158315 ], [ -4.204272, 34.158552 ], [ -4.193436, 34.159047 ], [ -4.182599, 34.159481 ], [ -4.171761, 34.159849 ], [ -4.160922, 34.160127 ], [ -4.150083, 34.160416 ], [ -4.139245, 34.160783 ], [ -4.128407, 34.16121 ], [ -4.11757, 34.161689 ], [ -4.106734, 34.162212 ], [ -4.095898, 34.162791 ], [ -4.085063, 34.163433 ], [ -4.074228, 34.164122 ], [ -4.063394, 34.164892 ], [ -4.052561, 34.165738 ], [ -4.041728, 34.16665 ], [ -4.030896, 34.167674 ], [ -4.020066, 34.168803 ], [ -4.017223, 34.169065 ], [ -4.009232, 34.169663 ], [ -3.998397, 34.170493 ], [ -3.987563, 34.171405 ], [ -3.97673, 34.172406 ], [ -3.965897, 34.173483 ], [ -3.955066, 34.174685 ], [ -3.944235, 34.176017 ], [ -3.933406, 34.17748 ], [ -3.924118, 34.17882 ], [ -3.922577, 34.178997 ], [ -3.911743, 34.180079 ], [ -3.90091, 34.181257 ], [ -3.890077, 34.182567 ], [ -3.879246, 34.184036 ], [ -3.868418, 34.185759 ], [ -3.857589, 34.187536 ], [ -3.852489, 34.188356 ], [ -3.846757, 34.18908 ], [ -3.835924, 34.190452 ], [ -3.825091, 34.19191 ], [ -3.81426, 34.193616 ], [ -3.80343, 34.195574 ], [ -3.792773, 34.197774 ], [ -3.792603, 34.197802 ], [ -3.781768, 34.199205 ], [ -3.770934, 34.20081 ], [ -3.760102, 34.202645 ], [ -3.749272, 34.204799 ], [ -3.739047, 34.207128 ], [ -3.738444, 34.207235 ], [ -3.727608, 34.208802 ], [ -3.716773, 34.210584 ], [ -3.705941, 34.212699 ], [ -3.695111, 34.215223 ], [ -3.689638, 34.216434 ], [ -3.684278, 34.217346 ], [ -3.673441, 34.219152 ], [ -3.662607, 34.221303 ], [ -3.651776, 34.223939 ], [ -3.644509, 34.225697 ], [ -3.640942, 34.226379 ], [ -3.630104, 34.22827 ], [ -3.619269, 34.230547 ], [ -3.608436, 34.233312 ], [ -3.602144, 34.23493 ], [ -3.597601, 34.235824 ], [ -3.586762, 34.237861 ], [ -3.575925, 34.240356 ], [ -3.565092, 34.243525 ], [ -3.562629, 34.244136 ], [ -3.554252, 34.245711 ], [ -3.543413, 34.248099 ], [ -3.532575, 34.250886 ], [ -3.524375, 34.253324 ], [ -3.521739, 34.253923 ], [ -3.510896, 34.256086 ], [ -3.500056, 34.258783 ], [ -3.489221, 34.262398 ], [ -3.48887, 34.262489 ], [ -3.478376, 34.2645 ], [ -3.467533, 34.26716 ], [ -3.456695, 34.270627 ], [ -3.453155, 34.271644 ], [ -3.44585, 34.273216 ], [ -3.435006, 34.275829 ], [ -3.424165, 34.27929 ], [ -3.419296, 34.280783 ], [ -3.41332, 34.282157 ], [ -3.402473, 34.284799 ], [ -3.39163, 34.288373 ], [ -3.386771, 34.289908 ], [ -3.380783, 34.291329 ], [ -3.369934, 34.294075 ], [ -3.359089, 34.297856 ], [ -3.355412, 34.299021 ], [ -3.34824, 34.300706 ], [ -3.337389, 34.30363 ], [ -3.326543, 34.307766 ], [ -3.325387, 34.308122 ], [ -3.315691, 34.31055 ], [ -3.304839, 34.313541 ], [ -3.295279, 34.317217 ], [ -3.293989, 34.317597 ], [ -3.283134, 34.320212 ], [ -3.272283, 34.324208 ], [ -3.265577, 34.326303 ], [ -3.261428, 34.327451 ], [ -3.250571, 34.330424 ], [ -3.239718, 34.334744 ], [ -3.237826, 34.335378 ], [ -3.228859, 34.337589 ], [ -3.218002, 34.341105 ], [ -3.209608, 34.344447 ], [ -3.207145, 34.345192 ], [ -3.196284, 34.348148 ], [ -3.185426, 34.352579 ], [ -3.183007, 34.353508 ], [ -3.174565, 34.35609 ], [ -3.163703, 34.360008 ], [ -3.15672, 34.362563 ], [ -3.152841, 34.363904 ], [ -3.141977, 34.367641 ], [ -3.131112, 34.371437 ], [ -3.130617, 34.371611 ], [ -3.120247, 34.37522 ], [ -3.10938, 34.378986 ], [ -3.104485, 34.380654 ], [ -3.098512, 34.382582 ], [ -3.087644, 34.386147 ], [ -3.078816, 34.389692 ], [ -3.076775, 34.390363 ], [ -3.065904, 34.393594 ], [ -3.055033, 34.398592 ], [ -3.054678, 34.398723 ], [ -3.04416, 34.401616 ], [ -3.033287, 34.406103 ], [ -3.029192, 34.407749 ], [ -3.022413, 34.409835 ], [ -3.011537, 34.413942 ], [ -3.004946, 34.416771 ], [ -3.000661, 34.418198 ], [ -2.989783, 34.422124 ], [ -2.981737, 34.425787 ], [ -2.978904, 34.426857 ], [ -2.968025, 34.430958 ], [ -2.958928, 34.4348 ], [ -2.957144, 34.435514 ], [ -2.946262, 34.439778 ], [ -2.936107, 34.443808 ], [ -2.935378, 34.444096 ], [ -2.924494, 34.448425 ], [ -2.91365, 34.452812 ], [ -2.913609, 34.452829 ], [ -2.902722, 34.457243 ], [ -2.891834, 34.461727 ], [ -2.891629, 34.461812 ], [ -2.880945, 34.466225 ], [ -2.870054, 34.470803 ], [ -2.870039, 34.470809 ], [ -2.859163, 34.475388 ], [ -2.848849, 34.479803 ], [ -2.84827, 34.48005 ], [ -2.837376, 34.484727 ], [ -2.828053, 34.488793 ], [ -2.82648, 34.489477 ], [ -2.815584, 34.494251 ], [ -2.807639, 34.497781 ], [ -2.804685, 34.499089 ], [ -2.793786, 34.503965 ], [ -2.787596, 34.506765 ], [ -2.782885, 34.508892 ], [ -2.771983, 34.513866 ], [ -2.7679, 34.515747 ], [ -2.761079, 34.518885 ], [ -2.750174, 34.523937 ], [ -2.74837, 34.524726 ], [ -2.739268, 34.528677 ], [ -2.729264, 34.533703 ], [ -2.728359, 34.534109 ], [ -2.717452, 34.538655 ], [ -2.709876, 34.542676 ], [ -2.70654, 34.5442 ], [ -2.695627, 34.549543 ], [ -2.691549, 34.551649 ], [ -2.684713, 34.55466 ], [ -2.67419, 34.560622 ], [ -2.673795, 34.560818 ], [ -2.66288, 34.56559 ], [ -2.655624, 34.569588 ], [ -2.65196, 34.571344 ], [ -2.641037, 34.577363 ], [ -2.638462, 34.578556 ], [ -2.630117, 34.582394 ], [ -2.621194, 34.587522 ], [ -2.619191, 34.588541 ], [ -2.608265, 34.59415 ], [ -2.60406, 34.596485 ], [ -2.597338, 34.599773 ], [ -2.587745, 34.605449 ], [ -2.586406, 34.606159 ], [ -2.575476, 34.61179 ], [ -2.570908, 34.614408 ], [ -2.564543, 34.617658 ], [ -2.55509, 34.623369 ], [ -2.553605, 34.624181 ], [ -2.542669, 34.630105 ], [ -2.538878, 34.632326 ], [ -2.531731, 34.636091 ], [ -2.523249, 34.641284 ], [ -2.520788, 34.64266 ], [ -2.509843, 34.649182 ], [ -2.508058, 34.650241 ], [ -2.4989, 34.65515 ], [ -2.492349, 34.659194 ], [ -2.487952, 34.661689 ], [ -2.477882, 34.66815 ], [ -2.477, 34.668675 ], [ -2.46605, 34.675008 ], [ -2.46268, 34.677102 ], [ -2.455097, 34.68144 ], [ -2.447927, 34.686053 ], [ -2.44414, 34.688317 ], [ -2.434062, 34.695007 ], [ -2.433179, 34.695559 ], [ -2.422219, 34.702264 ], [ -2.419583, 34.703956 ], [ -2.411258, 34.708941 ], [ -2.405397, 34.712905 ], [ -2.400291, 34.716099 ], [ -2.39167, 34.721855 ], [ -2.389322, 34.723364 ], [ -2.378572, 34.730806 ], [ -2.378349, 34.730953 ], [ -2.367378, 34.737899 ], [ -2.364642, 34.739752 ], [ -2.356404, 34.745043 ], [ -2.351117, 34.748698 ], [ -2.345426, 34.752449 ], [ -2.33807, 34.757645 ], [ -2.334444, 34.760104 ], [ -2.325369, 34.766592 ], [ -2.323459, 34.767911 ], [ -2.312962, 34.77554 ], [ -2.312471, 34.775885 ], [ -2.301482, 34.783607 ], [ -2.300256, 34.784485 ], [ -2.290492, 34.791254 ], [ -2.287507, 34.793428 ], [ -2.279498, 34.799089 ], [ -2.275066, 34.802372 ], [ -2.268501, 34.807113 ], [ -2.262883, 34.811316 ], [ -2.2575, 34.815267 ], [ -2.250922, 34.82026 ], [ -2.246496, 34.823557 ], [ -2.239138, 34.829204 ], [ -2.235489, 34.831971 ], [ -2.227517, 34.838147 ], [ -2.224478, 34.840482 ], [ -2.216054, 34.847091 ], [ -2.213464, 34.849107 ], [ -2.204702, 34.856034 ], [ -2.202447, 34.857816 ], [ -2.193481, 34.864977 ], [ -2.191426, 34.86662 ], [ -2.182389, 34.87392 ], [ -2.180403, 34.87553 ], [ -2.171384, 34.882863 ], [ -2.169376, 34.884512 ], [ -2.160508, 34.891805 ], [ -2.158345, 34.893602 ], [ -2.14974, 34.900747 ], [ -2.147311, 34.902791 ], [ -2.139077, 34.909689 ], [ -2.136274, 34.912084 ], [ -2.128554, 34.918631 ], [ -2.125233, 34.921506 ], [ -2.118142, 34.927573 ], [ -2.114187, 34.931056 ], [ -2.107884, 34.936514 ], [ -2.103138, 34.940757 ], [ -2.097787, 34.945457 ], [ -2.092084, 34.950636 ], [ -2.08784, 34.954399 ], [ -2.081025, 34.960729 ], [ -2.078128, 34.963343 ], [ -2.06996, 34.971076 ], [ -2.06864, 34.972287 ], [ -2.059179, 34.981231 ], [ -2.058892, 34.981499 ], [ -2.049309, 34.990171 ], [ -2.047824, 34.991583 ], [ -2.039631, 34.999111 ], [ -2.036752, 35.0019 ], [ -2.030149, 35.008052 ], [ -2.025673, 35.012515 ], [ -2.020966, 35.016995 ], [ -2.014586, 35.023528 ], [ -2.012106, 35.02594 ], [ -2.003576, 35.034887 ], [ -2.003491, 35.034972 ], [ -1.994191, 35.043826 ], [ -1.992402, 35.04566 ], [ -1.98509, 35.052767 ], [ -1.981305, 35.056762 ], [ -1.976331, 35.06171 ], [ -1.970198, 35.068467 ], [ -1.968068, 35.070656 ], [ -1.959778, 35.079602 ], [ -1.959085, 35.080338 ], [ -1.950851, 35.088541 ], [ -1.947975, 35.091721 ], [ -1.942373, 35.097484 ], [ -1.936853, 35.103853 ], [ -1.934436, 35.106431 ], [ -1.926557, 35.115378 ], [ -1.925722, 35.116313 ], [ -1.917995, 35.124318 ], [ -1.914595, 35.128269 ], [ -1.909905, 35.133262 ], [ -1.903453, 35.141099 ], [ -1.902444, 35.142211 ], [ -1.894119, 35.151151 ], [ -1.892318, 35.153208 ], [ -1.885755, 35.160091 ], [ -1.881176, 35.165532 ], [ -1.877944, 35.169035 ], [ -1.870484, 35.177982 ], [ -1.870021, 35.178503 ], [ -1.861913, 35.186918 ], [ -1.858877, 35.190482 ], [ -1.853856, 35.195858 ], [ -1.847716, 35.203448 ], [ -1.8465, 35.204805 ], [ -1.838347, 35.213743 ], [ -1.836559, 35.215813 ], [ -1.830086, 35.22268 ], [ -1.825396, 35.228396 ], [ -1.822472, 35.231622 ], [ -1.814994, 35.240565 ], [ -1.814223, 35.241453 ], [ -1.806591, 35.249498 ], [ -1.803057, 35.253762 ], [ -1.798786, 35.258437 ], [ -1.79187, 35.267293 ], [ -1.791791, 35.267384 ], [ -1.783321, 35.276315 ], [ -1.780699, 35.279458 ], [ -1.775384, 35.285251 ], [ -1.769508, 35.292712 ], [ -1.76821, 35.294194 ], [ -1.760244, 35.303128 ], [ -1.758322, 35.305426 ], [ -1.75222, 35.312062 ], [ -1.747126, 35.318515 ], [ -1.744948, 35.321002 ], [ -1.737349, 35.329939 ], [ -1.735927, 35.331641 ], [ -1.729461, 35.338872 ], [ -1.724723, 35.344783 ], [ -1.721966, 35.347809 ], [ -1.71462, 35.356747 ], [ -1.713513, 35.358075 ], [ -1.706582, 35.365677 ], [ -1.702304, 35.371122 ], [ -1.699259, 35.374614 ], [ -1.692058, 35.383552 ], [ -1.691082, 35.384734 ], [ -1.684061, 35.392481 ], [ -1.679863, 35.397866 ], [ -1.676795, 35.401417 ], [ -1.669657, 35.410355 ], [ -1.668631, 35.411617 ], [ -1.661773, 35.419283 ], [ -1.657402, 35.424957 ], [ -1.654622, 35.428219 ], [ -1.647459, 35.437155 ], [ -1.646161, 35.438769 ], [ -1.639702, 35.446083 ], [ -1.634919, 35.452405 ], [ -1.632732, 35.45502 ], [ -1.625511, 35.463954 ], [ -1.623671, 35.466212 ], [ -1.617894, 35.472882 ], [ -1.612413, 35.480297 ], [ -1.611175, 35.481821 ], [ -1.603689, 35.49075 ], [ -1.601158, 35.494032 ], [ -1.596381, 35.49968 ], [ -1.589939, 35.508621 ], [ -1.589883, 35.508692 ], [ -1.582227, 35.517546 ], [ -1.578621, 35.522357 ], [ -1.575243, 35.526479 ], [ -1.568477, 35.535414 ], [ -1.56734, 35.536887 ], [ -1.561068, 35.544341 ], [ -1.556056, 35.551296 ], [ -1.554495, 35.553278 ], [ -1.547351, 35.562207 ], [ -1.54477, 35.565675 ], [ -1.540339, 35.571138 ], [ -1.533965, 35.580076 ], [ -1.533466, 35.580732 ], [ -1.526646, 35.589002 ], [ -1.522168, 35.595308 ], [ -1.520139, 35.597937 ], [ -1.513283, 35.606868 ], [ -1.510858, 35.610271 ], [ -1.506555, 35.6158 ], [ -1.500191, 35.624736 ], [ -1.499536, 35.625623 ], [ -1.493216, 35.633664 ], [ -1.488212, 35.640857 ], [ -1.486888, 35.6426 ], [ -1.480087, 35.65153 ], [ -1.476883, 35.656125 ], [ -1.473631, 35.660463 ], [ -1.46728, 35.669397 ], [ -1.465541, 35.67189 ], [ -1.460694, 35.678328 ], [ -1.454675, 35.687266 ], [ -1.454187, 35.687957 ], [ -1.447997, 35.696195 ], [ -1.44283, 35.704024 ], [ -1.442045, 35.705133 ], [ -1.435512, 35.714064 ], [ -1.431465, 35.720215 ], [ -1.429503, 35.723 ], [ -1.423248, 35.731933 ], [ -1.420087, 35.736793 ], [ -1.417259, 35.74087 ], [ -1.411234, 35.749805 ], [ -1.408699, 35.753705 ], [ -1.405232, 35.758741 ], [ -1.399388, 35.767678 ], [ -1.397299, 35.770938 ], [ -1.393466, 35.776614 ], [ -1.38777, 35.785552 ], [ -1.385886, 35.788549 ], [ -1.381943, 35.794489 ], [ -1.376372, 35.803428 ], [ -1.37446, 35.806559 ], [ -1.370724, 35.812366 ], [ -1.365242, 35.821307 ], [ -1.363019, 35.825003 ], [ -1.359719, 35.830246 ], [ -1.354319, 35.839187 ], [ -1.35156, 35.844079 ], [ -1.349195, 35.848131 ], [ -1.344181, 35.857077 ], [ -1.340053, 35.86518 ], [ -1.339605, 35.866028 ], [ -1.334841, 35.874977 ], [ -1.330506, 35.883931 ], [ -1.3285, 35.888215 ], [ -1.326229, 35.892886 ], [ -1.322021, 35.901842 ], [ -1.318128, 35.910802 ], [ -1.316887, 35.913701 ], [ -1.314203, 35.919762 ], [ -1.310364, 35.928722 ], [ -1.306803, 35.937687 ], [ -1.305211, 35.941778 ], [ -1.303235, 35.946651 ], [ -1.299691, 35.955615 ], [ -1.296371, 35.964582 ], [ -1.293462, 35.972886 ], [ -1.293218, 35.973552 ], [ -1.289876, 35.982519 ], [ -1.28673, 35.991488 ], [ -1.283761, 36.00046 ], [ -1.281634, 36.007147 ], [ -1.280872, 36.009433 ], [ -1.277842, 36.018404 ], [ -1.274976, 36.027377 ], [ -1.272275, 36.036352 ], [ -1.269715, 36.045329 ], [ -1.269709, 36.045349 ], [ -1.266912, 36.054303 ], [ -1.264259, 36.063279 ], [ -1.261745, 36.072257 ], [ -1.259348, 36.081236 ], [ -1.25768, 36.087702 ], [ -1.256991, 36.090216 ], [ -1.254477, 36.099194 ], [ -1.252076, 36.108173 ], [ -1.249807, 36.117154 ], [ -1.24765, 36.126136 ], [ -1.245594, 36.13512 ], [ -1.245518, 36.135435 ], [ -1.24329, 36.144101 ], [ -1.241088, 36.153082 ], [ -1.23899, 36.162066 ], [ -1.236965, 36.17105 ], [ -1.235063, 36.180036 ], [ -1.233249, 36.189023 ], [ -1.233203, 36.189239 ], [ -1.231163, 36.198006 ], [ -1.229168, 36.206991 ], [ -1.227268, 36.215977 ], [ -1.225455, 36.224964 ], [ -1.223715, 36.233952 ], [ -1.222059, 36.242941 ], [ -1.220699, 36.250565 ], [ -1.220434, 36.251931 ], [ -1.218581, 36.260917 ], [ -1.216793, 36.269904 ], [ -1.215097, 36.278893 ], [ -1.213477, 36.287883 ], [ -1.211925, 36.296873 ], [ -1.21042, 36.305864 ], [ -1.208995, 36.314857 ], [ -1.207953, 36.32155 ], [ -1.207558, 36.323849 ], [ -1.205922, 36.332838 ], [ -1.204343, 36.341828 ], [ -1.202841, 36.35082 ], [ -1.201401, 36.359812 ], [ -1.200019, 36.368805 ], [ -1.198677, 36.377798 ], [ -1.197399, 36.386792 ], [ -1.196173, 36.395788 ], [ -1.194992, 36.404783 ], [ -1.194878, 36.405585 ], [ -1.193605, 36.413776 ], [ -1.192197, 36.422768 ], [ -1.190866, 36.431762 ], [ -1.189587, 36.440756 ], [ -1.188354, 36.449751 ], [ -1.187157, 36.458746 ], [ -1.186012, 36.467742 ], [ -1.184907, 36.476739 ], [ -1.183841, 36.485737 ], [ -1.18281, 36.494734 ], [ -1.181808, 36.503733 ], [ -1.181347, 36.507773 ], [ -1.180716, 36.512729 ], [ -1.17953, 36.521725 ], [ -1.178386, 36.530721 ], [ -1.177278, 36.539717 ], [ -1.176211, 36.548714 ], [ -1.175179, 36.557712 ], [ -1.17418, 36.56671 ], [ -1.173212, 36.575709 ], [ -1.172273, 36.584708 ], [ -1.171362, 36.593707 ], [ -1.170479, 36.602707 ], [ -1.169621, 36.611707 ], [ -1.168789, 36.620708 ], [ -1.167979, 36.629708 ], [ -1.167186, 36.63871 ], [ -1.167063, 36.640021 ], [ -1.166262, 36.647709 ], [ -1.165327, 36.656707 ], [ -1.16442, 36.665707 ], [ -1.163547, 36.674707 ], [ -1.162693, 36.683707 ], [ -1.161862, 36.692707 ], [ -1.161053, 36.701708 ], [ -1.160265, 36.710709 ], [ -1.1595, 36.71971 ], [ -1.158754, 36.728712 ], [ -1.158025, 36.737714 ], [ -1.157314, 36.746716 ], [ -1.156621, 36.755718 ], [ -1.156161, 36.764724 ], [ -1.155303, 36.773724 ], [ -1.154654, 36.782727 ], [ -1.15402, 36.79173 ], [ -1.153401, 36.800733 ], [ -1.152797, 36.809737 ], [ -1.152214, 36.818741 ], [ -1.15163, 36.827745 ], [ -1.151243, 36.83373 ], [ -1.151032, 36.836749 ], [ -1.150374, 36.845752 ], [ -1.149731, 36.854754 ], [ -1.149144, 36.863758 ], [ -1.148498, 36.872761 ], [ -1.147901, 36.881765 ], [ -1.147316, 36.890769 ], [ -1.146744, 36.899773 ], [ -1.146185, 36.908777 ], [ -1.145675, 36.917782 ], [ -1.145113, 36.926786 ], [ -1.14455, 36.93579 ], [ -1.144008, 36.944794 ], [ -1.143513, 36.953799 ], [ -1.143087, 36.962806 ], [ -1.142782, 36.971814 ], [ -1.142484, 36.980822 ], [ -1.142236, 36.989831 ], [ -1.142045, 36.99884 ], [ -1.141914, 37.007851 ], [ -1.14185, 37.016863 ], [ -1.141841, 37.025875 ], [ -1.141888, 37.034889 ], [ -1.141995, 37.043903 ], [ -1.142169, 37.052919 ], [ -1.142413, 37.061935 ], [ -1.14276, 37.070953 ], [ -1.143148, 37.079972 ], [ -1.14361, 37.088992 ], [ -1.144151, 37.098013 ], [ -1.144656, 37.105498 ], [ -1.144751, 37.107035 ], [ -1.14534, 37.116057 ], [ -1.146004, 37.12508 ], [ -1.146753, 37.134104 ], [ -1.147595, 37.14313 ], [ -1.148535, 37.152157 ], [ -1.149583, 37.161186 ], [ -1.150734, 37.170217 ], [ -1.151995, 37.179249 ], [ -1.153381, 37.188283 ], [ -1.153824, 37.191098 ], [ -1.154744, 37.197317 ], [ -1.156165, 37.206351 ], [ -1.157708, 37.215388 ], [ -1.159391, 37.224427 ], [ -1.161225, 37.233468 ], [ -1.163233, 37.242511 ], [ -1.163779, 37.244951 ], [ -1.165189, 37.251554 ], [ -1.167242, 37.260598 ], [ -1.169471, 37.269645 ], [ -1.171922, 37.278696 ], [ -1.174051, 37.286204 ], [ -1.174475, 37.287747 ], [ -1.177003, 37.296799 ], [ -1.179738, 37.305853 ], [ -1.182704, 37.314911 ], [ -1.184509, 37.320148 ], [ -1.185786, 37.323971 ], [ -1.188917, 37.333031 ], [ -1.192298, 37.342095 ], [ -1.195096, 37.349094 ], [ -1.195903, 37.351163 ], [ -1.199547, 37.360231 ], [ -1.203442, 37.369302 ], [ -1.205776, 37.374478 ], [ -1.207515, 37.378376 ], [ -1.211819, 37.387454 ], [ -1.216306, 37.396534 ], [ -1.21653, 37.396975 ], [ -1.220948, 37.405616 ], [ -1.225895, 37.414703 ], [ -1.227346, 37.417179 ], [ -1.231149, 37.423794 ], [ -1.236497, 37.432886 ], [ -1.238207, 37.435649 ], [ -1.242205, 37.441984 ], [ -1.248202, 37.451085 ], [ -1.249113, 37.452427 ], [ -1.254504, 37.460191 ], [ -1.260052, 37.467977 ], [ -1.261, 37.469299 ], [ -1.267942, 37.478413 ], [ -1.271025, 37.482254 ], [ -1.275243, 37.487532 ], [ -1.282024, 37.495563 ], [ -1.282952, 37.496657 ], [ -1.291143, 37.505788 ], [ -1.293052, 37.507796 ], [ -1.299938, 37.514927 ], [ -1.304105, 37.519069 ], [ -1.309348, 37.524074 ], [ -1.315179, 37.529519 ], [ -1.319167, 37.533227 ], [ -1.326261, 37.539769 ], [ -1.329277, 37.542383 ], [ -1.337371, 37.548913 ], [ -1.34054, 37.551554 ], [ -1.348488, 37.557857 ], [ -1.352183, 37.560729 ], [ -1.359624, 37.566046 ], [ -1.364909, 37.569918 ], [ -1.370773, 37.573756 ], [ -1.378362, 37.579116 ], [ -1.381926, 37.581386 ], [ -1.392312, 37.588319 ], [ -1.393087, 37.588753 ], [ -1.40428, 37.594695 ], [ -1.409073, 37.597559 ], [ -1.415473, 37.600751 ], [ -1.425703, 37.606794 ], [ -1.426659, 37.607244 ], [ -1.437885, 37.611863 ], [ -1.445802, 37.616073 ], [ -1.449093, 37.617463 ], [ -1.46033, 37.621717 ], [ -1.467687, 37.625371 ], [ -1.471551, 37.626809 ], [ -1.4828, 37.630597 ], [ -1.491924, 37.634696 ], [ -1.494031, 37.635346 ], [ -1.505302, 37.6382 ], [ -1.516545, 37.642441 ], [ -1.521183, 37.644079 ], [ -1.527814, 37.645493 ], [ -1.539092, 37.648082 ], [ -1.550352, 37.651659 ], [ -1.556753, 37.653532 ], [ -1.561628, 37.654458 ], [ -1.572925, 37.656221 ], [ -1.584213, 37.658485 ], [ -1.595491, 37.661297 ], [ -1.603128, 37.663103 ], [ -1.60678, 37.663608 ], [ -1.61809, 37.664772 ], [ -1.629399, 37.666025 ], [ -1.640707, 37.667363 ], [ -1.652016, 37.668717 ], [ -1.66332, 37.6703 ], [ -1.674623, 37.671968 ], [ -1.683069, 37.673035 ], [ -1.685934, 37.673259 ], [ -1.697259, 37.673765 ], [ -1.708585, 37.674201 ], [ -1.719912, 37.674562 ], [ -1.731241, 37.674885 ], [ -1.74257, 37.675142 ], [ -1.753902, 37.675297 ], [ -1.765235, 37.675361 ], [ -1.776565, 37.675562 ], [ -1.787901, 37.67544 ], [ -1.799238, 37.675282 ], [ -1.810576, 37.675054 ], [ -1.821914, 37.674789 ], [ -1.827851, 37.674563 ], [ -1.833256, 37.674249 ], [ -1.844605, 37.673284 ], [ -1.855954, 37.672297 ], [ -1.867302, 37.671336 ], [ -1.878644, 37.670757 ], [ -1.889993, 37.669743 ], [ -1.901341, 37.668711 ], [ -1.912689, 37.667688 ], [ -1.924037, 37.666698 ], [ -1.92586, 37.666483 ], [ -1.935391, 37.665224 ], [ -1.946746, 37.663607 ], [ -1.958101, 37.662011 ], [ -1.969453, 37.660544 ], [ -1.980799, 37.65953 ], [ -1.99215, 37.658148 ], [ -1.992883, 37.658062 ], [ -2.003498, 37.656853 ], [ -2.014846, 37.6556 ], [ -2.026193, 37.654426 ], [ -2.037533, 37.653718 ], [ -2.048879, 37.652518 ], [ -2.060226, 37.651263 ], [ -2.071573, 37.649982 ], [ -2.074895, 37.649721 ], [ -2.082913, 37.649169 ], [ -2.094252, 37.648458 ], [ -2.105591, 37.647736 ], [ -2.11693, 37.647011 ], [ -2.128263, 37.646707 ], [ -2.139601, 37.646063 ], [ -2.150938, 37.645369 ], [ -2.162273, 37.644893 ], [ -2.173608, 37.644485 ], [ -2.184944, 37.643878 ], [ -2.19628, 37.643266 ], [ -2.207615, 37.642759 ], [ -2.218924, 37.644695 ], [ -2.230259, 37.644184 ], [ -2.241583, 37.644808 ], [ -2.252906, 37.645396 ], [ -2.264228, 37.646207 ], [ -2.275547, 37.647415 ], [ -2.28687, 37.648137 ], [ -2.298192, 37.649015 ], [ -2.309513, 37.650072 ], [ -2.32084, 37.650472 ], [ -2.332165, 37.651007 ], [ -2.343494, 37.651293 ], [ -2.354823, 37.651506 ], [ -2.355258, 37.651587 ], [ -2.366104, 37.657281 ], [ -2.377419, 37.659348 ], [ -2.388741, 37.66057 ], [ -2.390193, 37.660785 ], [ -2.400045, 37.664093 ], [ -2.41134, 37.668818 ], [ -2.422302, 37.66996 ], [ -2.422664, 37.670022 ], [ -2.433943, 37.677258 ], [ -2.437998, 37.679049 ], [ -2.445234, 37.683189 ], [ -2.455168, 37.688142 ], [ -2.456527, 37.689054 ], [ -2.465443, 37.697202 ], [ -2.467794, 37.698794 ], [ -2.472897, 37.706249 ], [ -2.479032, 37.713089 ], [ -2.480543, 37.715295 ], [ -2.484673, 37.724326 ], [ -2.488308, 37.733355 ], [ -2.490193, 37.739232 ], [ -2.490873, 37.742379 ], [ -2.490594, 37.751391 ], [ -2.490532, 37.760403 ], [ -2.49049, 37.769416 ], [ -2.490026, 37.778427 ], [ -2.489918, 37.779255 ], [ -2.486454, 37.787424 ], [ -2.481844, 37.796417 ], [ -2.479505, 37.805419 ], [ -2.478424, 37.814427 ], [ -2.478318, 37.8148 ], [ -2.471285, 37.823408 ], [ -2.467473, 37.832404 ], [ -2.467034, 37.841414 ], [ -2.466767, 37.841948 ], [ -2.460433, 37.850397 ], [ -2.455412, 37.859387 ], [ -2.455277, 37.859654 ], [ -2.445522, 37.868353 ], [ -2.443855, 37.877358 ], [ -2.44378, 37.877486 ], [ -2.433618, 37.886322 ], [ -2.43246, 37.895329 ], [ -2.432275, 37.895593 ], [ -2.421559, 37.904288 ], [ -2.420822, 37.906436 ], [ -2.414066, 37.913264 ], [ -2.409522, 37.922254 ], [ -2.409323, 37.922573 ], [ -2.401585, 37.931226 ], [ -2.39782, 37.938617 ], [ -2.396366, 37.940212 ], [ -2.387467, 37.949178 ], [ -2.386344, 37.950762 ], [ -2.378915, 37.958146 ], [ -2.374855, 37.964024 ], [ -2.371872, 37.967121 ], [ -2.364134, 37.976092 ], [ -2.363364, 37.977023 ], [ -2.35442, 37.985052 ], [ -2.351888, 37.987855 ], [ -2.345198, 37.994013 ], [ -2.340394, 38.000323 ], [ -2.337684, 38.002983 ], [ -2.329637, 38.01195 ], [ -2.328897, 38.012678 ], [ -2.31943, 38.020904 ], [ -2.317416, 38.02296 ], [ -2.309432, 38.029858 ], [ -2.305927, 38.033681 ], [ -2.300802, 38.038819 ], [ -2.294412, 38.04669 ], [ -2.293256, 38.047786 ], [ -2.28386, 38.056742 ], [ -2.282914, 38.057709 ], [ -2.274012, 38.065694 ], [ -2.271413, 38.068533 ], [ -2.265062, 38.07465 ], [ -2.259897, 38.080595 ], [ -2.256804, 38.083611 ], [ -2.248791, 38.092572 ], [ -2.248372, 38.09307 ], [ -2.239713, 38.101526 ], [ -2.236855, 38.104519 ], [ -2.230715, 38.110479 ], [ -2.225326, 38.116657 ], [ -2.222614, 38.119438 ], [ -2.214754, 38.128398 ], [ -2.213786, 38.129492 ], [ -2.206033, 38.137352 ], [ -2.202251, 38.141541 ], [ -2.19766, 38.146307 ], [ -2.190703, 38.154342 ], [ -2.189953, 38.155266 ], [ -2.181534, 38.16422 ], [ -2.179154, 38.166875 ], [ -2.173264, 38.173174 ], [ -2.167599, 38.179684 ], [ -2.165534, 38.182131 ], [ -2.157723, 38.191088 ], [ -2.156033, 38.193015 ], [ -2.14979, 38.200042 ], [ -2.144465, 38.206116 ], [ -2.14197, 38.208998 ], [ -2.134278, 38.217953 ], [ -2.132889, 38.219626 ], [ -2.126767, 38.226909 ], [ -2.121307, 38.233214 ], [ -2.119072, 38.235864 ], [ -2.111595, 38.244819 ], [ -2.109717, 38.247141 ], [ -2.10441, 38.253777 ], [ -2.098122, 38.261061 ], [ -2.096769, 38.26273 ], [ -2.089876, 38.271689 ], [ -2.086513, 38.2758 ], [ -2.082846, 38.280646 ], [ -2.075013, 38.289596 ], [ -2.074909, 38.28971 ], [ -2.068367, 38.298555 ], [ -2.063282, 38.30514 ], [ -2.061505, 38.307512 ], [ -2.054709, 38.31647 ], [ -2.051654, 38.320248 ], [ -2.048059, 38.325428 ], [ -2.040827, 38.334381 ], [ -2.040019, 38.33546 ], [ -2.035066, 38.343345 ], [ -2.028371, 38.351327 ], [ -2.027678, 38.352296 ], [ -2.022042, 38.36126 ], [ -2.016708, 38.367893 ], [ -2.015149, 38.370214 ], [ -2.008636, 38.379171 ], [ -2.005034, 38.384821 ], [ -2.00297, 38.388135 ], [ -1.996958, 38.397095 ], [ -1.993359, 38.40148 ], [ -1.990452, 38.406051 ], [ -1.984976, 38.415015 ], [ -1.981659, 38.419582 ], [ -1.979209, 38.423977 ], [ -1.973389, 38.432937 ], [ -1.96995, 38.437786 ], [ -1.967728, 38.441899 ], [ -1.962308, 38.450863 ], [ -1.958227, 38.456603 ], [ -1.95641, 38.459822 ], [ -1.951442, 38.468789 ], [ -1.946494, 38.475746 ], [ -1.945396, 38.477746 ], [ -1.941274, 38.486721 ], [ -1.934745, 38.495424 ], [ -1.934606, 38.495672 ], [ -1.931103, 38.504651 ], [ -1.925369, 38.51361 ], [ -1.922953, 38.51766 ], [ -1.920787, 38.522579 ], [ -1.916475, 38.531551 ], [ -1.911156, 38.539675 ], [ -1.910739, 38.540509 ], [ -1.907542, 38.549491 ], [ -1.902791, 38.558457 ], [ -1.899312, 38.564321 ], [ -1.897916, 38.567423 ], [ -1.894491, 38.576402 ], [ -1.889692, 38.585368 ], [ -1.887443, 38.589991 ], [ -1.885884, 38.594343 ], [ -1.882763, 38.603324 ], [ -1.878132, 38.612291 ], [ -1.875536, 38.617625 ], [ -1.874252, 38.621265 ], [ -1.871475, 38.63025 ], [ -1.867663, 38.639224 ], [ -1.863581, 38.647604 ], [ -1.863365, 38.648193 ], [ -1.861052, 38.657182 ], [ -1.858455, 38.666168 ], [ -1.855167, 38.675147 ], [ -1.851522, 38.683503 ], [ -1.851316, 38.68412 ], [ -1.84929, 38.693111 ], [ -1.847071, 38.702101 ], [ -1.843961, 38.711081 ], [ -1.841791, 38.720071 ], [ -1.83932, 38.72747 ], [ -1.838952, 38.729053 ], [ -1.83734, 38.738048 ], [ -1.835684, 38.747043 ], [ -1.833979, 38.756037 ], [ -1.83215, 38.76503 ], [ -1.83032, 38.774022 ], [ -1.828319, 38.783013 ], [ -1.826785, 38.790799 ], [ -1.826606, 38.792007 ], [ -1.825729, 38.801009 ], [ -1.824952, 38.810012 ], [ -1.824211, 38.819016 ], [ -1.823243, 38.828017 ], [ -1.822789, 38.837023 ], [ -1.822365, 38.84603 ], [ -1.821885, 38.855036 ], [ -1.821712, 38.864045 ], [ -1.821624, 38.873055 ], [ -1.821723, 38.882066 ], [ -1.821833, 38.891078 ], [ -1.821872, 38.900089 ], [ -1.822143, 38.909103 ], [ -1.82252, 38.918117 ], [ -1.822928, 38.927132 ], [ -1.823441, 38.936148 ], [ -1.823978, 38.945164 ], [ -1.824204, 38.947644 ], [ -1.824981, 38.954185 ], [ -1.826228, 38.963208 ], [ -1.827474, 38.972231 ], [ -1.828804, 38.981255 ], [ -1.830137, 38.990279 ], [ -1.83148, 38.999304 ], [ -1.832877, 39.008328 ], [ -1.834181, 39.017352 ], [ -1.834563, 39.019332 ], [ -1.836181, 39.026382 ], [ -1.838309, 39.035414 ], [ -1.84039, 39.044445 ], [ -1.84234, 39.053475 ], [ -1.844382, 39.062506 ], [ -1.845343, 39.066358 ], [ -1.84683, 39.071541 ], [ -1.849468, 39.080577 ], [ -1.851917, 39.089612 ], [ -1.85448, 39.098648 ], [ -1.856283, 39.104386 ], [ -1.857349, 39.107686 ], [ -1.860354, 39.116726 ], [ -1.863459, 39.125767 ], [ -1.866691, 39.134809 ], [ -1.867327, 39.136547 ], [ -1.870063, 39.143852 ], [ -1.873558, 39.152896 ], [ -1.877169, 39.161942 ], [ -1.87844, 39.165007 ], [ -1.880998, 39.170989 ], [ -1.88501, 39.180038 ], [ -1.888866, 39.189085 ], [ -1.889605, 39.190725 ], [ -1.893179, 39.198136 ], [ -1.897498, 39.207188 ], [ -1.900809, 39.214459 ], [ -1.901688, 39.216238 ], [ -1.90641, 39.225292 ], [ -1.910896, 39.234345 ], [ -1.912046, 39.236538 ], [ -1.915828, 39.243401 ], [ -1.920694, 39.252457 ], [ -1.92331, 39.257224 ], [ -1.925766, 39.261514 ], [ -1.931044, 39.270573 ], [ -1.934599, 39.276807 ], [ -1.936295, 39.279631 ], [ -1.941855, 39.288692 ], [ -1.945908, 39.295373 ], [ -1.94743, 39.297753 ], [ -1.953285, 39.306816 ], [ -1.957237, 39.313016 ], [ -1.95913, 39.315878 ], [ -1.965235, 39.324943 ], [ -1.968583, 39.329922 ], [ -1.97142, 39.334008 ], [ -1.977765, 39.343074 ], [ -1.979944, 39.346136 ], [ -1.984349, 39.352142 ], [ -1.990875, 39.361209 ], [ -1.991318, 39.361804 ], [ -1.997782, 39.370279 ], [ -2.002706, 39.376809 ], [ -2.004671, 39.379348 ], [ -2.011784, 39.388419 ], [ -2.014106, 39.39136 ], [ -2.019063, 39.397491 ], [ -2.025516, 39.405476 ], [ -2.026411, 39.406563 ], [ -2.034039, 39.415636 ], [ -2.036938, 39.419087 ], [ -2.041771, 39.42471 ], [ -2.048369, 39.432395 ], [ -2.049586, 39.433785 ], [ -2.05764, 39.44286 ], [ -2.059809, 39.445282 ], [ -2.065875, 39.451937 ], [ -2.071258, 39.45784 ], [ -2.074205, 39.461013 ], [ -2.082645, 39.47009 ], [ -2.082714, 39.470163 ], [ -2.091407, 39.479169 ], [ -2.09418, 39.482038 ], [ -2.100281, 39.488248 ], [ -2.105653, 39.49371 ], [ -2.109272, 39.497327 ], [ -2.117132, 39.505168 ], [ -2.118393, 39.506407 ], [ -2.127721, 39.515487 ], [ -2.128618, 39.516349 ], [ -2.137289, 39.524569 ], [ -2.140111, 39.527236 ], [ -2.147007, 39.53365 ], [ -2.15161, 39.537933 ], [ -2.156831, 39.542732 ], [ -2.163115, 39.548473 ], [ -2.16685, 39.551814 ], [ -2.174627, 39.558667 ], [ -2.17721, 39.560898 ], [ -2.186147, 39.568507 ], [ -2.187913, 39.569983 ], [ -2.197674, 39.578035 ], [ -2.19895, 39.57907 ], [ -2.209207, 39.587257 ], [ -2.210354, 39.588158 ], [ -2.220746, 39.596207 ], [ -2.222105, 39.597247 ], [ -2.232291, 39.604893 ], [ -2.23424, 39.606338 ], [ -2.243842, 39.613349 ], [ -2.246729, 39.615429 ], [ -2.255398, 39.621573 ], [ -2.259609, 39.624522 ], [ -2.266958, 39.629605 ], [ -2.272837, 39.633615 ], [ -2.278524, 39.637435 ], [ -2.286469, 39.64271 ], [ -2.290094, 39.645082 ], [ -2.300465, 39.651805 ], [ -2.301667, 39.652578 ], [ -2.313246, 39.659861 ], [ -2.314921, 39.660901 ], [ -2.324828, 39.666998 ], [ -2.329784, 39.669997 ], [ -2.336415, 39.673971 ], [ -2.345103, 39.679095 ], [ -2.348005, 39.680793 ], [ -2.359598, 39.687474 ], [ -2.36086, 39.688192 ], [ -2.371195, 39.694027 ], [ -2.377079, 39.69729 ], [ -2.382795, 39.700463 ], [ -2.393757, 39.706388 ], [ -2.394399, 39.706735 ], [ -2.406006, 39.712943 ], [ -2.410872, 39.715486 ], [ -2.417615, 39.719036 ], [ -2.428591, 39.724585 ], [ -2.429229, 39.72491 ], [ -2.440844, 39.730812 ], [ -2.446641, 39.733682 ], [ -2.452462, 39.736599 ], [ -2.464083, 39.742149 ], [ -2.465406, 39.74278 ], [ -2.475706, 39.747782 ], [ -2.484599, 39.751876 ], [ -2.487333, 39.753173 ], [ -2.498962, 39.758586 ], [ -2.504303, 39.760972 ], [ -2.510593, 39.763856 ], [ -2.522227, 39.768982 ], [ -2.52469, 39.770067 ], [ -2.533862, 39.774224 ], [ -2.545501, 39.779029 ], [ -2.545811, 39.779161 ], [ -2.55714, 39.784214 ], [ -2.56728, 39.788253 ], [ -2.568783, 39.788883 ], [ -2.580427, 39.79387 ], [ -2.589386, 39.797343 ], [ -2.592074, 39.798452 ], [ -2.603722, 39.803294 ], [ -2.612142, 39.806431 ], [ -2.615373, 39.807719 ], [ -2.627025, 39.812388 ], [ -2.635665, 39.815517 ], [ -2.63868, 39.816699 ], [ -2.650335, 39.821283 ], [ -2.659943, 39.8246 ], [ -2.661994, 39.825367 ], [ -2.673652, 39.829916 ], [ -2.685078, 39.833681 ], [ -2.685315, 39.833767 ], [ -2.696976, 39.838325 ], [ -2.708642, 39.84213 ], [ -2.710454, 39.842757 ], [ -2.720307, 39.846508 ], [ -2.731976, 39.850338 ], [ -2.736623, 39.851829 ], [ -2.743645, 39.854347 ], [ -2.755316, 39.858281 ], [ -2.76404, 39.860898 ], [ -2.766989, 39.861904 ], [ -2.778662, 39.866017 ], [ -2.790338, 39.869395 ], [ -2.792161, 39.869961 ], [ -2.802014, 39.873436 ], [ -2.813692, 39.877022 ], [ -2.820834, 39.879018 ], [ -2.825372, 39.880485 ], [ -2.837052, 39.884317 ], [ -2.848735, 39.887466 ], [ -2.850816, 39.888071 ], [ -2.860418, 39.891314 ], [ -2.872102, 39.894722 ], [ -2.881682, 39.897116 ], [ -2.883789, 39.897739 ], [ -2.895475, 39.901589 ], [ -2.907164, 39.904666 ], [ -2.913039, 39.906153 ], [ -2.918853, 39.907909 ], [ -2.930544, 39.911415 ], [ -2.942236, 39.91426 ], [ -2.945859, 39.915183 ], [ -2.953928, 39.917647 ], [ -2.965622, 39.920925 ], [ -2.977317, 39.923577 ], [ -2.979825, 39.924203 ], [ -2.989013, 39.926978 ], [ -3.00071, 39.930115 ], [ -3.012409, 39.932646 ], [ -3.014772, 39.933214 ], [ -3.024108, 39.935945 ], [ -3.035808, 39.938984 ], [ -3.047509, 39.94147 ], [ -3.050774, 39.942213 ], [ -3.059211, 39.944585 ], [ -3.070914, 39.947609 ], [ -3.082618, 39.950059 ], [ -3.088022, 39.9512 ], [ -3.094323, 39.952862 ], [ -3.106029, 39.955939 ], [ -3.117735, 39.958426 ], [ -3.127099, 39.960173 ], [ -3.129442, 39.960725 ], [ -3.141151, 39.963718 ], [ -3.152861, 39.966535 ], [ -3.16457, 39.968647 ], [ -3.166922, 39.969132 ], [ -3.176281, 39.971568 ], [ -3.187994, 39.974313 ], [ -3.199705, 39.97653 ], [ -3.208488, 39.978075 ], [ -3.211417, 39.978727 ], [ -3.223133, 39.981731 ], [ -3.234848, 39.98416 ], [ -3.246562, 39.98616 ], [ -3.251181, 39.986999 ], [ -3.258279, 39.988661 ], [ -3.269997, 39.991374 ], [ -3.281714, 39.993592 ], [ -3.29343, 39.995434 ], [ -3.295999, 39.995903 ], [ -3.305149, 39.997751 ], [ -3.316872, 40.000581 ], [ -3.328591, 40.002666 ], [ -3.34031, 40.004411 ], [ -3.34243, 40.004785 ], [ -3.352033, 40.00697 ], [ -3.363757, 40.009415 ], [ -3.375479, 40.011421 ], [ -3.3872, 40.013114 ], [ -3.390428, 40.013642 ], [ -3.398925, 40.015458 ], [ -3.410652, 40.017862 ], [ -3.422377, 40.019862 ], [ -3.4341, 40.021542 ], [ -3.4405, 40.022472 ], [ -3.445826, 40.023492 ], [ -3.457556, 40.025943 ], [ -3.469284, 40.027975 ], [ -3.481009, 40.029473 ], [ -3.492735, 40.031144 ], [ -3.49352, 40.031268 ], [ -3.504468, 40.033535 ], [ -3.516199, 40.03565 ], [ -3.527928, 40.037428 ], [ -3.539656, 40.038936 ], [ -3.548753, 40.040029 ], [ -3.551384, 40.040454 ], [ -3.563119, 40.042737 ], [ -3.574852, 40.044657 ], [ -3.586583, 40.046286 ], [ -3.598313, 40.047681 ], [ -3.607961, 40.048743 ], [ -3.610043, 40.049053 ], [ -3.62178, 40.051204 ], [ -3.633515, 40.053029 ], [ -3.645248, 40.054589 ], [ -3.65698, 40.055932 ], [ -3.668711, 40.057109 ], [ -3.671149, 40.057403 ], [ -3.680448, 40.058906 ], [ -3.692186, 40.060726 ], [ -3.703921, 40.062287 ], [ -3.715656, 40.063635 ], [ -3.727388, 40.064812 ], [ -3.73912, 40.065856 ], [ -3.740325, 40.065991 ], [ -3.75086, 40.067583 ], [ -3.762599, 40.069225 ], [ -3.774336, 40.070647 ], [ -3.786072, 40.071883 ], [ -3.797806, 40.07298 ], [ -3.80954, 40.073951 ], [ -3.815852, 40.074493 ], [ -3.821276, 40.075131 ], [ -3.833017, 40.076714 ], [ -3.844757, 40.0781 ], [ -3.856495, 40.079311 ], [ -3.868231, 40.080381 ], [ -3.879967, 40.081328 ], [ -3.891701, 40.082168 ], [ -3.902202, 40.082862 ], [ -3.903435, 40.082976 ], [ -3.915177, 40.084403 ], [ -3.926918, 40.085662 ], [ -3.938658, 40.086778 ], [ -3.950395, 40.087767 ], [ -3.962127, 40.088315 ], [ -3.973868, 40.08944 ], [ -3.985603, 40.090151 ], [ -3.997337, 40.090787 ], [ -4.001656, 40.091053 ], [ -4.009075, 40.091698 ], [ -4.020817, 40.092819 ], [ -4.032557, 40.093812 ], [ -4.044296, 40.094699 ], [ -4.056033, 40.095495 ], [ -4.06777, 40.096207 ], [ -4.079506, 40.096845 ], [ -4.091241, 40.097428 ], [ -4.102975, 40.097952 ], [ -4.114709, 40.098423 ], [ -4.126442, 40.098846 ], [ -4.127663, 40.098904 ], [ -4.138181, 40.099629 ], [ -4.149921, 40.100425 ], [ -4.161659, 40.101133 ], [ -4.173396, 40.101772 ], [ -4.185133, 40.102347 ], [ -4.196869, 40.102862 ], [ -4.208602, 40.103266 ], [ -4.220338, 40.103747 ], [ -4.232071, 40.104122 ], [ -4.243804, 40.104455 ], [ -4.255537, 40.10475 ], [ -4.267269, 40.105008 ], [ -4.279, 40.105245 ], [ -4.290731, 40.105452 ], [ -4.302462, 40.10563 ], [ -4.314192, 40.105778 ], [ -4.321068, 40.105868 ], [ -4.325923, 40.105979 ], [ -4.337657, 40.106336 ], [ -4.34939, 40.106643 ], [ -4.361123, 40.10691 ], [ -4.372854, 40.107139 ], [ -4.384586, 40.107334 ], [ -4.396316, 40.107495 ], [ -4.408046, 40.107619 ], [ -4.419776, 40.107713 ], [ -4.431504, 40.107778 ], [ -4.443233, 40.107816 ], [ -4.454949, 40.107325 ], [ -4.466687, 40.107824 ], [ -4.478414, 40.107782 ], [ -4.49014, 40.107717 ], [ -4.501865, 40.107628 ], [ -4.51359, 40.107514 ], [ -4.525314, 40.107378 ], [ -4.537038, 40.107219 ], [ -4.548761, 40.107034 ], [ -4.560483, 40.106826 ], [ -4.572205, 40.106595 ], [ -4.583926, 40.106351 ], [ -4.595647, 40.106072 ], [ -4.607367, 40.105766 ], [ -4.619086, 40.105435 ], [ -4.630804, 40.105077 ], [ -4.642515, 40.104438 ], [ -4.654238, 40.104275 ], [ -4.665953, 40.103827 ], [ -4.677668, 40.103347 ], [ -4.689382, 40.102834 ], [ -4.701094, 40.102288 ], [ -4.712806, 40.101705 ], [ -4.724516, 40.101068 ], [ -4.736225, 40.100416 ], [ -4.737101, 40.100375 ], [ -4.74794, 40.099971 ], [ -4.759654, 40.099508 ], [ -4.771367, 40.099023 ], [ -4.783079, 40.098522 ], [ -4.794791, 40.097991 ], [ -4.806501, 40.097426 ], [ -4.81821, 40.096826 ], [ -4.829917, 40.096147 ], [ -4.841626, 40.095536 ], [ -4.853331, 40.094827 ], [ -4.865035, 40.094069 ], [ -4.876738, 40.093259 ], [ -4.888438, 40.092393 ], [ -4.900136, 40.091463 ], [ -4.911833, 40.090461 ], [ -4.923526, 40.089377 ], [ -4.935217, 40.088236 ], [ -4.935408, 40.088222 ], [ -4.946921, 40.087536 ], [ -4.958615, 40.086523 ], [ -4.970324, 40.086031 ], [ -4.982023, 40.085202 ], [ -4.99372, 40.084311 ], [ -5.005415, 40.083353 ], [ -5.017107, 40.08232 ], [ -5.028796, 40.081216 ], [ -5.040482, 40.079999 ], [ -5.052164, 40.078666 ], [ -5.063842, 40.077199 ], [ -5.066322, 40.076951 ], [ -5.075534, 40.076255 ], [ -5.087228, 40.07534 ], [ -5.098919, 40.074369 ], [ -5.110607, 40.073315 ], [ -5.122292, 40.072165 ], [ -5.133974, 40.07091 ], [ -5.145651, 40.069534 ], [ -5.157323, 40.068018 ], [ -5.168988, 40.066313 ], [ -5.171541, 40.066018 ], [ -5.180673, 40.06522 ], [ -5.192358, 40.064159 ], [ -5.20404, 40.063004 ], [ -5.215718, 40.061737 ], [ -5.227391, 40.06035 ], [ -5.239059, 40.058806 ], [ -5.25072, 40.057076 ], [ -5.261867, 40.05528 ], [ -5.262376, 40.055219 ], [ -5.274057, 40.054099 ], [ -5.285733, 40.052886 ], [ -5.297405, 40.051549 ], [ -5.309072, 40.050061 ], [ -5.320732, 40.048393 ], [ -5.332384, 40.046512 ], [ -5.342958, 40.04466 ], [ -5.344031, 40.044519 ], [ -5.355705, 40.043303 ], [ -5.367373, 40.041955 ], [ -5.379036, 40.04045 ], [ -5.390692, 40.03876 ], [ -5.402339, 40.036843 ], [ -5.413975, 40.034635 ], [ -5.417217, 40.034126 ], [ -5.425635, 40.033126 ], [ -5.437298, 40.031704 ], [ -5.448954, 40.030111 ], [ -5.460602, 40.028318 ], [ -5.472227, 40.025901 ], [ -5.483868, 40.023933 ], [ -5.485501, 40.023672 ], [ -5.495526, 40.022464 ], [ -5.507182, 40.020955 ], [ -5.518831, 40.019259 ], [ -5.530471, 40.017335 ], [ -5.542099, 40.015112 ], [ -5.551567, 40.013228 ], [ -5.553726, 40.0129 ], [ -5.565381, 40.011424 ], [ -5.577028, 40.009768 ], [ -5.588666, 40.007893 ], [ -5.600291, 40.005676 ], [ -5.611907, 40.003246 ], [ -5.614332, 40.00282 ], [ -5.623551, 40.001584 ], [ -5.635195, 39.99993 ], [ -5.64683, 39.998056 ], [ -5.65845, 39.99582 ], [ -5.670063, 39.993404 ], [ -5.675114, 39.992424 ], [ -5.681692, 39.99145 ], [ -5.693332, 39.989762 ], [ -5.704962, 39.987845 ], [ -5.716579, 39.985637 ], [ -5.728181, 39.983043 ], [ -5.733073, 39.982064 ], [ -5.739805, 39.981028 ], [ -5.751438, 39.979261 ], [ -5.76306, 39.977246 ], [ -5.774669, 39.974911 ], [ -5.786259, 39.972147 ], [ -5.788354, 39.971738 ], [ -5.797886, 39.970293 ], [ -5.80951, 39.968395 ], [ -5.821122, 39.966213 ], [ -5.832718, 39.963673 ], [ -5.842222, 39.961421 ], [ -5.84431, 39.961035 ], [ -5.855934, 39.959209 ], [ -5.867547, 39.957121 ], [ -5.879145, 39.954701 ], [ -5.890724, 39.95185 ], [ -5.894044, 39.951131 ], [ -5.902333, 39.949724 ], [ -5.913944, 39.947674 ], [ -5.925541, 39.945311 ], [ -5.93712, 39.942545 ], [ -5.944217, 39.940859 ], [ -5.948708, 39.939993 ], [ -5.960316, 39.937943 ], [ -5.97191, 39.935581 ], [ -5.983486, 39.932827 ], [ -5.992266, 39.93062 ], [ -5.99506, 39.930056 ], [ -6.006656, 39.927797 ], [ -6.018251, 39.925543 ], [ -6.029822, 39.922738 ], [ -6.038851, 39.9204 ], [ -6.041388, 39.919868 ], [ -6.052985, 39.917704 ], [ -6.064551, 39.914872 ], [ -6.076122, 39.912167 ], [ -6.083727, 39.910207 ], [ -6.087686, 39.909323 ], [ -6.09926, 39.906734 ], [ -6.110823, 39.903914 ], [ -6.122385, 39.901109 ], [ -6.126861, 39.900044 ], [ -6.13395, 39.898371 ], [ -6.145513, 39.895619 ], [ -6.157074, 39.892835 ], [ -6.168632, 39.890017 ], [ -6.169158, 39.889887 ], [ -6.18019, 39.887197 ], [ -6.191745, 39.884351 ], [ -6.203297, 39.881474 ], [ -6.210139, 39.879752 ], [ -6.214848, 39.878575 ], [ -6.226397, 39.875663 ], [ -6.237943, 39.872719 ], [ -6.249487, 39.869741 ], [ -6.249889, 39.869637 ], [ -6.26103, 39.86676 ], [ -6.27257, 39.863744 ], [ -6.284107, 39.860695 ], [ -6.288433, 39.859542 ], [ -6.295643, 39.857631 ], [ -6.307176, 39.854545 ], [ -6.318707, 39.851424 ], [ -6.325864, 39.849467 ], [ -6.330236, 39.848278 ], [ -6.341762, 39.845116 ], [ -6.353286, 39.841918 ], [ -6.362219, 39.839411 ], [ -6.364807, 39.838688 ], [ -6.376329, 39.835491 ], [ -6.38785, 39.832297 ], [ -6.397717, 39.829369 ], [ -6.39936, 39.828914 ], [ -6.410889, 39.825934 ], [ -6.42239, 39.822409 ], [ -6.432234, 39.819345 ], [ -6.433889, 39.818867 ], [ -6.445413, 39.81583 ], [ -6.45691, 39.812298 ], [ -6.465706, 39.809342 ], [ -6.468395, 39.808552 ], [ -6.479907, 39.805369 ], [ -6.491392, 39.801665 ], [ -6.498298, 39.799356 ], [ -6.502879, 39.798009 ], [ -6.514365, 39.794376 ], [ -6.525847, 39.79069 ], [ -6.529755, 39.789395 ], [ -6.537337, 39.787174 ], [ -6.54882, 39.783565 ], [ -6.559998, 39.779464 ], [ -6.560273, 39.779374 ], [ -6.571767, 39.776011 ], [ -6.583231, 39.772098 ], [ -6.590411, 39.769519 ], [ -6.594692, 39.768148 ], [ -6.606165, 39.764467 ], [ -6.617605, 39.760168 ], [ -6.619182, 39.759618 ], [ -6.629079, 39.756531 ], [ -6.640529, 39.75247 ], [ -6.647837, 39.749713 ], [ -6.651972, 39.748313 ], [ -6.663429, 39.74444 ], [ -6.674848, 39.739875 ], [ -6.674911, 39.739852 ], [ -6.68631, 39.73614 ], [ -6.697735, 39.731744 ], [ -6.702337, 39.729973 ], [ -6.709172, 39.7276 ], [ -6.720601, 39.723339 ], [ -6.728513, 39.720127 ], [ -6.732017, 39.718843 ], [ -6.743449, 39.714683 ], [ -6.753774, 39.710306 ], [ -6.754845, 39.709894 ], [ -6.766276, 39.705753 ], [ -6.777664, 39.700863 ], [ -6.778584, 39.700494 ], [ -6.789089, 39.696687 ], [ -6.800473, 39.69178 ], [ -6.803102, 39.690686 ], [ -6.811883, 39.687384 ], [ -6.823263, 39.68245 ], [ -6.826872, 39.680898 ], [ -6.83466, 39.67787 ], [ -6.846032, 39.672869 ], [ -6.849996, 39.671126 ], [ -6.857419, 39.66816 ], [ -6.868781, 39.663033 ], [ -6.872455, 39.661372 ], [ -6.880157, 39.658189 ], [ -6.891509, 39.652934 ], [ -6.894347, 39.651633 ], [ -6.902882, 39.6481 ], [ -6.914212, 39.64252 ], [ -6.915527, 39.641914 ], [ -6.925584, 39.637711 ], [ -6.936321, 39.632204 ], [ -6.936899, 39.631934 ], [ -6.948261, 39.62702 ], [ -6.957055, 39.622492 ], [ -6.959577, 39.621316 ], [ -6.970914, 39.616021 ], [ -6.97712, 39.6128 ], [ -6.982231, 39.610408 ], [ -6.993531, 39.604534 ], [ -6.996218, 39.603137 ], [ -7.004854, 39.599078 ], [ -7.014794, 39.59349 ], [ -7.016128, 39.592815 ], [ -7.027459, 39.587573 ], [ -7.034591, 39.583797 ], [ -7.03876, 39.581841 ], [ -7.050072, 39.576319 ], [ -7.05454, 39.574096 ], [ -7.061399, 39.571099 ], [ -7.072696, 39.565391 ], [ -7.074834, 39.564379 ], [ -7.084032, 39.560384 ], [ -7.095336, 39.554856 ], [ -7.095832, 39.554634 ], [ -7.106706, 39.550469 ], [ -7.117959, 39.544845 ], [ -7.118, 39.544828 ], [ -7.129384, 39.540731 ], [ -7.14069, 39.535362 ], [ -7.141576, 39.534999 ], [ -7.152077, 39.531371 ], [ -7.163408, 39.526465 ], [ -7.166794, 39.525091 ], [ -7.174787, 39.52238 ], [ -7.186151, 39.518065 ], [ -7.193355, 39.515128 ], [ -7.197511, 39.513719 ], [ -7.208905, 39.509965 ], [ -7.220255, 39.50549 ], [ -7.221392, 39.505106 ], [ -7.231679, 39.502269 ], [ -7.243079, 39.498665 ], [ -7.253257, 39.494937 ], [ -7.254449, 39.494579 ], [ -7.265934, 39.492417 ], [ -7.277528, 39.49203 ], [ -7.288766, 39.485852 ], [ -7.296861, 39.484326 ], [ -7.300269, 39.484018 ], [ -7.311828, 39.483097 ], [ -7.323346, 39.481511 ], [ -7.334703, 39.477346 ], [ -7.345233, 39.473519 ], [ -7.346074, 39.47343 ], [ -7.357646, 39.472764 ], [ -7.36922, 39.472112 ], [ -7.380774, 39.47116 ], [ -7.392316, 39.47003 ], [ -7.403799, 39.467948 ], [ -7.415398, 39.467732 ], [ -7.426982, 39.467272 ], [ -7.438559, 39.466698 ], [ -7.450192, 39.467025 ], [ -7.461806, 39.467038 ], [ -7.473434, 39.467275 ], [ -7.485069, 39.467616 ], [ -7.496678, 39.467555 ], [ -7.49807, 39.467697 ], [ -7.508428, 39.46968 ], [ -7.52014, 39.471203 ], [ -7.531948, 39.474193 ], [ -7.536341, 39.475212 ], [ -7.54374, 39.476921 ], [ -7.555634, 39.481198 ], [ -7.56222, 39.483202 ], [ -7.567526, 39.485428 ], [ -7.579449, 39.490104 ], [ -7.582438, 39.49141 ], [ -7.591467, 39.49619 ], [ -7.599063, 39.499757 ], [ -7.603512, 39.502666 ], [ -7.614151, 39.508162 ], [ -7.615527, 39.508642 ], [ -7.627576, 39.516632 ], [ -7.627691, 39.51684 ], [ -7.637653, 39.525234 ], [ -7.640042, 39.527782 ], [ -7.645339, 39.533931 ], [ -7.652485, 39.540054 ], [ -7.654579, 39.542566 ], [ -7.664836, 39.550878 ], [ -7.66507, 39.551149 ], [ -7.670315, 39.559942 ], [ -7.677488, 39.566122 ], [ -7.678694, 39.568609 ], [ -7.689856, 39.577063 ], [ -7.689931, 39.577159 ], [ -7.691622, 39.586095 ], [ -7.70135, 39.594705 ], [ -7.702872, 39.597511 ], [ -7.703934, 39.603605 ], [ -7.711641, 39.612296 ], [ -7.716039, 39.620053 ], [ -7.71649, 39.621103 ], [ -7.722862, 39.629848 ], [ -7.7288, 39.636528 ], [ -7.730215, 39.638553 ], [ -7.735745, 39.647331 ], [ -7.741701, 39.654937 ], [ -7.742491, 39.656059 ], [ -7.74856, 39.664815 ], [ -7.754542, 39.672372 ], [ -7.755438, 39.673537 ], [ -7.762207, 39.682263 ], [ -7.767304, 39.68856 ], [ -7.769269, 39.690977 ], [ -7.776466, 39.699685 ], [ -7.780018, 39.703956 ], [ -7.783845, 39.708384 ], [ -7.791352, 39.717078 ], [ -7.792685, 39.718586 ], [ -7.799322, 39.725752 ], [ -7.805288, 39.73223 ], [ -7.807378, 39.734422 ], [ -7.81574, 39.743079 ], [ -7.817852, 39.745232 ], [ -7.824606, 39.751714 ], [ -7.830369, 39.757497 ], [ -7.83351, 39.760347 ], [ -7.8423, 39.768983 ], [ -7.842873, 39.769496 ], [ -7.852265, 39.77757 ], [ -7.855296, 39.780295 ], [ -7.862278, 39.786154 ], [ -7.867709, 39.790889 ], [ -7.872423, 39.794731 ], [ -7.880104, 39.801174 ], [ -7.882796, 39.803298 ], [ -7.892477, 39.811101 ], [ -7.893487, 39.81185 ], [ -7.904661, 39.820381 ], [ -7.904816, 39.820495 ], [ -7.916625, 39.828877 ], [ -7.917111, 39.829219 ], [ -7.928929, 39.837358 ], [ -7.929389, 39.837667 ], [ -7.941617, 39.84582 ], [ -7.94165, 39.845842 ], [ -7.953861, 39.853262 ], [ -7.955443, 39.854233 ], [ -7.966048, 39.860327 ], [ -7.969928, 39.862615 ], [ -7.978222, 39.867176 ], [ -7.984828, 39.870978 ], [ -7.99039, 39.873913 ], [ -8.000007, 39.879326 ], [ -8.002559, 39.880626 ], [ -8.014727, 39.887284 ], [ -8.015514, 39.887659 ], [ -8.026792, 39.892506 ], [ -8.033521, 39.89588 ], [ -8.038894, 39.89821 ], [ -8.050573, 39.90414 ], [ -8.051029, 39.904344 ], [ -8.063039, 39.908733 ], [ -8.070768, 39.91226 ], [ -8.075114, 39.913992 ], [ -8.087168, 39.918947 ], [ -8.090822, 39.920382 ], [ -8.099165, 39.923114 ], [ -8.111235, 39.928234 ], [ -8.111876, 39.928457 ], [ -8.123195, 39.931858 ], [ -8.135226, 39.936408 ], [ -8.135275, 39.936423 ], [ -8.147186, 39.940003 ], [ -8.159161, 39.94377 ], [ -8.160931, 39.944284 ], [ -8.171106, 39.947127 ], [ -8.183049, 39.950443 ], [ -8.18898, 39.952032 ], [ -8.194981, 39.953593 ], [ -8.206896, 39.956514 ], [ -8.218812, 39.959434 ], [ -8.219767, 39.959649 ], [ -8.230703, 39.962013 ], [ -8.24259, 39.964521 ], [ -8.254478, 39.967032 ], [ -8.254671, 39.96707 ], [ -8.266343, 39.969244 ], [ -8.27821, 39.971463 ], [ -8.29008, 39.973722 ], [ -8.293362, 39.974308 ], [ -8.301935, 39.97577 ], [ -8.313785, 39.977742 ], [ -8.325636, 39.979718 ], [ -8.335578, 39.981369 ], [ -8.337486, 39.981678 ], [ -8.349326, 39.983495 ], [ -8.361161, 39.985246 ], [ -8.372991, 39.986922 ], [ -8.382366, 39.988202 ], [ -8.384816, 39.988538 ], [ -8.396638, 39.990098 ], [ -8.408453, 39.991562 ], [ -8.420262, 39.99295 ], [ -8.432075, 39.994387 ], [ -8.435097, 39.994737 ], [ -8.44388, 39.995716 ], [ -8.455684, 39.997016 ], [ -8.467481, 39.998236 ], [ -8.479275, 39.999403 ], [ -8.491063, 40.000503 ], [ -8.495359, 40.000889 ], [ -8.502846, 40.001524 ], [ -8.514625, 40.002508 ], [ -8.526409, 40.003531 ], [ -8.538188, 40.004504 ], [ -8.54996, 40.005382 ], [ -8.561729, 40.006216 ], [ -8.566108, 40.006504 ], [ -8.573492, 40.00698 ], [ -8.585247, 40.007633 ], [ -8.597001, 40.008284 ], [ -8.608756, 40.008932 ], [ -8.62051, 40.009575 ], [ -8.632262, 40.010188 ], [ -8.644014, 40.0108 ], [ -8.653533, 40.011261 ], [ -8.655762, 40.011355 ], [ -8.667495, 40.011736 ], [ -8.679228, 40.012118 ], [ -8.69096, 40.012478 ], [ -8.702689, 40.012811 ], [ -8.714418, 40.013134 ], [ -8.726145, 40.013431 ], [ -8.737869, 40.013698 ], [ -8.749593, 40.013963 ], [ -8.761315, 40.014212 ], [ -8.771822, 40.014412 ], [ -8.773035, 40.014428 ], [ -8.784742, 40.014487 ], [ -8.796447, 40.014522 ], [ -8.80815, 40.014542 ], [ -8.819851, 40.014535 ], [ -8.831549, 40.01449 ], [ -8.843246, 40.014437 ], [ -8.854941, 40.014365 ], [ -8.866637, 40.014299 ], [ -8.878328, 40.014186 ], [ -8.890017, 40.01404 ], [ -8.901704, 40.013878 ], [ -8.913389, 40.013685 ], [ -8.925072, 40.013486 ], [ -8.93675, 40.013219 ], [ -8.948429, 40.012959 ], [ -8.960105, 40.012677 ], [ -8.971779, 40.012377 ], [ -8.98345, 40.012037 ], [ -8.995119, 40.011678 ], [ -9.006785, 40.01129 ], [ -9.015875, 40.010957 ], [ -9.018448, 40.010862 ], [ -9.030108, 40.010403 ], [ -9.041765, 40.009919 ], [ -9.05342, 40.009412 ], [ -9.065072, 40.008878 ], [ -9.076721, 40.008305 ], [ -9.088367, 40.007707 ], [ -9.100011, 40.007091 ], [ -9.111655, 40.006468 ], [ -9.123297, 40.005828 ], [ -9.134936, 40.005165 ], [ -9.146574, 40.004487 ], [ -9.15821, 40.003791 ], [ -9.169844, 40.003081 ], [ -9.181477, 40.002362 ], [ -9.193108, 40.001618 ], [ -9.195085, 40.00148 ], [ -9.20473, 40.000784 ], [ -9.216344, 39.999866 ], [ -9.227953, 39.998892 ], [ -9.239554, 39.997834 ], [ -9.251151, 39.996748 ], [ -9.262742, 39.995596 ], [ -9.274329, 39.994393 ], [ -9.285913, 39.99318 ], [ -9.297489, 39.991877 ], [ -9.309059, 39.990511 ], [ -9.320632, 39.989189 ], [ -9.332195, 39.987755 ], [ -9.343757, 39.986321 ], [ -9.355308, 39.984778 ], [ -9.366859, 39.983244 ], [ -9.368056, 39.983068 ], [ -9.378383, 39.981419 ], [ -9.389903, 39.979559 ], [ -9.401419, 39.977669 ], [ -9.412937, 39.975802 ], [ -9.424448, 39.97388 ], [ -9.435958, 39.97194 ], [ -9.447466, 39.969996 ], [ -9.450107, 39.969513 ], [ -9.458947, 39.967767 ], [ -9.470418, 39.965442 ], [ -9.481889, 39.963129 ], [ -9.493361, 39.960826 ], [ -9.504832, 39.95853 ], [ -9.512134, 39.95703 ], [ -9.516289, 39.956096 ], [ -9.52772, 39.953395 ], [ -9.539153, 39.950723 ], [ -9.550592, 39.948124 ], [ -9.562031, 39.945534 ], [ -9.563759, 39.945107 ], [ -9.573431, 39.942554 ], [ -9.584833, 39.939605 ], [ -9.596237, 39.936684 ], [ -9.607644, 39.933798 ], [ -9.608573, 39.933551 ], [ -9.619013, 39.930536 ], [ -9.630383, 39.927296 ], [ -9.641754, 39.924085 ], [ -9.64821, 39.922276 ], [ -9.653117, 39.920788 ], [ -9.664453, 39.917233 ], [ -9.6758, 39.913811 ], [ -9.684535, 39.911179 ], [ -9.687143, 39.910344 ], [ -9.698449, 39.906526 ], [ -9.709772, 39.902883 ], [ -9.717845, 39.900247 ], [ -9.721083, 39.899137 ], [ -9.732364, 39.895098 ], [ -9.743661, 39.891232 ], [ -9.748711, 39.889448 ], [ -9.754935, 39.887153 ], [ -9.766195, 39.882944 ], [ -9.777469, 39.878889 ], [ -9.777853, 39.878742 ], [ -9.788701, 39.874417 ], [ -9.799947, 39.870104 ], [ -9.804922, 39.868151 ], [ -9.811173, 39.865609 ], [ -9.822385, 39.860988 ], [ -9.830713, 39.85763 ], [ -9.8336, 39.856417 ], [ -9.84479, 39.851599 ], [ -9.855237, 39.847178 ], [ -9.855985, 39.846852 ], [ -9.867155, 39.841871 ], [ -9.878324, 39.836896 ], [ -9.878556, 39.836793 ], [ -9.889473, 39.831738 ], [ -9.900618, 39.82656 ], [ -9.900816, 39.826466 ], [ -9.911744, 39.821209 ], [ -9.922169, 39.81619 ], [ -9.922867, 39.815848 ], [ -9.933976, 39.810361 ], [ -9.942669, 39.805961 ], [ -9.94507, 39.804745 ], [ -9.956155, 39.799053 ], [ -9.962378, 39.795777 ], [ -9.967224, 39.793231 ], [ -9.978284, 39.787326 ], [ -9.981404, 39.78563 ], [ -9.989331, 39.781326 ], [ -9.999744, 39.775522 ], [ -10.000362, 39.775177 ], [ -10.011386, 39.76898 ], [ -10.017527, 39.765445 ], [ -10.022393, 39.76264 ], [ -10.033386, 39.756182 ], [ -10.034696, 39.755403 ], [ -10.04437, 39.749655 ], [ -10.051392, 39.745387 ], [ -10.055335, 39.742969 ], [ -10.066289, 39.736189 ], [ -10.067543, 39.735403 ], [ -10.07723, 39.729302 ], [ -10.08327, 39.725442 ], [ -10.088156, 39.722299 ], [ -10.098555, 39.715506 ], [ -10.099068, 39.715169 ], [ -10.109966, 39.707933 ], [ -10.11344, 39.705593 ], [ -10.120849, 39.700572 ], [ -10.127937, 39.695703 ], [ -10.131717, 39.693088 ], [ -10.142067, 39.685833 ], [ -10.14257, 39.685478 ], [ -10.153407, 39.677747 ], [ -10.155852, 39.675982 ], [ -10.164229, 39.669885 ], [ -10.1693, 39.666152 ], [ -10.175035, 39.661889 ], [ -10.182455, 39.656338 ], [ -10.185827, 39.653794 ], [ -10.195352, 39.646538 ], [ -10.196605, 39.645577 ], [ -10.207367, 39.637239 ], [ -10.207987, 39.636754 ], [ -10.218113, 39.628769 ], [ -10.220356, 39.626985 ], [ -10.228844, 39.62018 ], [ -10.232496, 39.617229 ], [ -10.23956, 39.611472 ], [ -10.244407, 39.607486 ], [ -10.25026, 39.602636 ], [ -10.256107, 39.597755 ], [ -10.260945, 39.593681 ], [ -10.26759, 39.588037 ], [ -10.271613, 39.58459 ], [ -10.278875, 39.578331 ], [ -10.282266, 39.575384 ], [ -10.28997, 39.568635 ], [ -10.292902, 39.566046 ], [ -10.300882, 39.55895 ], [ -10.303523, 39.556583 ], [ -10.311613, 39.549275 ], [ -10.314126, 39.546987 ], [ -10.322174, 39.53961 ], [ -10.324714, 39.537264 ], [ -10.332565, 39.529955 ], [ -10.335284, 39.527405 ], [ -10.342796, 39.52031 ], [ -10.345837, 39.517415 ], [ -10.352874, 39.510673 ], [ -10.356374, 39.507292 ], [ -10.362797, 39.501045 ], [ -10.366892, 39.497029 ], [ -10.372583, 39.491426 ], [ -10.377395, 39.486646 ], [ -10.382226, 39.481814 ], [ -10.38788, 39.476118 ], [ -10.391743, 39.47221 ], [ -10.398347, 39.465462 ], [ -10.401117, 39.462615 ], [ -10.408797, 39.454659 ], [ -10.410361, 39.453027 ], [ -10.419228, 39.443719 ], [ -10.419488, 39.443446 ], [ -10.428495, 39.433872 ], [ -10.429642, 39.432643 ], [ -10.437395, 39.424304 ], [ -10.440038, 39.421431 ], [ -10.446168, 39.414744 ], [ -10.450415, 39.410069 ], [ -10.454829, 39.405191 ], [ -10.460773, 39.398561 ], [ -10.463381, 39.395644 ], [ -10.471112, 39.386906 ], [ -10.471819, 39.386103 ], [ -10.48017, 39.376568 ], [ -10.481433, 39.375115 ], [ -10.488443, 39.367037 ], [ -10.491737, 39.363194 ], [ -10.496594, 39.357514 ], [ -10.502019, 39.3511 ], [ -10.504651, 39.347996 ], [ -10.512281, 39.33885 ], [ -10.512584, 39.338486 ], [ -10.520483, 39.328978 ], [ -10.522528, 39.326487 ], [ -10.528297, 39.319474 ], [ -10.532754, 39.313967 ], [ -10.535986, 39.309979 ], [ -10.542955, 39.30125 ], [ -10.543562, 39.30049 ], [ -10.551112, 39.291003 ], [ -10.553143, 39.288439 ], [ -10.558603, 39.281519 ], [ -10.563308, 39.275451 ], [ -10.565958, 39.272043 ], [ -10.573211, 39.262574 ], [ -10.573448, 39.262263 ], [ -10.580483, 39.253103 ], [ -10.583577, 39.249 ], [ -10.587631, 39.243639 ], [ -10.593677, 39.235509 ], [ -10.594673, 39.234183 ], [ -10.601701, 39.224727 ], [ -10.603762, 39.221916 ], [ -10.608656, 39.215275 ], [ -10.613822, 39.208123 ], [ -10.615497, 39.205831 ], [ -10.622296, 39.196389 ], [ -10.623864, 39.194189 ], [ -10.629066, 39.186948 ], [ -10.633883, 39.180084 ], [ -10.635707, 39.177516 ], [ -10.642309, 39.168086 ], [ -10.643881, 39.165818 ], [ -10.648896, 39.158656 ], [ -10.653855, 39.151376 ], [ -10.655334, 39.149236 ], [ -10.661776, 39.139816 ], [ -10.663812, 39.136796 ], [ -10.668172, 39.130398 ], [ -10.673738, 39.12198 ], [ -10.674403, 39.120991 ], [ -10.680724, 39.111578 ], [ -10.683654, 39.107098 ], [ -10.68692, 39.102173 ], [ -10.692985, 39.092776 ], [ -10.693534, 39.091926 ], [ -10.699165, 39.083371 ], [ -10.703403, 39.076687 ], [ -10.705146, 39.073979 ], [ -10.711143, 39.064586 ], [ -10.713245, 39.06124 ], [ -10.717112, 39.055195 ], [ -10.722883, 39.045816 ], [ -10.723056, 39.045538 ], [ -10.728825, 39.036426 ], [ -10.732856, 39.02978 ], [ -10.734549, 39.02705 ], [ -10.740316, 39.017671 ], [ -10.742631, 39.013823 ], [ -10.746021, 39.008296 ], [ -10.751584, 38.998931 ], [ -10.752373, 38.997604 ], [ -10.757268, 38.989557 ], [ -10.762096, 38.981243 ], [ -10.762715, 38.980198 ], [ -10.768313, 38.970829 ], [ -10.771801, 38.964763 ], [ -10.773736, 38.961472 ], [ -10.77917, 38.952114 ], [ -10.781478, 38.948059 ], [ -10.78456, 38.942759 ], [ -10.789841, 38.93341 ], [ -10.791126, 38.931129 ], [ -10.795202, 38.924057 ], [ -10.800345, 38.914717 ], [ -10.800747, 38.913996 ], [ -10.805666, 38.905366 ], [ -10.810347, 38.896707 ], [ -10.810722, 38.896032 ], [ -10.815961, 38.886686 ], [ -10.819927, 38.879271 ], [ -10.820975, 38.877354 ], [ -10.826101, 38.868015 ], [ -10.82948, 38.861626 ], [ -10.83107, 38.858686 ], [ -10.83609, 38.849354 ], [ -10.839005, 38.843773 ], [ -10.841007, 38.840029 ], [ -10.845933, 38.830703 ], [ -10.848504, 38.82571 ], [ -10.850787, 38.821381 ], [ -10.855624, 38.812061 ], [ -10.857975, 38.807447 ], [ -10.860424, 38.802742 ], [ -10.865193, 38.793426 ], [ -10.867423, 38.789002 ], [ -10.869941, 38.784111 ], [ -10.874655, 38.774799 ], [ -10.876849, 38.770403 ], [ -10.879353, 38.765487 ], [ -10.884015, 38.756177 ], [ -10.886251, 38.751621 ], [ -10.888635, 38.746871 ], [ -10.893244, 38.737564 ], [ -10.89563, 38.73267 ], [ -10.897816, 38.728261 ], [ -10.902368, 38.718958 ], [ -10.904983, 38.71352 ], [ -10.90687, 38.709659 ], [ -10.911379, 38.700359 ], [ -10.91431, 38.694177 ], [ -10.915808, 38.691065 ], [ -10.920258, 38.681769 ], [ -10.923606, 38.674598 ], [ -10.92461, 38.672479 ], [ -10.929016, 38.663186 ], [ -10.932874, 38.654799 ], [ -10.933291, 38.653901 ], [ -10.937621, 38.644613 ], [ -10.941851, 38.635331 ], [ -10.942111, 38.634763 ], [ -10.946121, 38.626047 ], [ -10.950293, 38.616769 ], [ -10.951316, 38.614484 ], [ -10.95447, 38.607491 ], [ -10.958596, 38.598216 ], [ -10.960487, 38.593932 ], [ -10.96269, 38.588943 ], [ -10.966734, 38.579674 ], [ -10.969617, 38.573046 ], [ -10.970763, 38.570405 ], [ -10.974752, 38.561139 ], [ -10.978707, 38.551876 ], [ -10.97871, 38.55187 ], [ -10.982612, 38.542616 ], [ -10.986502, 38.533356 ], [ -10.987759, 38.530339 ], [ -10.990328, 38.524101 ], [ -10.994128, 38.514848 ], [ -10.99676, 38.508423 ], [ -10.997906, 38.505596 ], [ -11.001614, 38.496349 ], [ -11.005323, 38.487102 ], [ -11.005714, 38.486116 ], [ -11.008916, 38.477862 ], [ -11.012537, 38.468621 ], [ -11.014608, 38.463316 ], [ -11.016102, 38.459384 ], [ -11.019588, 38.450151 ], [ -11.023144, 38.440914 ], [ -11.023451, 38.440094 ], [ -11.026491, 38.431692 ], [ -11.029896, 38.422465 ], [ -11.032216, 38.416218 ], [ -11.033285, 38.413239 ], [ -11.036545, 38.404022 ], [ -11.039827, 38.394804 ], [ -11.04091, 38.391747 ], [ -11.042991, 38.385594 ], [ -11.04612, 38.376386 ], [ -11.049372, 38.367169 ], [ -11.049534, 38.366686 ], [ -11.052298, 38.357975 ], [ -11.055318, 38.348775 ], [ -11.058049, 38.340693 ], [ -11.058406, 38.33957 ], [ -11.061166, 38.330387 ], [ -11.064058, 38.321195 ], [ -11.066454, 38.313744 ], [ -11.066974, 38.312002 ], [ -11.069565, 38.302831 ], [ -11.0723, 38.29365 ], [ -11.074737, 38.285751 ], [ -11.075103, 38.284464 ], [ -11.077512, 38.275306 ], [ -11.080056, 38.266138 ], [ -11.082728, 38.256961 ], [ -11.082868, 38.256437 ], [ -11.084953, 38.247816 ], [ -11.087258, 38.238664 ], [ -11.089686, 38.229505 ], [ -11.090783, 38.225226 ], [ -11.091907, 38.220359 ], [ -11.09394, 38.211227 ], [ -11.09608, 38.202087 ], [ -11.098331, 38.19294 ], [ -11.098491, 38.192203 ], [ -11.100111, 38.183825 ], [ -11.101929, 38.174707 ], [ -11.103823, 38.165584 ], [ -11.105794, 38.156456 ], [ -11.105855, 38.156129 ], [ -11.107286, 38.147362 ], [ -11.108801, 38.138265 ], [ -11.110361, 38.129166 ], [ -11.111964, 38.120063 ], [ -11.112706, 38.115492 ], [ -11.11334, 38.110977 ], [ -11.114491, 38.101906 ], [ -11.11565, 38.092834 ], [ -11.11681, 38.083762 ], [ -11.117959, 38.074691 ], [ -11.118771, 38.067821 ], [ -11.118989, 38.065629 ], [ -11.119705, 38.056588 ], [ -11.12038, 38.04755 ], [ -11.12103, 38.038514 ], [ -11.121606, 38.029483 ], [ -11.122125, 38.020456 ], [ -11.122553, 38.011436 ], [ -11.122888, 38.002648 ], [ -11.122895, 38.002421 ], [ -11.122942, 37.993427 ], [ -11.122893, 37.98444 ], [ -11.122764, 37.975458 ], [ -11.122515, 37.966485 ], [ -11.12219, 37.957516 ], [ -11.121707, 37.948559 ], [ -11.12112, 37.939609 ], [ -11.120331, 37.930674 ], [ -11.119444, 37.921744 ], [ -11.118918, 37.91279 ], [ -11.120973, 37.903657 ], [ -11.121335, 37.894641 ], [ -11.120768, 37.88569 ], [ -11.120098, 37.876746 ], [ -11.119114, 37.867823 ], [ -11.118227, 37.858894 ], [ -11.117273, 37.84997 ], [ -11.116299, 37.841047 ], [ -11.116289, 37.840544 ], [ -11.119574, 37.831829 ], [ -11.121843, 37.822681 ], [ -11.122558, 37.813641 ], [ -11.11593, 37.80511 ], [ -11.122637, 37.795654 ], [ -11.110447, 37.787522 ], [ -11.110444, 37.78751 ], [ -11.109461, 37.778587 ], [ -11.108476, 37.769665 ], [ -11.096269, 37.761525 ], [ -11.096266, 37.76152 ], [ -11.095287, 37.752597 ], [ -11.094251, 37.743678 ], [ -11.082107, 37.735574 ], [ -11.082101, 37.735526 ], [ -11.081123, 37.726603 ], [ -11.068922, 37.718456 ], [ -11.068921, 37.718454 ], [ -11.067946, 37.709531 ], [ -11.066969, 37.700607 ], [ -11.054776, 37.69246 ], [ -11.054775, 37.692456 ], [ -11.053803, 37.683532 ], [ -11.04161, 37.67538 ], [ -11.04161, 37.675379 ], [ -11.04064, 37.666455 ], [ -11.03967, 37.65753 ], [ -11.027484, 37.649377 ], [ -11.027484, 37.649375 ], [ -11.026517, 37.640451 ], [ -11.025477, 37.631531 ], [ -11.013376, 37.623428 ], [ -11.013369, 37.623369 ], [ -11.012404, 37.614444 ], [ -11.000228, 37.606285 ], [ -11.000228, 37.606284 ], [ -10.999266, 37.597359 ], [ -10.998298, 37.588434 ], [ -10.986134, 37.580278 ], [ -10.986133, 37.580273 ], [ -10.985173, 37.571347 ], [ -10.973008, 37.563185 ], [ -10.973007, 37.563184 ], [ -10.97205, 37.554258 ], [ -10.971091, 37.545332 ], [ -10.958933, 37.537169 ], [ -10.958932, 37.537167 ], [ -10.957977, 37.52824 ], [ -10.956921, 37.519321 ], [ -10.944878, 37.511229 ], [ -10.944869, 37.511147 ], [ -10.943915, 37.50222 ], [ -10.931767, 37.494052 ], [ -10.931766, 37.494051 ], [ -10.930816, 37.485124 ], [ -10.929857, 37.476198 ], [ -10.917724, 37.468034 ], [ -10.917722, 37.468026 ], [ -10.916773, 37.459098 ], [ -10.904636, 37.450927 ], [ -10.904634, 37.450925 ], [ -10.903688, 37.441998 ], [ -10.902739, 37.43307 ], [ -10.890613, 37.4249 ], [ -10.890607, 37.424895 ], [ -10.889662, 37.415967 ], [ -10.878786, 37.407706 ], [ -10.877489, 37.407302 ], [ -10.866955, 37.399507 ], [ -10.865358, 37.399091 ], [ -10.854871, 37.391324 ], [ -10.853166, 37.390257 ], [ -10.841182, 37.383387 ], [ -10.840985, 37.38326 ], [ -10.829091, 37.375479 ], [ -10.828497, 37.375101 ], [ -10.816952, 37.367076 ], [ -10.81669, 37.366896 ], [ -10.805583, 37.358642 ], [ -10.804757, 37.358112 ], [ -10.796654, 37.350243 ], [ -10.792332, 37.346903 ], [ -10.7873, 37.341871 ], [ -10.779761, 37.334252 ], [ -10.779016, 37.333428 ], [ -10.767587, 37.325386 ], [ -10.767398, 37.325204 ], [ -10.764038, 37.316435 ], [ -10.754964, 37.312149 ], [ -10.751529, 37.308268 ], [ -10.743941, 37.299776 ], [ -10.741731, 37.292954 ], [ -10.740951, 37.290981 ], [ -10.730337, 37.282687 ], [ -10.728937, 37.277953 ], [ -10.727918, 37.273854 ], [ -10.717669, 37.265535 ], [ -10.715672, 37.258305 ], [ -10.715203, 37.256704 ], [ -10.712128, 37.247914 ], [ -10.702528, 37.239756 ], [ -10.702437, 37.239557 ], [ -10.700754, 37.230675 ], [ -10.695909, 37.221999 ], [ -10.688706, 37.214505 ], [ -10.6884, 37.213498 ], [ -10.683973, 37.204795 ], [ -10.683676, 37.195822 ], [ -10.674764, 37.187961 ], [ -10.674572, 37.187424 ], [ -10.673495, 37.178502 ], [ -10.671902, 37.169614 ], [ -10.668537, 37.160841 ], [ -10.659968, 37.152898 ], [ -10.659819, 37.152416 ], [ -10.658826, 37.143488 ], [ -10.657623, 37.134574 ], [ -10.656169, 37.125676 ], [ -10.653692, 37.116845 ], [ -10.646077, 37.108347 ], [ -10.643713, 37.103241 ], [ -10.643218, 37.099541 ], [ -10.642318, 37.090607 ], [ -10.641203, 37.081687 ], [ -10.640289, 37.072754 ], [ -10.638913, 37.063851 ], [ -10.637655, 37.05494 ], [ -10.630233, 37.046429 ], [ -10.629339, 37.037494 ], [ -10.630663, 37.028416 ], [ -10.624137, 37.020294 ], [ -10.62406, 37.019851 ], [ -10.623135, 37.010919 ], [ -10.622187, 37.001988 ], [ -10.621326, 36.993051 ], [ -10.620437, 36.984117 ], [ -10.61948, 36.975186 ], [ -10.618617, 36.96625 ], [ -10.617738, 36.957314 ], [ -10.616772, 36.948385 ], [ -10.615918, 36.939447 ], [ -10.615066, 36.93051 ], [ -10.614092, 36.921581 ], [ -10.613246, 36.912643 ], [ -10.6124, 36.903706 ], [ -10.611458, 36.894774 ], [ -10.610618, 36.885836 ], [ -10.610604, 36.885209 ], [ -10.61563, 36.876521 ], [ -10.617116, 36.867433 ], [ -10.617257, 36.858432 ], [ -10.61103, 36.849842 ], [ -10.616504, 36.840497 ], [ -10.616003, 36.831537 ], [ -10.615283, 36.822591 ], [ -10.61448, 36.813651 ], [ -10.613694, 36.80471 ], [ -10.6137, 36.804106 ], [ -10.619225, 36.795362 ], [ -10.621402, 36.786229 ], [ -10.62156, 36.777227 ], [ -10.620961, 36.768274 ], [ -10.620326, 36.759323 ], [ -10.620343, 36.758601 ], [ -10.625611, 36.74999 ], [ -10.628525, 36.740811 ], [ -10.628448, 36.731824 ], [ -10.627901, 36.722867 ], [ -10.627935, 36.722656 ], [ -10.635714, 36.713372 ], [ -10.636659, 36.704319 ], [ -10.636223, 36.695355 ], [ -10.636334, 36.694883 ], [ -10.644278, 36.685844 ], [ -10.645338, 36.676783 ], [ -10.645437, 36.674216 ], [ -10.648765, 36.66757 ], [ -10.654337, 36.658219 ], [ -10.654091, 36.649243 ], [ -10.654104, 36.649218 ], [ -10.663525, 36.639641 ], [ -10.664006, 36.636652 ], [ -10.667806, 36.630373 ], [ -10.673124, 36.621037 ], [ -10.673521, 36.620244 ], [ -10.681601, 36.611496 ], [ -10.683183, 36.605343 ], [ -10.684924, 36.602289 ], [ -10.692666, 36.592795 ], [ -10.693031, 36.592342 ], [ -10.701302, 36.583243 ], [ -10.703073, 36.581304 ], [ -10.711146, 36.573612 ], [ -10.713233, 36.57148 ], [ -10.719136, 36.5641 ], [ -10.723269, 36.560435 ], [ -10.730623, 36.55436 ], [ -10.733562, 36.551983 ], [ -10.743338, 36.544539 ], [ -10.743914, 36.544149 ], [ -10.754349, 36.537152 ], [ -10.758286, 36.534571 ], [ -10.764838, 36.530716 ], [ -10.775073, 36.52448 ], [ -10.775331, 36.524337 ], [ -10.785924, 36.518963 ], [ -10.79626, 36.514098 ], [ -10.796553, 36.513969 ], [ -10.807353, 36.510669 ], [ -10.817951, 36.505394 ], [ -10.824826, 36.503226 ], [ -10.828785, 36.502455 ], [ -10.838655, 36.493322 ], [ -10.838971, 36.493136 ], [ -10.846286, 36.492817 ], [ -10.850134, 36.493468 ], [ -10.859479, 36.491943 ], [ -10.86107, 36.491566 ], [ -10.87161, 36.485787 ], [ -10.882454, 36.482998 ], [ -10.893404, 36.481255 ], [ -10.904419, 36.480153 ], [ -10.915376, 36.479235 ], [ -10.915451, 36.479228 ], [ -10.926496, 36.478435 ], [ -10.937536, 36.477585 ], [ -10.948571, 36.476699 ], [ -10.959624, 36.475985 ], [ -10.970669, 36.475195 ], [ -10.98169, 36.474183 ], [ -10.992678, 36.472847 ], [ -11.003605, 36.470939 ], [ -11.014421, 36.467952 ], [ -11.025073, 36.4634 ], [ -11.027238, 36.471714 ], [ -11.037168, 36.472746 ], [ -11.048181, 36.471673 ], [ -11.050419, 36.470142 ], [ -11.050066, 36.461177 ], [ -11.057334, 36.452742 ], [ -11.067425, 36.451009 ], [ -11.068252, 36.450792 ], [ -11.078764, 36.44495 ], [ -11.089464, 36.440929 ], [ -11.090585, 36.440442 ], [ -11.100059, 36.435904 ], [ -11.110639, 36.430766 ], [ -11.111941, 36.429994 ], [ -11.121007, 36.423612 ], [ -11.126734, 36.419993 ], [ -11.131437, 36.417061 ], [ -11.141112, 36.410019 ], [ -11.141764, 36.409552 ], [ -11.151928, 36.400513 ], [ -11.152199, 36.400269 ], [ -11.16201, 36.390714 ], [ -11.162121, 36.390599 ], [ -11.172097, 36.380989 ], [ -11.17216, 36.38092 ], [ -11.178965, 36.371463 ], [ -11.181562, 36.365381 ], [ -11.1831, 36.36219 ], [ -11.191374, 36.3531 ], [ -11.191654, 36.352612 ], [ -11.196034, 36.343322 ], [ -11.200663, 36.335895 ], [ -11.201067, 36.333986 ], [ -11.209339, 36.324427 ], [ -11.210236, 36.3214 ], [ -11.210233, 36.315378 ], [ -11.214936, 36.306065 ], [ -11.218902, 36.298363 ], [ -11.218984, 36.296797 ], [ -11.219865, 36.287748 ], [ -11.227887, 36.278379 ], [ -11.227931, 36.278202 ], [ -11.227497, 36.269245 ], [ -11.22796, 36.260226 ], [ -11.236091, 36.251041 ], [ -11.236174, 36.250669 ], [ -11.235352, 36.241739 ], [ -11.235024, 36.232774 ], [ -11.235446, 36.223757 ], [ -11.243293, 36.214259 ], [ -11.243299, 36.214226 ], [ -11.242548, 36.205291 ], [ -11.241658, 36.196365 ], [ -11.241179, 36.187411 ], [ -11.240824, 36.178448 ], [ -11.241295, 36.169429 ], [ -11.244695, 36.160206 ], [ -11.247903, 36.152938 ], [ -11.247827, 36.151001 ], [ -11.246863, 36.142081 ], [ -11.247362, 36.133059 ], [ -11.248151, 36.124018 ], [ -11.248439, 36.115011 ], [ -11.248146, 36.106044 ], [ -11.24774, 36.097085 ], [ -11.246654, 36.088173 ], [ -11.244699, 36.079322 ], [ -11.24109, 36.070585 ], [ -11.239183, 36.06173 ], [ -11.238451, 36.052793 ], [ -11.237232, 36.043891 ], [ -11.236196, 36.034975 ], [ -11.235317, 36.026049 ], [ -11.234247, 36.017136 ], [ -11.233116, 36.008227 ], [ -11.232248, 35.9993 ], [ -11.231248, 35.990383 ], [ -11.230149, 35.981472 ], [ -11.229237, 35.972548 ], [ -11.228296, 35.963626 ], [ -11.227293, 35.954708 ], [ -11.226245, 35.945793 ], [ -11.225483, 35.936859 ], [ -11.224466, 35.927942 ], [ -11.224092, 35.925859 ], [ -11.222846, 35.919067 ], [ -11.220706, 35.910228 ], [ -11.218783, 35.901373 ], [ -11.216686, 35.892531 ], [ -11.214554, 35.883691 ], [ -11.212537, 35.874843 ], [ -11.210281, 35.866011 ], [ -11.208127, 35.857173 ], [ -11.205964, 35.848335 ], [ -11.204304, 35.841712 ], [ -11.203709, 35.839503 ], [ -11.201165, 35.830691 ], [ -11.198634, 35.821878 ], [ -11.196111, 35.813064 ], [ -11.193603, 35.804249 ], [ -11.19111, 35.795433 ], [ -11.188634, 35.786616 ], [ -11.186982, 35.780883 ], [ -11.186026, 35.777808 ], [ -11.183137, 35.769019 ], [ -11.180288, 35.760227 ], [ -11.177481, 35.751432 ], [ -11.174714, 35.742635 ], [ -11.171994, 35.733834 ], [ -11.170701, 35.729827 ], [ -11.169035, 35.725049 ], [ -11.165886, 35.716277 ], [ -11.162803, 35.707501 ], [ -11.159793, 35.69872 ], [ -11.156848, 35.689933 ], [ -11.155056, 35.684712 ], [ -11.153737, 35.681159 ], [ -11.150351, 35.672403 ], [ -11.147059, 35.66364 ], [ -11.143859, 35.654871 ], [ -11.140745, 35.646096 ], [ -11.139855, 35.64372 ], [ -11.13727, 35.637345 ], [ -11.133726, 35.628599 ], [ -11.130298, 35.619845 ], [ -11.126979, 35.611083 ], [ -11.124999, 35.605926 ], [ -11.123508, 35.602332 ], [ -11.119749, 35.5936 ], [ -11.116133, 35.584858 ], [ -11.112647, 35.576107 ], [ -11.110402, 35.570501 ], [ -11.109045, 35.567364 ], [ -11.105122, 35.558642 ], [ -11.10136, 35.549909 ], [ -11.097748, 35.541167 ], [ -11.096023, 35.537082 ], [ -11.093907, 35.532439 ], [ -11.089873, 35.523724 ], [ -11.086017, 35.514997 ], [ -11.082319, 35.506259 ], [ -11.081807, 35.505124 ], [ -11.07813, 35.497555 ], [ -11.074047, 35.488843 ], [ -11.07014, 35.480118 ], [ -11.067774, 35.474856 ], [ -11.066108, 35.471402 ], [ -11.061799, 35.462705 ], [ -11.0577, 35.453993 ], [ -11.053837, 35.445406 ], [ -11.053771, 35.44527 ], [ -11.049262, 35.436585 ], [ -11.044982, 35.427885 ], [ -11.040926, 35.419169 ], [ -11.040056, 35.417398 ], [ -11.036428, 35.410483 ], [ -11.031998, 35.401792 ], [ -11.02779, 35.393086 ], [ -11.026371, 35.390235 ], [ -11.023267, 35.384401 ], [ -11.018709, 35.375719 ], [ -11.01439, 35.367019 ], [ -11.012773, 35.363846 ], [ -11.009781, 35.358339 ], [ -11.00514, 35.349661 ], [ -11.000725, 35.340968 ], [ -10.999257, 35.338158 ], [ -10.996, 35.332295 ], [ -10.991266, 35.323623 ], [ -10.986784, 35.314933 ], [ -10.985814, 35.313117 ], [ -10.981922, 35.306269 ], [ -10.977139, 35.297598 ], [ -10.972602, 35.288912 ], [ -10.972433, 35.288607 ], [ -10.967539, 35.28026 ], [ -10.96273, 35.271591 ], [ -10.959146, 35.264947 ], [ -10.957988, 35.262917 ], [ -10.952893, 35.254266 ], [ -10.948075, 35.245597 ], [ -10.94591, 35.24171 ], [ -10.943097, 35.236938 ], [ -10.938022, 35.228286 ], [ -10.933208, 35.219615 ], [ -10.93271, 35.218759 ], [ -10.927951, 35.210974 ], [ -10.922998, 35.202312 ], [ -10.919578, 35.196408 ], [ -10.917887, 35.193661 ], [ -10.912612, 35.18502 ], [ -10.907602, 35.176361 ], [ -10.906498, 35.174507 ], [ -10.90227, 35.167723 ], [ -10.897057, 35.159077 ], [ -10.893462, 35.152976 ], [ -10.891892, 35.150428 ], [ -10.886474, 35.141795 ], [ -10.881332, 35.133143 ], [ -10.880462, 35.131725 ], [ -10.875844, 35.124514 ], [ -10.870536, 35.115873 ], [ -10.867512, 35.110924 ], [ -10.865168, 35.107235 ], [ -10.859669, 35.098606 ], [ -10.854583, 35.090246 ], [ -10.854402, 35.089961 ], [ -10.848755, 35.081341 ], [ -10.843353, 35.072704 ], [ -10.841714, 35.070119 ], [ -10.837747, 35.06408 ], [ -10.832203, 35.055452 ], [ -10.828871, 35.050189 ], [ -10.826663, 35.046824 ], [ -10.820983, 35.038204 ], [ -10.816051, 35.030427 ], [ -10.81549, 35.029572 ], [ -10.809678, 35.02096 ], [ -10.804129, 35.01233 ], [ -10.803273, 35.011024 ], [ -10.798316, 35.003718 ], [ -10.792641, 34.995096 ], [ -10.790529, 34.991902 ], [ -10.786838, 34.986482 ], [ -10.781056, 34.977866 ], [ -10.77781, 34.972978 ], [ -10.775263, 34.969251 ], [ -10.769404, 34.960639 ], [ -10.765114, 34.954219 ], [ -10.763609, 34.952023 ], [ -10.757645, 34.943418 ], [ -10.752444, 34.935677 ], [ -10.751841, 34.934802 ], [ -10.745794, 34.926201 ], [ -10.73997, 34.917586 ], [ -10.739801, 34.917343 ], [ -10.733872, 34.908987 ], [ -10.727955, 34.900377 ], [ -10.727191, 34.899284 ], [ -10.721833, 34.891779 ], [ -10.715863, 34.883172 ], [ -10.714601, 34.881379 ], [ -10.709728, 34.874574 ], [ -10.703675, 34.865971 ], [ -10.702034, 34.863657 ], [ -10.697504, 34.857375 ], [ -10.691397, 34.848775 ], [ -10.689489, 34.846101 ], [ -10.685192, 34.84018 ], [ -10.679032, 34.831582 ], [ -10.676966, 34.828711 ], [ -10.672783, 34.82299 ], [ -10.666572, 34.814394 ], [ -10.664464, 34.811485 ], [ -10.660286, 34.805803 ], [ -10.654044, 34.797209 ], [ -10.651979, 34.794383 ], [ -10.647714, 34.78862 ], [ -10.641413, 34.780029 ], [ -10.639516, 34.777454 ], [ -10.635033, 34.771442 ], [ -10.628694, 34.762852 ], [ -10.627071, 34.760655 ], [ -10.622281, 34.754267 ], [ -10.615895, 34.745679 ], [ -10.614646, 34.74401 ], [ -10.609423, 34.737096 ], [ -10.603006, 34.72851 ], [ -10.602238, 34.727485 ], [ -10.59651, 34.719928 ], [ -10.590054, 34.711343 ], [ -10.589845, 34.711066 ], [ -10.58351, 34.702763 ], [ -10.577469, 34.694779 ], [ -10.577013, 34.694179 ], [ -10.570433, 34.685601 ], [ -10.565109, 34.678606 ], [ -10.563893, 34.677019 ], [ -10.557291, 34.668441 ], [ -10.552766, 34.662551 ], [ -10.550692, 34.659863 ], [ -10.544059, 34.651286 ], [ -10.540438, 34.646603 ], [ -10.537412, 34.642709 ], [ -10.530751, 34.634133 ], [ -10.528124, 34.630761 ], [ -10.524058, 34.625558 ], [ -10.517353, 34.616984 ], [ -10.515827, 34.615038 ], [ -10.510612, 34.608411 ], [ -10.503872, 34.599838 ], [ -10.503544, 34.599423 ], [ -10.497094, 34.591267 ], [ -10.491278, 34.583934 ], [ -10.490295, 34.582696 ], [ -10.483472, 34.574127 ], [ -10.479028, 34.56856 ], [ -10.476629, 34.565558 ], [ -10.469767, 34.556991 ], [ -10.466792, 34.553292 ], [ -10.462876, 34.548424 ], [ -10.455958, 34.539858 ], [ -10.454572, 34.538145 ], [ -10.449023, 34.531293 ], [ -10.442367, 34.523111 ], [ -10.442056, 34.52273 ], [ -10.435076, 34.514167 ], [ -10.430176, 34.50819 ], [ -10.428058, 34.505605 ], [ -10.421021, 34.497045 ], [ -10.418002, 34.493387 ], [ -10.413957, 34.488485 ], [ -10.406863, 34.479927 ], [ -10.405842, 34.478698 ], [ -10.399758, 34.471369 ], [ -10.393697, 34.464122 ], [ -10.392603, 34.462813 ], [ -10.38544, 34.454258 ], [ -10.381566, 34.449653 ], [ -10.378245, 34.445704 ], [ -10.37101, 34.437152 ], [ -10.369451, 34.435313 ], [ -10.363767, 34.428599 ], [ -10.35735, 34.421084 ], [ -10.356468, 34.42005 ], [ -10.349171, 34.4115 ], [ -10.345263, 34.406956 ], [ -10.341826, 34.402952 ], [ -10.334442, 34.394406 ], [ -10.333192, 34.392962 ], [ -10.327053, 34.38586 ], [ -10.321134, 34.379073 ], [ -10.319605, 34.377317 ], [ -10.312147, 34.368774 ], [ -10.309091, 34.365294 ], [ -10.304653, 34.360232 ], [ -10.297099, 34.351694 ], [ -10.297064, 34.351654 ], [ -10.289557, 34.343154 ], [ -10.285048, 34.338093 ], [ -10.281956, 34.334617 ], [ -10.274316, 34.326082 ], [ -10.273048, 34.32467 ], [ -10.266663, 34.317547 ], [ -10.261063, 34.311356 ], [ -10.258949, 34.309015 ], [ -10.251213, 34.300484 ], [ -10.24909, 34.298154 ], [ -10.243448, 34.291954 ], [ -10.237133, 34.285074 ], [ -10.235623, 34.283427 ], [ -10.227775, 34.274901 ], [ -10.225189, 34.272104 ], [ -10.219895, 34.266376 ], [ -10.213259, 34.25925 ], [ -10.211958, 34.257854 ], [ -10.203997, 34.249332 ], [ -10.201342, 34.24651 ], [ -10.195992, 34.240813 ], [ -10.18944, 34.233887 ], [ -10.187935, 34.232296 ], [ -10.179848, 34.22378 ], [ -10.177551, 34.221378 ], [ -10.171714, 34.215266 ], [ -10.165676, 34.208982 ], [ -10.163533, 34.206754 ], [ -10.15531, 34.198244 ], [ -10.153814, 34.196702 ], [ -10.14705, 34.189736 ], [ -10.141966, 34.184541 ], [ -10.138726, 34.18123 ], [ -10.130363, 34.172727 ], [ -10.130131, 34.172491 ], [ -10.12196, 34.164224 ], [ -10.118309, 34.160552 ], [ -10.113504, 34.155725 ], [ -10.106501, 34.148735 ], [ -10.104989, 34.147228 ], [ -10.096432, 34.138733 ], [ -10.094705, 34.137027 ], [ -10.08782, 34.13024 ], [ -10.082924, 34.125445 ], [ -10.079146, 34.12175 ], [ -10.071154, 34.113958 ], [ -10.070437, 34.113261 ], [ -10.061658, 34.104776 ], [ -10.059399, 34.10261 ], [ -10.052807, 34.096294 ], [ -10.047657, 34.091367 ], [ -10.043923, 34.087813 ], [ -10.035925, 34.080221 ], [ -10.034987, 34.079335 ], [ -10.025973, 34.07086 ], [ -10.024209, 34.069215 ], [ -10.016879, 34.062389 ], [ -10.012505, 34.05832 ], [ -10.007745, 34.053919 ], [ -10.000812, 34.047524 ], [ -9.998553, 34.045452 ], [ -9.9893, 34.036987 ], [ -9.989131, 34.036834 ], [ -9.979935, 34.028529 ], [ -9.977467, 34.026303 ], [ -9.97051, 34.020072 ], [ -9.965815, 34.015887 ], [ -9.961012, 34.011619 ], [ -9.954172, 34.005545 ], [ -9.951474, 34.003168 ], [ -9.94254, 33.995304 ], [ -9.941872, 33.994719 ], [ -9.932144, 33.986276 ], [ -9.930924, 33.985219 ], [ -9.922329, 33.977838 ], [ -9.919321, 33.975259 ], [ -9.912439, 33.969403 ], [ -9.907731, 33.965416 ], [ -9.90246, 33.960971 ], [ -9.89615, 33.955653 ], [ -9.892426, 33.952542 ], [ -9.88458, 33.945999 ], [ -9.882304, 33.944117 ], [ -9.873022, 33.936459 ], [ -9.872092, 33.935696 ], [ -9.861787, 33.92728 ], [ -9.861476, 33.927028 ], [ -9.851322, 33.918871 ], [ -9.849947, 33.917774 ], [ -9.840758, 33.910466 ], [ -9.838428, 33.908616 ], [ -9.830104, 33.902066 ], [ -9.82692, 33.89957 ], [ -9.819353, 33.89367 ], [ -9.815423, 33.890622 ], [ -9.808485, 33.885279 ], [ -9.803938, 33.881793 ], [ -9.797505, 33.876894 ], [ -9.792466, 33.873086 ], [ -9.78639, 33.868514 ], [ -9.781003, 33.864482 ], [ -9.775163, 33.86014 ], [ -9.769553, 33.855995 ], [ -9.763801, 33.851772 ], [ -9.758115, 33.847635 ], [ -9.752289, 33.843411 ], [ -9.746687, 33.839376 ], [ -9.740649, 33.835056 ], [ -9.735271, 33.831248 ], [ -9.72885, 33.826708 ], [ -9.723866, 33.823215 ], [ -9.716911, 33.818367 ], [ -9.71247, 33.81528 ], [ -9.704853, 33.810031 ], [ -9.701088, 33.807491 ], [ -9.692562, 33.801706 ], [ -9.689716, 33.799795 ], [ -9.680139, 33.793387 ], [ -9.678354, 33.792209 ], [ -9.667561, 33.785075 ], [ -9.667, 33.784708 ], [ -9.655663, 33.777389 ], [ -9.654705, 33.776776 ], [ -9.644343, 33.770268 ], [ -9.641513, 33.768495 ], [ -9.633035, 33.763268 ], [ -9.628084, 33.760224 ], [ -9.621737, 33.756384 ], [ -9.614421, 33.751964 ], [ -9.610449, 33.749605 ], [ -9.600533, 33.743715 ], [ -9.59917, 33.742919 ], [ -9.587907, 33.736412 ], [ -9.586299, 33.735482 ], [ -9.576657, 33.730049 ], [ -9.571724, 33.727266 ], [ -9.565414, 33.723766 ], [ -9.556942, 33.719059 ], [ -9.554178, 33.717551 ], [ -9.542952, 33.71145 ], [ -9.541864, 33.710866 ], [ -9.531741, 33.705521 ], [ -9.526393, 33.702691 ], [ -9.520536, 33.699647 ], [ -9.510726, 33.694525 ], [ -9.509335, 33.69381 ], [ -9.498149, 33.688142 ], [ -9.494656, 33.686378 ], [ -9.48697, 33.682562 ], [ -9.478323, 33.678242 ], [ -9.475794, 33.676999 ], [ -9.46463, 33.671563 ], [ -9.461684, 33.67012 ], [ -9.453471, 33.666198 ], [ -9.444695, 33.662014 ], [ -9.442319, 33.660893 ], [ -9.431176, 33.655693 ], [ -9.427373, 33.653922 ], [ -9.420039, 33.650558 ], [ -9.409742, 33.645844 ], [ -9.408907, 33.645466 ], [ -9.397784, 33.64049 ], [ -9.391713, 33.637784 ], [ -9.386667, 33.635558 ], [ -9.375554, 33.630683 ], [ -9.373376, 33.629737 ], [ -9.364449, 33.625897 ], [ -9.354678, 33.621706 ], [ -9.353348, 33.621141 ], [ -9.342255, 33.616479 ], [ -9.335591, 33.613691 ], [ -9.331166, 33.611856 ], [ -9.320082, 33.607291 ], [ -9.316214, 33.605688 ], [ -9.309001, 33.602752 ], [ -9.297929, 33.598314 ], [ -9.296396, 33.597705 ], [ -9.286861, 33.593912 ], [ -9.276203, 33.589737 ], [ -9.275798, 33.589578 ], [ -9.264738, 33.585259 ], [ -9.255641, 33.581784 ], [ -9.253686, 33.581035 ], [ -9.242635, 33.576821 ], [ -9.23468, 33.573847 ], [ -9.231592, 33.572689 ], [ -9.22055, 33.568578 ], [ -9.213305, 33.565928 ], [ -9.209515, 33.564536 ], [ -9.198483, 33.560516 ], [ -9.191582, 33.558022 ], [ -9.187454, 33.556529 ], [ -9.176429, 33.552592 ], [ -9.169372, 33.550136 ], [ -9.165411, 33.548737 ], [ -9.154393, 33.54487 ], [ -9.146754, 33.542267 ], [ -9.143383, 33.541099 ], [ -9.132372, 33.537305 ], [ -9.123669, 33.534416 ], [ -9.121371, 33.533638 ], [ -9.110366, 33.5299 ], [ -9.100145, 33.526582 ], [ -9.099374, 33.526327 ], [ -9.088372, 33.522611 ], [ -9.077389, 33.519142 ], [ -9.076213, 33.518763 ], [ -9.066395, 33.515507 ], [ -9.055415, 33.512062 ], [ -9.051876, 33.51096 ], [ -9.044431, 33.50855 ], [ -9.033454, 33.505127 ], [ -9.026998, 33.503177 ], [ -9.022481, 33.501758 ], [ -9.011506, 33.498337 ], [ -9.001508, 33.495419 ], [ -9.000547, 33.495127 ], [ -8.989573, 33.491699 ], [ -8.978616, 33.488514 ], [ -8.975776, 33.487667 ], [ -8.967649, 33.485163 ], [ -8.956693, 33.481969 ], [ -8.949414, 33.47994 ], [ -8.945744, 33.478858 ], [ -8.934786, 33.475606 ], [ -8.923848, 33.47263 ], [ -8.922448, 33.472236 ], [ -8.912892, 33.46939 ], [ -8.901951, 33.466357 ], [ -8.895143, 33.464541 ], [ -8.891014, 33.463371 ], [ -8.880069, 33.460254 ], [ -8.869143, 33.457413 ], [ -8.86716, 33.456873 ], [ -8.858199, 33.454298 ], [ -8.847269, 33.451372 ], [ -8.83866, 33.449222 ], [ -8.83635, 33.4486 ], [ -8.825412, 33.445531 ], [ -8.814495, 33.442779 ], [ -8.809709, 33.441586 ], [ -8.803572, 33.439923 ], [ -8.792648, 33.437028 ], [ -8.781743, 33.434429 ], [ -8.779972, 33.433979 ], [ -8.770815, 33.431463 ], [ -8.759902, 33.428718 ], [ -8.749593, 33.426394 ], [ -8.749008, 33.426248 ], [ -8.738082, 33.423288 ], [ -8.727179, 33.420662 ], [ -8.718946, 33.418814 ], [ -8.716284, 33.418152 ], [ -8.705368, 33.415306 ], [ -8.694474, 33.412789 ], [ -8.687553, 33.41126 ], [ -8.683581, 33.410284 ], [ -8.672673, 33.407535 ], [ -8.661784, 33.405072 ], [ -8.65552, 33.403727 ], [ -8.650895, 33.402604 ], [ -8.639993, 33.399914 ], [ -8.629112, 33.397553 ], [ -8.62277, 33.396218 ], [ -8.618228, 33.395139 ], [ -8.607329, 33.392463 ], [ -8.596453, 33.39016 ], [ -8.589332, 33.388731 ], [ -8.585579, 33.387866 ], [ -8.574684, 33.385235 ], [ -8.563811, 33.382948 ], [ -8.555085, 33.381271 ], [ -8.552947, 33.380794 ], [ -8.542053, 33.378155 ], [ -8.531182, 33.375874 ], [ -8.520331, 33.373896 ], [ -8.520045, 33.373836 ], [ -8.50944, 33.371273 ], [ -8.498568, 33.368946 ], [ -8.487718, 33.366961 ], [ -8.484846, 33.366398 ], [ -8.476842, 33.364564 ], [ -8.46597, 33.362212 ], [ -8.455118, 33.360182 ], [ -8.448588, 33.358996 ], [ -8.444262, 33.358072 ], [ -8.433387, 33.355647 ], [ -8.422533, 33.353555 ], [ -8.411697, 33.351743 ], [ -8.411141, 33.351635 ], [ -8.400821, 33.349291 ], [ -8.389962, 33.347091 ], [ -8.379123, 33.345211 ], [ -8.373666, 33.344264 ], [ -8.368273, 33.343146 ], [ -8.357409, 33.340846 ], [ -8.346565, 33.338865 ], [ -8.335738, 33.337149 ], [ -8.334642, 33.336947 ], [ -8.324871, 33.334791 ], [ -8.31402, 33.332674 ], [ -8.303188, 33.330862 ], [ -8.295305, 33.329631 ], [ -8.292358, 33.329069 ], [ -8.281497, 33.326767 ], [ -8.270657, 33.3248 ], [ -8.259834, 33.323112 ], [ -8.255041, 33.322341 ], [ -8.248995, 33.321155 ], [ -8.238145, 33.318997 ], [ -8.227314, 33.317149 ], [ -8.216498, 33.315559 ], [ -8.21361, 33.315087 ], [ -8.205655, 33.313504 ], [ -8.194813, 33.311454 ], [ -8.183989, 33.309693 ], [ -8.173179, 33.308174 ], [ -8.171223, 33.307859 ], [ -8.162337, 33.306112 ], [ -8.151501, 33.304144 ], [ -8.140682, 33.302446 ], [ -8.129877, 33.300976 ], [ -8.127821, 33.300657 ], [ -8.119041, 33.29899 ], [ -8.10821, 33.297074 ], [ -8.097394, 33.295416 ], [ -8.086592, 33.293976 ], [ -8.083228, 33.293489 ], [ -8.075766, 33.292128 ], [ -8.064935, 33.290193 ], [ -8.054122, 33.288544 ], [ -8.043326, 33.287192 ], [ -8.036941, 33.286372 ], [ -8.032519, 33.285655 ], [ -8.021693, 33.283765 ], [ -8.010882, 33.282148 ], [ -8.000084, 33.280735 ], [ -7.989295, 33.279484 ], [ -7.988282, 33.279334 ], [ -7.978476, 33.277704 ], [ -7.967665, 33.276054 ], [ -7.956865, 33.274593 ], [ -7.946075, 33.273299 ], [ -7.937717, 33.272351 ], [ -7.935286, 33.272014 ], [ -7.924474, 33.270323 ], [ -7.913673, 33.268824 ], [ -7.902882, 33.267502 ], [ -7.8921, 33.26634 ], [ -7.883742, 33.265482 ], [ -7.88132, 33.265185 ], [ -7.870519, 33.26367 ], [ -7.859727, 33.262308 ], [ -7.848944, 33.261096 ], [ -7.838167, 33.260005 ], [ -7.827396, 33.258993 ], [ -7.825183, 33.258767 ], [ -7.81661, 33.257728 ], [ -7.805825, 33.256476 ], [ -7.795051, 33.255398 ], [ -7.784278, 33.254354 ], [ -7.773511, 33.253417 ], [ -7.76275, 33.252578 ], [ -7.759385, 33.252302 ], [ -7.751981, 33.251604 ], [ -7.74121, 33.250576 ], [ -7.730443, 33.249624 ], [ -7.719684, 33.248801 ], [ -7.708956, 33.248583 ], [ -7.698368, 33.250944 ], [ -7.687506, 33.248221 ], [ -7.67764, 33.246403 ], [ -7.676691, 33.246362 ], [ -7.666, 33.246813 ], [ -7.655301, 33.247117 ], [ -7.6446, 33.247394 ], [ -7.633902, 33.247732 ], [ -7.623199, 33.247973 ], [ -7.612485, 33.248016 ], [ -7.601773, 33.248082 ], [ -7.591063, 33.248195 ], [ -7.580204, 33.245462 ], [ -7.569399, 33.243752 ], [ -7.55865, 33.243119 ], [ -7.547933, 33.243084 ], [ -7.537227, 33.243281 ], [ -7.526527, 33.243584 ], [ -7.515836, 33.244068 ], [ -7.505172, 33.245069 ], [ -7.494603, 33.247938 ], [ -7.483998, 33.250121 ], [ -7.473343, 33.251341 ], [ -7.462686, 33.252519 ], [ -7.452011, 33.253353 ], [ -7.441346, 33.254385 ], [ -7.430656, 33.254941 ], [ -7.419976, 33.255689 ], [ -7.409278, 33.256084 ], [ -7.408189, 33.256266 ], [ -7.39882, 33.26127 ], [ -7.388257, 33.264377 ], [ -7.377578, 33.265189 ], [ -7.366929, 33.266606 ], [ -7.366501, 33.266749 ], [ -7.35649, 33.272252 ], [ -7.345967, 33.276224 ], [ -7.345136, 33.276508 ], [ -7.335572, 33.282807 ], [ -7.325015, 33.286132 ], [ -7.324823, 33.286227 ], [ -7.314615, 33.292678 ], [ -7.307498, 33.295839 ], [ -7.304472, 33.304456 ], [ -7.300006, 33.305109 ], [ -7.294236, 33.314318 ], [ -7.294236, 33.314412 ], [ -7.285838, 33.323618 ], [ -7.28441, 33.332677 ], [ -7.284851, 33.341671 ], [ -7.284847, 33.341683 ], [ -7.275332, 33.351009 ], [ -7.276159, 33.35999 ], [ -7.276285, 33.368996 ], [ -7.276419, 33.378001 ], [ -7.276559, 33.387005 ], [ -7.276808, 33.396006 ], [ -7.276805, 33.396528 ], [ -7.276682, 33.40502 ], [ -7.275148, 33.414082 ], [ -7.27037, 33.423257 ], [ -7.267826, 33.432354 ], [ -7.267824, 33.432355 ], [ -7.2603, 33.441623 ], [ -7.257695, 33.444854 ], [ -7.255299, 33.450804 ], [ -7.248097, 33.460061 ], [ -7.247713, 33.460418 ], [ -7.237381, 33.468874 ], [ -7.236337, 33.469474 ], [ -7.226862, 33.473526 ], [ -7.216291, 33.477128 ], [ -7.206395, 33.479505 ], [ -7.205665, 33.479629 ], [ -7.194935, 33.479986 ], [ -7.184204, 33.480308 ], [ -7.183567, 33.480279 ], [ -7.17341, 33.479344 ], [ -7.162419, 33.474241 ], [ -7.151606, 33.472847 ], [ -7.140857, 33.472797 ], [ -7.140514, 33.472718 ], [ -7.129816, 33.466594 ], [ -7.118978, 33.464641 ], [ -7.118028, 33.464458 ], [ -7.107935, 33.458361 ], [ -7.097139, 33.457271 ], [ -7.093876, 33.456249 ], [ -7.086014, 33.44917 ], [ -7.075213, 33.447963 ], [ -7.074957, 33.447863 ], [ -7.064092, 33.439876 ], [ -7.059709, 33.439353 ], [ -7.053168, 33.435974 ], [ -7.042198, 33.431079 ], [ -7.041839, 33.430928 ], [ -7.031082, 33.42299 ], [ -7.028141, 33.422363 ], [ -7.020072, 33.417174 ], [ -7.009189, 33.414057 ], [ -7.009029, 33.413973 ], [ -6.99806, 33.405583 ], [ -6.997517, 33.405334 ], [ -6.986946, 33.397388 ], [ -6.984486, 33.396743 ], [ -6.975912, 33.390893 ], [ -6.965783, 33.388332 ], [ -6.965043, 33.387996 ], [ -6.953935, 33.37981 ], [ -6.953606, 33.37971 ], [ -6.942862, 33.372343 ], [ -6.933958, 33.371325 ], [ -6.932049, 33.370625 ], [ -6.920968, 33.362917 ], [ -6.919982, 33.362756 ], [ -6.909971, 33.35703 ], [ -6.89912, 33.35441 ], [ -6.899098, 33.354404 ], [ -6.888125, 33.348526 ], [ -6.877298, 33.346377 ], [ -6.87651, 33.346101 ], [ -6.866419, 33.343075 ], [ -6.855509, 33.339025 ], [ -6.852449, 33.337839 ], [ -6.844598, 33.33494 ], [ -6.833685, 33.330799 ], [ -6.830192, 33.329517 ], [ -6.822788, 33.326989 ], [ -6.811892, 33.323181 ], [ -6.806316, 33.321241 ], [ -6.801004, 33.319527 ], [ -6.790125, 33.316076 ], [ -6.780921, 33.313005 ], [ -6.779241, 33.312487 ], [ -6.768379, 33.309399 ], [ -6.757509, 33.30609 ], [ -6.753223, 33.304835 ], [ -6.746652, 33.303064 ], [ -6.735801, 33.30017 ], [ -6.724943, 33.297088 ], [ -6.723515, 33.296718 ], [ -6.714106, 33.294499 ], [ -6.703267, 33.291852 ], [ -6.692423, 33.28905 ], [ -6.690853, 33.288681 ], [ -6.681599, 33.286724 ], [ -6.670775, 33.284378 ], [ -6.659947, 33.281914 ], [ -6.654603, 33.280741 ], [ -6.649128, 33.279666 ], [ -6.63832, 33.277666 ], [ -6.627506, 33.275522 ], [ -6.61669, 33.273301 ], [ -6.614494, 33.272903 ], [ -6.605892, 33.271531 ], [ -6.595099, 33.269848 ], [ -6.584304, 33.268124 ], [ -6.57351, 33.26639 ], [ -6.56638, 33.265282 ], [ -6.562721, 33.264785 ], [ -6.551945, 33.263489 ], [ -6.541168, 33.262173 ], [ -6.530391, 33.260845 ], [ -6.519614, 33.259503 ], [ -6.508836, 33.258145 ], [ -6.507101, 33.257957 ], [ -6.498072, 33.257119 ], [ -6.487312, 33.256169 ], [ -6.47655, 33.255184 ], [ -6.465789, 33.254219 ], [ -6.455028, 33.253251 ], [ -6.444268, 33.252293 ], [ -6.433507, 33.251335 ], [ -6.430317, 33.251089 ], [ -6.422756, 33.250593 ], [ -6.412008, 33.249938 ], [ -6.401261, 33.249296 ], [ -6.390514, 33.248664 ], [ -6.379767, 33.248038 ], [ -6.36902, 33.247382 ], [ -6.358272, 33.246718 ], [ -6.347526, 33.246105 ], [ -6.336783, 33.245565 ], [ -6.326044, 33.24512 ], [ -6.322765, 33.244999 ], [ -6.315307, 33.244725 ], [ -6.304571, 33.244368 ], [ -6.293837, 33.244037 ], [ -6.283104, 33.243762 ], [ -6.272373, 33.243539 ], [ -6.261644, 33.24335 ], [ -6.250916, 33.243186 ], [ -6.240186, 33.242995 ], [ -6.229457, 33.242803 ], [ -6.218727, 33.242598 ], [ -6.207998, 33.242412 ], [ -6.197269, 33.242245 ], [ -6.186541, 33.242095 ], [ -6.175815, 33.241995 ], [ -6.16509, 33.24192 ], [ -6.154365, 33.24186 ], [ -6.143641, 33.241815 ], [ -6.132917, 33.241786 ], [ -6.122194, 33.241772 ], [ -6.111472, 33.24178 ], [ -6.10075, 33.2418 ], [ -6.097234, 33.241811 ], [ -6.090028, 33.24184 ], [ -6.079308, 33.241903 ], [ -6.068588, 33.24198 ], [ -6.057868, 33.242067 ], [ -6.047148, 33.242162 ], [ -6.036428, 33.242252 ], [ -6.025708, 33.242349 ], [ -6.014989, 33.242452 ], [ -6.004269, 33.242563 ], [ -5.99355, 33.242678 ], [ -5.982831, 33.242799 ], [ -5.972112, 33.242925 ], [ -5.961392, 33.243056 ], [ -5.950674, 33.243213 ], [ -5.939955, 33.243348 ], [ -5.929236, 33.243484 ], [ -5.918517, 33.243621 ], [ -5.907798, 33.24376 ], [ -5.897079, 33.243904 ], [ -5.88636, 33.244052 ], [ -5.875641, 33.244205 ], [ -5.864922, 33.244364 ], [ -5.854204, 33.244531 ], [ -5.843485, 33.244706 ], [ -5.832767, 33.244891 ], [ -5.822044, 33.244932 ], [ -5.811331, 33.245268 ], [ -5.800601, 33.245115 ], [ -5.789866, 33.244778 ], [ -5.779126, 33.244284 ], [ -5.768382, 33.24366 ], [ -5.757635, 33.242932 ], [ -5.746886, 33.242129 ], [ -5.736135, 33.241277 ], [ -5.736078, 33.241272 ], [ -5.725386, 33.240494 ], [ -5.714639, 33.239726 ], [ -5.703892, 33.239001 ], [ -5.693148, 33.238344 ], [ -5.682407, 33.237783 ], [ -5.67167, 33.237345 ], [ -5.660937, 33.237057 ], [ -5.65021, 33.236945 ], [ -5.639489, 33.237038 ], [ -5.628775, 33.237359 ], [ -5.618068, 33.237935 ], [ -5.607369, 33.238792 ], [ -5.596679, 33.239954 ], [ -5.585999, 33.241448 ], [ -5.575328, 33.243295 ] ] } },
{ "type": "Feature", "properties": { "fid": 43, "ID": 42, "Intensidad": 12.0 }, "geometry": { "type": "LineString", "coordinates": [ [ -4.724059, 33.038484 ], [ -4.724146, 33.042992 ], [ -4.724038, 33.043059 ], [ -4.718688, 33.043144 ] ] } },
{ "type": "Feature", "properties": { "fid": 44, "ID": 43, "Intensidad": 11.5 }, "geometry": { "type": "LineString", "coordinates": [ [ -8.038488, 32.258969 ], [ -8.033827, 32.259829 ], [ -8.028001, 32.260907 ], [ -8.017524, 32.263039 ], [ -8.007055, 32.265334 ], [ -7.996594, 32.267772 ], [ -7.986139, 32.270327 ], [ -7.984255, 32.270806 ], [ -7.975688, 32.272983 ], [ -7.965241, 32.275707 ], [ -7.954795, 32.278477 ], [ -7.944349, 32.281265 ], [ -7.943827, 32.281405 ], [ -7.933903, 32.284057 ], [ -7.923455, 32.28682 ], [ -7.913003, 32.28953 ], [ -7.903198, 32.292 ], [ -7.902547, 32.292164 ], [ -7.892085, 32.294707 ], [ -7.881615, 32.29713 ], [ -7.871141, 32.299462 ], [ -7.860664, 32.301769 ], [ -7.855762, 32.302845 ], [ -7.850188, 32.304099 ], [ -7.839715, 32.306498 ], [ -7.82924, 32.308866 ], [ -7.81876, 32.311166 ], [ -7.808275, 32.313363 ], [ -7.806579, 32.313739 ], [ -7.797804, 32.315847 ], [ -7.787332, 32.318329 ], [ -7.776846, 32.32055 ], [ -7.766365, 32.322872 ], [ -7.758095, 32.324588 ], [ -7.755878, 32.325094 ], [ -7.745407, 32.327648 ], [ -7.734929, 32.330073 ], [ -7.724446, 32.332395 ], [ -7.713958, 32.334658 ], [ -7.711371, 32.335353 ], [ -7.703502, 32.337534 ], [ -7.693036, 32.340238 ], [ -7.682552, 32.342591 ], [ -7.672054, 32.344705 ], [ -7.665367, 32.346074 ], [ -7.661567, 32.34704 ], [ -7.651117, 32.350093 ], [ -7.640641, 32.352664 ], [ -7.630147, 32.354904 ], [ -7.62098, 32.35672 ], [ -7.619649, 32.357057 ], [ -7.609206, 32.360316 ], [ -7.598732, 32.362991 ], [ -7.588242, 32.365335 ], [ -7.579156, 32.367257 ], [ -7.577748, 32.367633 ], [ -7.567303, 32.370911 ], [ -7.556925, 32.375532 ], [ -7.546391, 32.377065 ], [ -7.543516, 32.377558 ], [ -7.535943, 32.380324 ], [ -7.525614, 32.385996 ], [ -7.515065, 32.387266 ], [ -7.504485, 32.387939 ], [ -7.504357, 32.387975 ], [ -7.494262, 32.395791 ], [ -7.483727, 32.39737 ], [ -7.473145, 32.398038 ], [ -7.472889, 32.398107 ], [ -7.4629, 32.405527 ], [ -7.452384, 32.407536 ], [ -7.441798, 32.40815 ], [ -7.441559, 32.408226 ], [ -7.431567, 32.415999 ], [ -7.421034, 32.417702 ], [ -7.418632, 32.418043 ], [ -7.410613, 32.421724 ], [ -7.40025, 32.426955 ], [ -7.38968, 32.427949 ], [ -7.389326, 32.428079 ], [ -7.379355, 32.434004 ], [ -7.368838, 32.436132 ], [ -7.364905, 32.437939 ], [ -7.358459, 32.441114 ], [ -7.348079, 32.446101 ], [ -7.345164, 32.447633 ], [ -7.337731, 32.451794 ], [ -7.32807, 32.457232 ], [ -7.327391, 32.457662 ], [ -7.317149, 32.465631 ], [ -7.315348, 32.46668 ], [ -7.306953, 32.474585 ], [ -7.303997, 32.476079 ], [ -7.29664, 32.48113 ], [ -7.288803, 32.485608 ], [ -7.286263, 32.486339 ], [ -7.276224, 32.495047 ], [ -7.276057, 32.495211 ], [ -7.265873, 32.504409 ], [ -7.265866, 32.504433 ], [ -7.255868, 32.513759 ], [ -7.256105, 32.522761 ], [ -7.256103, 32.522764 ], [ -7.245917, 32.532116 ], [ -7.24634, 32.541112 ], [ -7.246339, 32.541126 ], [ -7.236193, 32.550465 ], [ -7.236573, 32.559463 ], [ -7.236997, 32.568459 ], [ -7.236993, 32.568475 ], [ -7.228008, 32.577772 ], [ -7.22831, 32.586772 ], [ -7.228799, 32.595766 ], [ -7.228817, 32.604776 ], [ -7.228588, 32.613793 ], [ -7.228595, 32.616046 ], [ -7.228741, 32.622799 ], [ -7.226733, 32.631877 ], [ -7.219636, 32.641126 ], [ -7.219185, 32.642264 ], [ -7.215235, 32.650284 ], [ -7.209499, 32.659487 ], [ -7.209356, 32.659645 ], [ -7.200021, 32.668816 ], [ -7.199169, 32.669467 ], [ -7.188789, 32.675203 ], [ -7.181956, 32.678431 ], [ -7.178349, 32.679668 ], [ -7.167818, 32.68223 ], [ -7.157295, 32.68495 ], [ -7.146774, 32.687741 ], [ -7.136116, 32.687589 ], [ -7.125443, 32.687108 ], [ -7.114616, 32.683259 ], [ -7.10393, 32.682492 ], [ -7.093253, 32.681899 ], [ -7.0826, 32.681845 ], [ -7.079812, 32.681799 ], [ -7.071898, 32.680709 ], [ -7.060973, 32.674647 ], [ -7.050292, 32.673947 ], [ -7.045978, 32.673886 ], [ -7.039573, 32.672399 ], [ -7.028645, 32.6662 ], [ -7.017979, 32.665827 ], [ -7.017766, 32.665783 ], [ -7.007017, 32.658826 ], [ -6.996316, 32.657617 ], [ -6.988876, 32.657694 ], [ -6.985656, 32.657351 ], [ -6.974696, 32.650306 ], [ -6.964019, 32.649626 ], [ -6.955716, 32.649734 ], [ -6.953368, 32.649554 ], [ -6.942645, 32.64781 ], [ -6.93174, 32.641932 ], [ -6.921091, 32.641876 ], [ -6.912434, 32.642081 ], [ -6.910454, 32.642097 ], [ -6.89965, 32.638461 ], [ -6.888895, 32.635946 ], [ -6.878319, 32.637571 ], [ -6.867619, 32.636314 ], [ -6.856915, 32.634961 ], [ -6.855796, 32.634824 ], [ -6.846212, 32.633649 ], [ -6.835514, 32.632411 ], [ -6.824818, 32.631238 ], [ -6.814126, 32.630136 ], [ -6.803436, 32.629104 ], [ -6.792749, 32.628119 ], [ -6.789491, 32.627833 ], [ -6.782064, 32.627185 ], [ -6.771382, 32.626294 ], [ -6.760701, 32.625453 ], [ -6.750022, 32.624658 ], [ -6.739346, 32.623908 ], [ -6.728672, 32.623204 ], [ -6.717999, 32.622539 ], [ -6.707328, 32.621917 ], [ -6.699791, 32.621499 ], [ -6.696658, 32.621325 ], [ -6.68599, 32.620767 ], [ -6.675324, 32.620242 ], [ -6.664659, 32.619751 ], [ -6.653995, 32.619291 ], [ -6.643333, 32.618866 ], [ -6.632671, 32.61847 ], [ -6.622012, 32.618107 ], [ -6.611353, 32.617769 ], [ -6.600695, 32.61746 ], [ -6.590039, 32.617171 ], [ -6.579383, 32.616916 ], [ -6.568729, 32.616685 ], [ -6.56036, 32.616522 ], [ -6.558076, 32.616476 ], [ -6.547423, 32.616281 ], [ -6.536771, 32.616109 ], [ -6.526119, 32.615958 ], [ -6.515469, 32.615831 ], [ -6.504819, 32.615718 ], [ -6.494171, 32.615632 ], [ -6.483523, 32.615567 ], [ -6.472875, 32.615507 ], [ -6.462228, 32.615482 ], [ -6.451582, 32.615473 ], [ -6.440938, 32.615503 ], [ -6.430292, 32.615502 ], [ -6.419648, 32.615547 ], [ -6.409005, 32.615608 ], [ -6.398361, 32.615675 ], [ -6.387719, 32.615769 ], [ -6.377077, 32.615878 ], [ -6.366435, 32.615985 ], [ -6.355794, 32.616124 ], [ -6.345154, 32.616278 ], [ -6.334513, 32.616428 ], [ -6.323874, 32.61661 ], [ -6.313234, 32.616804 ], [ -6.302596, 32.61701 ], [ -6.291957, 32.617226 ], [ -6.281319, 32.617458 ], [ -6.270681, 32.617703 ], [ -6.260043, 32.617942 ], [ -6.249406, 32.618208 ], [ -6.238769, 32.618487 ], [ -6.228133, 32.618776 ], [ -6.217496, 32.619067 ], [ -6.20686, 32.619377 ], [ -6.196224, 32.619699 ], [ -6.185588, 32.620018 ], [ -6.174953, 32.620353 ], [ -6.164317, 32.620696 ], [ -6.153682, 32.62106 ], [ -6.143048, 32.621445 ], [ -6.132415, 32.621868 ], [ -6.121783, 32.622316 ], [ -6.111152, 32.622791 ], [ -6.100521, 32.623293 ], [ -6.089891, 32.623824 ], [ -6.079262, 32.624384 ], [ -6.068634, 32.62497 ], [ -6.058006, 32.625591 ], [ -6.04738, 32.626243 ], [ -6.036754, 32.626927 ], [ -6.02613, 32.627654 ], [ -6.015506, 32.628407 ], [ -6.004883, 32.629196 ], [ -5.994263, 32.630059 ], [ -5.983642, 32.630909 ], [ -5.973022, 32.6318 ], [ -5.972742, 32.631823 ], [ -5.962402, 32.632691 ], [ -5.951782, 32.633622 ], [ -5.941164, 32.634583 ], [ -5.930546, 32.635578 ], [ -5.919929, 32.63661 ], [ -5.909314, 32.637675 ], [ -5.898698, 32.638775 ], [ -5.888084, 32.639913 ], [ -5.877471, 32.641087 ], [ -5.866858, 32.642298 ], [ -5.856284, 32.643545 ], [ -5.856247, 32.643549 ], [ -5.845636, 32.644839 ], [ -5.835026, 32.646163 ], [ -5.824417, 32.647529 ], [ -5.813809, 32.64894 ], [ -5.803202, 32.650388 ], [ -5.792596, 32.651879 ], [ -5.781991, 32.653419 ], [ -5.775598, 32.654372 ], [ -5.771387, 32.654997 ], [ -5.760783, 32.656618 ], [ -5.750181, 32.658287 ], [ -5.73958, 32.659999 ], [ -5.728979, 32.661757 ], [ -5.71838, 32.663578 ], [ -5.711486, 32.664791 ], [ -5.707782, 32.66545 ], [ -5.697188, 32.667444 ], [ -5.686597, 32.669589 ], [ -5.675999, 32.67152 ], [ -5.665402, 32.673486 ], [ -5.657757, 32.674957 ], [ -5.654808, 32.675565 ], [ -5.64422, 32.677887 ], [ -5.633631, 32.680182 ], [ -5.623044, 32.682572 ], [ -5.612446, 32.684589 ], [ -5.610796, 32.68496 ], [ -5.601866, 32.687256 ], [ -5.591282, 32.689813 ], [ -5.580693, 32.692212 ], [ -5.570102, 32.694558 ], [ -5.569011, 32.69484 ], [ -5.559528, 32.697515 ], [ -5.548948, 32.700309 ], [ -5.538365, 32.702987 ], [ -5.531829, 32.704614 ], [ -5.527784, 32.705765 ], [ -5.517215, 32.709028 ], [ -5.506641, 32.712107 ], [ -5.497275, 32.714324 ], [ -5.496052, 32.714686 ], [ -5.485495, 32.718458 ], [ -5.474923, 32.721702 ], [ -5.466043, 32.723959 ], [ -5.464338, 32.724512 ], [ -5.453788, 32.728637 ], [ -5.443212, 32.731809 ], [ -5.437437, 32.733536 ], [ -5.432644, 32.735328 ], [ -5.422092, 32.739464 ], [ -5.41151, 32.742539 ], [ -5.410117, 32.743081 ], [ -5.400973, 32.747299 ], [ -5.390403, 32.750884 ], [ -5.385794, 32.752564 ], [ -5.379854, 32.755269 ], [ -5.369302, 32.759607 ], [ -5.361485, 32.762042 ], [ -5.358731, 32.76324 ], [ -5.3482, 32.768448 ], [ -5.338403, 32.771492 ], [ -5.337619, 32.771758 ], [ -5.327109, 32.777861 ], [ -5.317519, 32.780898 ], [ -5.31653, 32.781356 ], [ -5.306019, 32.787508 ], [ -5.298345, 32.790269 ], [ -5.295458, 32.791748 ], [ -5.284936, 32.797586 ], [ -5.280325, 32.799615 ], [ -5.274403, 32.803054 ], [ -5.263856, 32.808 ], [ -5.261903, 32.808967 ], [ -5.253348, 32.814525 ], [ -5.244042, 32.818306 ], [ -5.242786, 32.819021 ], [ -5.232286, 32.825982 ], [ -5.229454, 32.827584 ], [ -5.221783, 32.83292 ], [ -5.212349, 32.836905 ], [ -5.211223, 32.837606 ], [ -5.200726, 32.844866 ], [ -5.198764, 32.846162 ], [ -5.190236, 32.852524 ], [ -5.184998, 32.855421 ], [ -5.179694, 32.858121 ], [ -5.16917, 32.864486 ], [ -5.168813, 32.86472 ], [ -5.158666, 32.871762 ], [ -5.155601, 32.873966 ], [ -5.148167, 32.879304 ], [ -5.142914, 32.883202 ], [ -5.137671, 32.887056 ], [ -5.130607, 32.89243 ], [ -5.127178, 32.895031 ], [ -5.11875, 32.901649 ], [ -5.11669, 32.903271 ], [ -5.107375, 32.910859 ], [ -5.106207, 32.911804 ], [ -5.096393, 32.920062 ], [ -5.095733, 32.920786 ], [ -5.086066, 32.929252 ], [ -5.085272, 32.930439 ], [ -5.076955, 32.938422 ], [ -5.074815, 32.94036 ], [ -5.067779, 32.947592 ], [ -5.064345, 32.949807 ], [ -5.057264, 32.956783 ], [ -5.053875, 32.959353 ], [ -5.047322, 32.965964 ], [ -5.043428, 32.969981 ], [ -5.03865, 32.975124 ], [ -5.033008, 32.981916 ], [ -5.031109, 32.984264 ], [ -5.02257, 32.993135 ], [ -5.022322, 32.993425 ], [ -5.016428, 33.002538 ], [ -5.012193, 33.007204 ], [ -5.009264, 33.011671 ], [ -5.001773, 33.019497 ], [ -5.000786, 33.020825 ], [ -4.993981, 33.029952 ], [ -4.991382, 33.033201 ], [ -4.988292, 33.03906 ], [ -4.980994, 33.047204 ], [ -4.980315, 33.048205 ], [ -4.975514, 33.057299 ], [ -4.970654, 33.063476 ], [ -4.969081, 33.066419 ], [ -4.963307, 33.075527 ], [ -4.960313, 33.079871 ], [ -4.958132, 33.084627 ], [ -4.952383, 33.093735 ], [ -4.949995, 33.097499 ], [ -4.947787, 33.102824 ], [ -4.942875, 33.111919 ], [ -4.939717, 33.117136 ], [ -4.938165, 33.12101 ], [ -4.933937, 33.130093 ], [ -4.929459, 33.137856 ], [ -4.928945, 33.139188 ], [ -4.926104, 33.14825 ], [ -4.921875, 33.157333 ], [ -4.91929, 33.16287 ], [ -4.918118, 33.166409 ], [ -4.915455, 33.175468 ], [ -4.911745, 33.184543 ], [ -4.909181, 33.190894 ], [ -4.908377, 33.193612 ], [ -4.906002, 33.202666 ], [ -4.903406, 33.211724 ], [ -4.900511, 33.220786 ], [ -4.899204, 33.225337 ], [ -4.898209, 33.229838 ], [ -4.896123, 33.238888 ], [ -4.894208, 33.247935 ], [ -4.892249, 33.256982 ], [ -4.890425, 33.266028 ], [ -4.889473, 33.27148 ], [ -4.888886, 33.275069 ], [ -4.887558, 33.284107 ], [ -4.886095, 33.293147 ], [ -4.88488, 33.302183 ], [ -4.884014, 33.311213 ], [ -4.883064, 33.320245 ], [ -4.882569, 33.329271 ], [ -4.882047, 33.338296 ], [ -4.881836, 33.347317 ], [ -4.881269, 33.356343 ], [ -4.880703, 33.362806 ], [ -4.880397, 33.365374 ], [ -4.878554, 33.374419 ], [ -4.876761, 33.383464 ], [ -4.874706, 33.392513 ], [ -4.872862, 33.401558 ], [ -4.87111, 33.410602 ], [ -4.870993, 33.410941 ], [ -4.867637, 33.419672 ], [ -4.864034, 33.428744 ], [ -4.860928, 33.437808 ], [ -4.860823, 33.438032 ], [ -4.854301, 33.446925 ], [ -4.850769, 33.455995 ], [ -4.850466, 33.45658 ], [ -4.844841, 33.465101 ], [ -4.840199, 33.474187 ], [ -4.840088, 33.474344 ], [ -4.83275, 33.483315 ], [ -4.82961, 33.48751 ], [ -4.825317, 33.492442 ], [ -4.819112, 33.499921 ], [ -4.817266, 33.501578 ], [ -4.808628, 33.510722 ], [ -4.808579, 33.510768 ], [ -4.798126, 33.519893 ], [ -4.79801, 33.519992 ], [ -4.787421, 33.528335 ], [ -4.78664, 33.529077 ], [ -4.776813, 33.535899 ], [ -4.772244, 33.538301 ], [ -4.766171, 33.541855 ], [ -4.757564, 33.547528 ], [ -4.755544, 33.548635 ], [ -4.744892, 33.55424 ], [ -4.740374, 33.556788 ], [ -4.734226, 33.559222 ], [ -4.723579, 33.565257 ], [ -4.721788, 33.566066 ], [ -4.712887, 33.569047 ], [ -4.702215, 33.573879 ], [ -4.698429, 33.575406 ], [ -4.691516, 33.577426 ], [ -4.680816, 33.580958 ], [ -4.671442, 33.584792 ], [ -4.670128, 33.585197 ], [ -4.659405, 33.587607 ], [ -4.648688, 33.590399 ], [ -4.637988, 33.594127 ], [ -4.637411, 33.594264 ], [ -4.627253, 33.596027 ], [ -4.616522, 33.59817 ], [ -4.605792, 33.600415 ], [ -4.595064, 33.602764 ], [ -4.589338, 33.603909 ], [ -4.584328, 33.604731 ], [ -4.573579, 33.606044 ], [ -4.562836, 33.607643 ], [ -4.552088, 33.609022 ], [ -4.541341, 33.610454 ], [ -4.53059, 33.611695 ], [ -4.519836, 33.612815 ], [ -4.509081, 33.613878 ], [ -4.508241, 33.613943 ], [ -4.498321, 33.614642 ], [ -4.487558, 33.61526 ], [ -4.476796, 33.615945 ], [ -4.466031, 33.616458 ], [ -4.455263, 33.616829 ], [ -4.444496, 33.617262 ], [ -4.433726, 33.617523 ], [ -4.422955, 33.617655 ], [ -4.412184, 33.617868 ], [ -4.40141, 33.61789 ], [ -4.390635, 33.61781 ], [ -4.379859, 33.617734 ], [ -4.369082, 33.617535 ], [ -4.358303, 33.617248 ], [ -4.347524, 33.616932 ], [ -4.336743, 33.616511 ], [ -4.326189, 33.616029 ], [ -4.325961, 33.616019 ], [ -4.31518, 33.615542 ], [ -4.304399, 33.615043 ], [ -4.293616, 33.61446 ], [ -4.282832, 33.613803 ], [ -4.272048, 33.61313 ], [ -4.261263, 33.612318 ], [ -4.250476, 33.611438 ], [ -4.23969, 33.610566 ], [ -4.228905, 33.609779 ], [ -4.21812, 33.608972 ], [ -4.207909, 33.608222 ], [ -4.207336, 33.608185 ], [ -4.196555, 33.607608 ], [ -4.185774, 33.607046 ], [ -4.174993, 33.606505 ], [ -4.164213, 33.605983 ], [ -4.153433, 33.605483 ], [ -4.142654, 33.605003 ], [ -4.131875, 33.604547 ], [ -4.121096, 33.604118 ], [ -4.110318, 33.603713 ], [ -4.09954, 33.603335 ], [ -4.088763, 33.602985 ], [ -4.077986, 33.602667 ], [ -4.06721, 33.60238 ], [ -4.056434, 33.602123 ], [ -4.045659, 33.601905 ], [ -4.034884, 33.601719 ], [ -4.024109, 33.601566 ], [ -4.013335, 33.601448 ], [ -4.002561, 33.601374 ], [ -3.991788, 33.601335 ], [ -3.981015, 33.601331 ], [ -3.970243, 33.601368 ], [ -3.959471, 33.601447 ], [ -3.948699, 33.601563 ], [ -3.937928, 33.601716 ], [ -3.927157, 33.601916 ], [ -3.916387, 33.602152 ], [ -3.905617, 33.602424 ], [ -3.894847, 33.60274 ], [ -3.884078, 33.603092 ], [ -3.873308, 33.603478 ], [ -3.862539, 33.603897 ], [ -3.851771, 33.604364 ], [ -3.841002, 33.604854 ], [ -3.830234, 33.605373 ], [ -3.819466, 33.605937 ], [ -3.808697, 33.606515 ], [ -3.797929, 33.607118 ], [ -3.78716, 33.607624 ], [ -3.776393, 33.608401 ], [ -3.765625, 33.60907 ], [ -3.754857, 33.609758 ], [ -3.744089, 33.61047 ], [ -3.733321, 33.611184 ], [ -3.722553, 33.611912 ], [ -3.721246, 33.612017 ], [ -3.711787, 33.612907 ], [ -3.701021, 33.613948 ], [ -3.690254, 33.614988 ], [ -3.679488, 33.616026 ], [ -3.668721, 33.617079 ], [ -3.657954, 33.618111 ], [ -3.647186, 33.619137 ], [ -3.636418, 33.620098 ], [ -3.62565, 33.621163 ], [ -3.621735, 33.621576 ], [ -3.614883, 33.622428 ], [ -3.604117, 33.623836 ], [ -3.593351, 33.625218 ], [ -3.582584, 33.626558 ], [ -3.571816, 33.627861 ], [ -3.561048, 33.629137 ], [ -3.550279, 33.630362 ], [ -3.545561, 33.630955 ], [ -3.539512, 33.631855 ], [ -3.528744, 33.63343 ], [ -3.517977, 33.635188 ], [ -3.507209, 33.63674 ], [ -3.49644, 33.638223 ], [ -3.48567, 33.639643 ], [ -3.481571, 33.640239 ], [ -3.474902, 33.641392 ], [ -3.464134, 33.643324 ], [ -3.453364, 33.644944 ], [ -3.442595, 33.64685 ], [ -3.431824, 33.648456 ], [ -3.425322, 33.649465 ], [ -3.421053, 33.650253 ], [ -3.410284, 33.652433 ], [ -3.399514, 33.654444 ], [ -3.388743, 33.656309 ], [ -3.37797, 33.658037 ], [ -3.374638, 33.658648 ], [ -3.367199, 33.660237 ], [ -3.356428, 33.662537 ], [ -3.345655, 33.664502 ], [ -3.334881, 33.666574 ], [ -3.328161, 33.667799 ], [ -3.324108, 33.668681 ], [ -3.313335, 33.671222 ], [ -3.302561, 33.673517 ], [ -3.291786, 33.675597 ], [ -3.284964, 33.676925 ], [ -3.281011, 33.677842 ], [ -3.270236, 33.680548 ], [ -3.25946, 33.682961 ], [ -3.248683, 33.685131 ], [ -3.244526, 33.686031 ], [ -3.237906, 33.687575 ], [ -3.22713, 33.6905 ], [ -3.216351, 33.692949 ], [ -3.205732, 33.69512 ], [ -3.205572, 33.695159 ], [ -3.194794, 33.698277 ], [ -3.184014, 33.700999 ], [ -3.173233, 33.703403 ], [ -3.169982, 33.704194 ], [ -3.162452, 33.706356 ], [ -3.151671, 33.709329 ], [ -3.140889, 33.711924 ], [ -3.135462, 33.713255 ], [ -3.130106, 33.714774 ], [ -3.119323, 33.717983 ], [ -3.108538, 33.720731 ], [ -3.102299, 33.722306 ], [ -3.097753, 33.723658 ], [ -3.086968, 33.726982 ], [ -3.076181, 33.729833 ], [ -3.070459, 33.731347 ], [ -3.065394, 33.732921 ], [ -3.054607, 33.736338 ], [ -3.043818, 33.739261 ], [ -3.039906, 33.74038 ], [ -3.033029, 33.742674 ], [ -3.022238, 33.746118 ], [ -3.011447, 33.749037 ], [ -3.010231, 33.749405 ], [ -3.000655, 33.752617 ], [ -2.989863, 33.755942 ], [ -2.981999, 33.758423 ], [ -2.979069, 33.759368 ], [ -2.968275, 33.76294 ], [ -2.957479, 33.766542 ], [ -2.954835, 33.767435 ], [ -2.946683, 33.770212 ], [ -2.935886, 33.773917 ], [ -2.928609, 33.776442 ], [ -2.925088, 33.777674 ], [ -2.914288, 33.781485 ], [ -2.903488, 33.785326 ], [ -2.903164, 33.785443 ], [ -2.892687, 33.789241 ], [ -2.881885, 33.793183 ], [ -2.878483, 33.79444 ], [ -2.871081, 33.797229 ], [ -2.860277, 33.801355 ], [ -2.854751, 33.803433 ], [ -2.849471, 33.805583 ], [ -2.838664, 33.809792 ], [ -2.831386, 33.812422 ], [ -2.827857, 33.813833 ], [ -2.817048, 33.818107 ], [ -2.808249, 33.821408 ], [ -2.806238, 33.82218 ], [ -2.795427, 33.8265 ], [ -2.785786, 33.830389 ], [ -2.784614, 33.830866 ], [ -2.7738, 33.835299 ], [ -2.763924, 33.839368 ], [ -2.762985, 33.839764 ], [ -2.752169, 33.844437 ], [ -2.742633, 33.848344 ], [ -2.741351, 33.848916 ], [ -2.730531, 33.8539 ], [ -2.721894, 33.857318 ], [ -2.719712, 33.85828 ], [ -2.70889, 33.86327 ], [ -2.70144, 33.866289 ], [ -2.698068, 33.86782 ], [ -2.687243, 33.872717 ], [ -2.681307, 33.875257 ], [ -2.676418, 33.877543 ], [ -2.665591, 33.882403 ], [ -2.66142, 33.884223 ], [ -2.654762, 33.887434 ], [ -2.643933, 33.892175 ], [ -2.641705, 33.893186 ], [ -2.633101, 33.897479 ], [ -2.62227, 33.902066 ], [ -2.6221, 33.902146 ], [ -2.611434, 33.907637 ], [ -2.603603, 33.911106 ], [ -2.600599, 33.912575 ], [ -2.589761, 33.917894 ], [ -2.585081, 33.920064 ], [ -2.578922, 33.923199 ], [ -2.568083, 33.928221 ], [ -2.566439, 33.929018 ], [ -2.55724, 33.933879 ], [ -2.548336, 33.937972 ], [ -2.546398, 33.938952 ], [ -2.535552, 33.944578 ], [ -2.53071, 33.946925 ], [ -2.524705, 33.950088 ], [ -2.513858, 33.955296 ], [ -2.512719, 33.955873 ], [ -2.503006, 33.961189 ], [ -2.495554, 33.964822 ], [ -2.492155, 33.96662 ], [ -2.481302, 33.972254 ], [ -2.478343, 33.973769 ], [ -2.470446, 33.978133 ], [ -2.461152, 33.982714 ], [ -2.459591, 33.983546 ], [ -2.448731, 33.989521 ], [ -2.444623, 33.991659 ], [ -2.43787, 33.995438 ], [ -2.427551, 34.000599 ], [ -2.427011, 34.00089 ], [ -2.416145, 34.007127 ], [ -2.411601, 34.009542 ], [ -2.405279, 34.013136 ], [ -2.394919, 34.018479 ], [ -2.394414, 34.018759 ], [ -2.383543, 34.025097 ], [ -2.379276, 34.02742 ], [ -2.372671, 34.031251 ], [ -2.363053, 34.036355 ], [ -2.3618, 34.037068 ], [ -2.350924, 34.04341 ], [ -2.347561, 34.045292 ], [ -2.340046, 34.049749 ], [ -2.331876, 34.054226 ], [ -2.329169, 34.055806 ], [ -2.318289, 34.062055 ], [ -2.316371, 34.063159 ], [ -2.307404, 34.068603 ], [ -2.301245, 34.072092 ], [ -2.29652, 34.074926 ], [ -2.285637, 34.080988 ], [ -2.285582, 34.08102 ], [ -2.274745, 34.087767 ], [ -2.271016, 34.089953 ], [ -2.263854, 34.094366 ], [ -2.256043, 34.098881 ], [ -2.252963, 34.100761 ], [ -2.242069, 34.107192 ], [ -2.241052, 34.107808 ], [ -2.23117, 34.114064 ], [ -2.22671, 34.116736 ], [ -2.220271, 34.120782 ], [ -2.212046, 34.125661 ], [ -2.209372, 34.127329 ], [ -2.19847, 34.133957 ], [ -2.197457, 34.134585 ], [ -2.187563, 34.140975 ], [ -2.183444, 34.143511 ], [ -2.176655, 34.147876 ], [ -2.169196, 34.152433 ], [ -2.165746, 34.154639 ], [ -2.154838, 34.161275 ], [ -2.154716, 34.161352 ], [ -2.143921, 34.168485 ], [ -2.141097, 34.170275 ], [ -2.133004, 34.175609 ], [ -2.127318, 34.179196 ], [ -2.122086, 34.182624 ], [ -2.113356, 34.188114 ], [ -2.111167, 34.189545 ], [ -2.100246, 34.196544 ], [ -2.0995, 34.197031 ], [ -2.089318, 34.203913 ], [ -2.086036, 34.205949 ], [ -2.078392, 34.211055 ], [ -2.072767, 34.214867 ], [ -2.06746, 34.21844 ], [ -2.05923, 34.223782 ], [ -2.05653, 34.225598 ], [ -2.045598, 34.232678 ], [ -2.045574, 34.232694 ], [ -2.034659, 34.24025 ], [ -2.032634, 34.241611 ], [ -2.023719, 34.247782 ], [ -2.019635, 34.250525 ], [ -2.012777, 34.255275 ], [ -2.006576, 34.259438 ], [ -2.001833, 34.262717 ], [ -1.993464, 34.268349 ], [ -1.990888, 34.270131 ], [ -1.980287, 34.277257 ], [ -1.979942, 34.277496 ], [ -1.96899, 34.285213 ], [ -1.967615, 34.286169 ], [ -1.958034, 34.292987 ], [ -1.955025, 34.29508 ], [ -1.947077, 34.300745 ], [ -1.942418, 34.303989 ], [ -1.936118, 34.308487 ], [ -1.929795, 34.312897 ], [ -1.925158, 34.316211 ], [ -1.917168, 34.321803 ], [ -1.914195, 34.323932 ], [ -1.904523, 34.330708 ], [ -1.903231, 34.331636 ], [ -1.892263, 34.339406 ], [ -1.891977, 34.339613 ], [ -1.88129, 34.347457 ], [ -1.879817, 34.34852 ], [ -1.870315, 34.355495 ], [ -1.867644, 34.357425 ], [ -1.859338, 34.363546 ], [ -1.855505, 34.36633 ], [ -1.848358, 34.371634 ], [ -1.843455, 34.375234 ], [ -1.837376, 34.379773 ], [ -1.83148, 34.384137 ], [ -1.82639, 34.387969 ], [ -1.819592, 34.393041 ], [ -1.815401, 34.396222 ], [ -1.807795, 34.401943 ], [ -1.80441, 34.404529 ], [ -1.796107, 34.410846 ], [ -1.793415, 34.412919 ], [ -1.784513, 34.419749 ], [ -1.782417, 34.421377 ], [ -1.773023, 34.428651 ], [ -1.771417, 34.429811 ], [ -1.761552, 34.437553 ], [ -1.76041, 34.438532 ], [ -1.750392, 34.446456 ], [ -1.749402, 34.447245 ], [ -1.739242, 34.455359 ], [ -1.73839, 34.456044 ], [ -1.728198, 34.464262 ], [ -1.727374, 34.46493 ], [ -1.717284, 34.473165 ], [ -1.716354, 34.473925 ], [ -1.706472, 34.482068 ], [ -1.70533, 34.48301 ], [ -1.695759, 34.490971 ], [ -1.694303, 34.492182 ], [ -1.685155, 34.499874 ], [ -1.683272, 34.501452 ], [ -1.674647, 34.508778 ], [ -1.672236, 34.510816 ], [ -1.664223, 34.517681 ], [ -1.661197, 34.520262 ], [ -1.65388, 34.526584 ], [ -1.650154, 34.529782 ], [ -1.64362, 34.535488 ], [ -1.639107, 34.53939 ], [ -1.633425, 34.544391 ], [ -1.628057, 34.54907 ], [ -1.623293, 34.553294 ], [ -1.617003, 34.558813 ], [ -1.613214, 34.562197 ], [ -1.605945, 34.568608 ], [ -1.60318, 34.571099 ], [ -1.594884, 34.578467 ], [ -1.593191, 34.580001 ], [ -1.583819, 34.588377 ], [ -1.583243, 34.588903 ], [ -1.57355, 34.597806 ], [ -1.572747, 34.598544 ], [ -1.564094, 34.606712 ], [ -1.561668, 34.608952 ], [ -1.554643, 34.615617 ], [ -1.550586, 34.619383 ], [ -1.545187, 34.624521 ], [ -1.539501, 34.629814 ], [ -1.535734, 34.633425 ], [ -1.528413, 34.640268 ], [ -1.526273, 34.642327 ], [ -1.517323, 34.650729 ], [ -1.516805, 34.651229 ], [ -1.507732, 34.660135 ], [ -1.506221, 34.661598 ], [ -1.498797, 34.669042 ], [ -1.495115, 34.672617 ], [ -1.489806, 34.677947 ], [ -1.484006, 34.683591 ], [ -1.480762, 34.686851 ], [ -1.472895, 34.694513 ], [ -1.471657, 34.695754 ], [ -1.462782, 34.704658 ], [ -1.461777, 34.705673 ], [ -1.454239, 34.713567 ], [ -1.450649, 34.717186 ], [ -1.445592, 34.722473 ], [ -1.43952, 34.728587 ], [ -1.43684, 34.731377 ], [ -1.42839, 34.739877 ], [ -1.428004, 34.74028 ], [ -1.419729, 34.749189 ], [ -1.417245, 34.751777 ], [ -1.411416, 34.758097 ], [ -1.406099, 34.763618 ], [ -1.402955, 34.767003 ], [ -1.394952, 34.775288 ], [ -1.394378, 34.775906 ], [ -1.386326, 34.784816 ], [ -1.383791, 34.787535 ], [ -1.378257, 34.793725 ], [ -1.372628, 34.799727 ], [ -1.370005, 34.80263 ], [ -1.36168, 34.811535 ], [ -1.361464, 34.811774 ], [ -1.35397, 34.820447 ], [ -1.350283, 34.824498 ], [ -1.346046, 34.829355 ], [ -1.339105, 34.83692 ], [ -1.33792, 34.83826 ], [ -1.33017, 34.84717 ], [ -1.327916, 34.849715 ], [ -1.322523, 34.856081 ], [ -1.316722, 34.862575 ], [ -1.314655, 34.864988 ], [ -1.306867, 34.873896 ], [ -1.305524, 34.875492 ], [ -1.299485, 34.882809 ], [ -1.294315, 34.888736 ], [ -1.291823, 34.891717 ], [ -1.284193, 34.900625 ], [ -1.283105, 34.901848 ], [ -1.276775, 34.909536 ], [ -1.271881, 34.915465 ], [ -1.269441, 34.918448 ], [ -1.262007, 34.927357 ], [ -1.260655, 34.928993 ], [ -1.2549, 34.936271 ], [ -1.249419, 34.942813 ], [ -1.247507, 34.945181 ], [ -1.240317, 34.954092 ], [ -1.238177, 34.956726 ], [ -1.23329, 34.963006 ], [ -1.226929, 34.970728 ], [ -1.225991, 34.971915 ], [ -1.219109, 34.98083 ], [ -1.215669, 34.98511 ], [ -1.212096, 34.989743 ], [ -1.204968, 34.998653 ], [ -1.204408, 34.999371 ], [ -1.198288, 35.007569 ], [ -1.193133, 35.014092 ], [ -1.191318, 35.016481 ], [ -1.184477, 35.025395 ], [ -1.181852, 35.028889 ], [ -1.177834, 35.034311 ], [ -1.170938, 35.043222 ], [ -1.170566, 35.043718 ], [ -1.164485, 35.05214 ], [ -1.159266, 35.058978 ], [ -1.157731, 35.061053 ], [ -1.151229, 35.06997 ], [ -1.147959, 35.074357 ], [ -1.144702, 35.078885 ], [ -1.138145, 35.0878 ], [ -1.136645, 35.089858 ], [ -1.131819, 35.096718 ], [ -1.125324, 35.105481 ], [ -1.125215, 35.105631 ], [ -1.119035, 35.114551 ], [ -1.113988, 35.121526 ], [ -1.112626, 35.123466 ], [ -1.106449, 35.132385 ], [ -1.102645, 35.137737 ], [ -1.100174, 35.141302 ], [ -1.093989, 35.15022 ], [ -1.091293, 35.15409 ], [ -1.087866, 35.159139 ], [ -1.081728, 35.168057 ], [ -1.079931, 35.170679 ], [ -1.075729, 35.176977 ], [ -1.069609, 35.185895 ], [ -1.06856, 35.18745 ], [ -1.063696, 35.194815 ], [ -1.05768, 35.203734 ], [ -1.057178, 35.204492 ], [ -1.05187, 35.212656 ], [ -1.045912, 35.221575 ], [ -1.045785, 35.221768 ], [ -1.040144, 35.230496 ], [ -1.034381, 35.2393 ], [ -1.034305, 35.239417 ], [ -1.028625, 35.248339 ], [ -1.022965, 35.257104 ], [ -1.022866, 35.25726 ], [ -1.017239, 35.266183 ], [ -1.011565, 35.275104 ], [ -1.011538, 35.275147 ], [ -1.005993, 35.284028 ], [ -1.000426, 35.29295 ], [ -1.000099, 35.293478 ], [ -0.994922, 35.301874 ], [ -0.989423, 35.310798 ], [ -0.988649, 35.312053 ], [ -0.983951, 35.319721 ], [ -0.978557, 35.328646 ], [ -0.977185, 35.330923 ], [ -0.973172, 35.33757 ], [ -0.967841, 35.346496 ], [ -0.96571, 35.35007 ], [ -0.962504, 35.35542 ], [ -0.957238, 35.364346 ], [ -0.954221, 35.36952 ], [ -0.952014, 35.373272 ], [ -0.946798, 35.382198 ], [ -0.942718, 35.389307 ], [ -0.941674, 35.391126 ], [ -0.936451, 35.400051 ], [ -0.931439, 35.40898 ], [ -0.931201, 35.4094 ], [ -0.926291, 35.417906 ], [ -0.921306, 35.426835 ], [ -0.919671, 35.429767 ], [ -0.916299, 35.435763 ], [ -0.911273, 35.444691 ], [ -0.908126, 35.450487 ], [ -0.906379, 35.45362 ], [ -0.901414, 35.462548 ], [ -0.896671, 35.47148 ], [ -0.896562, 35.47168 ], [ -0.891704, 35.480408 ], [ -0.886921, 35.489339 ], [ -0.884988, 35.493007 ], [ -0.882117, 35.498269 ], [ -0.877341, 35.507199 ], [ -0.873393, 35.514931 ], [ -0.872757, 35.516132 ], [ -0.867925, 35.525061 ], [ -0.863346, 35.533995 ], [ -0.861785, 35.537056 ], [ -0.85866, 35.542926 ], [ -0.854036, 35.551858 ], [ -0.850155, 35.559776 ], [ -0.849634, 35.560793 ], [ -0.844923, 35.569723 ], [ -0.840493, 35.578658 ], [ -0.838512, 35.582722 ], [ -0.836013, 35.587592 ], [ -0.831504, 35.596525 ], [ -0.827302, 35.605463 ], [ -0.826842, 35.60641 ], [ -0.822759, 35.614395 ], [ -0.818417, 35.623331 ], [ -0.815155, 35.630456 ], [ -0.814273, 35.63227 ], [ -0.809804, 35.641203 ], [ -0.805664, 35.650141 ], [ -0.803446, 35.65502 ], [ -0.80149, 35.659079 ], [ -0.797178, 35.668014 ], [ -0.793191, 35.676955 ], [ -0.791711, 35.680256 ], [ -0.789022, 35.685892 ], [ -0.78486, 35.69483 ], [ -0.780999, 35.703772 ], [ -0.779948, 35.706227 ], [ -0.776962, 35.712712 ], [ -0.772817, 35.721649 ], [ -0.769065, 35.730593 ], [ -0.768163, 35.732686 ], [ -0.765016, 35.739532 ], [ -0.761066, 35.748472 ], [ -0.757401, 35.757418 ], [ -0.756348, 35.759927 ], [ -0.753466, 35.766358 ], [ -0.749593, 35.775299 ], [ -0.745989, 35.784245 ], [ -0.744504, 35.787917 ], [ -0.742224, 35.793188 ], [ -0.738405, 35.80213 ], [ -0.734851, 35.811077 ], [ -0.732624, 35.816819 ], [ -0.731294, 35.820023 ], [ -0.727512, 35.828966 ], [ -0.723983, 35.837912 ], [ -0.720705, 35.846802 ], [ -0.720681, 35.846863 ], [ -0.716934, 35.855806 ], [ -0.713421, 35.864752 ], [ -0.71012, 35.873703 ], [ -0.708759, 35.877371 ], [ -0.706668, 35.882651 ], [ -0.703154, 35.891597 ], [ -0.699878, 35.900548 ], [ -0.696759, 35.909463 ], [ -0.696745, 35.909501 ], [ -0.693233, 35.918447 ], [ -0.689917, 35.927397 ], [ -0.686787, 35.93635 ], [ -0.684724, 35.942376 ], [ -0.683658, 35.945303 ], [ -0.680331, 35.954252 ], [ -0.677176, 35.963204 ], [ -0.67418, 35.972159 ], [ -0.672635, 35.976799 ], [ -0.671108, 35.981113 ], [ -0.667918, 35.990064 ], [ -0.664916, 35.999019 ], [ -0.662028, 36.007976 ], [ -0.660488, 36.012781 ], [ -0.65908, 36.016932 ], [ -0.656019, 36.025885 ], [ -0.653101, 36.034841 ], [ -0.650323, 36.0438 ], [ -0.648277, 36.050508 ], [ -0.647553, 36.052759 ], [ -0.644602, 36.061714 ], [ -0.641775, 36.070672 ], [ -0.639064, 36.079631 ], [ -0.636464, 36.088593 ], [ -0.635996, 36.090165 ], [ -0.63368, 36.097551 ], [ -0.630936, 36.10651 ], [ -0.628294, 36.115471 ], [ -0.62575, 36.124434 ], [ -0.623633, 36.132098 ], [ -0.623256, 36.133397 ], [ -0.620603, 36.142357 ], [ -0.618032, 36.151319 ], [ -0.615545, 36.160283 ], [ -0.613136, 36.169248 ], [ -0.611173, 36.176723 ], [ -0.610765, 36.178213 ], [ -0.60827, 36.187176 ], [ -0.605848, 36.196141 ], [ -0.603496, 36.205107 ], [ -0.601209, 36.214074 ], [ -0.598988, 36.223042 ], [ -0.598599, 36.224591 ], [ -0.596686, 36.232009 ], [ -0.594392, 36.240975 ], [ -0.592165, 36.249943 ], [ -0.589994, 36.258912 ], [ -0.587878, 36.267882 ], [ -0.585881, 36.276567 ], [ -0.585813, 36.276853 ], [ -0.583658, 36.285823 ], [ -0.581554, 36.294793 ], [ -0.579498, 36.303764 ], [ -0.57749, 36.312736 ], [ -0.575529, 36.321709 ], [ -0.573619, 36.330683 ], [ -0.572985, 36.333647 ], [ -0.571673, 36.339656 ], [ -0.569735, 36.348629 ], [ -0.567841, 36.357603 ], [ -0.565987, 36.366578 ], [ -0.564175, 36.375554 ], [ -0.562414, 36.38453 ], [ -0.560673, 36.393507 ], [ -0.559848, 36.397803 ], [ -0.558933, 36.402484 ], [ -0.557195, 36.411461 ], [ -0.555494, 36.420439 ], [ -0.553867, 36.429418 ], [ -0.552216, 36.438397 ], [ -0.550621, 36.447377 ], [ -0.549056, 36.456357 ], [ -0.547525, 36.465338 ], [ -0.54636, 36.47229 ], [ -0.546015, 36.474319 ], [ -0.544508, 36.483301 ], [ -0.543031, 36.492283 ], [ -0.541584, 36.501265 ], [ -0.540167, 36.510248 ], [ -0.538781, 36.519232 ], [ -0.537443, 36.528217 ], [ -0.536113, 36.537202 ], [ -0.53481, 36.546187 ], [ -0.533536, 36.555173 ], [ -0.532291, 36.56416 ], [ -0.532288, 36.564183 ], [ -0.531057, 36.573146 ], [ -0.529858, 36.582134 ], [ -0.528681, 36.591122 ], [ -0.527532, 36.60011 ], [ -0.526411, 36.609099 ], [ -0.525317, 36.618089 ], [ -0.524251, 36.627079 ], [ -0.523211, 36.636069 ], [ -0.522197, 36.64506 ], [ -0.521211, 36.654052 ], [ -0.52025, 36.663044 ], [ -0.519316, 36.672037 ], [ -0.518408, 36.68103 ], [ -0.517525, 36.690024 ], [ -0.51686, 36.697008 ], [ -0.516668, 36.699018 ], [ -0.515834, 36.708012 ], [ -0.515026, 36.717008 ], [ -0.514244, 36.726003 ], [ -0.513488, 36.735 ], [ -0.512758, 36.743996 ], [ -0.512054, 36.752994 ], [ -0.511376, 36.761992 ], [ -0.510725, 36.77099 ], [ -0.510094, 36.779989 ], [ -0.509493, 36.788988 ], [ -0.508917, 36.797988 ], [ -0.508367, 36.806988 ], [ -0.507844, 36.815989 ], [ -0.507345, 36.824991 ], [ -0.506863, 36.833993 ], [ -0.506415, 36.842995 ], [ -0.505992, 36.851998 ], [ -0.505595, 36.861002 ], [ -0.505222, 36.870006 ], [ -0.504876, 36.87901 ], [ -0.504541, 36.888015 ], [ -0.504243, 36.897021 ], [ -0.503972, 36.906027 ], [ -0.503725, 36.915034 ], [ -0.503503, 36.924041 ], [ -0.503289, 36.933048 ], [ -0.503117, 36.942056 ], [ -0.502969, 36.951065 ], [ -0.502847, 36.960074 ], [ -0.502749, 36.969084 ], [ -0.502675, 36.978094 ], [ -0.502613, 36.987104 ], [ -0.50259, 36.996116 ], [ -0.502592, 37.005127 ], [ -0.502619, 37.01414 ], [ -0.502671, 37.023152 ], [ -0.502747, 37.032166 ], [ -0.502841, 37.041179 ], [ -0.50297, 37.050194 ], [ -0.503125, 37.059208 ], [ -0.503305, 37.068224 ], [ -0.50351, 37.07724 ], [ -0.503743, 37.086256 ], [ -0.503951, 37.094199 ], [ -0.503978, 37.095273 ], [ -0.504204, 37.104289 ], [ -0.504454, 37.113306 ], [ -0.504749, 37.122324 ], [ -0.505105, 37.131343 ], [ -0.505532, 37.140363 ], [ -0.506032, 37.149385 ], [ -0.506592, 37.158409 ], [ -0.507217, 37.167433 ], [ -0.50791, 37.17646 ], [ -0.508675, 37.185487 ], [ -0.509509, 37.194516 ], [ -0.510423, 37.203547 ], [ -0.511336, 37.211977 ], [ -0.511399, 37.212579 ], [ -0.512387, 37.221611 ], [ -0.513457, 37.230645 ], [ -0.514605, 37.239681 ], [ -0.515842, 37.248718 ], [ -0.517166, 37.257757 ], [ -0.518586, 37.266798 ], [ -0.520106, 37.275842 ], [ -0.520442, 37.277788 ], [ -0.521631, 37.284885 ], [ -0.523232, 37.29393 ], [ -0.524939, 37.302977 ], [ -0.526759, 37.312026 ], [ -0.528702, 37.321078 ], [ -0.530095, 37.327268 ], [ -0.530721, 37.330132 ], [ -0.532755, 37.339186 ], [ -0.534917, 37.348242 ], [ -0.537221, 37.357301 ], [ -0.539678, 37.366364 ], [ -0.540054, 37.367726 ], [ -0.542121, 37.375426 ], [ -0.544688, 37.384491 ], [ -0.547422, 37.393559 ], [ -0.550215, 37.402293 ], [ -0.55032, 37.40263 ], [ -0.553216, 37.411702 ], [ -0.556252, 37.420776 ], [ -0.559514, 37.429854 ], [ -0.560522, 37.432602 ], [ -0.56279, 37.438933 ], [ -0.56622, 37.448015 ], [ -0.569913, 37.457103 ], [ -0.570944, 37.459606 ], [ -0.573612, 37.46619 ], [ -0.577486, 37.475281 ], [ -0.581456, 37.484026 ], [ -0.581613, 37.484376 ], [ -0.585788, 37.493473 ], [ -0.590184, 37.502574 ], [ -0.592044, 37.506305 ], [ -0.594704, 37.511678 ], [ -0.599428, 37.520785 ], [ -0.602697, 37.526715 ], [ -0.604427, 37.529898 ], [ -0.609526, 37.539012 ], [ -0.613402, 37.545683 ], [ -0.614833, 37.548131 ], [ -0.620367, 37.557254 ], [ -0.624159, 37.563175 ], [ -0.626192, 37.566382 ], [ -0.632156, 37.575514 ], [ -0.634952, 37.579661 ], [ -0.638377, 37.584649 ], [ -0.644893, 37.593791 ], [ -0.645789, 37.594933 ], [ -0.651884, 37.602941 ], [ -0.656657, 37.609326 ], [ -0.658817, 37.612091 ], [ -0.666169, 37.621247 ], [ -0.667558, 37.622802 ], [ -0.674187, 37.630417 ], [ -0.678486, 37.635541 ], [ -0.682098, 37.639584 ], [ -0.689431, 37.647833 ], [ -0.69029, 37.648756 ], [ -0.699171, 37.657941 ], [ -0.700408, 37.659235 ], [ -0.708477, 37.667133 ], [ -0.711407, 37.669977 ], [ -0.718256, 37.676334 ], [ -0.722435, 37.679933 ], [ -0.728712, 37.685547 ], [ -0.733467, 37.689799 ], [ -0.739271, 37.694762 ], [ -0.744521, 37.699071 ], [ -0.750524, 37.703988 ], [ -0.755592, 37.707849 ], [ -0.762447, 37.713226 ], [ -0.766673, 37.716391 ], [ -0.774834, 37.722472 ], [ -0.777772, 37.7244 ], [ -0.787804, 37.731728 ], [ -0.788872, 37.73247 ], [ -0.8, 37.739674 ], [ -0.802069, 37.741006 ], [ -0.811162, 37.745813 ], [ -0.818128, 37.750316 ], [ -0.822303, 37.752715 ], [ -0.832909, 37.7596 ], [ -0.833438, 37.759898 ], [ -0.844637, 37.764942 ], [ -0.851548, 37.768953 ], [ -0.855811, 37.770893 ], [ -0.866992, 37.776694 ], [ -0.870173, 37.778302 ], [ -0.878203, 37.781473 ], [ -0.88938, 37.787515 ], [ -0.889716, 37.787665 ], [ -0.900622, 37.791346 ], [ -0.911815, 37.796913 ], [ -0.912225, 37.797078 ], [ -0.923076, 37.80016 ], [ -0.934297, 37.80486 ], [ -0.938506, 37.806552 ], [ -0.945545, 37.808627 ], [ -0.9568, 37.812169 ], [ -0.966365, 37.816048 ], [ -0.968035, 37.816509 ], [ -0.979321, 37.81901 ], [ -0.990584, 37.822409 ], [ -0.999688, 37.82563 ], [ -1.001838, 37.82616 ], [ -1.013141, 37.828124 ], [ -1.024426, 37.830793 ], [ -1.035688, 37.834383 ], [ -1.039545, 37.835312 ], [ -1.046992, 37.836408 ], [ -1.058307, 37.838041 ], [ -1.069611, 37.840111 ], [ -1.080901, 37.84272 ], [ -1.090346, 37.845159 ], [ -1.09219, 37.845447 ], [ -1.103519, 37.846618 ], [ -1.114846, 37.847869 ], [ -1.126171, 37.849218 ], [ -1.137499, 37.850504 ], [ -1.148819, 37.85209 ], [ -1.160135, 37.853855 ], [ -1.169559, 37.855429 ], [ -1.171452, 37.855617 ], [ -1.182798, 37.856217 ], [ -1.194146, 37.856756 ], [ -1.205493, 37.85733 ], [ -1.216842, 37.857857 ], [ -1.228192, 37.858321 ], [ -1.239542, 37.858793 ], [ -1.250894, 37.859154 ], [ -1.262249, 37.859439 ], [ -1.273606, 37.859653 ], [ -1.284963, 37.859832 ], [ -1.296321, 37.860006 ], [ -1.307682, 37.860001 ], [ -1.319046, 37.859925 ], [ -1.33041, 37.8598 ], [ -1.341773, 37.859747 ], [ -1.353139, 37.859566 ], [ -1.364507, 37.859294 ], [ -1.375875, 37.858974 ], [ -1.386787, 37.858606 ], [ -1.387245, 37.85858 ], [ -1.398623, 37.857853 ], [ -1.410006, 37.856837 ], [ -1.421388, 37.855867 ], [ -1.43277, 37.854895 ], [ -1.44415, 37.853975 ], [ -1.455519, 37.853586 ], [ -1.466901, 37.852546 ], [ -1.478285, 37.85146 ], [ -1.483663, 37.850882 ], [ -1.489672, 37.850159 ], [ -1.50106, 37.848786 ], [ -1.512443, 37.847621 ], [ -1.523817, 37.84692 ], [ -1.535197, 37.845935 ], [ -1.546576, 37.844969 ], [ -1.557953, 37.844062 ], [ -1.569328, 37.843265 ], [ -1.57374, 37.842995 ], [ -1.5807, 37.842614 ], [ -1.592071, 37.84202 ], [ -1.603441, 37.84145 ], [ -1.614809, 37.840937 ], [ -1.626172, 37.840724 ], [ -1.637538, 37.840369 ], [ -1.648903, 37.840044 ], [ -1.660267, 37.839785 ], [ -1.671635, 37.839295 ], [ -1.682987, 37.839662 ], [ -1.694346, 37.839682 ], [ -1.705703, 37.839773 ], [ -1.717065, 37.839612 ], [ -1.728409, 37.840511 ], [ -1.73976, 37.840965 ], [ -1.75111, 37.841487 ], [ -1.762461, 37.842025 ], [ -1.773806, 37.842904 ], [ -1.785153, 37.843681 ], [ -1.796499, 37.844525 ], [ -1.807845, 37.845382 ], [ -1.809784, 37.845618 ], [ -1.819175, 37.847259 ], [ -1.830502, 37.849335 ], [ -1.841834, 37.851176 ], [ -1.853166, 37.853051 ], [ -1.864502, 37.854681 ], [ -1.867047, 37.855195 ], [ -1.875811, 37.858146 ], [ -1.887101, 37.862985 ], [ -1.898447, 37.864075 ], [ -1.900487, 37.864525 ], [ -1.909728, 37.869639 ], [ -1.921044, 37.872912 ], [ -1.924984, 37.873763 ], [ -1.932349, 37.877009 ], [ -1.943642, 37.882092 ], [ -1.945981, 37.882965 ], [ -1.954926, 37.887858 ], [ -1.966239, 37.891724 ], [ -1.966939, 37.892164 ], [ -1.977484, 37.900532 ], [ -1.978682, 37.901278 ], [ -1.988759, 37.907407 ], [ -1.992054, 37.910406 ], [ -1.999978, 37.918563 ], [ -2.001086, 37.919495 ], [ -2.010049, 37.928583 ], [ -2.011195, 37.930083 ], [ -2.016658, 37.937651 ], [ -2.022358, 37.945911 ], [ -2.022835, 37.946715 ], [ -2.02763, 37.955767 ], [ -2.030541, 37.964803 ], [ -2.033389, 37.972211 ], [ -2.033744, 37.973842 ], [ -2.034533, 37.982861 ], [ -2.035539, 37.991881 ], [ -2.036603, 38.000902 ], [ -2.037728, 38.009924 ], [ -2.038226, 38.01894 ], [ -2.036794, 38.02794 ], [ -2.039984, 38.036979 ], [ -2.038291, 38.045977 ], [ -2.037058, 38.054979 ], [ -2.0357, 38.06398 ], [ -2.034334, 38.072981 ], [ -2.033013, 38.081982 ], [ -2.031873, 38.087522 ], [ -2.030677, 38.090975 ], [ -2.02647, 38.099953 ], [ -2.023607, 38.108941 ], [ -2.021392, 38.117934 ], [ -2.020007, 38.122609 ], [ -2.018369, 38.126921 ], [ -2.013159, 38.13589 ], [ -2.010182, 38.144877 ], [ -2.008217, 38.151202 ], [ -2.006833, 38.15386 ], [ -2.000716, 38.16282 ], [ -1.997654, 38.171806 ], [ -1.996488, 38.174644 ], [ -1.992386, 38.180773 ], [ -1.987618, 38.189744 ], [ -1.984752, 38.198049 ], [ -1.98436, 38.198728 ], [ -1.977194, 38.207678 ], [ -1.973746, 38.216659 ], [ -1.973058, 38.217899 ], [ -1.966941, 38.225612 ], [ -1.96246, 38.234584 ], [ -1.961375, 38.236538 ], [ -1.955665, 38.243535 ], [ -1.950977, 38.252505 ], [ -1.949692, 38.254754 ], [ -1.945346, 38.261467 ], [ -1.939188, 38.270423 ], [ -1.938013, 38.272332 ], [ -1.931942, 38.279369 ], [ -1.927168, 38.288337 ], [ -1.926332, 38.2896 ], [ -1.919317, 38.297277 ], [ -1.91497, 38.306248 ], [ -1.914649, 38.306645 ], [ -1.90655, 38.315182 ], [ -1.902993, 38.321524 ], [ -1.900908, 38.324141 ], [ -1.893522, 38.333083 ], [ -1.891331, 38.336496 ], [ -1.886594, 38.342029 ], [ -1.880635, 38.350984 ], [ -1.879651, 38.352292 ], [ -1.872333, 38.359916 ], [ -1.867984, 38.366964 ], [ -1.8664, 38.36887 ], [ -1.858473, 38.377805 ], [ -1.856323, 38.380925 ], [ -1.851163, 38.386745 ], [ -1.845129, 38.395697 ], [ -1.844635, 38.396293 ], [ -1.836263, 38.404621 ], [ -1.832985, 38.409012 ], [ -1.828785, 38.413558 ], [ -1.822089, 38.422503 ], [ -1.821301, 38.423525 ], [ -1.813769, 38.43143 ], [ -1.809634, 38.436765 ], [ -1.806304, 38.440366 ], [ -1.798896, 38.449301 ], [ -1.797956, 38.450377 ], [ -1.790055, 38.458222 ], [ -1.786292, 38.462918 ], [ -1.782903, 38.467159 ], [ -1.77534, 38.476092 ], [ -1.774599, 38.476908 ], [ -1.766425, 38.48501 ], [ -1.762935, 38.488935 ], [ -1.75798, 38.493932 ], [ -1.751251, 38.501887 ], [ -1.750339, 38.502862 ], [ -1.741737, 38.511781 ], [ -1.739568, 38.514493 ], [ -1.733907, 38.520708 ], [ -1.727865, 38.528069 ], [ -1.726468, 38.529638 ], [ -1.718363, 38.538561 ], [ -1.716166, 38.54113 ], [ -1.710338, 38.547484 ], [ -1.704453, 38.554777 ], [ -1.703149, 38.556416 ], [ -1.695424, 38.565341 ], [ -1.692732, 38.568608 ], [ -1.687826, 38.574267 ], [ -1.680998, 38.58289 ], [ -1.68074, 38.583199 ], [ -1.672996, 38.592122 ], [ -1.669265, 38.596831 ], [ -1.665782, 38.601051 ], [ -1.658876, 38.609983 ], [ -1.65751, 38.611754 ], [ -1.651732, 38.618912 ], [ -1.64575, 38.626661 ], [ -1.644816, 38.627844 ], [ -1.637728, 38.636772 ], [ -1.633982, 38.641698 ], [ -1.630886, 38.645703 ], [ -1.624263, 38.654637 ], [ -1.622195, 38.657503 ], [ -1.61771, 38.66357 ], [ -1.611048, 38.672502 ], [ -1.610401, 38.673386 ], [ -1.604581, 38.681436 ], [ -1.598595, 38.689617 ], [ -1.598047, 38.690369 ], [ -1.591781, 38.699305 ], [ -1.58677, 38.706515 ], [ -1.585574, 38.708241 ], [ -1.57956, 38.717178 ], [ -1.574933, 38.723766 ], [ -1.573355, 38.726114 ], [ -1.567486, 38.735053 ], [ -1.563077, 38.741654 ], [ -1.561508, 38.74399 ], [ -1.555868, 38.752931 ], [ -1.551207, 38.759895 ], [ -1.549964, 38.761869 ], [ -1.544569, 38.770813 ], [ -1.539318, 38.778807 ], [ -1.538722, 38.77975 ], [ -1.533501, 38.788696 ], [ -1.52789, 38.797636 ], [ -1.527408, 38.798457 ], [ -1.522906, 38.806584 ], [ -1.517642, 38.815528 ], [ -1.515466, 38.819258 ], [ -1.512624, 38.824474 ], [ -1.507647, 38.833421 ], [ -1.503506, 38.840627 ], [ -1.502567, 38.842367 ], [ -1.498049, 38.85132 ], [ -1.493198, 38.860268 ], [ -1.491507, 38.863471 ], [ -1.488652, 38.86922 ], [ -1.484225, 38.878173 ], [ -1.479507, 38.887122 ], [ -1.479482, 38.887173 ], [ -1.475515, 38.89608 ], [ -1.471311, 38.905036 ], [ -1.467403, 38.913 ], [ -1.466945, 38.913989 ], [ -1.463307, 38.922952 ], [ -1.459411, 38.931911 ], [ -1.455273, 38.940782 ], [ -1.455237, 38.940866 ], [ -1.451899, 38.949832 ], [ -1.448135, 38.958792 ], [ -1.44455, 38.967755 ], [ -1.443068, 38.97151 ], [ -1.441202, 38.976721 ], [ -1.438136, 38.98569 ], [ -1.434933, 38.994657 ], [ -1.43149, 39.003621 ], [ -1.430774, 39.005765 ], [ -1.428635, 39.012593 ], [ -1.425916, 39.021567 ], [ -1.423178, 39.03054 ], [ -1.420384, 39.039513 ], [ -1.418329, 39.04623 ], [ -1.417662, 39.048486 ], [ -1.415371, 39.057465 ], [ -1.413138, 39.066445 ], [ -1.41094, 39.075425 ], [ -1.408758, 39.084406 ], [ -1.406599, 39.093386 ], [ -1.405618, 39.097884 ], [ -1.404703, 39.10237 ], [ -1.403059, 39.111358 ], [ -1.401493, 39.120347 ], [ -1.399872, 39.129335 ], [ -1.398436, 39.138325 ], [ -1.397125, 39.147317 ], [ -1.395925, 39.15631 ], [ -1.394819, 39.165305 ], [ -1.393754, 39.174301 ], [ -1.39289, 39.183299 ], [ -1.392157, 39.192299 ], [ -1.39179, 39.197648 ], [ -1.391549, 39.2013 ], [ -1.391066, 39.210303 ], [ -1.390698, 39.219308 ], [ -1.390466, 39.228315 ], [ -1.390361, 39.237324 ], [ -1.390371, 39.246334 ], [ -1.39048, 39.255018 ], [ -1.390485, 39.255345 ], [ -1.390758, 39.264359 ], [ -1.391171, 39.273374 ], [ -1.391718, 39.282392 ], [ -1.39232, 39.29141 ], [ -1.393072, 39.30043 ], [ -1.393983, 39.309453 ], [ -1.395046, 39.318477 ], [ -1.396241, 39.327503 ], [ -1.397361, 39.336529 ], [ -1.39884, 39.345559 ], [ -1.399871, 39.351365 ], [ -1.400424, 39.35459 ], [ -1.402093, 39.363623 ], [ -1.403846, 39.372657 ], [ -1.40581, 39.381693 ], [ -1.407979, 39.390733 ], [ -1.41033, 39.399775 ], [ -1.41037, 39.399924 ], [ -1.412685, 39.408817 ], [ -1.415106, 39.417859 ], [ -1.417841, 39.426906 ], [ -1.420744, 39.435955 ], [ -1.421138, 39.437155 ], [ -1.423699, 39.445005 ], [ -1.426801, 39.454057 ], [ -1.430052, 39.46311 ], [ -1.43205, 39.468444 ], [ -1.433459, 39.472166 ], [ -1.437008, 39.481223 ], [ -1.440692, 39.490282 ], [ -1.443057, 39.495877 ], [ -1.444536, 39.499344 ], [ -1.448536, 39.508407 ], [ -1.452689, 39.517472 ], [ -1.454134, 39.520541 ], [ -1.456967, 39.526538 ], [ -1.461347, 39.535606 ], [ -1.465263, 39.543208 ], [ -1.465997, 39.544677 ], [ -1.47054, 39.553746 ], [ -1.475678, 39.562823 ], [ -1.476435, 39.56422 ], [ -1.48042, 39.571895 ], [ -1.485885, 39.580976 ], [ -1.487643, 39.583873 ], [ -1.491113, 39.590053 ], [ -1.496911, 39.599138 ], [ -1.498884, 39.602276 ], [ -1.502387, 39.608218 ], [ -1.508511, 39.617306 ], [ -1.510151, 39.619738 ], [ -1.514334, 39.62639 ], [ -1.520951, 39.635484 ], [ -1.521446, 39.636194 ], [ -1.526953, 39.64457 ], [ -1.532754, 39.652204 ], [ -1.533804, 39.653666 ], [ -1.540354, 39.662758 ], [ -1.544083, 39.667524 ], [ -1.547281, 39.671854 ], [ -1.554665, 39.680956 ], [ -1.555435, 39.681926 ], [ -1.561562, 39.690051 ], [ -1.566794, 39.69624 ], [ -1.569139, 39.699154 ], [ -1.576946, 39.708259 ], [ -1.578176, 39.709697 ], [ -1.584455, 39.717361 ], [ -1.589563, 39.723053 ], [ -1.592512, 39.726468 ], [ -1.600974, 39.735498 ], [ -1.601048, 39.735581 ], [ -1.60906, 39.744686 ], [ -1.612383, 39.748199 ], [ -1.617512, 39.753797 ], [ -1.623809, 39.760236 ], [ -1.626354, 39.762911 ], [ -1.635251, 39.771712 ], [ -1.635562, 39.772029 ], [ -1.644467, 39.781143 ], [ -1.646694, 39.783319 ], [ -1.653651, 39.790259 ], [ -1.658148, 39.794527 ], [ -1.663172, 39.799378 ], [ -1.669614, 39.805346 ], [ -1.672945, 39.8085 ], [ -1.681087, 39.815949 ], [ -1.682872, 39.817622 ], [ -1.692566, 39.826442 ], [ -1.692893, 39.826745 ], [ -1.702693, 39.835864 ], [ -1.704045, 39.8371 ], [ -1.712519, 39.844983 ], [ -1.715529, 39.847694 ], [ -1.722526, 39.854103 ], [ -1.72702, 39.858096 ], [ -1.7327, 39.863224 ], [ -1.738517, 39.868354 ], [ -1.742991, 39.872345 ], [ -1.75002, 39.87847 ], [ -1.753419, 39.881467 ], [ -1.761529, 39.888449 ], [ -1.763994, 39.890589 ], [ -1.773043, 39.898328 ], [ -1.77465, 39.899712 ], [ -1.784562, 39.908101 ], [ -1.785423, 39.908834 ], [ -1.796086, 39.917767 ], [ -1.796312, 39.917957 ], [ -1.807201, 39.927079 ], [ -1.807613, 39.927423 ], [ -1.818133, 39.9362 ], [ -1.819145, 39.937034 ], [ -1.829187, 39.945321 ], [ -1.830682, 39.946539 ], [ -1.840386, 39.954443 ], [ -1.842223, 39.955921 ], [ -1.851719, 39.963565 ], [ -1.85377, 39.965207 ], [ -1.86316, 39.972687 ], [ -1.865321, 39.974397 ], [ -1.874729, 39.981809 ], [ -1.876877, 39.983482 ], [ -1.886464, 39.990932 ], [ -1.888438, 39.992465 ], [ -1.898301, 40.000054 ], [ -1.900003, 40.001361 ], [ -1.910271, 40.009176 ], [ -1.911573, 40.010164 ], [ -1.9224, 40.018299 ], [ -1.923147, 40.018857 ], [ -1.934661, 40.027421 ], [ -1.934726, 40.02747 ], [ -1.946307, 40.036086 ], [ -1.946928, 40.036543 ], [ -1.957892, 40.044615 ], [ -1.959353, 40.045664 ], [ -1.969482, 40.053036 ], [ -1.971917, 40.054785 ], [ -1.981076, 40.061389 ], [ -1.984619, 40.063907 ], [ -1.992674, 40.069648 ], [ -1.997498, 40.073028 ], [ -2.004277, 40.077788 ], [ -2.010581, 40.082149 ], [ -2.015884, 40.085844 ], [ -2.0238, 40.091271 ], [ -2.027494, 40.093813 ], [ -2.03721, 40.100392 ], [ -2.039109, 40.101661 ], [ -2.050727, 40.109451 ], [ -2.050821, 40.109513 ], [ -2.062348, 40.117271 ], [ -2.064405, 40.118633 ], [ -2.073973, 40.124994 ], [ -2.078188, 40.127753 ], [ -2.085601, 40.132617 ], [ -2.092225, 40.136873 ], [ -2.097234, 40.140118 ], [ -2.106446, 40.145992 ], [ -2.10887, 40.147543 ], [ -2.12051, 40.15489 ], [ -2.120862, 40.155112 ], [ -2.132152, 40.162245 ], [ -2.135368, 40.16423 ], [ -2.143799, 40.169484 ], [ -2.150086, 40.173348 ], [ -2.155448, 40.176648 ], [ -2.165036, 40.182466 ], [ -2.167101, 40.18372 ], [ -2.178758, 40.190727 ], [ -2.180193, 40.191583 ], [ -2.190417, 40.197691 ], [ -2.195505, 40.200699 ], [ -2.20208, 40.204581 ], [ -2.211042, 40.209815 ], [ -2.213745, 40.211387 ], [ -2.225414, 40.218121 ], [ -2.226826, 40.218931 ], [ -2.237086, 40.224793 ], [ -2.242808, 40.228046 ], [ -2.248761, 40.23141 ], [ -2.258989, 40.237159 ], [ -2.260439, 40.237966 ], [ -2.27212, 40.244421 ], [ -2.275478, 40.246273 ], [ -2.283804, 40.250819 ], [ -2.292146, 40.255385 ], [ -2.295491, 40.257195 ], [ -2.30718, 40.263495 ], [ -2.309068, 40.264496 ], [ -2.318873, 40.269652 ], [ -2.326307, 40.273606 ], [ -2.330568, 40.275837 ], [ -2.342265, 40.281976 ], [ -2.343691, 40.282715 ], [ -2.353966, 40.287941 ], [ -2.361517, 40.291824 ], [ -2.365669, 40.293925 ], [ -2.377375, 40.299875 ], [ -2.37947, 40.300931 ], [ -2.389084, 40.305658 ], [ -2.397794, 40.310036 ], [ -2.400794, 40.311503 ], [ -2.412508, 40.317202 ], [ -2.416466, 40.319141 ], [ -2.424224, 40.322829 ], [ -2.435229, 40.328243 ], [ -2.435941, 40.328583 ], [ -2.447663, 40.334029 ], [ -2.454648, 40.337345 ], [ -2.459386, 40.339514 ], [ -2.471111, 40.344995 ], [ -2.474228, 40.346444 ], [ -2.48284, 40.350296 ], [ -2.494005, 40.355541 ], [ -2.494568, 40.355795 ], [ -2.506302, 40.360867 ], [ -2.514525, 40.364638 ], [ -2.518036, 40.366177 ], [ -2.529773, 40.37129 ], [ -2.535266, 40.373732 ], [ -2.541512, 40.376384 ], [ -2.553253, 40.381514 ], [ -2.556286, 40.382824 ], [ -2.564997, 40.386399 ], [ -2.576741, 40.391531 ], [ -2.57765, 40.391913 ], [ -2.588489, 40.396227 ], [ -2.599572, 40.400999 ], [ -2.600237, 40.401271 ], [ -2.61199, 40.405821 ], [ -2.622071, 40.410084 ], [ -2.623742, 40.410751 ], [ -2.635498, 40.415243 ], [ -2.645026, 40.419165 ], [ -2.647254, 40.420029 ], [ -2.659014, 40.424426 ], [ -2.668418, 40.428244 ], [ -2.670774, 40.429139 ], [ -2.682537, 40.433433 ], [ -2.692328, 40.437318 ], [ -2.694301, 40.43805 ], [ -2.706068, 40.442208 ], [ -2.716693, 40.446389 ], [ -2.717834, 40.446807 ], [ -2.729605, 40.450816 ], [ -2.741375, 40.455357 ], [ -2.741656, 40.455457 ], [ -2.753149, 40.459214 ], [ -2.764923, 40.46356 ], [ -2.767628, 40.464521 ], [ -2.7767, 40.46747 ], [ -2.788477, 40.47159 ], [ -2.794133, 40.473579 ], [ -2.800256, 40.475552 ], [ -2.812037, 40.479427 ], [ -2.821053, 40.482633 ], [ -2.823819, 40.48353 ], [ -2.835603, 40.487148 ], [ -2.847388, 40.491264 ], [ -2.848685, 40.491681 ], [ -2.859175, 40.494734 ], [ -2.870963, 40.498529 ], [ -2.877611, 40.500724 ], [ -2.882752, 40.502256 ], [ -2.894543, 40.505729 ], [ -2.906335, 40.509677 ], [ -2.906608, 40.50976 ], [ -2.918129, 40.512871 ], [ -2.929923, 40.516434 ], [ -2.937435, 40.518789 ], [ -2.941719, 40.519995 ], [ -2.953516, 40.523378 ], [ -2.965315, 40.526804 ], [ -2.968761, 40.527811 ], [ -2.977114, 40.529978 ], [ -2.988915, 40.533177 ], [ -3.000717, 40.536801 ], [ -3.000799, 40.536823 ], [ -3.01252, 40.539631 ], [ -3.024324, 40.54279 ], [ -3.034655, 40.545827 ], [ -3.036129, 40.546211 ], [ -3.047935, 40.548957 ], [ -3.059743, 40.552031 ], [ -3.069663, 40.55482 ], [ -3.071551, 40.555288 ], [ -3.08336, 40.557925 ], [ -3.095171, 40.560864 ], [ -3.105908, 40.563801 ], [ -3.106983, 40.56406 ], [ -3.118794, 40.566551 ], [ -3.130607, 40.569313 ], [ -3.142422, 40.572398 ], [ -3.144, 40.572768 ], [ -3.154237, 40.574855 ], [ -3.166052, 40.57748 ], [ -3.177869, 40.580319 ], [ -3.183724, 40.58172 ], [ -3.189687, 40.582961 ], [ -3.201505, 40.585363 ], [ -3.213324, 40.588027 ], [ -3.224052, 40.590658 ], [ -3.225145, 40.590892 ], [ -3.236965, 40.593104 ], [ -3.248786, 40.595539 ], [ -3.26061, 40.59824 ], [ -3.266605, 40.599576 ], [ -3.272433, 40.600699 ], [ -3.284256, 40.602899 ], [ -3.296081, 40.605326 ], [ -3.307908, 40.608015 ], [ -3.310162, 40.608476 ], [ -3.319733, 40.610155 ], [ -3.33156, 40.612501 ], [ -3.343387, 40.614684 ], [ -3.355217, 40.617307 ], [ -3.355458, 40.617353 ], [ -3.367044, 40.61924 ], [ -3.378873, 40.621316 ], [ -3.390704, 40.623755 ], [ -3.402536, 40.626092 ], [ -3.403157, 40.626205 ], [ -3.414366, 40.627946 ], [ -3.426196, 40.629903 ], [ -3.438029, 40.632038 ], [ -3.449864, 40.634375 ], [ -3.453479, 40.635027 ], [ -3.461697, 40.636286 ], [ -3.47353, 40.638098 ], [ -3.485364, 40.640058 ], [ -3.4972, 40.64219 ], [ -3.506074, 40.643817 ], [ -3.509037, 40.644279 ], [ -3.520871, 40.645923 ], [ -3.532707, 40.647688 ], [ -3.544544, 40.649593 ], [ -3.556384, 40.651658 ], [ -3.561936, 40.652567 ], [ -3.568222, 40.653436 ], [ -3.580058, 40.654994 ], [ -3.591896, 40.656661 ], [ -3.603736, 40.658451 ], [ -3.615577, 40.660381 ], [ -3.621371, 40.661271 ], [ -3.627417, 40.662049 ], [ -3.639255, 40.663481 ], [ -3.651094, 40.665004 ], [ -3.662936, 40.66663 ], [ -3.674778, 40.668366 ], [ -3.68496, 40.669919 ], [ -3.686622, 40.670131 ], [ -3.698461, 40.671404 ], [ -3.710301, 40.672748 ], [ -3.722143, 40.674173 ], [ -3.733986, 40.675682 ], [ -3.745831, 40.677289 ], [ -3.754699, 40.678493 ], [ -3.757675, 40.678829 ], [ -3.769516, 40.679975 ], [ -3.781358, 40.681214 ], [ -3.7932, 40.682439 ], [ -3.805044, 40.683773 ], [ -3.816889, 40.685178 ], [ -3.828736, 40.686665 ], [ -3.831602, 40.686973 ], [ -3.840579, 40.687765 ], [ -3.852421, 40.68879 ], [ -3.864264, 40.689856 ], [ -3.876107, 40.690966 ], [ -3.887952, 40.692125 ], [ -3.899798, 40.69333 ], [ -3.911645, 40.694596 ], [ -3.918816, 40.69532 ], [ -3.923491, 40.695703 ], [ -3.935333, 40.696547 ], [ -3.947175, 40.697415 ], [ -3.959019, 40.698306 ], [ -3.970863, 40.699234 ], [ -3.982708, 40.70019 ], [ -3.994553, 40.701177 ], [ -4.0064, 40.702198 ], [ -4.018247, 40.703248 ], [ -4.021188, 40.703468 ], [ -4.03009, 40.703996 ], [ -4.041932, 40.704658 ], [ -4.053775, 40.705329 ], [ -4.065617, 40.706011 ], [ -4.077461, 40.706705 ], [ -4.089304, 40.707412 ], [ -4.101148, 40.708127 ], [ -4.112993, 40.708853 ], [ -4.124838, 40.70959 ], [ -4.136683, 40.710326 ], [ -4.148528, 40.711077 ], [ -4.151753, 40.711247 ], [ -4.16037, 40.711596 ], [ -4.172211, 40.712023 ], [ -4.184055, 40.712662 ], [ -4.195892, 40.712864 ], [ -4.207732, 40.713283 ], [ -4.219573, 40.713694 ], [ -4.231414, 40.714097 ], [ -4.243254, 40.714482 ], [ -4.255095, 40.714871 ], [ -4.266936, 40.71525 ], [ -4.278776, 40.715617 ], [ -4.290617, 40.715972 ], [ -4.302457, 40.716305 ], [ -4.314297, 40.716631 ], [ -4.326137, 40.716941 ], [ -4.337976, 40.717236 ], [ -4.349816, 40.717514 ], [ -4.361655, 40.717774 ], [ -4.368391, 40.71789 ], [ -4.373492, 40.717946 ], [ -4.385328, 40.718022 ], [ -4.397163, 40.718079 ], [ -4.408998, 40.718118 ], [ -4.420832, 40.718137 ], [ -4.432666, 40.718147 ], [ -4.4445, 40.718139 ], [ -4.456333, 40.71811 ], [ -4.468166, 40.71806 ], [ -4.479998, 40.717985 ], [ -4.49183, 40.717904 ], [ -4.503661, 40.717802 ], [ -4.515492, 40.717679 ], [ -4.527323, 40.717534 ], [ -4.539153, 40.717362 ], [ -4.550982, 40.717185 ], [ -4.562811, 40.716987 ], [ -4.57464, 40.716768 ], [ -4.586467, 40.716527 ], [ -4.598295, 40.716271 ], [ -4.610122, 40.716001 ], [ -4.621948, 40.715711 ], [ -4.633774, 40.715402 ], [ -4.645599, 40.715073 ], [ -4.657423, 40.714726 ], [ -4.669248, 40.714374 ], [ -4.681072, 40.714004 ], [ -4.692895, 40.713612 ], [ -4.693933, 40.713571 ], [ -4.704713, 40.713065 ], [ -4.716531, 40.712482 ], [ -4.728348, 40.711881 ], [ -4.740165, 40.711267 ], [ -4.751981, 40.71064 ], [ -4.763796, 40.709999 ], [ -4.775611, 40.709329 ], [ -4.787425, 40.708663 ], [ -4.799239, 40.707989 ], [ -4.811052, 40.707308 ], [ -4.822865, 40.706618 ], [ -4.834677, 40.705923 ], [ -4.846489, 40.705227 ], [ -4.858301, 40.704528 ], [ -4.870113, 40.703826 ], [ -4.881924, 40.703121 ], [ -4.893734, 40.702413 ], [ -4.905545, 40.701715 ], [ -4.915497, 40.701098 ], [ -4.917354, 40.700958 ], [ -4.929153, 40.699884 ], [ -4.940953, 40.698827 ], [ -4.952752, 40.697772 ], [ -4.964552, 40.696746 ], [ -4.976352, 40.695742 ], [ -4.988152, 40.694756 ], [ -4.999952, 40.693787 ], [ -5.011757, 40.692967 ], [ -5.023553, 40.69189 ], [ -5.035354, 40.690985 ], [ -5.047155, 40.690096 ], [ -5.050919, 40.689764 ], [ -5.058946, 40.688879 ], [ -5.070737, 40.687679 ], [ -5.082519, 40.686207 ], [ -5.094307, 40.684945 ], [ -5.106096, 40.68373 ], [ -5.117886, 40.682558 ], [ -5.129677, 40.681423 ], [ -5.141469, 40.680328 ], [ -5.153262, 40.67928 ], [ -5.15791, 40.678805 ], [ -5.165043, 40.677895 ], [ -5.176817, 40.676303 ], [ -5.188594, 40.674793 ], [ -5.200371, 40.67334 ], [ -5.212152, 40.671982 ], [ -5.223934, 40.670692 ], [ -5.235717, 40.669459 ], [ -5.247502, 40.668276 ], [ -5.249328, 40.668052 ], [ -5.259267, 40.66653 ], [ -5.271031, 40.664766 ], [ -5.282799, 40.663124 ], [ -5.294569, 40.661586 ], [ -5.306342, 40.660137 ], [ -5.318118, 40.658783 ], [ -5.329896, 40.657502 ], [ -5.330365, 40.657437 ], [ -5.341647, 40.655462 ], [ -5.353402, 40.653568 ], [ -5.365162, 40.651816 ], [ -5.376928, 40.650276 ], [ -5.388697, 40.648816 ], [ -5.400464, 40.647313 ], [ -5.403046, 40.646939 ], [ -5.412219, 40.645504 ], [ -5.423976, 40.643762 ], [ -5.43573, 40.641956 ], [ -5.447482, 40.64012 ], [ -5.459233, 40.638265 ], [ -5.470206, 40.636514 ], [ -5.470983, 40.636389 ], [ -5.48273, 40.634472 ], [ -5.494472, 40.632422 ], [ -5.506211, 40.630332 ], [ -5.517953, 40.628341 ], [ -5.529702, 40.626548 ], [ -5.531937, 40.626169 ], [ -5.54144, 40.624454 ], [ -5.553156, 40.621845 ], [ -5.564892, 40.61977 ], [ -5.576636, 40.6179 ], [ -5.588385, 40.616197 ], [ -5.590257, 40.615868 ], [ -5.600105, 40.613769 ], [ -5.611821, 40.611251 ], [ -5.623551, 40.609105 ], [ -5.635289, 40.607183 ], [ -5.645442, 40.605609 ], [ -5.647027, 40.605298 ], [ -5.65873, 40.602524 ], [ -5.670445, 40.600096 ], [ -5.682171, 40.597954 ], [ -5.693906, 40.596041 ], [ -5.697327, 40.595402 ], [ -5.705612, 40.593455 ], [ -5.717318, 40.590865 ], [ -5.729028, 40.588426 ], [ -5.740754, 40.58637 ], [ -5.74701, 40.585223 ], [ -5.752464, 40.583961 ], [ -5.764154, 40.581077 ], [ -5.775867, 40.578774 ], [ -5.78758, 40.576492 ], [ -5.795067, 40.575062 ], [ -5.799289, 40.574134 ], [ -5.810984, 40.571468 ], [ -5.822687, 40.569012 ], [ -5.834387, 40.566512 ], [ -5.841484, 40.564922 ], [ -5.846081, 40.563883 ], [ -5.857773, 40.561221 ], [ -5.869463, 40.558544 ], [ -5.881151, 40.555848 ], [ -5.885563, 40.554822 ], [ -5.892837, 40.553117 ], [ -5.904521, 40.55036 ], [ -5.916203, 40.547588 ], [ -5.927883, 40.544799 ], [ -5.928114, 40.544744 ], [ -5.939561, 40.541966 ], [ -5.951237, 40.539113 ], [ -5.962911, 40.536245 ], [ -5.969212, 40.534687 ], [ -5.974582, 40.533348 ], [ -5.986251, 40.530419 ], [ -5.997919, 40.527478 ], [ -6.009067, 40.524649 ], [ -6.009585, 40.524512 ], [ -6.021237, 40.521273 ], [ -6.032891, 40.518109 ], [ -6.044561, 40.515307 ], [ -6.047129, 40.514643 ], [ -6.056201, 40.511881 ], [ -6.067846, 40.508567 ], [ -6.079516, 40.505836 ], [ -6.084329, 40.504649 ], [ -6.09116, 40.502579 ], [ -6.102794, 40.49912 ], [ -6.114454, 40.496236 ], [ -6.1209, 40.49466 ], [ -6.126101, 40.4931 ], [ -6.137724, 40.489476 ], [ -6.149375, 40.486474 ], [ -6.156595, 40.484683 ], [ -6.161019, 40.483337 ], [ -6.172633, 40.479612 ], [ -6.184277, 40.476526 ], [ -6.191319, 40.474722 ], [ -6.195912, 40.473291 ], [ -6.20752, 40.469501 ], [ -6.219159, 40.466375 ], [ -6.225199, 40.464774 ], [ -6.230783, 40.462988 ], [ -6.242388, 40.459205 ], [ -6.254022, 40.456068 ], [ -6.258386, 40.454836 ], [ -6.265629, 40.452389 ], [ -6.277232, 40.448657 ], [ -6.288866, 40.445575 ], [ -6.291111, 40.444901 ], [ -6.300455, 40.441602 ], [ -6.312059, 40.437964 ], [ -6.323277, 40.434974 ], [ -6.323687, 40.434844 ], [ -6.335258, 40.430594 ], [ -6.346864, 40.427075 ], [ -6.353677, 40.425089 ], [ -6.358464, 40.42345 ], [ -6.370041, 40.419401 ], [ -6.38165, 40.416025 ], [ -6.384333, 40.415188 ], [ -6.393224, 40.411953 ], [ -6.404808, 40.408124 ], [ -6.414383, 40.405297 ], [ -6.416406, 40.404606 ], [ -6.427963, 40.40029 ], [ -6.439554, 40.396676 ], [ -6.443464, 40.395428 ], [ -6.451121, 40.392619 ], [ -6.462689, 40.388606 ], [ -6.472585, 40.385549 ], [ -6.474275, 40.384955 ], [ -6.485819, 40.380535 ], [ -6.497397, 40.376788 ], [ -6.50062, 40.375697 ], [ -6.508946, 40.37252 ], [ -6.520504, 40.368449 ], [ -6.52843, 40.365845 ], [ -6.532067, 40.364496 ], [ -6.543604, 40.360086 ], [ -6.555175, 40.356341 ], [ -6.556144, 40.355989 ], [ -6.566702, 40.351792 ], [ -6.578254, 40.347736 ], [ -6.582684, 40.346163 ], [ -6.589789, 40.343377 ], [ -6.601325, 40.339076 ], [ -6.609284, 40.336329 ], [ -6.612869, 40.334966 ], [ -6.624391, 40.330456 ], [ -6.635702, 40.326494 ], [ -6.635936, 40.326405 ], [ -6.647443, 40.321683 ], [ -6.658978, 40.3175 ], [ -6.661177, 40.316684 ], [ -6.67049, 40.312922 ], [ -6.682012, 40.308548 ], [ -6.686383, 40.306876 ], [ -6.693521, 40.303977 ], [ -6.705032, 40.299466 ], [ -6.711367, 40.29707 ], [ -6.716544, 40.294992 ], [ -6.728046, 40.290373 ], [ -6.736018, 40.28727 ], [ -6.739551, 40.285833 ], [ -6.751044, 40.281109 ], [ -6.760304, 40.277476 ], [ -6.762545, 40.276558 ], [ -6.774031, 40.271761 ], [ -6.784195, 40.267691 ], [ -6.785524, 40.267137 ], [ -6.797001, 40.262233 ], [ -6.807712, 40.257912 ], [ -6.808491, 40.257588 ], [ -6.819966, 40.252719 ], [ -6.831458, 40.248174 ], [ -6.831598, 40.248117 ], [ -6.842937, 40.243427 ], [ -6.854422, 40.238825 ], [ -6.855697, 40.23831 ], [ -6.865901, 40.234135 ], [ -6.877388, 40.229607 ], [ -6.880216, 40.228484 ], [ -6.888871, 40.225034 ], [ -6.900352, 40.220475 ], [ -6.904978, 40.218644 ], [ -6.911834, 40.215939 ], [ -6.923316, 40.211439 ], [ -6.930197, 40.208783 ], [ -6.9348, 40.207 ], [ -6.946284, 40.202575 ], [ -6.955673, 40.198909 ], [ -6.957763, 40.198106 ], [ -6.969249, 40.193769 ], [ -6.980728, 40.189345 ], [ -6.981609, 40.189013 ], [ -6.992215, 40.18509 ], [ -7.003696, 40.180752 ], [ -7.008112, 40.179091 ], [ -7.01518, 40.176495 ], [ -7.026669, 40.172331 ], [ -7.03516, 40.169145 ], [ -7.03815, 40.168061 ], [ -7.049641, 40.163989 ], [ -7.06112, 40.159738 ], [ -7.062727, 40.159174 ], [ -7.072616, 40.155793 ], [ -7.084102, 40.151713 ], [ -7.091182, 40.149165 ], [ -7.095588, 40.147653 ], [ -7.107083, 40.143766 ], [ -7.118566, 40.139695 ], [ -7.120233, 40.139128 ], [ -7.130067, 40.135943 ], [ -7.14156, 40.132093 ], [ -7.150521, 40.129039 ], [ -7.153051, 40.128211 ], [ -7.16456, 40.12466 ], [ -7.17605, 40.120824 ], [ -7.182469, 40.118882 ], [ -7.187566, 40.117421 ], [ -7.199273, 40.117141 ], [ -7.210697, 40.11228 ], [ -7.219889, 40.108517 ], [ -7.222162, 40.108099 ], [ -7.233796, 40.106673 ], [ -7.245348, 40.103952 ], [ -7.255836, 40.098195 ], [ -7.256702, 40.098053 ], [ -7.268282, 40.095808 ], [ -7.279935, 40.094731 ], [ -7.290802, 40.087897 ], [ -7.29122, 40.08781 ], [ -7.302899, 40.087179 ], [ -7.314521, 40.085654 ], [ -7.325963, 40.081288 ], [ -7.336191, 40.077199 ], [ -7.337411, 40.077051 ], [ -7.349075, 40.076212 ], [ -7.360703, 40.07483 ], [ -7.372225, 40.07179 ], [ -7.382694, 40.066441 ], [ -7.383588, 40.066302 ], [ -7.395273, 40.065834 ], [ -7.406927, 40.064896 ], [ -7.418568, 40.06375 ], [ -7.429937, 40.058435 ], [ -7.441676, 40.058817 ], [ -7.453206, 40.056009 ], [ -7.460816, 40.054449 ], [ -7.464798, 40.054162 ], [ -7.476486, 40.053782 ], [ -7.488159, 40.053174 ], [ -7.49985, 40.052862 ], [ -7.511523, 40.052258 ], [ -7.523214, 40.051939 ], [ -7.525243, 40.051945 ], [ -7.534991, 40.052919 ], [ -7.546903, 40.055922 ], [ -7.558711, 40.057344 ], [ -7.570495, 40.058412 ], [ -7.577662, 40.058886 ], [ -7.582284, 40.059534 ], [ -7.594348, 40.064753 ], [ -7.602746, 40.066895 ], [ -7.60628, 40.067967 ], [ -7.618436, 40.074495 ], [ -7.619601, 40.075227 ], [ -7.630732, 40.083037 ], [ -7.631577, 40.083752 ], [ -7.639472, 40.092439 ], [ -7.643495, 40.098401 ], [ -7.645129, 40.101216 ], [ -7.649427, 40.110048 ], [ -7.655172, 40.118821 ], [ -7.657018, 40.124784 ], [ -7.657552, 40.127729 ], [ -7.660629, 40.136609 ], [ -7.659062, 40.145676 ], [ -7.659358, 40.154669 ], [ -7.66018, 40.16364 ], [ -7.660777, 40.17262 ], [ -7.661724, 40.181586 ], [ -7.66316, 40.190532 ], [ -7.665203, 40.199454 ], [ -7.671048, 40.208221 ], [ -7.675031, 40.217064 ], [ -7.67531, 40.220355 ], [ -7.675866, 40.226035 ], [ -7.677334, 40.234979 ], [ -7.682177, 40.243787 ], [ -7.68916, 40.250864 ], [ -7.689565, 40.252491 ], [ -7.696344, 40.26122 ], [ -7.701461, 40.270016 ], [ -7.702324, 40.271294 ], [ -7.707085, 40.278791 ], [ -7.712796, 40.287562 ], [ -7.715474, 40.291414 ], [ -7.71908, 40.296309 ], [ -7.725852, 40.305036 ], [ -7.728395, 40.308131 ], [ -7.733344, 40.313733 ], [ -7.740447, 40.322445 ], [ -7.74121, 40.323243 ], [ -7.749161, 40.331091 ], [ -7.753871, 40.336069 ], [ -7.757734, 40.339742 ], [ -7.766339, 40.34839 ], [ -7.766511, 40.34854 ], [ -7.776727, 40.356965 ], [ -7.779007, 40.358893 ], [ -7.787462, 40.365524 ], [ -7.791463, 40.368637 ], [ -7.798763, 40.374058 ], [ -7.803885, 40.377848 ], [ -7.810596, 40.382569 ], [ -7.816263, 40.386389 ], [ -7.823213, 40.391046 ], [ -7.828612, 40.394483 ], [ -7.83646, 40.399495 ], [ -7.840934, 40.402169 ], [ -7.85033, 40.407916 ], [ -7.853236, 40.409516 ], [ -7.86465, 40.416317 ], [ -7.865534, 40.41679 ], [ -7.877744, 40.422797 ], [ -7.881235, 40.42462 ], [ -7.889927, 40.428416 ], [ -7.89846, 40.432893 ], [ -7.902148, 40.434519 ], [ -7.914377, 40.440702 ], [ -7.915442, 40.441174 ], [ -7.926468, 40.444968 ], [ -7.935596, 40.449317 ], [ -7.938652, 40.450484 ], [ -7.950776, 40.455149 ], [ -7.956229, 40.457435 ], [ -7.962881, 40.459543 ], [ -7.975052, 40.464793 ], [ -7.977409, 40.465526 ], [ -7.987078, 40.468076 ], [ -7.99924, 40.473169 ], [ -8.000352, 40.473537 ], [ -8.011239, 40.476047 ], [ -8.023365, 40.48062 ], [ -8.025925, 40.481428 ], [ -8.035367, 40.483508 ], [ -8.047435, 40.487261 ], [ -8.053551, 40.489223 ], [ -8.059471, 40.490583 ], [ -8.071488, 40.493626 ], [ -8.081329, 40.497005 ], [ -8.083574, 40.497569 ], [ -8.095545, 40.499981 ], [ -8.107637, 40.503958 ], [ -8.110422, 40.504722 ], [ -8.119615, 40.506443 ], [ -8.131665, 40.509845 ], [ -8.141042, 40.512363 ], [ -8.143694, 40.512959 ], [ -8.155661, 40.515246 ], [ -8.167716, 40.518676 ], [ -8.172571, 40.519956 ], [ -8.179709, 40.521282 ], [ -8.191696, 40.523796 ], [ -8.203779, 40.527551 ], [ -8.203788, 40.527553 ], [ -8.215723, 40.529484 ], [ -8.22772, 40.532093 ], [ -8.238034, 40.535004 ], [ -8.239772, 40.535401 ], [ -8.251726, 40.537431 ], [ -8.263734, 40.540155 ], [ -8.272756, 40.542423 ], [ -8.275755, 40.543021 ], [ -8.287708, 40.545011 ], [ -8.299723, 40.547774 ], [ -8.308326, 40.549792 ], [ -8.31173, 40.550431 ], [ -8.32369, 40.55249 ], [ -8.335687, 40.554992 ], [ -8.344962, 40.557101 ], [ -8.347696, 40.557642 ], [ -8.359649, 40.559584 ], [ -8.371635, 40.561923 ], [ -8.382485, 40.564356 ], [ -8.383647, 40.564576 ], [ -8.395597, 40.566439 ], [ -8.407572, 40.568609 ], [ -8.419581, 40.571199 ], [ -8.421396, 40.571534 ], [ -8.431535, 40.573087 ], [ -8.443498, 40.57509 ], [ -8.455492, 40.577464 ], [ -8.46166, 40.578634 ], [ -8.467465, 40.579559 ], [ -8.479421, 40.581448 ], [ -8.491397, 40.583567 ], [ -8.502302, 40.585701 ], [ -8.50339, 40.585882 ], [ -8.515334, 40.587599 ], [ -8.527296, 40.589529 ], [ -8.53928, 40.59171 ], [ -8.544783, 40.592666 ], [ -8.551242, 40.593622 ], [ -8.563191, 40.595364 ], [ -8.575159, 40.597324 ], [ -8.587149, 40.599551 ], [ -8.587485, 40.599603 ], [ -8.599088, 40.601147 ], [ -8.61104, 40.6029 ], [ -8.623012, 40.604885 ], [ -8.632093, 40.606432 ], [ -8.634984, 40.606856 ], [ -8.646923, 40.608428 ], [ -8.658879, 40.610196 ], [ -8.67085, 40.612134 ], [ -8.677555, 40.613201 ], [ -8.682808, 40.613918 ], [ -8.694756, 40.615568 ], [ -8.706703, 40.617206 ], [ -8.718673, 40.619101 ], [ -8.723985, 40.619903 ], [ -8.730624, 40.620765 ], [ -8.742562, 40.622274 ], [ -8.754514, 40.623945 ], [ -8.766482, 40.625793 ], [ -8.771555, 40.626529 ], [ -8.77843, 40.627394 ], [ -8.790366, 40.62886 ], [ -8.802316, 40.630471 ], [ -8.81428, 40.632251 ], [ -8.820144, 40.633084 ], [ -8.826228, 40.633825 ], [ -8.838161, 40.635231 ], [ -8.850107, 40.636777 ], [ -8.862065, 40.638457 ], [ -8.869852, 40.63956 ], [ -8.874017, 40.640063 ], [ -8.885945, 40.641389 ], [ -8.897887, 40.64286 ], [ -8.90984, 40.644462 ], [ -8.920411, 40.645971 ], [ -8.921801, 40.646141 ], [ -8.933728, 40.647432 ], [ -8.945659, 40.648769 ], [ -8.957606, 40.650274 ], [ -8.969567, 40.65193 ], [ -8.972419, 40.652285 ], [ -8.981499, 40.653254 ], [ -8.993437, 40.654642 ], [ -9.005385, 40.656139 ], [ -9.017333, 40.657631 ], [ -9.025113, 40.658538 ], [ -9.029273, 40.659022 ], [ -9.041211, 40.660393 ], [ -9.053149, 40.661755 ], [ -9.065086, 40.663107 ], [ -9.077024, 40.664453 ], [ -9.079185, 40.664694 ], [ -9.08896, 40.665783 ], [ -9.100896, 40.667104 ], [ -9.112832, 40.668416 ], [ -9.124767, 40.669724 ], [ -9.134349, 40.670766 ], [ -9.136702, 40.671022 ], [ -9.148636, 40.672301 ], [ -9.160569, 40.673567 ], [ -9.172502, 40.674821 ], [ -9.184433, 40.676062 ], [ -9.19096, 40.676734 ], [ -9.196364, 40.677288 ], [ -9.208294, 40.678499 ], [ -9.220222, 40.679697 ], [ -9.23215, 40.680882 ], [ -9.244077, 40.682045 ], [ -9.249555, 40.682565 ], [ -9.255998, 40.683148 ], [ -9.267907, 40.684125 ], [ -9.279817, 40.685097 ], [ -9.291747, 40.686285 ], [ -9.303689, 40.687595 ], [ -9.310254, 40.68825 ], [ -9.315615, 40.688734 ], [ -9.327538, 40.689832 ], [ -9.339457, 40.690884 ], [ -9.351375, 40.69192 ], [ -9.363291, 40.692944 ], [ -9.373192, 40.693779 ], [ -9.375206, 40.693945 ], [ -9.387109, 40.694819 ], [ -9.399006, 40.695628 ], [ -9.410907, 40.696467 ], [ -9.422823, 40.697471 ], [ -9.434754, 40.698618 ], [ -9.439921, 40.69906 ], [ -9.446658, 40.699494 ], [ -9.45855, 40.70023 ], [ -9.470459, 40.701148 ], [ -9.482376, 40.702142 ], [ -9.494291, 40.703114 ], [ -9.506193, 40.703944 ], [ -9.509275, 40.704154 ], [ -9.518092, 40.704751 ], [ -9.52999, 40.705538 ], [ -9.541887, 40.706307 ], [ -9.553782, 40.707061 ], [ -9.565675, 40.707799 ], [ -9.577568, 40.70852 ], [ -9.583984, 40.708898 ], [ -9.589458, 40.709219 ], [ -9.601347, 40.709897 ], [ -9.613234, 40.710557 ], [ -9.625119, 40.711199 ], [ -9.637003, 40.711823 ], [ -9.648885, 40.712427 ], [ -9.660765, 40.713013 ], [ -9.665116, 40.713221 ], [ -9.672643, 40.713577 ], [ -9.684519, 40.714119 ], [ -9.696389, 40.714593 ], [ -9.708243, 40.714917 ], [ -9.720099, 40.715248 ], [ -9.731961, 40.715645 ], [ -9.743845, 40.716265 ], [ -9.75549, 40.716942 ], [ -9.755737, 40.716951 ], [ -9.767585, 40.717204 ], [ -9.779421, 40.71734 ], [ -9.791267, 40.717578 ], [ -9.803118, 40.717863 ], [ -9.814967, 40.718128 ], [ -9.826824, 40.718467 ], [ -9.838687, 40.718864 ], [ -9.850558, 40.71934 ], [ -9.861156, 40.71968 ], [ -9.862418, 40.719705 ], [ -9.874258, 40.719878 ], [ -9.886099, 40.720063 ], [ -9.897936, 40.720202 ], [ -9.90977, 40.720316 ], [ -9.921601, 40.720405 ], [ -9.93343, 40.720468 ], [ -9.945256, 40.720506 ], [ -9.957079, 40.720518 ], [ -9.9689, 40.720504 ], [ -9.980717, 40.720462 ], [ -9.992532, 40.720392 ], [ -9.999445, 40.720335 ], [ -10.004343, 40.720293 ], [ -10.016152, 40.720165 ], [ -10.027957, 40.720009 ], [ -10.039759, 40.719822 ], [ -10.051557, 40.719605 ], [ -10.063352, 40.719358 ], [ -10.075144, 40.719081 ], [ -10.086933, 40.718775 ], [ -10.098718, 40.718438 ], [ -10.110499, 40.718066 ], [ -10.122262, 40.717522 ], [ -10.13401, 40.716838 ], [ -10.145755, 40.716139 ], [ -10.157515, 40.71558 ], [ -10.169279, 40.715053 ], [ -10.181042, 40.714525 ], [ -10.192796, 40.71391 ], [ -10.204547, 40.713281 ], [ -10.216291, 40.712581 ], [ -10.228032, 40.711858 ], [ -10.239778, 40.71118 ], [ -10.251502, 40.71031 ], [ -10.263229, 40.709466 ], [ -10.274947, 40.708549 ], [ -10.286663, 40.707611 ], [ -10.298376, 40.706646 ], [ -10.310086, 40.705661 ], [ -10.321788, 40.704609 ], [ -10.333475, 40.703429 ], [ -10.34514, 40.702045 ], [ -10.356788, 40.700512 ], [ -10.368428, 40.698916 ], [ -10.38005, 40.697169 ], [ -10.386155, 40.696112 ], [ -10.391623, 40.694975 ], [ -10.403144, 40.692325 ], [ -10.414666, 40.689695 ], [ -10.426206, 40.687233 ], [ -10.437745, 40.684773 ], [ -10.443598, 40.683405 ], [ -10.44923, 40.681839 ], [ -10.460666, 40.678478 ], [ -10.472123, 40.675313 ], [ -10.483611, 40.67243 ], [ -10.486103, 40.671644 ], [ -10.49499, 40.668592 ], [ -10.506377, 40.664835 ], [ -10.517811, 40.661504 ], [ -10.52147, 40.660335 ], [ -10.529164, 40.657474 ], [ -10.540505, 40.653347 ], [ -10.551903, 40.649728 ], [ -10.553208, 40.649255 ], [ -10.563187, 40.645127 ], [ -10.574509, 40.640872 ], [ -10.581351, 40.638403 ], [ -10.585824, 40.636564 ], [ -10.597085, 40.6318 ], [ -10.608346, 40.627621 ], [ -10.608409, 40.627594 ], [ -10.619609, 40.622325 ], [ -10.630895, 40.617818 ], [ -10.632756, 40.617004 ], [ -10.642084, 40.612481 ], [ -10.653336, 40.607705 ], [ -10.656168, 40.606449 ], [ -10.664519, 40.602347 ], [ -10.675732, 40.597258 ], [ -10.678524, 40.595959 ], [ -10.686888, 40.591702 ], [ -10.698084, 40.586498 ], [ -10.700071, 40.58552 ], [ -10.709209, 40.580701 ], [ -10.720387, 40.57537 ], [ -10.720886, 40.575126 ], [ -10.731487, 40.569384 ], [ -10.740641, 40.5648 ], [ -10.742625, 40.563746 ], [ -10.753708, 40.55765 ], [ -10.759832, 40.554508 ], [ -10.764813, 40.551762 ], [ -10.775903, 40.545758 ], [ -10.778639, 40.54424 ], [ -10.786955, 40.539453 ], [ -10.79706, 40.533995 ], [ -10.79804, 40.533439 ], [ -10.809074, 40.527008 ], [ -10.814679, 40.523801 ], [ -10.820108, 40.520599 ], [ -10.831146, 40.514236 ], [ -10.832254, 40.513608 ], [ -10.842152, 40.50762 ], [ -10.849164, 40.503458 ], [ -10.853158, 40.50103 ], [ -10.864155, 40.494366 ], [ -10.865908, 40.493317 ], [ -10.875133, 40.487568 ], [ -10.882234, 40.483202 ], [ -10.886109, 40.480771 ], [ -10.897072, 40.473887 ], [ -10.898316, 40.473102 ], [ -10.908017, 40.466865 ], [ -10.914085, 40.463021 ], [ -10.918963, 40.459868 ], [ -10.929616, 40.452954 ], [ -10.929895, 40.452772 ], [ -10.940809, 40.445551 ], [ -10.944888, 40.442903 ], [ -10.951725, 40.438361 ], [ -10.959953, 40.432865 ], [ -10.962627, 40.431069 ], [ -10.973514, 40.423676 ], [ -10.974703, 40.422847 ], [ -10.984391, 40.416211 ], [ -10.989486, 40.412825 ], [ -10.995277, 40.408851 ], [ -11.00387, 40.402828 ], [ -11.006133, 40.401252 ], [ -11.016979, 40.393591 ], [ -11.01804, 40.392845 ], [ -11.027829, 40.385988 ], [ -11.032239, 40.382858 ], [ -11.038667, 40.378302 ], [ -11.046115, 40.372893 ], [ -11.049486, 40.370471 ], [ -11.059713, 40.362945 ], [ -11.060288, 40.362526 ], [ -11.071101, 40.354695 ], [ -11.073444, 40.352986 ], [ -11.081907, 40.346824 ], [ -11.08696, 40.343041 ], [ -11.092694, 40.338811 ], [ -11.100181, 40.333115 ], [ -11.103462, 40.330662 ], [ -11.113313, 40.323194 ], [ -11.114226, 40.322504 ], [ -11.124987, 40.314344 ], [ -11.126377, 40.313276 ], [ -11.13575, 40.306224 ], [ -11.139407, 40.30336 ], [ -11.146493, 40.297953 ], [ -11.152376, 40.293446 ], [ -11.157236, 40.289705 ], [ -11.16501, 40.283555 ], [ -11.167953, 40.281263 ], [ -11.177412, 40.273679 ], [ -11.178653, 40.272702 ], [ -11.18935, 40.264135 ], [ -11.189779, 40.263804 ], [ -11.200069, 40.255777 ], [ -11.2024, 40.25391 ], [ -11.210772, 40.247304 ], [ -11.214792, 40.244031 ], [ -11.221458, 40.238715 ], [ -11.227023, 40.234162 ], [ -11.232132, 40.230044 ], [ -11.23913, 40.224301 ], [ -11.242796, 40.221319 ], [ -11.251035, 40.214453 ], [ -11.253443, 40.212477 ], [ -11.26279, 40.204615 ], [ -11.264077, 40.20355 ], [ -11.274444, 40.194783 ], [ -11.274702, 40.194568 ], [ -11.285343, 40.185738 ], [ -11.2863, 40.184935 ], [ -11.295982, 40.17692 ], [ -11.298141, 40.175087 ], [ -11.306608, 40.168017 ], [ -11.309836, 40.165249 ], [ -11.317221, 40.159023 ], [ -11.321476, 40.155414 ], [ -11.32783, 40.150021 ], [ -11.332959, 40.145589 ], [ -11.338423, 40.140917 ], [ -11.344329, 40.135771 ], [ -11.349006, 40.131745 ], [ -11.355599, 40.125959 ], [ -11.359577, 40.122507 ], [ -11.366847, 40.116148 ], [ -11.370146, 40.113268 ], [ -11.37797, 40.106345 ], [ -11.380701, 40.103946 ], [ -11.389014, 40.096547 ], [ -11.391248, 40.094574 ], [ -11.399989, 40.086752 ], [ -11.401786, 40.085154 ], [ -11.410929, 40.07696 ], [ -11.412319, 40.075717 ], [ -11.421795, 40.067172 ], [ -11.422843, 40.066231 ], [ -11.432598, 40.057387 ], [ -11.433359, 40.056701 ], [ -11.44335, 40.047606 ], [ -11.443863, 40.047102 ], [ -11.45403, 40.037828 ], [ -11.45437, 40.037542 ], [ -11.464725, 40.028049 ], [ -11.464866, 40.02792 ], [ -11.475341, 40.018275 ], [ -11.475354, 40.018263 ], [ -11.485838, 40.008592 ], [ -11.485937, 40.008501 ], [ -11.496318, 39.998907 ], [ -11.496512, 39.998728 ], [ -11.50679, 39.989186 ], [ -11.507036, 39.988958 ], [ -11.517255, 39.979427 ], [ -11.517507, 39.979191 ], [ -11.527709, 39.969613 ], [ -11.527906, 39.969428 ], [ -11.538151, 39.959714 ], [ -11.538194, 39.959673 ], [ -11.548454, 39.949919 ], [ -11.548586, 39.949792 ], [ -11.558653, 39.940168 ], [ -11.559013, 39.939821 ], [ -11.568767, 39.930424 ], [ -11.569428, 39.92978 ], [ -11.578797, 39.920684 ], [ -11.579821, 39.919594 ], [ -11.588639, 39.910958 ], [ -11.590223, 39.909495 ], [ -11.598649, 39.901219 ], [ -11.600605, 39.899259 ], [ -11.608437, 39.891495 ], [ -11.610972, 39.888933 ], [ -11.618127, 39.881778 ], [ -11.621324, 39.878516 ], [ -11.627727, 39.872067 ], [ -11.631661, 39.867992 ], [ -11.637205, 39.862365 ], [ -11.641982, 39.857371 ], [ -11.646566, 39.85267 ], [ -11.652284, 39.846622 ], [ -11.65579, 39.842986 ], [ -11.662565, 39.835732 ], [ -11.664871, 39.833311 ], [ -11.672821, 39.82467 ], [ -11.673787, 39.823648 ], [ -11.682761, 39.81398 ], [ -11.683078, 39.81364 ], [ -11.69198, 39.804293 ], [ -11.693355, 39.802798 ], [ -11.70106, 39.794616 ], [ -11.703611, 39.791805 ], [ -11.709997, 39.784949 ], [ -11.71384, 39.780632 ], [ -11.718756, 39.775295 ], [ -11.724042, 39.769267 ], [ -11.72732, 39.765655 ], [ -11.73421, 39.757659 ], [ -11.735663, 39.756032 ], [ -11.744011, 39.746407 ], [ -11.744368, 39.745998 ], [ -11.752744, 39.736753 ], [ -11.754563, 39.734647 ], [ -11.761303, 39.727111 ], [ -11.764724, 39.723064 ], [ -11.769628, 39.717487 ], [ -11.774845, 39.711186 ], [ -11.777693, 39.707882 ], [ -11.784917, 39.698953 ], [ -11.785472, 39.698298 ], [ -11.793738, 39.688677 ], [ -11.795035, 39.687106 ], [ -11.801982, 39.679056 ], [ -11.805136, 39.675149 ], [ -11.809947, 39.669457 ], [ -11.815183, 39.662803 ], [ -11.817595, 39.659881 ], [ -11.824996, 39.650324 ], [ -11.825181, 39.650093 ], [ -11.833098, 39.640713 ], [ -11.83525, 39.637965 ], [ -11.840886, 39.631125 ], [ -11.845257, 39.625376 ], [ -11.848315, 39.621565 ], [ -11.855187, 39.612216 ], [ -11.855327, 39.612036 ], [ -11.863147, 39.602445 ], [ -11.865199, 39.599722 ], [ -11.870666, 39.592876 ], [ -11.875143, 39.586725 ], [ -11.87776, 39.58334 ], [ -11.884637, 39.57382 ], [ -11.885028, 39.573297 ], [ -11.892169, 39.564249 ], [ -11.894971, 39.560346 ], [ -11.899291, 39.55471 ], [ -11.904818, 39.546675 ], [ -11.905899, 39.545209 ], [ -11.912998, 39.535671 ], [ -11.914696, 39.533269 ], [ -11.920068, 39.526134 ], [ -11.924527, 39.519531 ], [ -11.926626, 39.516637 ], [ -11.933233, 39.507136 ], [ -11.934324, 39.505555 ], [ -11.9402, 39.497606 ], [ -11.944124, 39.491634 ], [ -11.946609, 39.488119 ], [ -11.952928, 39.47864 ], [ -11.953861, 39.47725 ], [ -11.959731, 39.469122 ], [ -11.963613, 39.463004 ], [ -11.965919, 39.459651 ], [ -11.972126, 39.450179 ], [ -11.973308, 39.448356 ], [ -11.978671, 39.440681 ], [ -11.982987, 39.433601 ], [ -11.984554, 39.431233 ], [ -11.990775, 39.421759 ], [ -11.992648, 39.41874 ], [ -11.996997, 39.412285 ], [ -12.002219, 39.403217 ], [ -12.002437, 39.402872 ], [ -12.008858, 39.393381 ], [ -12.011862, 39.388275 ], [ -12.014647, 39.38394 ], [ -12.020254, 39.374513 ], [ -12.021403, 39.372578 ], [ -12.026292, 39.365052 ], [ -12.030904, 39.356596 ], [ -12.031468, 39.355658 ], [ -12.037496, 39.346197 ], [ -12.040436, 39.340887 ], [ -12.04294, 39.336782 ], [ -12.048337, 39.327371 ], [ -12.049887, 39.324582 ], [ -12.053957, 39.317941 ], [ -12.058868, 39.308567 ], [ -12.059276, 39.307835 ], [ -12.064618, 39.299127 ], [ -12.068664, 39.291099 ], [ -12.069416, 39.289762 ], [ -12.074975, 39.280336 ], [ -12.078031, 39.274244 ], [ -12.07987, 39.270963 ], [ -12.085051, 39.261567 ], [ -12.087342, 39.256981 ], [ -12.090011, 39.252188 ], [ -12.094725, 39.242829 ], [ -12.096598, 39.239328 ], [ -12.099866, 39.233436 ], [ -12.104482, 39.224084 ], [ -12.105809, 39.221358 ], [ -12.10944, 39.214704 ], [ -12.113858, 39.205368 ], [ -12.114971, 39.203045 ], [ -12.118775, 39.195992 ], [ -12.12305, 39.186666 ], [ -12.12409, 39.184433 ], [ -12.127847, 39.177299 ], [ -12.132029, 39.167981 ], [ -12.133161, 39.16548 ], [ -12.136668, 39.158626 ], [ -12.140811, 39.14931 ], [ -12.14218, 39.146162 ], [ -12.145263, 39.13997 ], [ -12.149386, 39.130656 ], [ -12.15114, 39.12643 ], [ -12.153569, 39.121337 ], [ -12.157728, 39.11202 ], [ -12.160029, 39.106174 ], [ -12.161605, 39.102725 ], [ -12.16586, 39.0934 ], [ -12.168826, 39.085254 ], [ -12.169302, 39.084139 ], [ -12.173711, 39.074802 ], [ -12.17707, 39.065548 ], [ -12.177602, 39.064207 ], [ -12.181284, 39.056226 ], [ -12.184809, 39.046958 ], [ -12.186323, 39.042767 ], [ -12.18849, 39.037679 ], [ -12.192244, 39.028393 ], [ -12.194895, 39.020217 ], [ -12.195302, 39.019162 ], [ -12.199366, 39.009852 ], [ -12.202464, 39.000618 ], [ -12.203465, 38.997687 ], [ -12.206051, 38.991346 ], [ -12.209457, 38.982087 ], [ -12.211869, 38.973913 ], [ -12.212239, 38.972879 ], [ -12.216047, 38.963588 ], [ -12.218961, 38.954369 ], [ -12.22026, 38.950083 ], [ -12.222089, 38.945133 ], [ -12.225406, 38.935881 ], [ -12.227949, 38.926692 ], [ -12.228481, 38.924973 ], [ -12.231318, 38.917436 ], [ -12.234267, 38.908214 ], [ -12.236533, 38.899046 ], [ -12.236573, 38.898914 ], [ -12.239953, 38.889787 ], [ -12.242643, 38.880585 ], [ -12.244586, 38.872289 ], [ -12.244845, 38.871423 ], [ -12.248109, 38.862175 ], [ -12.250623, 38.852988 ], [ -12.252442, 38.844491 ], [ -12.252623, 38.843841 ], [ -12.255754, 38.834605 ], [ -12.258164, 38.825425 ], [ -12.260022, 38.81629 ], [ -12.260166, 38.815713 ], [ -12.262926, 38.807072 ], [ -12.265307, 38.797895 ], [ -12.267132, 38.788762 ], [ -12.267753, 38.785912 ], [ -12.269528, 38.779584 ], [ -12.27199, 38.770401 ], [ -12.273851, 38.761266 ], [ -12.275071, 38.754093 ], [ -12.275526, 38.752145 ], [ -12.278097, 38.742953 ], [ -12.280068, 38.733809 ], [ -12.281591, 38.724701 ], [ -12.282226, 38.721047 ], [ -12.283551, 38.715558 ], [ -12.285738, 38.706397 ], [ -12.287411, 38.697277 ], [ -12.288673, 38.68819 ], [ -12.28908, 38.685723 ], [ -12.29062, 38.679048 ], [ -12.292562, 38.669906 ], [ -12.294049, 38.660801 ], [ -12.295169, 38.651725 ], [ -12.295644, 38.648203 ], [ -12.296746, 38.642613 ], [ -12.298591, 38.633479 ], [ -12.300003, 38.62438 ], [ -12.301052, 38.61531 ], [ -12.301757, 38.607246 ], [ -12.3019, 38.606257 ], [ -12.303752, 38.597122 ], [ -12.305165, 38.588023 ], [ -12.306253, 38.57895 ], [ -12.307031, 38.569902 ], [ -12.307503, 38.563486 ], [ -12.307846, 38.560852 ], [ -12.309399, 38.551741 ], [ -12.310579, 38.542661 ], [ -12.311432, 38.533607 ], [ -12.311945, 38.524581 ], [ -12.312395, 38.515559 ], [ -12.312508, 38.514046 ], [ -12.313264, 38.506504 ], [ -12.314029, 38.497457 ], [ -12.314712, 38.488417 ], [ -12.315544, 38.479365 ], [ -12.3164, 38.470311 ], [ -12.317186, 38.462083 ], [ -12.317266, 38.461256 ], [ -12.318148, 38.4522 ], [ -12.319046, 38.443143 ], [ -12.32006, 38.434076 ], [ -12.321078, 38.425009 ], [ -12.321908, 38.415958 ], [ -12.322214, 38.412815 ], [ -12.323037, 38.406882 ], [ -12.324456, 38.397783 ], [ -12.325484, 38.388715 ], [ -12.326176, 38.379675 ], [ -12.326835, 38.370637 ], [ -12.327375, 38.364576 ], [ -12.327702, 38.361582 ], [ -12.328719, 38.352516 ], [ -12.32972, 38.343451 ], [ -12.330772, 38.334381 ], [ -12.331837, 38.325311 ], [ -12.332727, 38.317816 ], [ -12.332915, 38.316239 ], [ -12.33402, 38.307166 ], [ -12.335138, 38.298091 ], [ -12.33627, 38.289016 ], [ -12.337416, 38.279939 ], [ -12.338315, 38.272895 ], [ -12.338577, 38.270861 ], [ -12.339765, 38.261781 ], [ -12.340967, 38.2527 ], [ -12.342184, 38.243618 ], [ -12.343418, 38.234534 ], [ -12.344105, 38.229543 ], [ -12.344672, 38.225449 ], [ -12.345953, 38.216361 ], [ -12.34725, 38.207273 ], [ -12.348563, 38.198183 ], [ -12.349898, 38.189091 ], [ -12.350095, 38.187765 ], [ -12.351261, 38.179997 ], [ -12.352643, 38.170902 ], [ -12.354047, 38.161805 ], [ -12.355469, 38.152706 ], [ -12.35629, 38.147584 ], [ -12.356953, 38.143603 ], [ -12.358669, 38.134481 ], [ -12.360392, 38.125358 ], [ -12.361841, 38.116257 ], [ -12.362732, 38.109352 ], [ -12.363154, 38.107167 ], [ -12.365317, 38.098009 ], [ -12.367016, 38.088889 ], [ -12.368348, 38.079798 ], [ -12.369312, 38.072201 ], [ -12.3696, 38.070713 ], [ -12.371937, 38.061541 ], [ -12.373768, 38.05241 ], [ -12.375189, 38.043312 ], [ -12.376123, 38.036883 ], [ -12.376506, 38.034222 ], [ -12.378499, 38.025078 ], [ -12.380323, 38.015947 ], [ -12.382114, 38.006819 ], [ -12.383065, 38.002602 ], [ -12.384186, 37.997668 ], [ -12.38639, 37.988507 ], [ -12.388388, 37.979363 ], [ -12.390102, 37.970241 ], [ -12.390152, 37.969474 ], [ -12.390908, 37.961193 ], [ -12.39213, 37.952111 ], [ -12.394838, 37.942909 ], [ -12.396587, 37.933785 ], [ -12.396455, 37.930272 ], [ -12.396042, 37.924845 ], [ -12.401619, 37.915412 ], [ -12.404775, 37.906792 ], [ -12.404734, 37.906178 ], [ -12.403833, 37.897267 ], [ -12.408917, 37.887874 ], [ -12.401274, 37.879521 ], [ -12.401272, 37.879507 ], [ -12.400115, 37.870617 ], [ -12.398966, 37.861726 ], [ -12.397667, 37.852848 ], [ -12.385525, 37.844991 ], [ -12.385502, 37.844843 ], [ -12.384362, 37.835952 ], [ -12.383197, 37.827062 ], [ -12.370896, 37.819096 ], [ -12.370891, 37.819068 ], [ -12.369755, 37.810175 ], [ -12.368612, 37.801284 ], [ -12.356292, 37.793299 ], [ -12.35629, 37.793289 ], [ -12.355158, 37.784396 ], [ -12.354023, 37.775504 ], [ -12.347167, 37.767069 ], [ -12.34115, 37.763165 ], [ -12.340571, 37.758614 ], [ -12.339441, 37.749721 ], [ -12.33826, 37.740832 ], [ -12.326003, 37.732873 ], [ -12.325996, 37.732828 ], [ -12.32487, 37.723935 ], [ -12.323733, 37.715042 ], [ -12.311435, 37.70705 ], [ -12.311432, 37.707039 ], [ -12.31031, 37.698145 ], [ -12.309183, 37.689252 ], [ -12.296882, 37.681252 ], [ -12.29688, 37.681248 ], [ -12.295761, 37.672353 ], [ -12.29464, 37.663459 ], [ -12.282341, 37.655455 ], [ -12.282341, 37.655453 ], [ -12.281223, 37.646558 ], [ -12.280106, 37.637663 ], [ -12.278948, 37.628772 ], [ -12.266703, 37.620794 ], [ -12.266698, 37.62076 ], [ -12.265583, 37.611864 ], [ -12.264462, 37.60297 ], [ -12.252186, 37.594966 ], [ -12.252184, 37.594958 ], [ -12.251072, 37.586062 ], [ -12.249958, 37.577167 ], [ -12.237683, 37.569157 ], [ -12.237681, 37.569153 ], [ -12.236572, 37.560257 ], [ -12.235462, 37.551362 ], [ -12.223192, 37.543349 ], [ -12.22319, 37.543346 ], [ -12.222082, 37.534449 ], [ -12.220973, 37.525553 ], [ -12.208826, 37.517526 ], [ -12.208681, 37.517278 ], [ -12.196471, 37.509714 ], [ -12.196181, 37.509536 ], [ -12.188071, 37.501189 ], [ -12.183724, 37.497775 ], [ -12.17872, 37.492939 ], [ -12.171152, 37.487228 ], [ -12.168785, 37.484733 ], [ -12.158666, 37.477342 ], [ -12.157938, 37.476598 ], [ -12.146333, 37.468676 ], [ -12.146184, 37.468532 ], [ -12.142038, 37.459872 ], [ -12.133108, 37.452714 ], [ -12.132385, 37.451641 ], [ -12.123654, 37.443337 ], [ -12.120153, 37.438902 ], [ -12.118748, 37.434735 ], [ -12.107401, 37.426711 ], [ -12.107343, 37.426638 ], [ -12.105542, 37.417794 ], [ -12.097885, 37.409404 ], [ -12.09333, 37.403664 ], [ -12.092527, 37.400836 ], [ -12.089084, 37.392119 ], [ -12.079732, 37.384415 ], [ -12.079476, 37.383879 ], [ -12.077922, 37.375016 ], [ -12.073207, 37.366396 ], [ -12.065368, 37.358794 ], [ -12.065115, 37.358038 ], [ -12.063477, 37.349181 ], [ -12.060543, 37.340423 ], [ -12.050909, 37.332288 ], [ -12.050869, 37.332186 ], [ -12.049477, 37.323309 ], [ -12.042947, 37.314828 ], [ -12.044444, 37.305729 ], [ -12.035526, 37.298022 ], [ -12.03533, 37.297447 ], [ -12.031517, 37.288756 ], [ -12.032751, 37.279677 ], [ -12.031143, 37.270816 ], [ -12.027691, 37.262098 ], [ -12.01903, 37.254353 ], [ -12.018862, 37.253792 ], [ -12.017763, 37.244893 ], [ -12.016591, 37.235998 ], [ -12.015232, 37.227119 ], [ -12.008425, 37.218657 ], [ -12.011813, 37.209413 ], [ -12.008799, 37.20066 ], [ -12.000432, 37.192923 ], [ -12.000279, 37.192329 ], [ -11.999257, 37.183423 ], [ -11.998076, 37.174529 ], [ -11.996999, 37.165628 ], [ -11.995881, 37.156729 ], [ -11.99463, 37.147841 ], [ -11.993509, 37.138942 ], [ -11.992295, 37.130051 ], [ -11.990887, 37.121175 ], [ -11.989645, 37.112286 ], [ -11.98829, 37.103405 ], [ -11.986602, 37.09455 ], [ -11.985033, 37.085686 ], [ -11.983002, 37.076857 ], [ -11.978291, 37.068233 ], [ -11.976072, 37.059418 ], [ -11.975487, 37.050479 ], [ -11.971626, 37.04179 ], [ -11.970367, 37.032902 ], [ -11.969191, 37.024007 ], [ -11.968133, 37.015104 ], [ -11.967171, 37.006193 ], [ -11.966289, 36.997277 ], [ -11.965495, 36.988353 ], [ -11.964819, 36.979421 ], [ -11.964244, 36.970481 ], [ -11.963658, 36.961541 ], [ -11.963165, 36.952595 ], [ -11.962802, 36.943639 ], [ -11.962292, 36.934694 ], [ -11.961935, 36.925737 ], [ -11.961656, 36.916775 ], [ -11.961452, 36.907806 ], [ -11.961128, 36.898847 ], [ -11.960792, 36.889889 ], [ -11.960586, 36.880921 ], [ -11.962023, 36.871828 ], [ -11.960814, 36.862936 ], [ -11.960072, 36.854009 ], [ -11.959992, 36.852182 ], [ -11.961183, 36.844941 ], [ -11.960727, 36.835992 ], [ -11.966445, 36.826574 ], [ -11.966265, 36.817604 ], [ -11.965615, 36.80867 ], [ -11.964753, 36.799752 ], [ -11.963902, 36.790833 ], [ -11.963882, 36.790264 ], [ -11.967303, 36.781591 ], [ -11.970589, 36.772358 ], [ -11.971009, 36.763343 ], [ -11.970487, 36.754399 ], [ -11.969652, 36.745479 ], [ -11.969631, 36.744168 ], [ -11.973249, 36.736222 ], [ -11.977191, 36.726939 ], [ -11.97713, 36.717961 ], [ -11.976517, 36.709024 ], [ -11.976499, 36.707628 ], [ -11.980221, 36.699759 ], [ -11.984189, 36.690474 ], [ -11.984233, 36.681488 ], [ -11.983454, 36.672564 ], [ -11.98351, 36.672325 ], [ -11.991448, 36.662973 ], [ -11.992018, 36.653946 ], [ -11.991426, 36.645008 ], [ -11.991445, 36.644946 ], [ -11.996106, 36.635669 ], [ -12.000127, 36.62638 ], [ -12.000273, 36.625214 ], [ -12.005674, 36.616975 ], [ -12.00869, 36.607762 ], [ -12.008378, 36.599343 ], [ -12.008509, 36.598793 ], [ -12.017349, 36.589136 ], [ -12.017194, 36.580165 ], [ -12.01725, 36.580049 ], [ -12.026317, 36.570487 ], [ -12.026574, 36.564641 ], [ -12.027864, 36.561386 ], [ -12.035586, 36.551814 ], [ -12.036033, 36.55041 ], [ -12.042228, 36.542324 ], [ -12.044879, 36.533139 ], [ -12.04509, 36.532779 ], [ -12.05402, 36.523457 ], [ -12.054882, 36.521436 ], [ -12.056521, 36.514283 ], [ -12.063902, 36.504736 ], [ -12.064023, 36.504578 ], [ -12.073591, 36.495011 ], [ -12.073961, 36.494527 ], [ -12.082693, 36.48533 ], [ -12.083837, 36.48397 ], [ -12.092091, 36.475627 ], [ -12.093749, 36.473737 ], [ -12.097831, 36.466204 ], [ -12.10334, 36.460797 ], [ -12.110937, 36.456214 ], [ -12.113643, 36.453928 ], [ -12.120044, 36.44653 ], [ -12.12353, 36.443548 ], [ -12.132981, 36.436551 ], [ -12.133746, 36.435968 ], [ -12.143524, 36.426756 ], [ -12.143748, 36.426597 ], [ -12.154356, 36.422372 ], [ -12.159844, 36.416513 ], [ -12.164467, 36.413955 ], [ -12.174061, 36.406431 ], [ -12.174633, 36.406021 ], [ -12.184926, 36.399182 ], [ -12.192523, 36.396018 ], [ -12.194963, 36.390196 ], [ -12.205595, 36.386234 ], [ -12.207262, 36.385892 ], [ -12.216111, 36.381311 ], [ -12.226581, 36.376005 ], [ -12.236351, 36.374646 ], [ -12.237487, 36.374373 ], [ -12.247833, 36.368054 ], [ -12.258836, 36.367255 ], [ -12.268962, 36.363118 ], [ -12.269426, 36.362995 ], [ -12.28035, 36.361545 ], [ -12.288822, 36.352582 ], [ -12.290274, 36.351751 ], [ -12.300449, 36.344065 ], [ -12.30298, 36.34249 ], [ -12.310641, 36.336546 ], [ -12.316197, 36.332471 ], [ -12.320697, 36.32791 ], [ -12.326356, 36.322692 ], [ -12.330585, 36.317892 ], [ -12.334744, 36.313052 ], [ -12.340293, 36.3064 ], [ -12.342169, 36.303487 ], [ -12.349932, 36.294364 ], [ -12.350233, 36.293871 ], [ -12.357596, 36.284311 ], [ -12.35953, 36.281996 ], [ -12.362765, 36.274923 ], [ -12.368653, 36.265722 ], [ -12.368777, 36.265469 ], [ -12.368948, 36.256476 ], [ -12.376054, 36.246935 ], [ -12.377075, 36.243656 ], [ -12.3773, 36.237857 ], [ -12.378754, 36.228763 ], [ -12.385259, 36.219646 ], [ -12.385341, 36.219262 ], [ -12.385092, 36.210303 ], [ -12.385968, 36.201255 ], [ -12.392987, 36.191884 ], [ -12.393022, 36.191717 ], [ -12.392388, 36.182789 ], [ -12.39163, 36.17387 ], [ -12.39239, 36.164831 ], [ -12.395829, 36.155579 ], [ -12.398857, 36.148721 ], [ -12.398846, 36.146362 ], [ -12.399713, 36.137314 ], [ -12.397237, 36.128532 ], [ -12.396754, 36.119591 ], [ -12.402198, 36.110181 ], [ -12.39755, 36.10157 ], [ -12.40123, 36.092301 ], [ -12.402553, 36.087488 ], [ -12.402278, 36.083239 ], [ -12.401175, 36.074348 ], [ -12.400052, 36.065458 ], [ -12.399255, 36.056542 ], [ -12.398307, 36.047639 ], [ -12.397185, 36.038749 ], [ -12.397241, 36.029766 ], [ -12.398172, 36.020714 ], [ -12.398517, 36.011708 ], [ -12.398486, 36.002732 ], [ -12.398068, 35.993787 ], [ -12.397246, 35.984873 ], [ -12.396325, 35.975968 ], [ -12.395263, 35.967073 ], [ -12.394104, 35.958187 ], [ -12.392887, 35.949304 ], [ -12.391735, 35.940417 ], [ -12.390555, 35.931532 ], [ -12.389272, 35.922655 ], [ -12.387888, 35.913786 ], [ -12.386415, 35.904924 ], [ -12.385601, 35.896009 ], [ -12.384038, 35.887154 ], [ -12.382385, 35.878307 ], [ -12.380649, 35.869465 ], [ -12.378835, 35.86063 ], [ -12.376957, 35.851799 ], [ -12.37496, 35.842978 ], [ -12.372845, 35.834167 ], [ -12.371685, 35.82898 ], [ -12.370978, 35.825335 ], [ -12.369283, 35.816491 ], [ -12.367525, 35.807651 ], [ -12.365731, 35.798813 ], [ -12.363846, 35.789983 ], [ -12.361864, 35.781161 ], [ -12.35978, 35.772347 ], [ -12.357585, 35.763541 ], [ -12.355284, 35.754743 ], [ -12.352809, 35.745959 ], [ -12.350146, 35.73719 ], [ -12.349539, 35.734869 ], [ -12.348103, 35.728372 ], [ -12.346102, 35.719551 ], [ -12.344001, 35.710737 ], [ -12.341798, 35.701932 ], [ -12.339464, 35.693136 ], [ -12.336965, 35.684354 ], [ -12.334276, 35.675586 ], [ -12.331367, 35.666835 ], [ -12.330011, 35.66241 ], [ -12.328905, 35.65805 ], [ -12.326739, 35.649241 ], [ -12.324467, 35.64044 ], [ -12.322035, 35.631652 ], [ -12.319417, 35.622878 ], [ -12.316582, 35.614121 ], [ -12.313491, 35.605384 ], [ -12.311725, 35.600144 ], [ -12.310752, 35.59662 ], [ -12.308471, 35.58782 ], [ -12.306038, 35.579031 ], [ -12.303415, 35.570257 ], [ -12.300565, 35.561501 ], [ -12.297443, 35.552766 ], [ -12.294244, 35.544444 ], [ -12.29412, 35.544046 ], [ -12.291719, 35.535255 ], [ -12.289288, 35.526465 ], [ -12.286593, 35.517697 ], [ -12.283644, 35.508948 ], [ -12.280391, 35.500222 ], [ -12.277195, 35.492182 ], [ -12.276978, 35.491509 ], [ -12.274542, 35.482719 ], [ -12.271706, 35.473961 ], [ -12.269073, 35.465187 ], [ -12.265937, 35.456452 ], [ -12.262437, 35.447745 ], [ -12.26049, 35.442637 ], [ -12.259363, 35.439004 ], [ -12.256775, 35.430226 ], [ -12.253959, 35.421466 ], [ -12.250865, 35.412727 ], [ -12.247417, 35.404015 ], [ -12.244189, 35.396358 ], [ -12.243831, 35.395314 ], [ -12.241247, 35.386535 ], [ -12.238426, 35.377775 ], [ -12.235314, 35.369037 ], [ -12.231844, 35.360326 ], [ -12.228126, 35.351936 ], [ -12.22802, 35.351642 ], [ -12.225392, 35.342866 ], [ -12.22253, 35.334109 ], [ -12.219359, 35.325374 ], [ -12.215803, 35.31667 ], [ -12.212212, 35.308615 ], [ -12.211984, 35.307985 ], [ -12.209287, 35.299214 ], [ -12.206325, 35.290463 ], [ -12.203037, 35.281737 ], [ -12.199321, 35.273044 ], [ -12.196458, 35.266498 ], [ -12.19569, 35.264344 ], [ -12.192888, 35.255581 ], [ -12.18979, 35.24684 ], [ -12.186324, 35.238127 ], [ -12.182383, 35.229451 ], [ -12.180893, 35.225854 ], [ -12.17916, 35.220719 ], [ -12.176202, 35.211967 ], [ -12.172906, 35.20324 ], [ -12.169199, 35.194545 ], [ -12.165512, 35.186654 ], [ -12.165213, 35.185871 ], [ -12.162361, 35.177111 ], [ -12.159199, 35.168374 ], [ -12.155649, 35.159666 ], [ -12.151597, 35.150996 ], [ -12.150173, 35.147655 ], [ -12.148302, 35.142269 ], [ -12.145219, 35.133525 ], [ -12.141789, 35.124808 ], [ -12.137893, 35.116126 ], [ -12.134981, 35.109793 ], [ -12.134092, 35.107437 ], [ -12.131083, 35.098687 ], [ -12.127728, 35.089963 ], [ -12.123931, 35.081273 ], [ -12.119941, 35.073128 ], [ -12.119735, 35.072613 ], [ -12.116756, 35.06386 ], [ -12.113445, 35.055133 ], [ -12.109722, 35.046436 ], [ -12.105454, 35.037781 ], [ -12.104926, 35.036518 ], [ -12.102343, 35.029038 ], [ -12.099064, 35.020308 ], [ -12.095366, 35.011609 ], [ -12.091123, 35.002951 ], [ -12.089975, 35.000337 ], [ -12.087765, 34.994226 ], [ -12.08445, 34.985498 ], [ -12.080723, 34.9768 ], [ -12.076434, 34.968145 ], [ -12.07517, 34.965309 ], [ -12.072997, 34.959425 ], [ -12.069637, 34.9507 ], [ -12.065829, 34.942008 ], [ -12.061437, 34.93336 ], [ -12.060487, 34.931243 ], [ -12.058038, 34.924637 ], [ -12.054586, 34.915918 ], [ -12.050625, 34.907237 ], [ -12.046086, 34.898599 ], [ -12.04594, 34.898266 ], [ -12.042863, 34.889862 ], [ -12.039266, 34.881153 ], [ -12.035155, 34.872483 ], [ -12.031395, 34.865164 ], [ -12.030823, 34.863828 ], [ -12.027481, 34.8551 ], [ -12.023701, 34.846404 ], [ -12.019123, 34.837768 ], [ -12.016963, 34.832966 ], [ -12.015344, 34.829071 ], [ -12.011809, 34.820357 ], [ -12.007775, 34.811679 ], [ -12.003091, 34.80305 ], [ -12.002705, 34.802217 ], [ -11.999642, 34.794328 ], [ -11.995851, 34.785632 ], [ -11.991489, 34.776978 ], [ -11.988422, 34.771122 ], [ -11.987185, 34.76832 ], [ -11.983569, 34.75961 ], [ -11.979448, 34.750938 ], [ -11.974658, 34.742315 ], [ -11.974327, 34.741619 ], [ -11.971099, 34.7336 ], [ -11.967152, 34.724914 ], [ -11.962593, 34.716274 ], [ -11.960195, 34.711672 ], [ -11.958405, 34.707605 ], [ -11.954582, 34.69891 ], [ -11.950183, 34.690256 ], [ -11.946224, 34.683086 ], [ -11.945533, 34.681622 ], [ -11.941805, 34.672918 ], [ -11.93754, 34.664255 ], [ -11.932571, 34.655643 ], [ -11.932338, 34.655174 ], [ -11.928859, 34.646938 ], [ -11.924675, 34.638268 ], [ -11.919816, 34.629647 ], [ -11.918439, 34.627036 ], [ -11.915698, 34.620971 ], [ -11.911549, 34.612298 ], [ -11.906757, 34.603671 ], [ -11.904643, 34.599752 ], [ -11.902441, 34.59501 ], [ -11.898298, 34.586335 ], [ -11.893515, 34.577707 ], [ -11.890921, 34.573044 ], [ -11.889013, 34.569059 ], [ -11.884839, 34.560386 ], [ -11.880023, 34.55176 ], [ -11.877265, 34.546859 ], [ -11.875435, 34.543117 ], [ -11.871214, 34.534446 ], [ -11.866337, 34.525824 ], [ -11.863668, 34.521127 ], [ -11.861724, 34.517182 ], [ -11.857422, 34.508517 ], [ -11.852438, 34.499902 ], [ -11.850136, 34.495907 ], [ -11.847811, 34.49126 ], [ -11.843386, 34.482604 ], [ -11.838263, 34.473998 ], [ -11.836666, 34.471173 ], [ -11.833781, 34.465345 ], [ -11.829199, 34.456699 ], [ -11.82387, 34.448108 ], [ -11.823268, 34.447034 ], [ -11.819551, 34.439442 ], [ -11.814777, 34.430809 ], [ -11.809895, 34.423046 ], [ -11.809435, 34.422218 ], [ -11.805064, 34.413555 ], [ -11.80005, 34.404939 ], [ -11.796547, 34.399203 ], [ -11.794991, 34.396326 ], [ -11.790396, 34.387679 ], [ -11.785083, 34.379084 ], [ -11.783284, 34.376081 ], [ -11.780306, 34.37045 ], [ -11.77539, 34.361826 ], [ -11.7701, 34.353625 ], [ -11.76988, 34.353244 ], [ -11.765331, 34.344592 ], [ -11.760116, 34.335989 ], [ -11.75689, 34.330839 ], [ -11.754951, 34.327381 ], [ -11.750084, 34.318752 ], [ -11.744459, 34.310177 ], [ -11.743798, 34.3091 ], [ -11.739659, 34.301542 ], [ -11.734409, 34.292939 ], [ -11.730693, 34.287172 ], [ -11.729043, 34.284344 ], [ -11.724071, 34.275721 ], [ -11.718351, 34.267151 ], [ -11.717684, 34.266074 ], [ -11.713463, 34.258522 ], [ -11.708046, 34.249929 ], [ -11.704663, 34.244796 ], [ -11.702597, 34.241339 ], [ -11.697409, 34.23273 ], [ -11.691747, 34.22445 ], [ -11.69157, 34.224167 ], [ -11.686589, 34.215542 ], [ -11.68089, 34.206968 ], [ -11.678806, 34.203796 ], [ -11.675559, 34.198368 ], [ -11.670068, 34.189779 ], [ -11.665937, 34.183766 ], [ -11.664329, 34.181207 ], [ -11.65897, 34.172608 ], [ -11.653134, 34.164303 ], [ -11.652972, 34.164054 ], [ -11.647757, 34.155444 ], [ -11.64182, 34.146884 ], [ -11.640318, 34.144655 ], [ -11.636373, 34.13829 ], [ -11.630564, 34.129721 ], [ -11.627552, 34.125418 ], [ -11.624795, 34.121149 ], [ -11.619086, 34.112572 ], [ -11.614833, 34.10658 ], [ -11.613136, 34.104012 ], [ -11.607489, 34.09543 ], [ -11.602156, 34.088091 ], [ -11.601339, 34.086883 ], [ -11.595737, 34.078297 ], [ -11.589519, 34.069929 ], [ -11.589404, 34.069763 ], [ -11.583799, 34.061176 ], [ -11.577472, 34.05264 ], [ -11.576893, 34.05182 ], [ -11.57177, 34.04406 ], [ -11.565438, 34.035524 ], [ -11.564297, 34.033935 ], [ -11.559607, 34.026952 ], [ -11.553252, 34.018416 ], [ -11.551736, 34.016345 ], [ -11.547288, 34.009853 ], [ -11.540872, 34.001321 ], [ -11.539213, 33.999069 ], [ -11.534813, 33.992763 ], [ -11.528368, 33.984233 ], [ -11.526719, 33.982021 ], [ -11.522248, 33.975678 ], [ -11.515711, 33.967153 ], [ -11.514256, 33.965227 ], [ -11.509528, 33.958603 ], [ -11.502869, 33.950085 ], [ -11.501826, 33.94871 ], [ -11.496632, 33.941537 ], [ -11.489873, 33.933025 ], [ -11.489427, 33.932442 ], [ -11.483627, 33.924478 ], [ -11.477046, 33.916308 ], [ -11.476787, 33.915971 ], [ -11.47045, 33.907428 ], [ -11.464687, 33.900334 ], [ -11.463591, 33.898921 ], [ -11.457068, 33.890391 ], [ -11.452354, 33.884576 ], [ -11.450257, 33.88188 ], [ -11.443543, 33.873362 ], [ -11.440053, 33.869079 ], [ -11.436748, 33.864849 ], [ -11.429812, 33.856345 ], [ -11.427785, 33.853872 ], [ -11.423037, 33.84783 ], [ -11.415852, 33.839342 ], [ -11.415553, 33.838977 ], [ -11.409115, 33.830823 ], [ -11.403318, 33.823997 ], [ -11.401954, 33.822333 ], [ -11.394996, 33.813828 ], [ -11.391112, 33.809271 ], [ -11.387875, 33.805334 ], [ -11.380623, 33.796848 ], [ -11.378945, 33.794893 ], [ -11.373536, 33.78835 ], [ -11.366798, 33.780673 ], [ -11.366118, 33.779875 ], [ -11.358978, 33.77138 ], [ -11.354657, 33.766471 ], [ -11.351611, 33.7629 ], [ -11.344133, 33.754427 ], [ -11.34256, 33.752668 ], [ -11.336775, 33.745945 ], [ -11.330476, 33.738953 ], [ -11.329177, 33.737479 ], [ -11.321707, 33.729004 ], [ -11.318407, 33.725352 ], [ -11.314154, 33.720534 ], [ -11.306379, 33.712131 ], [ -11.306334, 33.712081 ], [ -11.298813, 33.703607 ], [ -11.294346, 33.698812 ], [ -11.29102, 33.695151 ], [ -11.283112, 33.686703 ], [ -11.282355, 33.685886 ], [ -11.275394, 33.67824 ], [ -11.270365, 33.67293 ], [ -11.267451, 33.669793 ], [ -11.259393, 33.661352 ], [ -11.258412, 33.660322 ], [ -11.25149, 33.652901 ], [ -11.246464, 33.647724 ], [ -11.243359, 33.644464 ], [ -11.235113, 33.636034 ], [ -11.234552, 33.635455 ], [ -11.227042, 33.627592 ], [ -11.222638, 33.623131 ], [ -11.218781, 33.619162 ], [ -11.210763, 33.611177 ], [ -11.210335, 33.610743 ], [ -11.202033, 33.602314 ], [ -11.198888, 33.599187 ], [ -11.193622, 33.593892 ], [ -11.187041, 33.587447 ], [ -11.185056, 33.585479 ], [ -11.176439, 33.577069 ], [ -11.175213, 33.575876 ], [ -11.167888, 33.568654 ], [ -11.163394, 33.564358 ], [ -11.159159, 33.56025 ], [ -11.151601, 33.553085 ], [ -11.150313, 33.551853 ], [ -11.141469, 33.543455 ], [ -11.13982, 33.541901 ], [ -11.132622, 33.535056 ], [ -11.128051, 33.530809 ], [ -11.123634, 33.526666 ], [ -11.116307, 33.519955 ], [ -11.114503, 33.518285 ], [ -11.105321, 33.509906 ], [ -11.104579, 33.509229 ], [ -11.096188, 33.501523 ], [ -11.092856, 33.498521 ], [ -11.086929, 33.493148 ], [ -11.081154, 33.488011 ], [ -11.077545, 33.48478 ], [ -11.069473, 33.477695 ], [ -11.068032, 33.476419 ], [ -11.05847, 33.468061 ], [ -11.057805, 33.467481 ], [ -11.048927, 33.4597 ], [ -11.046143, 33.457299 ], [ -11.039269, 33.451347 ], [ -11.034499, 33.447284 ], [ -11.029492, 33.443 ], [ -11.022873, 33.437434 ], [ -11.019595, 33.43466 ], [ -11.011262, 33.427711 ], [ -11.009602, 33.426325 ], [ -10.999667, 33.418132 ], [ -10.999503, 33.417996 ], [ -10.989397, 33.409667 ], [ -10.988078, 33.408592 ], [ -10.979206, 33.401342 ], [ -10.976503, 33.399167 ], [ -10.968896, 33.393023 ], [ -10.964942, 33.389867 ], [ -10.958481, 33.384711 ], [ -10.953395, 33.380695 ], [ -10.947957, 33.376404 ], [ -10.941861, 33.371646 ], [ -10.937324, 33.368104 ], [ -10.930342, 33.362719 ], [ -10.926578, 33.359809 ], [ -10.918834, 33.35389 ], [ -10.915725, 33.351521 ], [ -10.907339, 33.345178 ], [ -10.904765, 33.343238 ], [ -10.895856, 33.336576 ], [ -10.893691, 33.334961 ], [ -10.884385, 33.32808 ], [ -10.882507, 33.32669 ], [ -10.872925, 33.319677 ], [ -10.871206, 33.318425 ], [ -10.861477, 33.311377 ], [ -10.859796, 33.310167 ], [ -10.85004, 33.303179 ], [ -10.848265, 33.301914 ], [ -10.838615, 33.29508 ], [ -10.83661, 33.293668 ], [ -10.8272, 33.287079 ], [ -10.824827, 33.285429 ], [ -10.815798, 33.279192 ], [ -10.812882, 33.277199 ], [ -10.804407, 33.271413 ], [ -10.800809, 33.268975 ], [ -10.793025, 33.263699 ], [ -10.788657, 33.260755 ], [ -10.781647, 33.256017 ], [ -10.776473, 33.252536 ], [ -10.770274, 33.248364 ], [ -10.764209, 33.244321 ], [ -10.758909, 33.240774 ], [ -10.751866, 33.236109 ], [ -10.74755, 33.23324 ], [ -10.739441, 33.2279 ], [ -10.736198, 33.225759 ], [ -10.726933, 33.219696 ], [ -10.724853, 33.218328 ], [ -10.714319, 33.211496 ], [ -10.713516, 33.210972 ], [ -10.702181, 33.203612 ], [ -10.701693, 33.203296 ], [ -10.690847, 33.196233 ], [ -10.689076, 33.195093 ], [ -10.679518, 33.188907 ], [ -10.676376, 33.186895 ], [ -10.668197, 33.181633 ], [ -10.663567, 33.178701 ], [ -10.656883, 33.174433 ], [ -10.650647, 33.170513 ], [ -10.645578, 33.167301 ], [ -10.637609, 33.162331 ], [ -10.63428, 33.160234 ], [ -10.624454, 33.154154 ], [ -10.62299, 33.153239 ], [ -10.611704, 33.146267 ], [ -10.611239, 33.145979 ], [ -10.600413, 33.139208 ], [ -10.598115, 33.137797 ], [ -10.589129, 33.13222 ], [ -10.584862, 33.129622 ], [ -10.577853, 33.125302 ], [ -10.57148, 33.121452 ], [ -10.566586, 33.118461 ], [ -10.557911, 33.113293 ], [ -10.55533, 33.111731 ], [ -10.544162, 33.105142 ], [ -10.544084, 33.105095 ], [ -10.532822, 33.098256 ], [ -10.53067, 33.096975 ], [ -10.521567, 33.091481 ], [ -10.517016, 33.088815 ], [ -10.510324, 33.084819 ], [ -10.503152, 33.080666 ], [ -10.499092, 33.07827 ], [ -10.48906, 33.07253 ], [ -10.487872, 33.071836 ], [ -10.476643, 33.065285 ], [ -10.475086, 33.064384 ], [ -10.465412, 33.058687 ], [ -10.461104, 33.056237 ], [ -10.454193, 33.052216 ], [ -10.446864, 33.048104 ], [ -10.442988, 33.045878 ], [ -10.432332, 33.039986 ], [ -10.431796, 33.039683 ], [ -10.420584, 33.033237 ], [ -10.418103, 33.031849 ], [ -10.40938, 33.026852 ], [ -10.40368, 33.023721 ], [ -10.39819, 33.020621 ], [ -10.388918, 33.015611 ], [ -10.387015, 33.014553 ], [ -10.375833, 33.00839 ], [ -10.374205, 33.007496 ], [ -10.364644, 33.002112 ], [ -10.359545, 32.999377 ], [ -10.353471, 32.996013 ], [ -10.34448, 32.991279 ], [ -10.342316, 32.990102 ], [ -10.331154, 32.984095 ], [ -10.329437, 32.983178 ], [ -10.319983, 32.977968 ], [ -10.314452, 32.975071 ], [ -10.308829, 32.972025 ], [ -10.298973, 32.966992 ], [ -10.297696, 32.966314 ], [ -10.286543, 32.960342 ], [ -10.283752, 32.958895 ], [ -10.275394, 32.954404 ], [ -10.268317, 32.950808 ], [ -10.264263, 32.948668 ], [ -10.253146, 32.943084 ], [ -10.252481, 32.942743 ], [ -10.242002, 32.937146 ], [ -10.237026, 32.934653 ], [ -10.230878, 32.931445 ], [ -10.220935, 32.926598 ], [ -10.219778, 32.926009 ], [ -10.208651, 32.920242 ], [ -10.205174, 32.918522 ], [ -10.197534, 32.914568 ], [ -10.188988, 32.910467 ], [ -10.186442, 32.909186 ], [ -10.175339, 32.903653 ], [ -10.172796, 32.902411 ], [ -10.164231, 32.898038 ], [ -10.156458, 32.894361 ], [ -10.153147, 32.892712 ], [ -10.142062, 32.887348 ], [ -10.139919, 32.88632 ], [ -10.130964, 32.881806 ], [ -10.123349, 32.878278 ], [ -10.119893, 32.876593 ], [ -10.10882, 32.87133 ], [ -10.106527, 32.870249 ], [ -10.097733, 32.865876 ], [ -10.089646, 32.86222 ], [ -10.086677, 32.860797 ], [ -10.07561, 32.855567 ], [ -10.07263, 32.854196 ], [ -10.064539, 32.850265 ], [ -10.055292, 32.846188 ], [ -10.053499, 32.845348 ], [ -10.042434, 32.840091 ], [ -10.038131, 32.838167 ], [ -10.031381, 32.83496 ], [ -10.02036, 32.830232 ], [ -10.020253, 32.830184 ], [ -10.009294, 32.824915 ], [ -10.002954, 32.822165 ], [ -9.99826, 32.819996 ], [ -9.987234, 32.815149 ], [ -9.985029, 32.814179 ], [ -9.976187, 32.810034 ], [ -9.966987, 32.806196 ], [ -9.965179, 32.80539 ], [ -9.954142, 32.80036 ], [ -9.949031, 32.798206 ], [ -9.943122, 32.795545 ], [ -9.932123, 32.790975 ], [ -9.930406, 32.79025 ], [ -9.921097, 32.786046 ], [ -9.911602, 32.782301 ], [ -9.910116, 32.78167 ], [ -9.899098, 32.776821 ], [ -9.892872, 32.774345 ], [ -9.888115, 32.772395 ], [ -9.87712, 32.767806 ], [ -9.873623, 32.766415 ], [ -9.866124, 32.763193 ], [ -9.85516, 32.758986 ], [ -9.853951, 32.758504 ], [ -9.844161, 32.7543 ], [ -9.834114, 32.750599 ], [ -9.83321, 32.750237 ], [ -9.822219, 32.745632 ], [ -9.814349, 32.742686 ], [ -9.811262, 32.741448 ], [ -9.800287, 32.737031 ], [ -9.79419, 32.734792 ], [ -9.789332, 32.732852 ], [ -9.778374, 32.728629 ], [ -9.773693, 32.726912 ], [ -9.767418, 32.724411 ], [ -9.756474, 32.720347 ], [ -9.752898, 32.719045 ], [ -9.745519, 32.716113 ], [ -9.734587, 32.712182 ], [ -9.731836, 32.711188 ], [ -9.723634, 32.707958 ], [ -9.712712, 32.704135 ], [ -9.710502, 32.703342 ], [ -9.701768, 32.700001 ], [ -9.690848, 32.696183 ], [ -9.688935, 32.695505 ], [ -9.679903, 32.692005 ], [ -9.668995, 32.688324 ], [ -9.667139, 32.687675 ], [ -9.658056, 32.684202 ], [ -9.647153, 32.680563 ], [ -9.645101, 32.679855 ], [ -9.63622, 32.676503 ], [ -9.625321, 32.672893 ], [ -9.622815, 32.672043 ], [ -9.614396, 32.668913 ], [ -9.603498, 32.665301 ], [ -9.600301, 32.664239 ], [ -9.592582, 32.661426 ], [ -9.581686, 32.657807 ], [ -9.577504, 32.656446 ], [ -9.57078, 32.654042 ], [ -9.559885, 32.650407 ], [ -9.554401, 32.648664 ], [ -9.54899, 32.646771 ], [ -9.538092, 32.643085 ], [ -9.530994, 32.640893 ], [ -9.52721, 32.639606 ], [ -9.51631, 32.635864 ], [ -9.507218, 32.633137 ], [ -9.505442, 32.632549 ], [ -9.494539, 32.628752 ], [ -9.48368, 32.625535 ], [ -9.48322, 32.625387 ], [ -9.472777, 32.621714 ], [ -9.461914, 32.618421 ], [ -9.459355, 32.617626 ], [ -9.451026, 32.614787 ], [ -9.440159, 32.611415 ], [ -9.435034, 32.609883 ], [ -9.429288, 32.607994 ], [ -9.418421, 32.604609 ], [ -9.410072, 32.602168 ], [ -9.407565, 32.601378 ], [ -9.396688, 32.597823 ], [ -9.385847, 32.59478 ], [ -9.38479, 32.594464 ], [ -9.374972, 32.591247 ], [ -9.364125, 32.58809 ], [ -9.359456, 32.586757 ], [ -9.35327, 32.584814 ], [ -9.342415, 32.581525 ], [ -9.333412, 32.57908 ], [ -9.331582, 32.578537 ], [ -9.320718, 32.575106 ], [ -9.309887, 32.57212 ], [ -9.307346, 32.571399 ], [ -9.299033, 32.568816 ], [ -9.288193, 32.56569 ], [ -9.280912, 32.56373 ], [ -9.277362, 32.562681 ], [ -9.266512, 32.559396 ], [ -9.255692, 32.556529 ], [ -9.254077, 32.556076 ], [ -9.244845, 32.553266 ], [ -9.234015, 32.550233 ], [ -9.227201, 32.548417 ], [ -9.223189, 32.547252 ], [ -9.212349, 32.544062 ], [ -9.201535, 32.541229 ], [ -9.199877, 32.540774 ], [ -9.190696, 32.538034 ], [ -9.179872, 32.535052 ], [ -9.172478, 32.533129 ], [ -9.169056, 32.532159 ], [ -9.158222, 32.52901 ], [ -9.147413, 32.526213 ], [ -9.144741, 32.525494 ], [ -9.136585, 32.523127 ], [ -9.125766, 32.520152 ], [ -9.116781, 32.517863 ], [ -9.114959, 32.51736 ], [ -9.10413, 32.514225 ], [ -9.093322, 32.511397 ], [ -9.088823, 32.510225 ], [ -9.082507, 32.508449 ], [ -9.07169, 32.50547 ], [ -9.060894, 32.502782 ], [ -9.060243, 32.502611 ], [ -9.050077, 32.499779 ], [ -9.03927, 32.496918 ], [ -9.031686, 32.494989 ], [ -9.028468, 32.494122 ], [ -9.017655, 32.491158 ], [ -9.006857, 32.4884 ], [ -9.00285, 32.487373 ], [ -8.996052, 32.485528 ], [ -8.985247, 32.482652 ], [ -8.974456, 32.479979 ], [ -8.973641, 32.479768 ], [ -8.963648, 32.477031 ], [ -8.952851, 32.47424 ], [ -8.944424, 32.472156 ], [ -8.94206, 32.471538 ], [ -8.931255, 32.468622 ], [ -8.920468, 32.465947 ], [ -8.91495, 32.464549 ], [ -8.909673, 32.463168 ], [ -8.898877, 32.460346 ], [ -8.888087, 32.45762 ], [ -8.885417, 32.456937 ], [ -8.877292, 32.454799 ], [ -8.8665, 32.452008 ], [ -8.855748, 32.449325 ], [ -8.855714, 32.449316 ], [ -8.844919, 32.446467 ], [ -8.834131, 32.443714 ], [ -8.826085, 32.441704 ], [ -8.823346, 32.441 ], [ -8.812555, 32.438191 ], [ -8.801771, 32.43548 ], [ -8.796196, 32.434087 ], [ -8.790987, 32.432752 ], [ -8.780201, 32.429994 ], [ -8.769422, 32.427325 ], [ -8.765994, 32.426476 ], [ -8.758646, 32.424705 ], [ -8.747866, 32.422007 ], [ -8.73708, 32.419207 ], [ -8.735722, 32.418861 ], [ -8.726303, 32.416531 ], [ -8.715522, 32.413795 ], [ -8.705712, 32.411227 ], [ -8.704737, 32.410979 ], [ -8.693961, 32.40831 ], [ -8.683181, 32.40555 ], [ -8.675654, 32.403587 ], [ -8.672399, 32.402764 ], [ -8.661625, 32.400085 ], [ -8.650845, 32.397313 ], [ -8.645546, 32.395941 ], [ -8.640068, 32.394571 ], [ -8.629296, 32.391895 ], [ -8.618518, 32.389119 ], [ -8.615293, 32.388295 ], [ -8.607747, 32.38644 ], [ -8.596977, 32.383777 ], [ -8.586201, 32.381003 ], [ -8.584798, 32.380651 ], [ -8.575436, 32.378407 ], [ -8.56467, 32.37577 ], [ -8.553929, 32.373016 ], [ -8.553896, 32.373008 ], [ -8.54314, 32.370512 ], [ -8.532388, 32.368095 ], [ -8.522921, 32.365379 ], [ -8.521599, 32.365041 ], [ -8.510835, 32.362405 ], [ -8.500036, 32.359176 ], [ -8.495218, 32.35759 ], [ -8.489231, 32.355837 ], [ -8.478432, 32.352591 ], [ -8.47008, 32.349683 ], [ -8.467606, 32.34888 ], [ -8.456793, 32.345367 ], [ -8.446366, 32.341709 ], [ -8.445964, 32.34157 ], [ -8.435135, 32.337777 ], [ -8.424303, 32.333905 ], [ -8.423711, 32.333684 ], [ -8.413468, 32.329963 ], [ -8.40263, 32.325969 ], [ -8.401707, 32.325627 ], [ -8.391791, 32.321948 ], [ -8.380952, 32.317897 ], [ -8.380028, 32.317552 ], [ -8.370114, 32.313849 ], [ -8.359276, 32.3098 ], [ -8.358389, 32.309472 ], [ -8.348442, 32.305789 ], [ -8.337611, 32.301809 ], [ -8.336478, 32.301398 ], [ -8.326784, 32.297896 ], [ -8.315962, 32.294046 ], [ -8.313954, 32.293347 ], [ -8.305146, 32.290293 ], [ -8.294337, 32.286637 ], [ -8.290373, 32.285336 ], [ -8.283536, 32.283104 ], [ -8.272744, 32.2797 ], [ -8.265116, 32.27739 ], [ -8.26196, 32.27644 ], [ -8.251187, 32.273347 ], [ -8.240423, 32.270416 ], [ -8.237063, 32.269555 ], [ -8.229672, 32.267678 ], [ -8.218932, 32.265134 ], [ -8.208204, 32.262786 ], [ -8.203888, 32.261924 ], [ -8.197489, 32.260663 ], [ -8.186787, 32.258764 ], [ -8.176099, 32.257093 ], [ -8.165425, 32.255658 ], [ -8.157851, 32.254813 ], [ -8.154765, 32.254474 ], [ -8.144119, 32.253547 ], [ -8.133489, 32.252879 ], [ -8.122873, 32.252472 ], [ -8.112272, 32.252332 ], [ -8.101687, 32.252463 ], [ -8.091117, 32.25287 ], [ -8.080561, 32.253552 ], [ -8.070022, 32.254513 ], [ -8.059497, 32.255751 ], [ -8.048986, 32.257243 ], [ -8.038488, 32.258969 ] ] } },
{ "type": "Feature", "properties": { "fid": 45, "ID": 44, "Intensidad": 12.0 }, "geometry": { "type": "LineString", "coordinates": [ [ -7.392194, 31.594575 ], [ -7.39239, 31.599073 ], [ -7.39279, 31.608069 ], [ -7.392782, 31.608074 ], [ -7.382703, 31.617426 ], [ -7.382697, 31.61743 ], [ -7.372615, 31.626783 ], [ -7.372611, 31.626786 ], [ -7.362526, 31.636139 ], [ -7.362523, 31.636141 ], [ -7.352435, 31.645494 ], [ -7.352433, 31.645496 ], [ -7.342343, 31.654849 ], [ -7.342341, 31.654851 ], [ -7.332248, 31.664203 ], [ -7.332246, 31.664205 ], [ -7.322152, 31.673556 ], [ -7.32215, 31.673558 ], [ -7.312053, 31.682909 ], [ -7.312052, 31.68291 ], [ -7.301953, 31.692261 ], [ -7.301952, 31.692262 ], [ -7.29185, 31.701613 ], [ -7.291849, 31.701613 ], [ -7.281746, 31.710963 ], [ -7.281745, 31.710964 ], [ -7.27164, 31.720314 ], [ -7.271639, 31.720315 ], [ -7.261532, 31.729663 ], [ -7.26153, 31.729665 ], [ -7.251422, 31.739012 ], [ -7.25142, 31.739015 ], [ -7.241311, 31.74836 ], [ -7.241308, 31.748365 ], [ -7.231198, 31.757708 ], [ -7.231194, 31.757719 ], [ -7.221089, 31.767055 ], [ -7.22108, 31.767122 ], [ -7.211037, 31.776399 ], [ -7.211368, 31.785399 ], [ -7.211367, 31.785401 ], [ -7.201248, 31.794744 ], [ -7.201247, 31.794766 ], [ -7.191147, 31.804089 ], [ -7.191122, 31.804091 ], [ -7.180999, 31.813434 ], [ -7.181004, 31.8136 ], [ -7.175738, 31.813773 ] ] } },
{ "type": "Feature", "properties": { "fid": 46, "ID": 45, "Intensidad": 12.0 }, "geometry": { "type": "LineString", "coordinates": [ [ -7.402362, 31.585214 ], [ -7.402574, 31.589712 ], [ -7.402441, 31.589744 ], [ -7.397189, 31.589938 ] ] } }
]
}
